id,hsk_level,chinese,pinyin,english,myanmar,example_sentence_cn,example_sentence_pinyin,example_sentence_eng,example_sentence_my,related words
1,1,爱,ài,love,ချစ်သည်၊ နှစ်သက်သည်၊ သဘောကျသည်,我爱妈妈。 | 我爱学习汉语。 | 我爱我的家。 | 你爱吃中国菜吗？ | 我很爱我的朋友。,Wǒ ài māma. | Wǒ ài xuéxí Hànyǔ. | Wǒ ài wǒ de jiā. | Nǐ ài chī Zhōngguó cài ma? | Wǒ hěn ài wǒ de péngyou.,I love my mother. | I love learning Chinese. | I love my home. | Do you like eating Chinese food? | I love my friend very much.,ကျွန်တော်/ကျွန်မ အမေကို ချစ်တယ်။ | ကျွန်တော်/ကျွန်မ တရုတ်စာ လေ့လာရတာကို သဘောကျတယ်။ | ကျွန်တော်/ကျွန်မ ကိုယ့်အိမ်ကို ချစ်တယ်။ | မင်း တရုတ်အစားအစာ စားရတာ ကြိုက်လား။ | ကျွန်တော်/ကျွန်မ သူငယ်ချင်းကို အရမ်းချစ်တယ်။,爱好 (àihào) — ဝါသနာပါသည်၊ ဝါသနာ | 喜爱 (xǐ'ài) — နှစ်သက်သည်၊ ချစ်ခင်သည် | 可爱 (kě'ài) — ချစ်စရာကောင်းသည် | 热爱 (rè'ài) — အလွန်ချစ်ခင်သည်၊ အလွန်နှစ်သက်သည် | 爱心 (àixīn) — မေတ္တာစိတ်၊ ကရုဏာစိတ်
2,1,爱好,ài hào,hobby,ဝါသနာပါသည်၊ ဝါသနာ၊ စိတ်ဝင်စားနှစ်သက်သည်,我的爱好是听音乐。 | 我的爱好是看电影。 | 你有什么爱好？ | 我有很多爱好。 | 阅读是我的爱好。,Wǒ de àihào shì tīng yīnyuè. | Wǒ de àihào shì kàn diànyǐng. | Nǐ yǒu shénme àihào? | Wǒ yǒu hěn duō àihào. | Yuèdú shì wǒ de àihào.,My hobby is listening to music. | My hobby is watching movies. | What are your hobbies? | I have many hobbies. | Reading is my hobby.,ကျွန်တော်/ကျွန်မရဲ့ ဝါသနာက သီချင်းနားထောင်တာပါ။ | ကျွန်တော်/ကျွန်မရဲ့ ဝါသနာက ရုပ်ရှင်ကြည့်တာပါ။ | မင်းမှာ ဘာဝါသနာတွေရှိလဲ။ | ကျွန်တော်/ကျွန်မမှာ ဝါသနာတွေ အများကြီးရှိတယ်။ | စာဖတ်တာက ကျွန်တော်/ကျွန်မရဲ့ ဝါသနာပါ။,兴趣 (xìngqù) — စိတ်ဝင်စားမှု၊ ဝါသနာ | 爱好者 (àihàozhě) — ဝါသနာရှင် | 爱好音乐 (àihào yīnyuè) — ဂီတကို နှစ်သက်သည် | 个人爱好 (gèrén àihào) — ကိုယ်ပိုင်ဝါသနာ | 兴趣爱好 (xìngqù àihào) — စိတ်ဝင်စားမှုနှင့် ဝါသနာ
3,1,八,bā,eight,နံပါတ် (၈),我有八本书。 | 现在是八点。 | 我家有八个人。 | 八月是我的生日。 | 我每天八点起床。,Wǒ yǒu bā běn shū. | Xiànzài shì bā diǎn. | Wǒ jiā yǒu bā gè rén. | Bā yuè shì wǒ de shēngrì. | Wǒ měitiān bā diǎn qǐchuáng.,I have eight books. | It is eight o'clock now. | There are eight people in my family. | My birthday is in August. | I get up at eight every day.,ကျွန်တော်/ကျွန်မမှာ စာအုပ်ရှစ်အုပ်ရှိတယ်။ | အခု ရှစ်နာရီရှိပြီ။ | ကျွန်တော်/ကျွန်မတို့ မိသားစုမှာ လူရှစ်ယောက်ရှိတယ်။ | ဩဂုတ်လမှာ ကျွန်တော်/ကျွန်မ မွေးနေ့ရှိတယ်။ | ကျွန်တော်/ကျွန်မ နေ့တိုင်း ရှစ်နာရီမှာ အိပ်ရာထတယ်။,八月 (bā yuè) — ဩဂုတ်လ | 八点 (bā diǎn) — ရှစ်နာရီ | 八个 (bā gè) — ရှစ်ခု/ရှစ်ယောက် | 八十 (bāshí) — ရှစ်ဆယ် | 八百 (bābǎi) — ရှစ်ရာ
4,1,爸爸｜爸,bàba ｜ bà,dad,အဖေ၊ ဖခင်,我爸爸是一名老师。 | 我爸爸每天都很忙。 | 我的爸爸喜欢喝茶。 | 爸爸在家吗？ | 我爱我的爸爸。,Wǒ bàba shì yì míng lǎoshī. | Wǒ bàba měitiān dōu hěn máng. | Wǒ de bàba xǐhuan hē chá. | Bàba zài jiā ma? | Wǒ ài wǒ de bàba.,My father is a teacher. | My father is very busy every day. | My father likes drinking tea. | Is Dad at home? | I love my father.,ကျွန်တော်/ကျွန်မ အဖေက ဆရာတစ်ယောက်ပါ။ | ကျွန်တော်/ကျွန်မ အဖေက နေ့တိုင်း အရမ်းအလုပ်များတယ်။ | ကျွန်တော်/ကျွန်မ အဖေက လက်ဖက်ရည်သောက်ရတာ ကြိုက်တယ်။ | အဖေ အိမ်မှာရှိလား။ | ကျွန်တော်/ကျွန်မ အဖေကို ချစ်တယ်။,爸 (bà) — အဖေ | 父亲 (fùqīn) — ဖခင် | 爸妈 (bàmā) — အဖေနဲ့အမေ | 爸爸妈妈 (bàba māma) — အဖေနဲ့အမေ | 老爸 (lǎobà) — အဖေ (အခေါ်အဝေါ်)
5,1,吧,ba,(interjection particle),နော်၊ လုပ်ကြစို့၊ ဖြစ်မယ်နော် (ဝါကျအဆုံးတွင် အကြံပြုခြင်း/အတည်ပြုခြင်းအတွက် သုံးသည်),我们走吧。 | 吃饭吧。 | 你休息一下吧。 | 明天再来吧。 | 我们一起学习吧。,Wǒmen zǒu ba. | Chīfàn ba. | Nǐ xiūxi yíxià ba. | Míngtiān zài lái ba. | Wǒmen yìqǐ xuéxí ba.,Let's go. | Let's eat. | Take a rest. | Come again tomorrow. | Let's study together.,သွားကြစို့။ | ထမင်းစားကြစို့။ | ခဏနားလိုက်ပါ။ | မနက်ဖြန်မှ ပြန်လာပါ။ | အတူတူ စာလေ့လာကြစို့။,好吧 (hǎo ba) — ကောင်းပြီလေ | 行吧 (xíng ba) — ရပါတယ်လေ | 算了吧 (suàn le ba) — ထားလိုက်ပါတော့ | 对吧 (duì ba) — ဟုတ်တယ်မလား | 是吧 (shì ba) — ဟုတ်တယ်မလား
6,1,白（形）,bái,white,ဖြူသော၊ အဖြူရောင်၊ အရောင်ဖျော့သော,我的衣服是白色的。 | 这只猫是白的。 | 我喜欢白色。 | 她穿了一件白衣服。 | 天空中有一朵白云。,Wǒ de yīfu shì báisè de. | Zhè zhī māo shì bái de. | Wǒ xǐhuan báisè. | Tā chuān le yí jiàn bái yīfu. | Tiānkōng zhōng yǒu yì duǒ báiyún.,My clothes are white. | This cat is white. | I like white. | She is wearing a white piece of clothing. | There is a white cloud in the sky.,ကျွန်တော်/ကျွန်မရဲ့ အဝတ်အစားက အဖြူရောင်ပါ။ | ဒီကြောင်က အဖြူရောင်ပါ။ | ကျွန်တော်/ကျွန်မ အဖြူရောင်ကို ကြိုက်တယ်။ | သူမ အဖြူရောင်အဝတ်တစ်ထည် ဝတ်ထားတယ်။ | ကောင်းကင်မှာ တိမ်ဖြူရှိတယ်။,白色 (báisè) — အဖြူရောင် | 白衣服 (bái yīfu) — အဖြူရောင်အဝတ်အစား | 白云 (báiyún) — တိမ်ဖြူ | 白纸 (báizhǐ) — စာရွက်ဖြူ | 白花 (báihuā) — ပန်းဖြူ
7,1,白天,bái tiān,day,နေ့ခင်း၊ နေ့အချိန်၊ နေ့ဘက်,白天我在学校学习。 | 白天很热。 | 他白天上班，晚上回家。 | 白天不要睡太多。 | 我喜欢白天出去。,,I study at school during the day. | It is very hot during the day. | He works during the day and goes home at night. | Don't sleep too much during the day. | I like going out during the day.,နေ့ခင်းဘက်မှာ ကျွန်တော်/ကျွန်မ ကျောင်းမှာ စာလေ့လာတယ်။ | နေ့ခင်းဘက်မှာ အရမ်းပူတယ်။ | သူက နေ့ခင်းဘက်မှာ အလုပ်လုပ်ပြီး ညဘက်မှာ အိမ်ပြန်တယ်။ | နေ့ခင်းဘက်မှာ အရမ်းမအိပ်ပါနဲ့။ | ကျွန်တော်/ကျွန်မ နေ့ခင်းဘက် အပြင်ထွက်ရတာ ကြိုက်တယ်။,白天 (báitiān) — နေ့ခင်းဘက် | 黑夜 (hēiyè) — ညအမှောင် | 白天黑夜 (báitiān hēiyè) — နေ့ရောညပါ | 白天班 (báitiān bān) — နေ့ခင်းအလုပ်ချိန် | 大白天 (dà báitiān) — နေ့ခင်းကြောင်တောင်
8,1,百,bǎi,hundred,တစ်ရာ၊ ၁၀၀,一百个人。 | 我有一百块钱。 | 这本书有一百页。 | 一百元可以买很多东西。 | 一百加一百等于两百。,Yì bǎi gè rén. | Wǒ yǒu yì bǎi kuài qián. | Zhè běn shū yǒu yì bǎi yè. | Yì bǎi yuán kěyǐ mǎi hěn duō dōngxi. | Yì bǎi jiā yì bǎi děngyú liǎng bǎi.,One hundred people. | I have one hundred yuan. | This book has one hundred pages. | One hundred yuan can buy many things. | One hundred plus one hundred equals two hundred.,လူတစ်ရာ။ | ကျွန်တော်/ကျွန်မမှာ ယွမ်တစ်ရာရှိတယ်။ | ဒီစာအုပ်မှာ စာမျက်နှာတစ်ရာရှိတယ်။ | ယွမ်တစ်ရာနဲ့ ပစ္စည်းအများကြီး ဝယ်လို့ရတယ်။ | တစ်ရာနဲ့တစ်ရာပေါင်းရင် နှစ်ရာရတယ်။,一百 (yì bǎi) — တစ်ရာ | 两百 (liǎng bǎi) — နှစ်ရာ | 三百 (sān bǎi) — သုံးရာ | 百分之百 (bǎi fēn zhī bǎi) — ရာနှုန်းပြည့် | 百万 (bǎi wàn) — တစ်သန်း
9,1,班,bān,class,အတန်း၊ အတန်းခွဲ၊ အလုပ်အဖွဲ့,我们班有二十个学生。 | 我在一班学习。 | 我们班的老师很好。 | 你在哪个班？ | 我们班今天不上课。,Wǒmen bān yǒu èrshí gè xuéshēng. | Wǒ zài yī bān xuéxí. | Wǒmen bān de lǎoshī hěn hǎo. | Nǐ zài nǎge bān? | Wǒmen bān jīntiān bù shàngkè.,There are twenty students in our class. | I study in Class One. | Our class teacher is very good. | Which class are you in? | Our class doesn't have class today.,ကျွန်တော်/ကျွန်မတို့အတန်းမှာ ကျောင်းသား/သူ နှစ်ဆယ်ရှိတယ်။ | ကျွန်တော်/ကျွန်မက အတန်းတစ်မှာ စာသင်တယ်။ | ကျွန်တော်/ကျွန်မတို့အတန်းရဲ့ ဆရာ/ဆရာမက အရမ်းကောင်းတယ်။ | မင်း ဘယ်အတန်းမှာလဲ။ | ဒီနေ့ ကျွန်တော်/ကျွန်မတို့အတန်းမှာ စာသင်ချိန်မရှိဘူး။,班级 (bānjí) — အတန်း၊ အတန်းအဖွဲ့ | 上班 (shàngbān) — အလုပ်သွားသည်၊ အလုပ်ဆင်းသည် | 下班 (xiàbān) — အလုပ်ဆင်းသည် | 班长 (bānzhǎng) — အတန်းခေါင်းဆောင် | 夜班 (yèbān) — ညအလုပ်ချိန်
10,1,半,bàn,half,တစ်ဝက်၊ တစ်ဝက်ခန့်၊ နာရီဝက်,我吃了一半。 | 现在是六点半。 | 我只喝了半杯水。 | 这本书我看了一半。 | 半个小时以后见。,Wǒ chī le yíbàn. | Xiànzài shì liù diǎn bàn. | Wǒ zhǐ hē le bàn bēi shuǐ. | Zhè běn shū wǒ kàn le yíbàn. | Bàn gè xiǎoshí yǐhòu jiàn.,I ate half of it. | It is half past six now. | I only drank half a glass of water. | I have read half of this book. | See you in half an hour.,ကျွန်တော်/ကျွန်မ တစ်ဝက်စားလိုက်တယ်။ | အခု ခြောက်နာရီခွဲရှိပြီ။ | ကျွန်တော်/ကျွန်မ ရေတစ်ခွက်ရဲ့ တစ်ဝက်ပဲ သောက်လိုက်တယ်။ | ဒီစာအုပ်ကို ကျွန်တော်/ကျွန်မ တစ်ဝက်ဖတ်ပြီးပြီ။ | နာရီဝက်ကြာရင် တွေ့မယ်။,一半 (yíbàn) — တစ်ဝက် | 半小时 (bàn xiǎoshí) — နာရီဝက် | 半个 (bàn gè) — တစ်ဝက်၊ တစ်ခုရဲ့ တစ်ဝက် | 半天 (bàntiān) — နေ့တစ်ဝက်၊ အချိန်အတော်ကြာ | 半夜 (bànyè) — သန်းခေါင်ယံ၊ ညလယ်
11,1,半年,bàn nián,half a year,ခြောက်လ၊ နှစ်ဝက်,我学了半年中文。 | 我们认识半年了。 | 半年以后再见。 | 这份工作我做了半年。 | 半年时间很快就过去了。,Wǒ xué le bànnián Zhōngwén. | Wǒmen rènshi bànnián le. | Bànnián yǐhòu zàijiàn. | Zhè fèn gōngzuò wǒ zuò le bànnián. | Bànnián shíjiān hěn kuài jiù guòqù le.,I have studied Chinese for half a year. | We have known each other for half a year. | See you again in half a year. | I have been doing this job for half a year. | Half a year passed very quickly.,ကျွန်တော်/ကျွန်မ တရုတ်စာကို ခြောက်လလောက် လေ့လာခဲ့တယ်။ | ကျွန်တော်/ကျွန်မတို့ သိကျွမ်းလာတာ ခြောက်လရှိပြီ။ | ခြောက်လကြာရင် ပြန်တွေ့မယ်။ | ဒီအလုပ်ကို ကျွန်တော်/ကျွန်မ ခြောက်လလုပ်ခဲ့ပြီ။ | ခြောက်လဆိုတာ အချိန်အရမ်းမြန်မြန် ကုန်သွားတယ်။,一年 (yìnián) — တစ်နှစ် | 半年后 (bànnián hòu) — ခြောက်လကြာပြီးနောက် | 半年内 (bànnián nèi) — ခြောက်လအတွင်း | 半年时间 (bànnián shíjiān) — ခြောက်လတာကာလ | 上半年 (shàngbànnián) — နှစ်ရဲ့ ပထမခြောက်လ
12,1,半天,bàn tiān,half day,နေ့တစ်ဝက်၊ အချိန်အတော်ကြာ,我等了你半天。 | 我忙了半天。 | 他看了半天书。 | 我找了半天也没找到。 | 我们聊了半天。,Wǒ děng le nǐ bàntiān. | Wǒ máng le bàntiān. | Tā kàn le bàntiān shū. | Wǒ zhǎo le bàntiān yě méi zhǎodào. | Wǒmen liáo le bàntiān.,I waited for you for a long time. | I was busy for a long time. | He read for a long time. | I looked for it for a long time but couldn't find it. | We chatted for a long time.,ကျွန်တော်/ကျွန်မ မင်းကို အချိန်အတော်ကြာ စောင့်ခဲ့တယ်။ | ကျွန်တော်/ကျွန်မ အချိန်အတော်ကြာ အလုပ်ရှုပ်နေခဲ့တယ်။ | သူ စာအုပ်ကို အချိန်အတော်ကြာ ဖတ်နေခဲ့တယ်။ | ကျွန်တော်/ကျွန်မ အချိန်အတော်ကြာ ရှာပေမယ့် မတွေ့ဘူး။ | ကျွန်တော်/ကျွန်မတို့ အချိန်အတော်ကြာ စကားပြောခဲ့ကြတယ်။,半天时间 (bàntiān shíjiān) — နေ့တစ်ဝက်ကြာချိန် | 大半天 (dàbàntiān) — အချိန်အတော်ကြာ | 半天不见 (bàntiān bú jiàn) — အချိန်အတော်ကြာ မတွေ့ရခြင်း | 半天以后 (bàntiān yǐhòu) — နေ့တစ်ဝက်ကြာပြီးနောက် | 一整天 (yì zhěngtiān) — တစ်နေ့လုံး
13,1,帮,bāng,help,ကူညီသည်၊ အကူအညီပေးသည်,我来帮你。 | 请帮我一下。 | 谢谢你帮我。 | 你可以帮我吗？ | 我帮妈妈做饭。,Wǒ lái bāng nǐ. | Qǐng bāng wǒ yíxià. | Xièxie nǐ bāng wǒ. | Nǐ kěyǐ bāng wǒ ma? | Wǒ bāng māma zuòfàn.,I'll help you. | Please help me. | Thank you for helping me. | Can you help me? | I help Mom cook.,ငါ မင်းကို ကူညီပေးမယ်။ | ကျေးဇူးပြုပြီး ကျွန်တော့်/ကျွန်မကို ခဏကူညီပေးပါ။ | ကျွန်တော့်/ကျွန်မကို ကူညီပေးလို့ ကျေးဇူးတင်ပါတယ်။ | မင်း ကျွန်တော့်/ကျွန်မကို ကူညီပေးနိုင်လား။ | ကျွန်တော်/ကျွန်မ အမေကို ထမင်းဟင်းချက်ရာမှာ ကူညီပေးတယ်။,帮忙 (bāngmáng) — အကူအညီပေးသည် | 帮助 (bāngzhù) — ကူညီသည်၊ အကူအညီပေးသည် | 帮人 (bāng rén) — လူကို ကူညီသည် | 帮手 (bāngshǒu) — လက်ထောက်၊ ကူညီပေးသူ | 帮助别人 (bāngzhù biérén) — အခြားသူတွေကို ကူညီသည်
14,1,帮忙,bāng máng,help,ကူညီသည်၊ အကူအညီပေးသည်,你能帮忙吗？ | 谢谢你的帮忙。 | 请你帮忙拿一下。 | 我来帮忙。 | 谢谢你帮忙。,Nǐ néng bāngmáng ma? | Xièxie nǐ de bāngmáng. | Qǐng nǐ bāngmáng ná yíxià. | Wǒ lái bāngmáng. | Xièxie nǐ bāngmáng.,Can you help? | Thank you for your help. | Please help me carry it. | I’ll help. | Thank you for helping.,မင်း ကူညီပေးနိုင်လား။ | မင်း ကူညီပေးတာ ကျေးဇူးတင်ပါတယ်။ | ကျေးဇူးပြုပြီး ဒါကို ခဏကူညီသယ်ပေးပါ။ | ကျွန်တော်/ကျွန်မ ကူညီပေးမယ်။ | ကူညီပေးလို့ ကျေးဇူးတင်ပါတယ်။,帮助 (bāngzhù) — ကူညီသည်၊ အကူအညီပေးသည် | 帮手 (bāngshǒu) — လက်ထောက်၊ ကူညီပေးသူ | 帮人 (bāng rén) — လူကို ကူညီသည် | 帮忙工作 (bāngmáng gōngzuò) — အလုပ်မှာ ကူညီပေးသည် | 帮忙做事 (bāngmáng zuò shì) — အလုပ်ကိစ္စမှာ ကူညီပေးသည်
15,1,包,bāo,package,အိတ်၊ ထုပ်ပိုးသည်၊ ထုပ်,这个包很漂亮。 | 我的包在哪儿？ | 请把书放进包里。 | 这个包多少钱？ | 他买了一个新包。,Zhège bāo hěn piàoliang. | Wǒ de bāo zài nǎr? | Qǐng bǎ shū fàng jìn bāo lǐ. | Zhège bāo duōshao qián? | Tā mǎi le yí gè xīn bāo.,This bag is beautiful. | Where is my bag? | Please put the book in the bag. | How much is this bag? | He bought a new bag.,ဒီအိတ်က အရမ်းလှတယ်။ | ကျွန်တော့်/ကျွန်မရဲ့ အိတ် ဘယ်မှာလဲ။ | စာအုပ်ကို အိတ်ထဲ ထည့်ပေးပါ။ | ဒီအိတ် ဘယ်လောက်လဲ။ | သူ အိတ်အသစ်တစ်လုံး ဝယ်ခဲ့တယ်။,书包 (shūbāo) — ကျောင်းလွယ်အိတ် | 包裹 (bāoguǒ) — ပါဆယ်ထုပ် | 手提包 (shǒutíbāo) — လက်ကိုင်အိတ် | 包装 (bāozhuāng) — ထုပ်ပိုးခြင်း | 包子 (bāozi) — ပေါင်းမုန့် | 红包 (hóngbāo) — ငွေထည့်ပေးတဲ့ အိတ်နီ
16,1,包子,bāo zi,bun,ပေါင်းမုန့်၊ အစာထည့်ထားသော ပေါင်းမုန့်,我喜欢吃包子。 | 早上我吃了两个包子。 | 这个包子很好吃。 | 妈妈买了很多包子。 | 包子多少钱一个？,Wǒ xǐhuan chī bāozi. | Zǎoshang wǒ chī le liǎng gè bāozi. | Zhège bāozi hěn hǎochī. | Māma mǎi le hěn duō bāozi. | Bāozi duōshao qián yí gè?,I like eating steamed buns. | I ate two steamed buns in the morning. | This steamed bun is delicious. | Mom bought many steamed buns. | How much is one steamed bun?,ကျွန်တော်/ကျွန်မ ပေါင်းမုန့်စားရတာ ကြိုက်တယ်။ | မနက်က ပေါင်းမုန့်နှစ်လုံး စားခဲ့တယ်။ | ဒီပေါင်းမုန့်က အရမ်းစားကောင်းတယ်။ | အမေ ပေါင်းမုန့်အများကြီး ဝယ်လာတယ်။ | ပေါင်းမုန့်တစ်လုံး ဘယ်လောက်လဲ။,小笼包 (xiǎolóngbāo) — အစာထည့်ထားသော ပေါင်းမုန့်အလုံးသေး | 肉包子 (ròu bāozi) — အသားပေါင်းမုန့် | 菜包子 (cài bāozi) — ဟင်းသီးဟင်းရွက်ပေါင်းမုန့် | 包子店 (bāozi diàn) — ပေါင်းမုန့်ဆိုင် | 包子铺 (bāozi pù) — ပေါင်းမုန့်ဆိုင် | 包子馅 (bāozi xiàn) — ပေါင်းမုန့်အစာ
17,1,杯,bēi,cup,ခွက်/ဖန်ခွက်ကို ရေတွက်တဲ့စကားလုံး အဖြစ် အများဆုံးသုံးသည်,一杯水。 | 请给我一杯茶。 | 我喝了两杯咖啡。 | 这杯水很热。 | 他买了一杯果汁。,Yì bēi shuǐ. | Qǐng gěi wǒ yì bēi chá. | Wǒ hē le liǎng bēi kāfēi. | Zhè bēi shuǐ hěn rè. | Tā mǎi le yì bēi guǒzhī.,A cup of water. | Please give me a cup of tea. | I drank two cups of coffee. | This glass of water is very hot. | He bought a cup of juice.,ရေတစ်ခွက်။ | ကျွန်တော့်/ကျွန်မကို လက်ဖက်ရည်တစ်ခွက် ပေးပါ။ | ကျွန်တော်/ကျွန်မ ကော်ဖီနှစ်ခွက် သောက်ခဲ့တယ်။ | ဒီရေတစ်ခွက်က အရမ်းပူတယ်။ | သူ သစ်သီးဖျော်ရည်တစ်ခွက် ဝယ်ခဲ့တယ်။,杯子 (bēizi) — ခွက်၊ ဖန်ခွက် | 水杯 (shuǐbēi) — ရေခွက် | 茶杯 (chábēi) — လက်ဖက်ရည်ခွက် | 酒杯 (jiǔbēi) — အရက်/ဝိုင်ခွက် | 杯盖 (bēigài) — ခွက်အဖုံး | 一杯水 (yì bēi shuǐ) — ရေတစ်ခွက်
18,1,杯子,bēi zi,cup,ခွက်၊ ဖန်ခွက် ဆိုတဲ့ ပစ္စည်း,这是我的杯子。 | 我的杯子在哪里？ | 这个杯子很漂亮。 | 请洗一下杯子。 | 杯子里有水。,Zhè shì wǒ de bēizi. | Wǒ de bēizi zài nǎlǐ? | Zhège bēizi hěn piàoliang. | Qǐng xǐ yíxià bēizi. | Bēizi lǐ yǒu shuǐ.,This is my cup. | Where is my cup? | This cup is beautiful. | Please wash the cup. | There is water in the cup.,ဒါက ကျွန်တော့်/ကျွန်မရဲ့ ခွက်ပါ။ | ကျွန်တော့်/ကျွန်မရဲ့ ခွက် ဘယ်မှာလဲ။ | ဒီခွက်က အရမ်းလှတယ်။ | ကျေးဇူးပြုပြီး ခွက်ကို ဆေးပေးပါ။ | ခွက်ထဲမှာ ရေရှိတယ်။,杯 (bēi) — ခွက်၊ အရည်ကို ရေတွက်ရာတွင်သုံးသော စကားလုံး | 水杯 (shuǐbēi) — ရေခွက် | 茶杯 (chábēi) — လက်ဖက်ရည်ခွက် | 酒杯 (jiǔbēi) — အရက်/ဝိုင်ခွက် | 杯盖 (bēigài) — ခွက်အဖုံး | 玻璃杯 (bōlibēi) — ဖန်ခွက်
19,1,北,běi,north,မြောက်ဘက်၊ မြောက်,北方是很冷的。 | 我家在学校的北面。 | 他来自北方。 | 北风很大。 | 鸟飞向北方。,Běifāng shì hěn lěng de. | Wǒ jiā zài xuéxiào de běimiàn. | Tā láizì běifāng. | Běifēng hěn dà. | Niǎo fēi xiàng běifāng.,The north is very cold. | My home is north of the school. | He comes from the north. | The north wind is strong. | The birds are flying north.,မြောက်ဘက်က အရမ်းအေးတယ်။ | ကျွန်တော်/ကျွန်မ အိမ်က ကျောင်းရဲ့ မြောက်ဘက်မှာရှိတယ်။ | သူက မြောက်ပိုင်းက လာတာပါ။ | မြောက်လေက အရမ်းပြင်းတယ်။ | ငှက်တွေ မြောက်ဘက်ကို ပျံသွားတယ်။,北方 (běifāng) — မြောက်ပိုင်း | 北面 (běimiàn) — မြောက်ဘက် | 北风 (běifēng) — မြောက်လေ | 南北 (nánběi) — တောင်မြောက် | 东北 (dōngběi) — အရှေ့မြောက် | 西北 (xīběi) — အနောက်မြောက်
20,1,北边,běi biān,North side,မြောက်ဘက်၊ မြောက်ခြမ်း,学校在我家北边。 | 商店在银行北边。 | 北边有一个公园。 | 车站在学校北边。 | 我家在医院北边。,Xuéxiào zài wǒ jiā běibian. | Shāngdiàn zài yínháng běibian. | Běibian yǒu yí gè gōngyuán. | Chēzhàn zài xuéxiào běibian. | Wǒ jiā zài yīyuàn běibian.,The school is north of my home. | The shop is north of the bank. | There is a park to the north. | The station is north of the school. | My home is north of the hospital.,ကျောင်းက ကျွန်တော်/ကျွန်မအိမ်ရဲ့ မြောက်ဘက်မှာရှိတယ်။ | ဆိုင်က ဘဏ်ရဲ့ မြောက်ဘက်မှာရှိတယ်။ | မြောက်ဘက်မှာ ပန်းခြံတစ်ခုရှိတယ်။ | ဘူတာက ကျောင်းရဲ့ မြောက်ဘက်မှာရှိတယ်။ | ကျွန်တော်/ကျွန်မအိမ်က ဆေးရုံရဲ့ မြောက်ဘက်မှာရှိတယ်။,南边 (nánbian) — တောင်ဘက် | 东边 (dōngbian) — အရှေ့ဘက် | 西边 (xībian) — အနောက်ဘက် | 北面 (běimiàn) — မြောက်ဘက် | 北方 (běifāng) — မြောက်ပိုင်း | 北部 (běibù) — မြောက်ပိုင်းဒေသ
21,1,北京,běi jīng,Beijing,ပေကျင်း,我住在北京。 | 北京是中国的首都。 | 北京的冬天很冷。 | 我想去北京旅游。 | 他在北京工作。,Wǒ zhù zài Běijīng. | Běijīng shì Zhōngguó de shǒudū. | Běijīng de dōngtiān hěn lěng. | Wǒ xiǎng qù Běijīng lǚyóu. | Tā zài Běijīng gōngzuò.,I live in Beijing. | Beijing is the capital of China. | Beijing's winter is very cold. | I want to travel to Beijing. | He works in Beijing.,ကျွန်တော်/ကျွန်မ ပေကျင်းမှာ နေတယ်။ | ပေကျင်းက တရုတ်နိုင်ငံရဲ့ မြို့တော်ပါ။ | ပေကျင်းရဲ့ ဆောင်းရာသီက အရမ်းအေးတယ်။ | ကျွန်တော်/ကျွန်မ ပေကျင်းကို ခရီးသွားချင်တယ်။ | သူ ပေကျင်းမှာ အလုပ်လုပ်တယ်။,北京市 (Běijīng Shì) — ပေကျင်းမြို့ | 北京人 (Běijīngrén) — ပေကျင်းမြို့သား/သူ | 北京话 (Běijīnghuà) — ပေကျင်းစကား | 北京大学 (Běijīng Dàxué) — ပေကျင်းတက္ကသိုလ် | 北京站 (Běijīng Zhàn) — ပေကျင်းဘူတာ
22,1,本（量）,běn,(measure word for books or volumes),အုပ်၊ စာအုပ်များကို ရေတွက်ရာတွင်သုံးသော ရေတွက်စကားလုံး,我有一本书。 | 桌子上有三本书。 | 我买了两本词典。 | 这本书很好看。 | 请给我一本书。,Wǒ yǒu yì běn shū. | Zhuōzi shàng yǒu sān běn shū. | Wǒ mǎi le liǎng běn cídiǎn. | Zhè běn shū hěn hǎokàn. | Qǐng gěi wǒ yì běn shū.,I have a book. | There are three books on the table. | I bought two dictionaries. | This book is very interesting. | Please give me a book.,ကျွန်တော်/ကျွန်မမှာ စာအုပ်တစ်အုပ်ရှိတယ်။ | စားပွဲပေါ်မှာ စာအုပ်သုံးအုပ်ရှိတယ်။ | ကျွန်တော်/ကျွန်မ အဘိဓာန်နှစ်အုပ် ဝယ်ခဲ့တယ်။ | ဒီစာအုပ်က ဖတ်လို့ကောင်းတယ်။ | ကျွန်တော့်/ကျွန်မကို စာအုပ်တစ်အုပ် ပေးပါ။,一本 (yì běn) — တစ်အုပ် | 两本 (liǎng běn) — နှစ်အုပ် | 书本 (shūběn) — စာအုပ် | 本书 (běn shū) — ဒီစာအုပ်/စာအုပ်တစ်အုပ် | 本杂志 (běn zázhì) — မဂ္ဂဇင်းတစ်စောင် | 本小说 (běn xiǎoshuō) — ဝတ္ထုတစ်အုပ်
23,1,本子,běn zi,book,မှတ်စုစာအုပ်၊ စာအုပ်,这是我的本子。 | 我的本子在哪儿？ | 请把名字写在本子上。 | 这个本子很漂亮。 | 我有一个新本子。,Zhè shì wǒ de běnzi. | Wǒ de běnzi zài nǎr? | Qǐng bǎ míngzi xiě zài běnzi shàng. | Zhège běnzi hěn piàoliang. | Wǒ yǒu yí gè xīn běnzi.,This is my notebook. | Where is my notebook? | Please write your name in the notebook. | This notebook is very beautiful. | I have a new notebook.,ဒါက ကျွန်တော့်/ကျွန်မရဲ့ မှတ်စုစာအုပ်ပါ။ | ကျွန်တော့်/ကျွန်မရဲ့ မှတ်စုစာအုပ် ဘယ်မှာလဲ။ | နာမည်ကို မှတ်စုစာအုပ်ပေါ်မှာ ရေးပါ။ | ဒီမှတ်စုစာအုပ်က အရမ်းလှတယ်။ | ကျွန်တော်/ကျွန်မမှာ မှတ်စုစာအုပ်အသစ်တစ်အုပ်ရှိတယ်။,书本 (shūběn) — စာအုပ် | 笔记本 (bǐjìběn) — မှတ်စုစာအုပ် | 练习本 (liànxíběn) — လေ့ကျင့်ခန်းစာအုပ် | 作业本 (zuòyèběn) — အိမ်စာစာအုပ် | 笔记本电脑 (bǐjìběn diànnǎo) — လက်တော့ပ်ကွန်ပျူတာ | 本子上 (běnzi shàng) — စာအုပ်ပေါ်မှာ
24,1,比,bǐ,particle used for comparison,နှိုင်းယှဉ်သည်၊ ထက်,我的书比你的书多。 | 今天比昨天冷。 | 他比我高。 | 中文比英文难吗？ | 我喜欢茶比咖啡多。,Wǒ de shū bǐ nǐ de shū duō. | Jīntiān bǐ zuótiān lěng. | Tā bǐ wǒ gāo. | Zhōngwén bǐ Yīngwén nán ma? | Wǒ xǐhuan chá bǐ kāfēi duō.,I have more books than you. | Today is colder than yesterday. | He is taller than me. | Is Chinese harder than English? | I like tea more than coffee.,ကျွန်တော်/ကျွန်မမှာ မင်းထက် စာအုပ်ပိုများတယ်။ | ဒီနေ့က မနေ့ကထက် ပိုအေးတယ်။ | သူက ကျွန်တော့်/ကျွန်မထက် အရပ်ပိုရှည်တယ်။ | တရုတ်စာက အင်္ဂလိပ်စာထက် ပိုခက်လား။ | ကျွန်တော်/ကျွန်မက ကော်ဖီထက် လက်ဖက်ရည်ကို ပိုကြိုက်တယ်။,比较 (bǐjiào) — နှိုင်းယှဉ်သည် | 比方 (bǐfang) — ဥပမာပေးသည် | 比如 (bǐrú) — ဥပမာအားဖြင့် | 比赛 (bǐsài) — ပြိုင်ပွဲ၊ ယှဉ်ပြိုင်သည် | 比起 (bǐqǐ) — နှိုင်းယှဉ်လျှင် | 比较好 (bǐjiào hǎo) — ပိုကောင်းသည်
25,1,别（副）,bié,Don’t,မလုပ်နဲ့၊ မ…နဲ့,别说话。 | 别担心。 | 别走。 | 别着急。 | 别忘了。,Bié shuōhuà. | Bié dānxīn. | Bié zǒu. | Bié zhāojí. | Bié wàng le.,Don't talk. | Don't worry. | Don't leave. | Don't hurry. | Don't forget.,စကားမပြောနဲ့။ | စိတ်မပူနဲ့။ | မသွားနဲ့။ | အလောတကြီးမလုပ်နဲ့။ | မမေ့နဲ့။,别人 (biérén) — အခြားသူ | 别的 (bié de) — တခြား၊ အခြား | 别忘了 (bié wàng le) — မမေ့နဲ့ | 别担心 (bié dānxīn) — စိတ်မပူနဲ့ | 别走 (bié zǒu) — မသွားနဲ့
26,1,别的,bié de,other,အခြား၊ တခြား,我想买别的。 | 你还有别的吗？ | 我想看看别的衣服。 | 别的地方也可以。 | 我没有别的办法。,Wǒ xiǎng mǎi bié de. | Nǐ hái yǒu bié de ma? | Wǒ xiǎng kànkan bié de yīfu. | Bié de dìfang yě kěyǐ. | Wǒ méiyǒu bié de bànfǎ.,I want to buy another one. | Do you have anything else? | I want to look at some other clothes. | Another place is also fine. | I have no other way.,ကျွန်တော်/ကျွန်မ တခြားဟာတစ်ခု ဝယ်ချင်တယ်။ | မင်းမှာ တခြားဟာရှိသေးလား။ | ကျွန်တော်/ကျွန်မ တခြားအဝတ်အစားတွေ ကြည့်ချင်တယ်။ | တခြားနေရာလည်း ရတယ်။ | ကျွန်တော်/ကျွန်မမှာ တခြားနည်းလမ်းမရှိဘူး။,别人 (biérén) — အခြားသူ | 别的地方 (bié de dìfang) — တခြားနေရာ | 别的东西 (bié de dōngxi) — တခြားပစ္စည်း | 别的办法 (bié de bànfǎ) — တခြားနည်းလမ်း | 别的颜色 (bié de yánsè) — တခြားအရောင်
27,1,别人,bié·rén,other people,အခြားသူ၊ သူများ,别人都知道。 | 不要影响别人。 | 别人帮助了我。 | 我不想麻烦别人。 | 他喜欢帮助别人。,Biérén dōu zhīdào. | Bú yào yǐngxiǎng biérén. | Biérén bāngzhù le wǒ. | Wǒ bù xiǎng máfan biérén. | Tā xǐhuan bāngzhù biérén.,Everyone else knows. | Don't affect other people. | Someone else helped me. | I don't want to trouble others. | He likes helping others.,အခြားသူတွေအားလုံး သိကြတယ်။ | အခြားသူတွေကို မထိခိုက်စေနဲ့။ | အခြားသူတစ်ယောက်က ကျွန်တော့်/ကျွန်မကို ကူညီပေးခဲ့တယ်။ | ကျွန်တော်/ကျွန်မ အခြားသူတွေကို ဒုက္ခမပေးချင်ဘူး။ | သူက အခြားသူတွေကို ကူညီပေးရတာ ကြိုက်တယ်။,其他人 (qítā rén) — အခြားသူများ | 别的 (bié de) — တခြား၊ အခြား | 别人家 (biérén jiā) — အခြားသူရဲ့အိမ် | 别人的 (biérén de) — အခြားသူရဲ့ | 自己人 (zìjǐrén) — ကိုယ့်လူ၊ ကိုယ့်ဘက်ကလူ
28,1,病,bìng,disease,နာမကျန်းဖြစ်သည်၊ ရောဂါ,我今天生病了。 | 他有病吗？ | 这种病很常见。 | 我的病好多了。 | 生病的时候要休息。,Wǒ jīntiān shēngbìng le. | Tā yǒu bìng ma? | Zhè zhǒng bìng hěn chángjiàn. | Wǒ de bìng hǎo duō le. | Shēngbìng de shíhou yào xiūxi.,I am sick today. | Is he sick? | This kind of illness is common. | My illness is much better. | You should rest when you are sick.,ဒီနေ့ ကျွန်တော်/ကျွန်မ နေမကောင်းဘူး။ | သူ နေမကောင်းဘူးလား။ | ဒီလိုရောဂါက အဖြစ်များတယ်။ | ကျွန်တော့်/ကျွန်မရဲ့ ရောဂါ သက်သာလာပြီ။ | နေမကောင်းတဲ့အချိန်မှာ အနားယူသင့်တယ်။,生病 (shēngbìng) — နေမကောင်းဖြစ်သည် | 看病 (kànbìng) — ဆေးကုသည်၊ ဆရာဝန်ပြသည် | 病房 (bìngfáng) — လူနာဆောင် | 病院 (bìngyuàn) — ဆေးရုံ | 病情 (bìngqíng) — ရောဂါအခြေအနေ | 病假 (bìngjià) — နေမကောင်းလို့ ခွင့်ယူခြင်း
29,1,病人,bìng rén,patient,လူနာ,病人在医院休息。 | 医生正在看病人。 | 这个病人需要休息。 | 病人已经好了。 | 医院里有很多病人。,Bìngrén zài yīyuàn xiūxi. | Yīshēng zhèngzài kàn bìngrén. | Zhège bìngrén xūyào xiūxi. | Bìngrén yǐjīng hǎo le. | Yīyuàn lǐ yǒu hěn duō bìngrén.,The patient is resting in the hospital. | The doctor is seeing the patient. | This patient needs to rest. | The patient has recovered. | There are many patients in the hospital.,လူနာက ဆေးရုံမှာ အနားယူနေတယ်။ | ဆရာဝန်က လူနာကို စမ်းသပ်ပေးနေတယ်။ | ဒီလူနာ အနားယူဖို့ လိုတယ်။ | လူနာ သက်သာလာပြီ။ | ဆေးရုံမှာ လူနာတွေအများကြီးရှိတယ်။,生病 (shēngbìng) — နေမကောင်းဖြစ်သည် | 医生 (yīshēng) — ဆရာဝန် | 医院 (yīyuàn) — ဆေးရုံ | 病房 (bìngfáng) — လူနာဆောင် | 病情 (bìngqíng) — ရောဂါအခြေအနေ | 病床 (bìngchuáng) — လူနာကုတင်
30,1,不大,bú dà,not big,သိပ်မ…၊ မကြီးဘူး,这个房间不大。 | 今天雨不大。 | 问题不大。 | 他的声音不大。 | 这家店不大。,Zhège fángjiān bú dà. | Jīntiān yǔ bú dà. | Wèntí bú dà. | Tā de shēngyīn bú dà. | Zhè jiā diàn bú dà.,This room is not big. | The rain isn't heavy today. | It's not a big problem. | His voice isn't loud. | This shop isn't big.,ဒီအခန်းက သိပ်မကြီးဘူး။ | ဒီနေ့ မိုးသိပ်မများဘူး။ | ပြဿနာ သိပ်မကြီးပါဘူး။ | သူ့အသံ သိပ်မကျယ်ဘူး။ | ဒီဆိုင်က သိပ်မကြီးဘူး။,不小 (bù xiǎo) — မသေးဘူး | 不大不小 (bù dà bù xiǎo) — မကြီးမသေး | 不太大 (bú tài dà) — သိပ်မကြီးဘူး | 大小 (dàxiǎo) — အရွယ်အစား | 大一点 (dà yìdiǎn) — နည်းနည်းပိုကြီး
31,1,不对,bú duì,wrong,မမှန်ဘူး၊ မဟုတ်ဘူး,你说得不对。 | 这个答案不对。 | 时间不对。 | 这不是我的。 | 这样做不对。,Nǐ shuō de bú duì. | Zhège dá'àn bú duì. | Shíjiān bú duì. | Zhè bú shì wǒ de. | Zhèyàng zuò bú duì.,What you said is wrong. | This answer is wrong. | The time is wrong. | This isn't mine. | It's wrong to do this.,မင်းပြောတာ မမှန်ဘူး။ | ဒီအဖြေ မမှန်ဘူး။ | အချိန် မကိုက်ဘူး။ | ဒါ ကျွန်တော်/ကျွန်မရဲ့ဟာ မဟုတ်ဘူး။ | ဒီလိုလုပ်တာ မမှန်ဘူး။,对 (duì) — မှန်သည် | 对的 (duì de) — မှန်တယ် | 不正确 (bù zhèngquè) — မမှန်ကန်ဘူး | 错 (cuò) — မှားသည် | 对不起 (duìbuqǐ) — တောင်းပန်ပါတယ် | 对吗 (duì ma) — မှန်လား
32,1,不客气,bú kè qì,You’re welcome,အားမနာပါနဲ့၊ ရပါတယ်,不客气。 | 谢谢你。——不客气。 | 不客气，有什么需要再告诉我。 | 你不用说不客气。 | 帮你是应该的，不客气。,"Bú kèqi. | Xièxie nǐ. — Bú kèqi. | Bú kèqi, yǒu shénme xūyào zài gàosu wǒ. | Nǐ bú yòng shuō bú kèqi. | Bāng nǐ shì yīnggāi de, bú kèqi.",You're welcome. | Thank you. — You're welcome. | You're welcome; tell me if you need anything. | You don't need to say you're welcome. | It's my pleasure to help you.,ရပါတယ်၊ အားမနာပါနဲ့။ | ကျေးဇူးတင်ပါတယ်။ — ရပါတယ်။ | ရပါတယ်၊ လိုတာရှိရင် ပြောပါ။ | “ရပါတယ်” လို့ ပြောစရာမလိုပါဘူး။ | မင်းကို ကူညီပေးတာ သင့်တော်တာပါ၊ အားမနာပါနဲ့။,谢谢 (xièxie) — ကျေးဇူးတင်ပါတယ် | 对不起 (duìbuqǐ) — တောင်းပန်ပါတယ် | 没关系 (méi guānxi) — ကိစ္စမရှိပါဘူး | 没事 (méi shì) — ဘာမှမဖြစ်ဘူး | 不用谢 (bú yòng xiè) — ကျေးဇူးတင်စရာမလိုပါဘူး
33,1,不用,bú yòng,No need to,မလိုဘူး၊ မလိုအပ်ဘူး,不用担心。 | 你不用去了。 | 不用谢。 | 不用买了。 | 你不用等我。,Bú yòng dānxīn. | Nǐ bú yòng qù le. | Bú yòng xiè. | Bú yòng mǎi le. | Nǐ bú yòng děng wǒ.,Don't worry. | You don't need to go. | No need to thank me. | You don't need to buy it anymore. | You don't need to wait for me.,စိတ်မပူပါနဲ့။ | မင်း သွားစရာမလိုဘူး။ | ကျေးဇူးတင်စရာမလိုပါဘူး။ | ထပ်ဝယ်စရာမလိုတော့ဘူး။ | မင်း ကျွန်တော့်/ကျွန်မကို စောင့်စရာမလိုဘူး။,不必 (búbì) — မလိုအပ်ဘူး | 不需要 (bù xūyào) — မလိုဘူး | 不必了 (búbì le) — မလိုတော့ဘူး | 不用说 (bú yòng shuō) — ပြောစရာမလိုဘူး | 不用担心 (bú yòng dānxīn) — စိတ်ပူစရာမလိုဘူး
34,1,不,bù,No,မ…ဘူး(အများအားဖြင့် လက်ရှိ၊ အနာဂတ်၊ အလေ့အထ ကို ငြင်းသည်),我不喝咖啡。 | 我不是学生。 | 他不喜欢吃辣。 | 今天不下雨。 | 我不认识他。,Wǒ bù hē kāfēi. | Wǒ bú shì xuéshēng. | Tā bù xǐhuan chī là. | Jīntiān bú xiàyǔ. | Wǒ bù rènshi tā.,I don't drink coffee. | I am not a student. | He doesn't like spicy food. | It isn't raining today. | I don't know him.,ကျွန်တော်/ကျွန်မ ကော်ဖီမသောက်ဘူး။ | ကျွန်တော်/ကျွန်မ ကျောင်းသား/သူ မဟုတ်ဘူး။ | သူ စပ်တဲ့အစားအစာ မကြိုက်ဘူး။ | ဒီနေ့ မိုးမရွာဘူး။ | ကျွန်တော်/ကျွန်မ သူ့ကို မသိဘူး။,没有 (méiyǒu) — မရှိဘူး | 不是 (bú shì) — မဟုတ်ဘူး | 不要 (bú yào) — မလိုချင်ဘူး၊ မလုပ်နဲ့ | 不会 (bú huì) — မတတ်ဘူး၊ မဖြစ်ဘူး | 不能 (bù néng) — မလုပ်နိုင်ဘူး | 不可以 (bù kěyǐ) — မလုပ်ရဘူး
35,1,菜,cài,dish,ဟင်း၊ ဟင်းသီးဟင်းရွက်,我喜欢吃中国菜。 | 妈妈正在做菜。 | 这个菜很好吃。 | 你喜欢什么菜？ | 我们点了三个菜。,Wǒ xǐhuan chī Zhōngguó cài. | Māma zhèngzài zuò cài. | Zhège cài hěn hǎochī. | Nǐ xǐhuan shénme cài? | Wǒmen diǎn le sān gè cài.,I like Chinese food. | Mom is cooking a dish. | This dish is delicious. | What kind of food do you like? | We ordered three dishes.,ကျွန်တော်/ကျွန်မ တရုတ်ဟင်းလျာတွေ စားရတာ ကြိုက်တယ်။ | အမေ ဟင်းချက်နေတယ်။ | ဒီဟင်းက အရမ်းစားကောင်းတယ်။ | မင်း ဘာဟင်းကြိုက်လဲ။ | ကျွန်တော်/ကျွန်မတို့ ဟင်းသုံးမျိုး မှာထားတယ်။,菜市场 (cài shìchǎng) — ဟင်းသီးဟင်းရွက်ဈေး | 菜单 (càidān) — မီနူး | 白菜 (báicài) — ဂေါ်ဖီထုပ်ဖြူ | 青菜 (qīngcài) — အစိမ်းရောင်ဟင်းသီးဟင်းရွက် | 蔬菜 (shūcài) — ဟင်းသီးဟင်းရွက် | 做菜 (zuò cài) — ဟင်းချက်သည်
36,1,茶,chá,tea,လက်ဖက်ရည်၊ လက်ဖက်ခြောက်,我喜欢喝茶。 | 请给我一杯茶。 | 这杯茶很好喝。 | 爸爸每天喝茶。 | 你喜欢红茶还是绿茶？,Wǒ xǐhuan hē chá. | Qǐng gěi wǒ yì bēi chá. | Zhè bēi chá hěn hǎohē. | Bàba měitiān hē chá. | Nǐ xǐhuan hóngchá háishi lǜchá?,I like drinking tea. | Please give me a cup of tea. | This tea tastes good. | Dad drinks tea every day. | Do you like black tea or green tea?,ကျွန်တော်/ကျွန်မ လက်ဖက်ရည်သောက်ရတာ ကြိုက်တယ်။ | ကျွန်တော့်/ကျွန်မကို လက်ဖက်ရည်တစ်ခွက် ပေးပါ။ | ဒီလက်ဖက်ရည်က သောက်လို့ကောင်းတယ်။ | အဖေက နေ့တိုင်း လက်ဖက်ရည်သောက်တယ်။ | မင်း လက်ဖက်ရည်အမည်း ဒါမှမဟုတ် လက်ဖက်ရည်အစိမ်း ဘယ်ဟာကြိုက်လဲ။,茶水 (cháshuǐ) — လက်ဖက်ရည်/လက်ဖက်ရည်ရည် | 茶叶 (cháyè) — လက်ဖက်ခြောက် | 红茶 (hóngchá) — လက်ဖက်ရည်အမည်း | 绿茶 (lǜchá) — လက်ဖက်ရည်အစိမ်း | 茶杯 (chábēi) — လက်ဖက်ရည်ခွက် | 喝茶 (hē chá) — လက်ဖက်ရည်သောက်သည်
37,1,差,chà,differ from; bad; short of,ညံ့သည်၊ မကောင်းဘူး၊ ကွာခြားသည်,这个成绩很差。 | 我的中文不差。 | 今天的天气很差。 | 他的身体很差。 | 这件衣服质量很差。,Zhège chéngjì hěn chà. | Wǒ de Zhōngwén bù chà. | Jīntiān de tiānqì hěn chà. | Tā de shēntǐ hěn chà. | Zhè jiàn yīfu zhìliàng hěn chà.,This score is very poor. | My Chinese isn't bad. | The weather today is bad. | His health is poor. | The quality of these clothes is poor.,ဒီရလဒ်က အရမ်းညံ့တယ်။ | ကျွန်တော့်/ကျွန်မရဲ့ တရုတ်စာ မညံ့ပါဘူး။ | ဒီနေ့ ရာသီဥတု အရမ်းဆိုးတယ်။ | သူ့ကျန်းမာရေး မကောင်းဘူး။ | ဒီအဝတ်အစားရဲ့ အရည်အသွေးက အရမ်းညံ့တယ်။,好 (hǎo) — ကောင်းသည် | 差不多 (chàbuduō) — များမကွာ၊ ခန့်မှန်းအားဖြင့် | 差一点 (chà yìdiǎn) — နည်းနည်းလိုသေးသည် | 很差 (hěn chà) — အရမ်းညံ့သည် | 差别 (chābié) — ကွာခြားချက် | 差不多 (chàbuduō) — သိပ်မကွာဘူး
38,1,常,cháng,often,အမြဲ၊ ပုံမှန်အားဖြင့်,我常喝水。 | 他常来这里。 | 我们常一起学习。 | 她常帮助别人。 | 这里常下雨。,Wǒ cháng hē shuǐ. | Tā cháng lái zhèlǐ. | Wǒmen cháng yìqǐ xuéxí. | Tā cháng bāngzhù biérén. | Zhèlǐ cháng xiàyǔ.,I often drink water. | He often comes here. | We often study together. | She often helps others. | It often rains here.,ကျွန်တော်/ကျွန်မ ရေကို မကြာခဏ သောက်တယ်။ | သူ ဒီကို မကြာခဏ လာတယ်။ | ကျွန်တော်/ကျွန်မတို့ အတူတူ စာလေ့လာလေ့ရှိတယ်။ | သူက အခြားသူတွေကို မကြာခဏ ကူညီပေးတယ်။ | ဒီမှာ မိုးမကြာခဏ ရွာတယ်။,经常 (jīngcháng) — မကြာခဏ | 常常 (chángcháng) — မကြာခဏ | 平常 (píngcháng) — ပုံမှန်အားဖြင့် | 往常 (wǎngcháng) — အရင်ကပုံမှန်အတိုင်း | 常用 (chángyòng) — အသုံးများသည် | 常见 (chángjiàn) — အဖြစ်များသည်
39,1,常常,cháng cháng,often,မကြာခဏ၊ အမြဲလိုလို,我常常听音乐。 | 他常常来我家。 | 我常常学习中文。 | 妈妈常常做饭。 | 我们常常一起吃饭。,Wǒ chángcháng tīng yīnyuè. | Tā chángcháng lái wǒ jiā. | Wǒ chángcháng xuéxí Zhōngwén. | Māma chángcháng zuòfàn. | Wǒmen chángcháng yìqǐ chīfàn.,I often listen to music. | He often comes to my house. | I often study Chinese. | Mom often cooks. | We often eat together.,ကျွန်တော်/ကျွန်မ သီချင်းကို မကြာခဏ နားထောင်တယ်။ | သူ ကျွန်တော်/ကျွန်မအိမ်ကို မကြာခဏ လာတယ်။ | ကျွန်တော်/ကျွန်မ တရုတ်စာကို မကြာခဏ လေ့လာတယ်။ | အမေက မကြာခဏ ဟင်းချက်တယ်။ | ကျွန်တော်/ကျွန်မတို့ မကြာခဏ အတူတူ ထမင်းစားကြတယ်။,常 (cháng) — မကြာခဏ၊ အမြဲလိုလို | 经常 (jīngcháng) — မကြာခဏ | 平常 (píngcháng) — ပုံမှန်အားဖြင့် | 常见 (chángjiàn) — အဖြစ်များသည် | 常用 (chángyòng) — အသုံးများသည် | 常常地 (chángcháng de) — မကြာခဏ၊ အမြဲလိုလို
40,1,唱,chàng,sing,သီချင်းဆိုသည်,我喜欢唱歌。 | 她唱歌很好听。 | 他在唱歌。 | 你会唱中文歌吗？ | 我们一起唱歌吧。,Wǒ xǐhuan chànggē. | Tā chànggē hěn hǎotīng. | Tā zài chànggē. | Nǐ huì chàng Zhōngwén gē ma? | Wǒmen yìqǐ chànggē ba.,I like singing. | She sings very well. | He is singing. | Can you sing Chinese songs? | Let's sing together.,ကျွန်တော်/ကျွန်မ သီချင်းဆိုရတာ ကြိုက်တယ်။ | သူမ သီချင်းဆိုတာ အရမ်းနားထောင်လို့ကောင်းတယ်။ | သူ သီချင်းဆိုနေတယ်။ | မင်း တရုတ်သီချင်းဆိုတတ်လား။ | ကျွန်တော်/ကျွန်မတို့ အတူတူ သီချင်းဆိုကြရအောင်။,唱歌 (chànggē) — သီချင်းဆိုသည် | 歌 (gē) — သီချင်း | 唱片 (chàngpiàn) — ဓာတ်ပြား/သီချင်းမှတ်တမ်း | 歌手 (gēshǒu) — အဆိုတော် | 唱歌比赛 (chànggē bǐsài) — သီချင်းဆိုပြိုင်ပွဲ
41,1,唱歌,chàng gē,sing,သီချင်းဆိုသည်၊ သီချင်းသီဆိုသည်,我喜欢唱歌。 | 她每天唱歌。 | 他唱歌很好听。 | 你喜欢唱歌吗？ | 我们一起唱歌吧。,Wǒ xǐhuan chànggē. | Tā měitiān chànggē. | Tā chànggē hěn hǎotīng. | Nǐ xǐhuan chànggē ma? | Wǒmen yìqǐ chànggē ba.,I like singing. | She sings every day. | He sings very well. | Do you like singing? | Let's sing together.,ကျွန်တော်/ကျွန်မ သီချင်းဆိုရတာ ကြိုက်တယ်။ | သူမ နေ့တိုင်း သီချင်းဆိုတယ်။ | သူ သီချင်းဆိုတာ အရမ်းကောင်းတယ်။ | မင်း သီချင်းဆိုရတာ ကြိုက်လား။ | ကျွန်တော်/ကျွန်မတို့ အတူတူ သီချင်းဆိုကြရအောင်။,歌 (gē) — သီချင်း | 歌手 (gēshǒu) — အဆိုတော် | 唱歌 (chànggē) — သီချင်းဆိုသည် | 中文歌 (Zhōngwén gē) — တရုတ်သီချင်း | 唱歌比赛 (chànggē bǐsài) — သီချင်းဆိုပြိုင်ပွဲ
42,1,车,chē,car,ကား၊ ယာဉ်,我坐车去学校。 | 这辆车很新。 | 我的车在哪里？ | 他开车去上班。 | 我们坐出租车回家。,Wǒ zuò chē qù xuéxiào. | Zhè liàng chē hěn xīn. | Wǒ de chē zài nǎlǐ? | Tā kāichē qù shàngbān. | Wǒmen zuò chūzūchē huí jiā.,I take a car to school. | This car is new. | Where is my car? | He drives to work. | We take a taxi home.,ကျွန်တော်/ကျွန်မ ကားစီးပြီး ကျောင်းသွားတယ်။ | ဒီကားက အသစ်ပဲ။ | ကျွန်တော့်/ကျွန်မရဲ့ ကား ဘယ်မှာလဲ။ | သူ ကားမောင်းပြီး အလုပ်သွားတယ်။ | ကျွန်တော်/ကျွန်မတို့ တက္ကစီစီးပြီး အိမ်ပြန်တယ်။,汽车 (qìchē) — ကား | 火车 (huǒchē) — ရထား | 公共汽车 (gōnggòng qìchē) — ဘတ်စ်ကား | 出租车 (chūzūchē) — တက္ကစီ | 开车 (kāichē) — ကားမောင်းသည် | 坐车 (zuò chē) — ကားစီးသည်
43,1,车票,chē piào,ticket,ကားလက်မှတ်၊ ယာဉ်လက်မှတ်,我买了一张车票。 | 车票多少钱？ | 请给我看一下车票。 | 我的车票不见了。 | 你买车票了吗？,Wǒ mǎi le yì zhāng chēpiào. | Chēpiào duōshao qián? | Qǐng gěi wǒ kàn yíxià chēpiào. | Wǒ de chēpiào bú jiàn le. | Nǐ mǎi chēpiào le ma?,I bought a ticket. | How much is the ticket? | Please let me see the ticket. | I lost my ticket. | Did you buy the ticket?,ကျွန်တော်/ကျွန်မ ကားလက်မှတ်တစ်စောင် ဝယ်ခဲ့တယ်။ | ကားလက်မှတ် ဘယ်လောက်လဲ။ | ကားလက်မှတ်ကို ခဏပြပါ။ | ကျွန်တော့်/ကျွန်မရဲ့ ကားလက်မှတ် ပျောက်သွားပြီ။ | မင်း ကားလက်မှတ်ဝယ်ပြီးပြီလား။,火车票 (huǒchēpiào) — ရထားလက်မှတ် | 票 (piào) — လက်မှတ် | 车站 (chēzhàn) — ဘူတာ | 买票 (mǎi piào) — လက်မှတ်ဝယ်သည် | 车票价格 (chēpiào jiàgé) — လက်မှတ်ဈေးနှုန်း
44,1,车上,chē shàng,in the car,ကားပေါ်၊ ယာဉ်ပေါ်,我在车上。 | 他正在车上睡觉。 | 车上有很多人。 | 请不要在车上吃东西。 | 我们在车上聊天。,Wǒ zài chē shàng. | Tā zhèngzài chē shàng shuìjiào. | Chē shàng yǒu hěn duō rén. | Qǐng bú yào zài chē shàng chī dōngxi. | Wǒmen zài chē shàng liáotiān.,I am in the car. | He is sleeping in the car. | There are many people in the car. | Please don't eat on the bus/car. | We are chatting in the car.,ကျွန်တော်/ကျွန်မ ကားပေါ်မှာ ရှိတယ်။ | သူ ကားပေါ်မှာ အိပ်နေတယ်။ | ကားပေါ်မှာ လူအများကြီးရှိတယ်။ | ကားပေါ်မှာ အစားအစာမစားပါနဲ့။ | ကျွန်တော်/ကျွန်မတို့ ကားပေါ်မှာ စကားပြောနေကြတယ်။,车里 (chē lǐ) — ကားထဲမှာ | 车外 (chē wài) — ကားအပြင်မှာ | 上车 (shàng chē) — ကားပေါ်တက်သည် | 下车 (xià chē) — ကားပေါ်က ဆင်းသည် | 车门 (chēmén) — ကားတံခါး | 车座 (chēzuò) — ကားထိုင်ခုံ
45,1,车站,chē zhàn,station,ဘူတာ၊ ယာဉ်မှတ်တိုင်,火车站在哪里？ | 我们在车站见。 | 车站离这里很近。 | 他已经到了车站。 | 车站里有很多人。,Huǒchēzhàn zài nǎlǐ? | Wǒmen zài chēzhàn jiàn. | Chēzhàn lí zhèlǐ hěn jìn. | Tā yǐjīng dào le chēzhàn. | Chēzhàn lǐ yǒu hěn duō rén.,Where is the train station? | Let's meet at the station. | The station is very close to here. | He has already arrived at the station. | There are many people at the station.,ရထားဘူတာ ဘယ်မှာလဲ။ | ကျွန်တော်/ကျွန်မတို့ ဘူတာမှာ တွေ့ကြမယ်။ | ဘူတာက ဒီနေရာနဲ့ အရမ်းနီးတယ်။ | သူ ဘူတာကို ရောက်နေပြီ။ | ဘူတာမှာ လူအများကြီးရှိတယ်။,火车站 (huǒchēzhàn) — ရထားဘူတာ | 汽车站 (qìchēzhàn) — ကားဂိတ် | 车站牌 (chēzhànpái) — ဘူတာ/မှတ်တိုင်ဆိုင်းဘုတ် | 站台 (zhàntái) — ပလက်ဖောင်း | 公交车站 (gōngjiāo chēzhàn) — ဘတ်စ်ကားမှတ်တိုင်
46,1,吃,chī,eat,စားသည်,我喜欢吃中国菜。 | 你吃饭了吗？ | 他不吃肉。 | 我想吃水果。 | 我们一起吃吧。,Wǒ xǐhuan chī Zhōngguó cài. | Nǐ chīfàn le ma? | Tā bù chī ròu. | Wǒ xiǎng chī shuǐguǒ. | Wǒmen yìqǐ chī ba.,I like eating Chinese food. | Have you eaten? | He doesn't eat meat. | I want to eat fruit. | Let's eat together.,ကျွန်တော်/ကျွန်မ တရုတ်ဟင်းလျာတွေ စားရတာ ကြိုက်တယ်။ | ထမင်းစားပြီးပြီလား။ | သူ အသားမစားဘူး။ | ကျွန်တော်/ကျွန်မ သစ်သီးစားချင်တယ်။ | အတူတူ စားကြရအောင်။,吃饭 (chīfàn) — ထမင်းစားသည် | 吃东西 (chī dōngxi) — အစားအစာစားသည် | 吃菜 (chī cài) — ဟင်းစားသည် | 吃水果 (chī shuǐguǒ) — သစ်သီးစားသည် | 吃肉 (chī ròu) — အသားစားသည် | 好吃 (hǎochī) — စားကောင်းသည်
47,1,吃饭,chī fàn,have meal,ထမင်းစားသည်၊ အစားစားသည်,你吃饭了吗？ | 我们一起吃饭吧。 | 他正在吃饭。 | 我每天中午吃饭。 | 妈妈叫我吃饭。,Nǐ chīfàn le ma? | Wǒmen yìqǐ chīfàn ba. | Tā zhèngzài chīfàn. | Wǒ měitiān zhōngwǔ chīfàn. | Māma jiào wǒ chīfàn.,Have you eaten? | Let's eat together. | He is eating. | I eat lunch every day. | Mom called me to eat.,ထမင်းစားပြီးပြီလား။ | အတူတူ စားကြရအောင်။ | သူ ထမင်းစားနေတယ်။ | ကျွန်တော်/ကျွန်မ နေ့တိုင်း နေ့လယ်စာစားတယ်။ | အမေက ထမင်းစားဖို့ ခေါ်နေတယ်။,吃饭 (chīfàn) — ထမင်းစားသည် | 吃东西 (chī dōngxi) — အစားအစာစားသည် | 吃午饭 (chī wǔfàn) — နေ့လယ်စာစားသည် | 吃晚饭 (chī wǎnfàn) — ညစာစားသည် | 吃早饭 (chī zǎofàn) — မနက်စာစားသည် | 吃饭时间 (chīfàn shíjiān) — ထမင်းစားချိန်
48,1,出,chū,out,ထွက်သည်၊ အပြင်ထွက်သည်,他从房间里出来了。 | 请你出来一下。 | 太阳出来了。 | 我们出去吧。 | 他走出学校。,Tā cóng fángjiān lǐ chūlái le. | Qǐng nǐ chūlái yíxià. | Tàiyáng chūlái le. | Wǒmen chūqù ba. | Tā zǒu chū xuéxiào.,He came out of the room. | Please come out for a moment. | The sun came out. | Let's go out. | He walked out of the school.,သူ အခန်းထဲကနေ ထွက်လာတယ်။ | ခဏလောက် အပြင်ထွက်လာပါ။ | နေထွက်လာပြီ။ | အပြင်ထွက်ကြရအောင်။ | သူ ကျောင်းထဲကနေ ထွက်လာတယ်။,出来 (chūlái) — ထွက်လာသည် | 出去 (chūqù) — ထွက်သွားသည် | 出门 (chūmén) — အပြင်ထွက်သည် | 出去玩 (chūqù wán) — အပြင်ထွက်လည်သည် | 出发 (chūfā) — ထွက်ခွာသည် | 出现 (chūxiàn) — ပေါ်လာသည်
49,1,出来,chū lái,come,ထွက်လာသည်,你出来一下。 | 他从房间里出来了。 | 她已经出来了。 | 快出来！ | 我刚刚从家里出来。,Nǐ chūlái yíxià. | Tā cóng fángjiān lǐ chūlái le. | Tā yǐjīng chūlái le. | Kuài chūlái! | Wǒ gānggāng cóng jiā lǐ chūlái.,Come out for a moment. | He came out of the room. | She has already come out. | Come out quickly! | I just came out of the house.,ခဏလောက် အပြင်ထွက်လာပါ။ | သူ အခန်းထဲကနေ ထွက်လာတယ်။ | သူ ထွက်လာပြီးပြီ။ | မြန်မြန်ထွက်လာပါ။ | ကျွန်တော်/ကျွန်မ အခုလေးတင် အိမ်ကနေ ထွက်လာတာ။,出 (chū) — ထွက်သည် | 进来 (jìnlái) — ဝင်လာသည် | 出去 (chūqù) — ထွက်သွားသည် | 进出 (jìnchū) — ဝင်ထွက်သည် | 出门 (chūmén) — အပြင်ထွက်သည် | 出来看看 (chūlái kànkan) — ထွက်လာပြီး ကြည့်သည်
50,1,出去,chū qù,go out,ထွက်သွားသည်,我们出去玩吧。 | 他出去了。 | 请不要出去。 | 我想出去走走。 | 她和朋友出去了。,Wǒmen chūqù wán ba. | Tā chūqù le. | Qǐng bú yào chūqù. | Wǒ xiǎng chūqù zǒuzou. | Tā hé péngyou chūqù le.,Let's go out and have fun. | He went out. | Please don't go out. | I want to go out for a walk. | She went out with her friends.,အပြင်ထွက်ပြီး ပျော်ကြရအောင်။ | သူ အပြင်ထွက်သွားတယ်။ | အပြင်မထွက်ပါနဲ့။ | ကျွန်တော်/ကျွန်မ အပြင်ထွက်ပြီး လမ်းလျှောက်ချင်တယ်။ | သူ သူငယ်ချင်းတွေနဲ့ အပြင်ထွက်သွားတယ်။,出 (chū) — ထွက်သည် | 出来 (chūlái) — ထွက်လာသည် | 出门 (chūmén) — အပြင်ထွက်သည် | 出去玩 (chūqù wán) — အပြင်ထွက်လည်သည် | 走出去 (zǒu chūqù) — လမ်းလျှောက်ပြီး ထွက်သွားသည် | 出国 (chūguó) — နိုင်ငံခြားထွက်သည်
51,1,穿,chuān,wear,ဝတ်သည်,我今天穿新衣服。 | 她穿了一件红衣服。 | 你穿什么？ | 他喜欢穿黑色的衣服。 | 天冷了，多穿一点。,"Wǒ jīntiān chuān xīn yīfu. | Tā chuān le yí jiàn hóng yīfu. | Nǐ chuān shénme? | Tā xǐhuan chuān hēisè de yīfu. | Tiān lěng le, duō chuān yìdiǎn.","I am wearing new clothes today. | She wore a red shirt. | What are you wearing? | He likes wearing black clothes. | It's cold, wear a little more.",ဒီနေ့ ကျွန်တော်/ကျွန်မ အဝတ်အစားအသစ် ဝတ်ထားတယ်။ | သူမ အင်္ကျီအနီ ဝတ်ထားတယ်။ | မင်း ဘာဝတ်ထားလဲ။ | သူ အနက်ရောင်အဝတ်အစား ဝတ်ရတာ ကြိုက်တယ်။ | ရာသီဥတုအေးလာပြီ၊ နည်းနည်းပိုဝတ်ပါ။,衣服 (yīfu) — အဝတ်အစား | 穿衣服 (chuān yīfu) — အဝတ်အစားဝတ်သည် | 穿鞋 (chuān xié) — ဖိနပ်စီးသည် | 穿上 (chuān shàng) — ဝတ်လိုက်သည် | 穿着 (chuānzhuó) — ဝတ်ဆင်ထားသည် | 穿衣 (chuānyī) — အဝတ်ဝတ်သည်
52,1,床,chuáng,bed,အိပ်ရာ၊ ကုတင်,我的床很舒服。 | 我在床上睡觉。 | 请不要在床上吃东西。 | 这张床很大。 | 他已经上床睡觉了。,Wǒ de chuáng hěn shūfu. | Wǒ zài chuáng shàng shuìjiào. | Qǐng bú yào zài chuáng shàng chī dōngxi. | Zhè zhāng chuáng hěn dà. | Tā yǐjīng shàngchuáng shuìjiào le.,My bed is comfortable. | I am sleeping on the bed. | Please don't eat on the bed. | This bed is big. | He has already gone to bed.,ကျွန်တော့်/ကျွန်မရဲ့ အိပ်ရာက သက်တောင့်သက်သာရှိတယ်။ | ကျွန်တော်/ကျွန်မ အိပ်ရာပေါ်မှာ အိပ်နေတယ်။ | အိပ်ရာပေါ်မှာ အစားအစာမစားပါနဲ့။ | ဒီအိပ်ရာက အရမ်းကျယ်တယ်။ | သူ အိပ်ရာဝင်ပြီးပြီ။,床上 (chuáng shàng) — အိပ်ရာပေါ်မှာ | 上床 (shàngchuáng) — အိပ်ရာဝင်သည် | 下床 (xiàchuáng) — အိပ်ရာပေါ်က ဆင်းသည် | 床单 (chuángdān) — အိပ်ရာခင်း | 床头 (chuángtóu) — အိပ်ရာခေါင်းရင်း | 双人床 (shuāngrénchuáng) — နှစ်ယောက်အိပ်ကုတင်
53,1,次（量）,cì,"(measure word for times, frequency)",ကြိမ်၊ အကြိမ်ရေတွက်ရာတွင်သုံးသော စကားလုံး,我去过北京三次。 | 我看了两次电影。 | 请再说一次。 | 我每天吃三次饭。 | 这是我第一次来这里。,Wǒ qùguo Běijīng sān cì. | Wǒ kàn le liǎng cì diànyǐng. | Qǐng zài shuō yí cì. | Wǒ měitiān chī sān cì fàn. | Zhè shì wǒ dì yī cì lái zhèlǐ.,I have been to Beijing three times. | I watched the movie twice. | Please say it again. | I eat three meals a day. | This is my first time here.,ကျွန်တော်/ကျွန်မ ပေကျင်းကို သုံးကြိမ် ရောက်ဖူးတယ်။ | ကျွန်တော်/ကျွန်မ ရုပ်ရှင်ကို နှစ်ကြိမ် ကြည့်ခဲ့တယ်။ | ထပ်ပြောပေးပါ။ | ကျွန်တော်/ကျွန်မ တစ်နေ့ကို ထမင်းသုံးကြိမ်စားတယ်။ | ဒီနေရာကို ပထမဆုံးအကြိမ် ရောက်ဖူးတာပါ။,一次 (yí cì) — တစ်ကြိမ် | 两次 (liǎng cì) — နှစ်ကြိမ် | 多次 (duō cì) — အကြိမ်များစွာ | 第一次 (dì yī cì) — ပထမဆုံးအကြိမ် | 再次 (zàicì) — ထပ်မံ၍ | 每次 (měi cì) — အကြိမ်တိုင်း
54,1,从,cóng,from,…မှ၊ …ကနေ,我从家里来。 | 我从学校回家。 | 从这里到车站很近。 | 我从早上学习到晚上。 | 从今天开始学习中文。,Wǒ cóng jiā lǐ lái. | Wǒ cóng xuéxiào huí jiā. | Cóng zhèlǐ dào chēzhàn hěn jìn. | Wǒ cóng zǎoshang xuéxí dào wǎnshang. | Cóng jīntiān kāishǐ xuéxí Zhōngwén.,"I come from home. | I go home from school. | It is close from here to the station. | I study from morning to evening. | Starting today, I will study Chinese.",ကျွန်တော်/ကျွန်မ အိမ်ကနေ လာတာပါ။ | ကျောင်းကနေ အိမ်ပြန်တယ်။ | ဒီနေရာကနေ ဘူတာအထိ အရမ်းနီးတယ်။ | မနက်ကနေ ညအထိ စာလေ့လာတယ်။ | ဒီနေ့ကစပြီး တရုတ်စာ လေ့လာမယ်။,从前 (cóngqián) — ယခင်က၊ အရင်တုန်းက | 从来 (cónglái) — အစဉ်အမြဲ/ဘယ်တုန်းကမှ | 从小 (cóngxiǎo) — ငယ်စဉ်ကတည်းက | 从这里 (cóng zhèlǐ) — ဒီနေရာကနေ | 从今天开始 (cóng jīntiān kāishǐ) — ဒီနေ့ကစပြီး | 从早到晚 (cóng zǎo dào wǎn) — မနက်ကနေ ညအထိ
55,1,错,cuò,wrong,မှားသည်၊ အမှား,你错了。 | 这个答案错了。 | 我做错了。 | 他写错了名字。 | 这句话不对。,Nǐ cuò le. | Zhège dá'àn cuò le. | Wǒ zuò cuò le. | Tā xiě cuò le míngzi. | Zhè jù huà bú duì.,You are wrong.｜This answer is wrong.｜I made a mistake.｜He said it incorrectly.｜I wrote it incorrectly.,မင်းမှားတယ်။｜ဒီအဖြေမှားတယ်။｜ကျွန်တော်/ကျွန်မ မှားလုပ်မိတယ်။｜သူ မှားပြောတယ်။｜ကျွန်တော်/ကျွန်မ မှားရေးမိတယ်။,错误 (cuòwù) — အမှား | 做错 (zuòcuò) — မှားလုပ်သည် | 写错 (xiěcuò) — မှားရေးသည် | 说错 (shuōcuò) — မှားပြောသည် | 错过 (cuòguò) — လွတ်သွားသည်
56,1,打（动）,dǎ,"hit, take",လုပ်သည်၊ ရိုက်သည်၊ တီးသည်,他打我。 | 我打了一个电话。 | 他在打球。 | 请不要打人。 | 他会打字。,Tā dǎ wǒ. | Wǒ dǎ le yí gè diànhuà. | Tā zài dǎ qiú. | Qǐng bú yào dǎ rén. | Tā huì dǎzì.,He hits me.｜I make a phone call.｜He can type.｜Don't hit people.｜He is playing ball.,သူ ကျွန်တော့်/ကျွန်မကို ရိုက်တယ်။｜ကျွန်တော်/ကျွန်မ ဖုန်းဆက်တယ်။｜သူ စာရိုက်တတ်တယ်။｜လူကို မရိုက်ပါနဲ့။｜သူ ဘောလုံးကစားနေတယ်။,打人 (dǎrén) — လူကိုရိုက်သည် | 打字 (dǎzì) — စာရိုက်သည် | 打球 (dǎqiú) — ဘောလုံးကစားသည် | 打电话 (dǎ diànhuà) — ဖုန်းဆက်သည် | 打开 (dǎkāi) — ဖွင့်သည်
57,1,打车,dǎ chē,take a taxi,တက္ကစီငှားသည်,我们打车去学校。 | 我每天打车上班。 | 现在很难打车。 | 他打车回家了。 | 你可以打车去车站。,Wǒmen dǎ chē qù xuéxiào. | Wǒ měitiān dǎ chē shàngbān. | Xiànzài hěn nán dǎ chē. | Tā dǎ chē huí jiā le. | Nǐ kěyǐ dǎ chē qù chēzhàn.,We take a taxi to school.｜I take a taxi to work every day.｜It is difficult to get a taxi now.｜He took a taxi home.｜You can take a taxi to the station.,ကျွန်တော်/ကျွန်မတို့ တက္ကစီစီးပြီး ကျောင်းသွားတယ်။｜ကျွန်တော်/ကျွန်မ နေ့တိုင်း တက္ကစီစီးပြီး အလုပ်သွားတယ်။｜အခု တက္ကစီငှားဖို့ ခက်တယ်။｜သူ တက္ကစီစီးပြီး အိမ်ပြန်သွားတယ်။｜မင်း တက္ကစီစီးပြီး ဘူတာကို သွားလို့ရတယ်။,出租车 (chūzūchē) — တက္ကစီ | 叫车 (jiàochē) — ကားခေါ်သည် | 坐车 (zuò chē) — ကားစီးသည် | 开车 (kāichē) — ကားမောင်းသည် | 车费 (chēfèi) — ကားခ
58,1,打电话,dǎ diàn huà,make a phonecall,ဖုန်းဆက်သည်,我给妈妈打电话。 | 请给我打电话。 | 他正在打电话。 | 我昨天给朋友打了电话。 | 你什么时候给我打电话？,Wǒ gěi māma dǎ diànhuà. | Qǐng gěi wǒ dǎ diànhuà. | Tā zhèngzài dǎ diànhuà. | Wǒ zuótiān gěi péngyou dǎ le diànhuà. | Nǐ shénme shíhou gěi wǒ dǎ diànhuà?,I call my mother.｜Please call me.｜He is on the phone.｜I called my friend yesterday.｜When will you call me?,အမေ့ကို ဖုန်းဆက်တယ်။｜ကျွန်တော့်/ကျွန်မကို ဖုန်းဆက်ပါ။｜သူ ဖုန်းပြောနေတယ်။｜မနေ့က သူငယ်ချင်းကို ဖုန်းဆက်ခဲ့တယ်။｜မင်း ဘယ်တော့ ကျွန်တော့်/ကျွန်မကို ဖုန်းဆက်မလဲ။,电话 (diànhuà) — ဖုန်း | 手机 (shǒujī) — မိုဘိုင်းဖုန်း | 电话号码 (diànhuà hàomǎ) — ဖုန်းနံပါတ် | 接电话 (jiē diànhuà) — ဖုန်းကိုင်သည် | 打电话 (dǎ diànhuà) — ဖုန်းဆက်သည်
59,1,打开,dǎ kāi,turn on,ဖွင့်သည်,请打开门。 | 我打开了电脑。 | 他打开窗户。 | 请打开书。 | 我打开手机看了一下。,Qǐng dǎkāi mén. | Wǒ dǎkāi le diànnǎo. | Tā dǎkāi chuānghu. | Qǐng dǎkāi shū. | Wǒ dǎkāi shǒujī kàn le yíxià.,Please open the door.｜I opened the computer.｜He opened the window.｜Please open the book.｜I opened my phone and took a look.,တံခါးဖွင့်ပါ။｜ကျွန်တော်/ကျွန်မ ကွန်ပျူတာကို ဖွင့်လိုက်တယ်။｜သူ ပြတင်းပေါက်ဖွင့်တယ်။｜စာအုပ်ဖွင့်ပါ။｜ကျွန်တော်/ကျွန်မ ဖုန်းဖွင့်ပြီး ခဏကြည့်လိုက်တယ်။,关上 (guānshàng) — ပိတ်သည် | 开 (kāi) — ဖွင့်သည် | 关 (guān) — ပိတ်သည် | 开门 (kāimén) — တံခါးဖွင့်သည် | 开窗 (kāi chuāng) — ပြတင်းပေါက်ဖွင့်သည်
60,1,打球,dǎ qiú,play ball,ဘောလုံးကစားသည်,我喜欢打球。 | 他每天打球。 | 我们一起打球吧。 | 他在学校打球。 | 你会打球吗？,Wǒ xǐhuan dǎqiú. | Tā měitiān dǎqiú. | Wǒmen yìqǐ dǎqiú ba. | Tā zài xuéxiào dǎqiú. | Nǐ huì dǎqiú ma?,I like playing ball.｜He plays ball every day.｜Let's play ball together.｜He plays ball at school.｜Can you play ball?,ကျွန်တော်/ကျွန်မ ဘောလုံးကစားရတာ ကြိုက်တယ်။｜သူ နေ့တိုင်း ဘောလုံးကစားတယ်။｜အတူတူ ဘောလုံးကစားကြရအောင်။｜သူ ကျောင်းမှာ ဘောလုံးကစားတယ်။｜မင်း ဘောလုံးကစားတတ်လား။,球 (qiú) — ဘောလုံး | 足球 (zúqiú) — ဘောလုံး | 篮球 (lánqiú) — ဘတ်စကက်ဘော | 排球 (páiqiú) — ဘော်လီဘော | 球场 (qiúchǎng) — အားကစားကွင်း
61,1,大,dà,"large, big",ကြီးသော၊ ကြီးသည်,这个房间很大。 | 北京很大。 | 他家很大。 | 这件衣服太大了。 | 大家都来了。,Zhège fángjiān hěn dà. | Běijīng hěn dà. | Tā jiā hěn dà. | Zhè jiàn yīfu tài dà le. | Dàjiā dōu lái le.,This room is very big.｜Beijing is very big.｜His house is very big.｜These clothes are too big.｜Everyone has arrived.,ဒီအခန်းက အရမ်းကြီးတယ်။｜ပေကျင်းက အရမ်းကြီးတယ်။｜သူ့အိမ်က အရမ်းကြီးတယ်။｜ဒီအဝတ်အစားက အရမ်းကြီးတယ်။｜အားလုံး ရောက်လာကြပြီ။,小 (xiǎo) — သေးသည် | 大小 (dàxiǎo) — အရွယ်အစား | 大人 (dàrén) — လူကြီး | 大家 (dàjiā) — အားလုံး | 大多 (dàduō) — အများစု
62,1,大学,dà xué,university,တက္ကသိုလ်,我在大学学习。 | 这所大学很有名。 | 他想上大学。 | 大学生活很有意思。 | 她在北京大学学习。,Wǒ zài dàxué xuéxí. | Zhè suǒ dàxué hěn yǒumíng. | Tā xiǎng shàng dàxué. | Dàxué shēnghuó hěn yǒuyìsi. | Tā zài Běijīng Dàxué xuéxí.,I study at university.｜This university is very famous.｜He wants to go to university.｜University life is interesting.｜She studies at Peking University.,ကျွန်တော်/ကျွန်မ တက္ကသိုလ်မှာ စာလေ့လာတယ်။｜ဒီတက္ကသိုလ်က နာမည်ကြီးတယ်။｜သူ တက္ကသိုလ်တက်ချင်တယ်။｜တက္ကသိုလ်ဘဝက စိတ်ဝင်စားဖို့ကောင်းတယ်။｜သူမ ပေကျင်းတက္ကသိုလ်မှာ စာလေ့လာတယ်။,大学生 (dàxuéshēng) — တက္ကသိုလ်ကျောင်းသား/သူ | 学校 (xuéxiào) — ကျောင်း | 学生 (xuéshēng) — ကျောင်းသား/သူ | 大学生活 (dàxué shēnghuó) — တက္ကသိုလ်ဘဝ | 大学毕业 (dàxué bìyè) — တက္ကသိုလ်ဘွဲ့ရသည်
63,1,大学生,dà xué shēng,university student,တက္ကသိုလ်ကျောင်းသား/သူ,我是大学生。 | 他是大学生。 | 很多大学生喜欢学习中文。 | 大学生每天都很忙。 | 她是一名大学生。,Wǒ shì dàxuéshēng. | Tā shì dàxuéshēng. | Hěn duō dàxuéshēng xǐhuan xuéxí Zhōngwén. | Dàxuéshēng měitiān dōu hěn máng. | Tā shì yì míng dàxuéshēng.,I am a university student.｜He is a university student.｜Many university students like studying Chinese.｜University students are very busy every day.｜She is a university student.,ကျွန်တော်/ကျွန်မက တက္ကသိုလ်ကျောင်းသား/သူပါ။｜သူက တက္ကသိုလ်ကျောင်းသား/သူပါ။｜တက္ကသိုလ်ကျောင်းသား/သူ အများကြီးက တရုတ်စာလေ့လာရတာ ကြိုက်တယ်။｜တက္ကသိုလ်ကျောင်းသား/သူတွေ နေ့တိုင်း အရမ်းအလုပ်များတယ်။｜သူမက တက္ကသိုလ်ကျောင်းသူတစ်ယောက်ပါ။,学生 (xuéshēng) — ကျောင်းသား/သူ | 大学 (dàxué) — တက္ကသိုလ် | 大学生 (dàxuéshēng) — တက္ကသိုလ်ကျောင်းသား/သူ | 研究生 (yánjiūshēng) — ဘွဲ့လွန်ကျောင်းသား/သူ | 同学 (tóngxué) — အတန်းဖော်
64,1,到,dào,reach,ရောက်သည်၊ အထိ,我到学校了。 | 你什么时候到？ | 我八点到家。 | 从这里到车站很近。 | 他到北京了。,Wǒ dào xuéxiào le. | Nǐ shénme shíhou dào? | Wǒ bā diǎn dào jiā. | Cóng zhèlǐ dào chēzhàn hěn jìn. | Tā dào Běijīng le.,I have arrived at school.｜When will you arrive?｜I get home at eight.｜It is close from here to the station.｜He has arrived in Beijing.,ကျွန်တော်/ကျွန်မ ကျောင်းကို ရောက်ပြီ။｜မင်း ဘယ်အချိန်ရောက်မလဲ။｜ကျွန်တော်/ကျွန်မ ရှစ်နာရီမှာ အိမ်ရောက်တယ်။｜ဒီနေရာကနေ ဘူတာအထိ အရမ်းနီးတယ်။｜သူ ပေကျင်းကို ရောက်ပြီ။,到达 (dàodá) — ရောက်ရှိသည် | 到家 (dào jiā) — အိမ်ရောက်သည် | 到学校 (dào xuéxiào) — ကျောင်းရောက်သည် | 到北京 (dào Běijīng) — ပေကျင်းရောက်သည် | 到时候 (dào shíhou) — အချိန်ရောက်သောအခါ
65,1,得到,dé dào,get,ရရှိသည်၊ ရယူသည်,我得到了一个好消息。 | 他得到了很多帮助。 | 我终于得到了机会。 | 她得到了一份工作。 | 你得到了什么？,Wǒ dédào le yí gè hǎo xiāoxi. | Tā dédào le hěn duō bāngzhù. | Wǒ zhōngyú dédào le jīhuì. | Tā dédào le yí fèn gōngzuò. | Nǐ dédào le shénme?,I received some good news.｜He received a lot of help.｜I finally got an opportunity.｜She got a job.｜What did you get?,ကျွန်တော်/ကျွန်မ သတင်းကောင်းတစ်ခု ရခဲ့တယ်။｜သူ အကူအညီအများကြီး ရခဲ့တယ်။｜နောက်ဆုံးတော့ ကျွန်တော်/ကျွန်မ အခွင့်အရေးရခဲ့တယ်။｜သူမ အလုပ်တစ်ခု ရခဲ့တယ်။｜မင်း ဘာရခဲ့လဲ။,获得 (huòdé) — ရရှိသည် | 得到帮助 (dédào bāngzhù) — အကူအညီရရှိသည် | 得到机会 (dédào jīhuì) — အခွင့်အရေးရရှိသည် | 得到消息 (dédào xiāoxi) — သတင်းရရှိသည် | 得到工作 (dédào gōngzuò) — အလုပ်ရရှိသည်
66,1,地,de,auxiliary word,—ကို၊ —သို့,我在家学习。 | 他慢慢地走。 | 她高兴地笑了。 | 请认真地听。 | 他在北京学习。,Wǒ zài jiā xuéxí. | Tā mànmàn de zǒu. | Tā gāoxìng de xiào le. | Qǐng rènzhēn de tīng. | Tā zài Běijīng xuéxí.,I study at home.｜He walks slowly.｜She smiled happily.｜Please listen carefully.｜He studies in Beijing.,ကျွန်တော်/ကျွန်မ အိမ်မှာ စာလေ့လာတယ်။｜သူ ဖြည်းဖြည်းချင်း လမ်းလျှောက်တယ်။｜သူမ ပျော်ပျော်ရွှင်ရွှင် ပြုံးလိုက်တယ်။｜သေချာနားထောင်ပါ။｜သူ ပေကျင်းမှာ စာလေ့လာတယ်။,地方 (dìfang) — နေရာ | 地面 (dìmiàn) — မြေပြင် | 地上 (dìshàng) — မြေပေါ်မှာ | 地下 (dìxià) — မြေအောက် | 地图 (dìtú) — မြေပုံ
67,1,的,de,(aux.),—၏၊ —သော,这是我的书。 | 他是我的朋友。 | 我喜欢吃中国菜。 | 她的名字很好听。 | 这是昨天的照片。,Zhè shì wǒ de shū. | Tā shì wǒ de péngyou. | Wǒ xǐhuan chī Zhōngguó cài. | Tā de míngzi hěn hǎotīng. | Zhè shì zuótiān de zhàopiàn.,This is my book.｜He is my friend.｜I like eating Chinese food.｜Her name sounds nice.｜This is yesterday's photo.,ဒါက ကျွန်တော့်/ကျွန်မရဲ့ စာအုပ်ပါ။｜သူက ကျွန်တော့်/ကျွန်မရဲ့ သူငယ်ချင်းပါ။｜ကျွန်တော်/ကျွန်မ တရုတ်အစားအစာစားရတာ ကြိုက်တယ်။｜သူမရဲ့ နာမည်က နားထောင်လို့ကောင်းတယ်။｜ဒါ မနေ့ကရဲ့ ဓာတ်ပုံပါ။,我的 (wǒ de) — ကျွန်တော့်/ကျွန်မရဲ့ | 你的 (nǐ de) — မင်းရဲ့ | 他的 (tā de) — သူ့ရဲ့ | 她的 (tā de) — သူမရဲ့ | 我们的 (wǒmen de) — ကျွန်တော်တို့ရဲ့
68,1,等（动）,děng,wait,စောင့်သည်,你在这里等我。 | 我等你很久了。 | 请等一下。 | 他在车站等朋友。 | 我们等老师。,Nǐ zài zhèlǐ děng wǒ. | Wǒ děng nǐ hěn jiǔ le. | Qǐng děng yíxià. | Tā zài chēzhàn děng péngyou. | Wǒmen děng lǎoshī.,Wait for me here.｜I have waited for you for a long time.｜Please wait a moment.｜He is waiting for a friend at the station.｜We are waiting for the teacher.,ဒီမှာ ကျွန်တော့်/ကျွန်မကို စောင့်ပါ။｜ကျွန်တော်/ကျွန်မ မင်းကို အကြာကြီး စောင့်နေခဲ့တယ်။｜ခဏစောင့်ပါ။｜သူ ဘူတာမှာ သူငယ်ချင်းကို စောင့်နေတယ်။｜ကျွန်တော်/ကျွန်မတို့ ဆရာ/ဆရာမကို စောင့်နေကြတယ်။,等待 (děngdài) — စောင့်ဆိုင်းသည် | 等一下 (děng yíxià) — ခဏစောင့်သည် | 等人 (děng rén) — လူကိုစောင့်သည် | 等车 (děng chē) — ကားစောင့်သည် | 等候 (děnghòu) — စောင့်ဆိုင်းသည်
69,1,地,dì,ground,မြေ၊ မြေပြင်,我在地上坐着。 | 地上有一本书。 | 这个地方很漂亮。 | 地面很干净。 | 他把东西放在地上。,Wǒ zài dìshàng zuòzhe. | Dìshàng yǒu yì běn shū. | Zhège dìfang hěn piàoliang. | Dìmiàn hěn gānjìng. | Tā bǎ dōngxi fàng zài dìshàng.,I am sitting on the ground.｜There is a book on the ground.｜This place is beautiful.｜The ground is clean.｜He put the thing on the ground.,ကျွန်တော်/ကျွန်မ မြေပြင်ပေါ်မှာ ထိုင်နေတယ်။｜မြေပြင်ပေါ်မှာ စာအုပ်တစ်အုပ်ရှိတယ်။｜ဒီနေရာက အရမ်းလှတယ်။｜မြေပြင်က သန့်ရှင်းတယ်။｜သူ ပစ္စည်းကို မြေပြင်ပေါ်မှာ ထားလိုက်တယ်။,地方 (dìfang) — နေရာ | 地面 (dìmiàn) — မြေပြင် | 地上 (dìshàng) — မြေပေါ်မှာ | 地下 (dìxià) — မြေအောက် | 地图 (dìtú) — မြေပုံ
70,1,地点,dìdiǎn,location,နေရာ၊ တည်နေရာ,你知道这个地点吗？｜我们在地图上找到了地点。｜这个地点很有名。｜请告诉我地点。｜活动地点在哪里？,Nǐ zhīdào zhège dìdiǎn ma?｜Wǒmen zài dìtú shàng zhǎodào le dìdiǎn.｜Zhège dìdiǎn hěn yǒumíng.｜Qǐng gàosu wǒ dìdiǎn.｜Huódòng dìdiǎn zài nǎlǐ?,Do you know this location?｜We found the location on the map.｜This location is very famous.｜Please tell me the location.｜Where is the event location?,ဒီတည်နေရာကို သိလား။｜ကျွန်တော်တို့ မြေပုံပေါ်မှာ ဒီနေရာကို ရှာတွေ့ခဲ့တယ်။｜ဒီတည်နေရာက အရမ်းနာမည်ကြီးတယ်။｜တည်နေရာကို ပြောပြပေးပါ။｜ပွဲကျင်းပမယ့်နေရာက ဘယ်မှာလဲ။,地方 (dìfang) — နေရာ | 地点 (dìdiǎn) — တည်နေရာ | 活动地点 (huódòng dìdiǎn) — လှုပ်ရှားမှုပြုလုပ်ရာနေရာ | 地点名称 (dìdiǎn míngchēng) — တည်နေရာအမည် | 地理位置 (dìlǐ wèizhì) — ပထဝီဝင်တည်နေရာ
71,1,地方,dìfang,local,နေရာ၊ ဒေသ,这里是我的地方。｜这个地方很漂亮。｜我喜欢这个地方。｜你住在哪个地方？｜这个地方很安静。,Zhèlǐ shì wǒ de dìfang.｜Zhège dìfang hěn piàoliang.｜Wǒ xǐhuan zhège dìfang.｜Nǐ zhù zài nǎge dìfang?｜Zhège dìfang hěn ānjìng.,This is my place.｜This place is very beautiful.｜I like this place.｜Where do you live?｜This place is very quiet.,ဒီနေရာက ကျွန်တော့်/ကျွန်မရဲ့ နေရာပါ။｜ဒီနေရာက အရမ်းလှတယ်။｜ကျွန်တော်/ကျွန်မ ဒီနေရာကို ကြိုက်တယ်။｜မင်း ဘယ်နေရာမှာ နေတာလဲ။｜ဒီနေရာက အရမ်းတိတ်ဆိတ်တယ်။,地点 (dìdiǎn) — တည်နေရာ | 地区 (dìqū) — ဒေသ | 地方 (dìfang) — နေရာ | 当地 (dāngdì) — ဒေသတွင်း | 位置 (wèizhi) — တည်နေရာ
72,1,地上,dì shàng,on the ground,မြေပေါ်မှာ၊ မြေပြင်ပေါ်မှာ,书在地上。｜不要坐在地上。｜地上有很多东西。｜手机掉在地上了。｜他把书放在地上。,Shū zài dìshàng.｜Bú yào zuò zài dìshàng.｜Dìshàng yǒu hěn duō dōngxi.｜Shǒujī diào zài dìshàng le.｜Tā bǎ shū fàng zài dìshàng.,The book is on the ground.｜Don't sit on the ground.｜There are many things on the ground.｜The phone fell on the ground.｜He put the book on the ground.,စာအုပ်က မြေပေါ်မှာရှိတယ်။｜မြေပေါ်မှာ မထိုင်ပါနဲ့။｜မြေပေါ်မှာ ပစ္စည်းတွေအများကြီးရှိတယ်။｜ဖုန်းက မြေပေါ်ကို ပြုတ်ကျသွားတယ်။｜သူ စာအုပ်ကို မြေပေါ်မှာ ထားလိုက်တယ်။,地面 (dìmiàn) — မြေပြင် | 地下 (dìxià) — မြေအောက် | 地上 (dìshàng) — မြေပေါ် | 地板 (dìbǎn) — ကြမ်းပြင် | 地面上 (dìmiàn shàng) — မြေပြင်ပေါ်မှာ
73,1,地图,dìtú,Map,မြေပုံ,我有一张中国地图。｜请看地图。｜地图上有北京。｜我在地图上找到了学校。｜这张地图很大。,Wǒ yǒu yì zhāng Zhōngguó dìtú.｜Qǐng kàn dìtú.｜Dìtú shàng yǒu Běijīng.｜Wǒ zài dìtú shàng zhǎodào le xuéxiào.｜Zhè zhāng dìtú hěn dà.,I have a map of China.｜Please look at the map.｜Beijing is on the map.｜I found the school on the map.｜This map is very large.,ကျွန်တော်/ကျွန်မမှာ တရုတ်နိုင်ငံမြေပုံတစ်ချပ်ရှိတယ်။｜မြေပုံကို ကြည့်ပါ။｜မြေပုံပေါ်မှာ ပေကျင်းရှိတယ်။｜ကျွန်တော်/ကျွန်မ မြေပုံပေါ်မှာ ကျောင်းကို ရှာတွေ့ခဲ့တယ်။｜ဒီမြေပုံက အရမ်းကြီးတယ်။,地图 (dìtú) — မြေပုံ | 世界地图 (shìjiè dìtú) — ကမ္ဘာ့မြေပုံ | 中国地图 (Zhōngguó dìtú) — တရုတ်နိုင်ငံမြေပုံ | 地图上 (dìtú shàng) — မြေပုံပေါ်မှာ | 地图软件 (dìtú ruǎnjiàn) — မြေပုံဆော့ဖ်ဝဲ
74,1,弟弟｜弟,dì di ｜ dì,younger brother,ညီလေး၊ ညီ,我的弟弟是学生。｜弟弟喜欢看电视。｜我和弟弟一起吃饭。｜弟弟在家学习。｜这是我的弟弟。,Wǒ de dìdi shì xuéshēng.｜Dìdi xǐhuan kàn diànshì.｜Wǒ hé dìdi yìqǐ chīfàn.｜Dìdi zài jiā xuéxí.｜Zhè shì wǒ de dìdi.,My younger brother is a student.｜My younger brother likes watching TV.｜I eat with my younger brother.｜My younger brother studies at home.｜This is my younger brother.,ကျွန်တော့်/ကျွန်မရဲ့ ညီလေးက ကျောင်းသားပါ။｜ညီလေးက တီဗီကြည့်ရတာ ကြိုက်တယ်။｜ကျွန်တော်/ကျွန်မ ညီလေးနဲ့အတူ ထမင်းစားတယ်။｜ညီလေးက အိမ်မှာ စာလေ့လာတယ်။｜ဒါက ကျွန်တော့်/ကျွန်မရဲ့ ညီလေးပါ။,哥哥 (gēge) — အစ်ကို | 姐姐 (jiějie) — အစ်မ | 妹妹 (mèimei) — ညီမလေး | 兄弟 (xiōngdì) — ညီအစ်ကို | 家人 (jiārén) — မိသားစုဝင်
75,1,第（第二）,dì （ dì èr ）,auxiliary word for ordinal numbers (second ),နံပါတ်စဉ်ဖော်ပြသောစကားလုံး၊ ဒုတိယ,我是第二个。｜他得了第一名。｜这是第二次。｜请看第二页。｜我住在第二层。,Wǒ shì dì èr gè.｜Tā dé le dì yī míng.｜Zhè shì dì èr cì.｜Qǐng kàn dì èr yè.｜Wǒ zhù zài dì èr céng.,I am the second one.｜He got first place.｜This is the second time.｜Please look at the second page.｜I live on the second floor.,ကျွန်တော်/ကျွန်မက ဒုတိယလူပါ။｜သူ ပထမဆုရတယ်။｜ဒါ ဒုတိယအကြိမ်ပါ။｜ဒုတိယစာမျက်နှာကို ကြည့်ပါ။｜ကျွန်တော်/ကျွန်မ ဒုတိယထပ်မှာ နေတယ်။,第一 (dì yī) — ပထမ | 第二 (dì èr) — ဒုတိယ | 第三 (dì sān) — တတိယ | 第一次 (dì yī cì) — ပထမအကြိမ် | 第二次 (dì èr cì) — ဒုတိယအကြိမ်
76,1,点,diǎn,spot,အစက်၊ နာရီအချိန်၊ အနည်းငယ်,现在三点。｜请等我一点。｜我一点也不累。｜请给我一点水。｜电影八点开始。,Xiànzài sān diǎn.｜Qǐng děng wǒ yì diǎn.｜Wǒ yì diǎn yě bù lèi.｜Qǐng gěi wǒ yì diǎn shuǐ.｜Diànyǐng bā diǎn kāishǐ.,It is three o'clock now.｜Please wait for me a little.｜I am not tired at all.｜Please give me a little water.｜The movie starts at eight.,အခု သုံးနာရီရှိပြီ။｜ကျွန်တော့်/ကျွန်မကို ခဏစောင့်ပါ။｜ကျွန်တော်/ကျွန်မ လုံးဝ မပင်ပန်းဘူး။｜ရေနည်းနည်းပေးပါ။｜ရုပ်ရှင်က ရှစ်နာရီမှာ စတယ်။,时间 (shíjiān) — အချိန် | 小时 (xiǎoshí) — နာရီ | 一点 (yìdiǎn) — နည်းနည်း | 几点 (jǐ diǎn) — ဘယ်နှနာရီ | 点钟 (diǎnzhōng) — နာရီအချိန်
77,1,电,diàn,electricity,လျှပ်စစ်,家里没有电。｜电来了。｜这个房间需要用电。｜电脑没有电了。｜请关掉电。,Jiā lǐ méiyǒu diàn.｜Diàn lái le.｜Zhège fángjiān xūyào yòng diàn.｜Diànnǎo méiyǒu diàn le.｜Qǐng guāndiào diàn.,There is no electricity at home.｜The electricity is back.｜This room needs electricity.｜The computer has no power.｜Please turn off the electricity.,အိမ်မှာ လျှပ်စစ်မီးမရှိဘူး။｜မီးပြန်လာပြီ။｜ဒီအခန်းမှာ လျှပ်စစ်မီးလိုတယ်။｜ကွန်ပျူတာမှာ အားမရှိတော့ဘူး။｜မီးပိတ်ပေးပါ။,电力 (diànlì) — လျှပ်စစ်ဓာတ်အား | 电池 (diànchí) — ဘက်ထရီ | 电灯 (diàndēng) — လျှပ်စစ်မီး | 电源 (diànyuán) — လျှပ်စစ်ဓာတ်အားရင်းမြစ် | 停电 (tíngdiàn) — မီးပျက်သည်
78,1,电话,diàn huà,phone,တယ်လီဖုန်း၊ ဖုန်း,我给妈妈打电话。｜请给我打电话。｜他正在打电话。｜我昨天给朋友打了电话。｜你的电话是多少？,Wǒ gěi māma dǎ diànhuà.｜Qǐng gěi wǒ dǎ diànhuà.｜Tā zhèngzài dǎ diànhuà.｜Wǒ zuótiān gěi péngyou dǎ le diànhuà.｜Nǐ de diànhuà shì duōshao?,I call my mother.｜Please call me.｜He is on the phone.｜I called my friend yesterday.｜What is your phone number?,အမေ့ကို ဖုန်းဆက်တယ်။｜ကျွန်တော့်/ကျွန်မကို ဖုန်းဆက်ပါ။｜သူ ဖုန်းပြောနေတယ်။｜မနေ့က သူငယ်ချင်းကို ဖုန်းဆက်ခဲ့တယ်။｜မင်းရဲ့ ဖုန်းနံပါတ်က ဘာလဲ။,手机 (shǒujī) — မိုဘိုင်းဖုန်း | 电话号码 (diànhuà hàomǎ) — ဖုန်းနံပါတ် | 打电话 (dǎ diànhuà) — ဖုန်းဆက်သည် | 接电话 (jiē diànhuà) — ဖုန်းကိုင်သည် | 电话簿 (diànhuàbù) — ဖုန်းစာရင်း
79,1,电脑,diànnǎo,Computer,ကွန်ပျူတာ,我的电脑坏了。｜我每天用电脑学习。｜这台电脑很新。｜请打开电脑。｜电脑在桌子上。,Wǒ de diànnǎo huài le.｜Wǒ měitiān yòng diànnǎo xuéxí.｜Zhè tái diànnǎo hěn xīn.｜Qǐng dǎkāi diànnǎo.｜Diànnǎo zài zhuōzi shàng.,My computer is broken.｜I use a computer to study every day.｜This computer is new.｜Please turn on the computer.｜The computer is on the table.,ကျွန်တော့်/ကျွန်မ ကွန်ပျူတာ ပျက်သွားပြီ။｜ကျွန်တော်/ကျွန်မ နေ့တိုင်း ကွန်ပျူတာသုံးပြီး စာလေ့လာတယ်။｜ဒီကွန်ပျူတာက အသစ်ပါ။｜ကွန်ပျူတာကို ဖွင့်ပါ။｜ကွန်ပျူတာက စားပွဲပေါ်မှာရှိတယ်။,笔记本电脑 (bǐjìběn diànnǎo) — လက်တော့ပ် | 台式电脑 (táishì diànnǎo) — Desktop ကွန်ပျူတာ | 电脑屏幕 (diànnǎo píngmù) — ကွန်ပျူတာမျက်နှာပြင် | 电脑游戏 (diànnǎo yóuxì) — ကွန်ပျူတာဂိမ်း | 电脑桌 (diànnǎo zhuō) — ကွန်ပျူတာစားပွဲ
80,1,电视,diànshì,television,ရုပ်မြင်သံကြား,我喜欢看电视。｜爸爸正在看电视。｜晚上我们一起看电视。｜电视很好看。｜不要看太久电视。,Wǒ xǐhuan kàn diànshì.｜Bàba zhèngzài kàn diànshì.｜Wǎnshang wǒmen yìqǐ kàn diànshì.｜Diànshì hěn hǎokàn.｜Bú yào kàn tài jiǔ diànshì.,I like watching TV.｜Dad is watching TV.｜We watch TV together in the evening.｜The TV program is good.｜Don't watch TV for too long.,ကျွန်တော်/ကျွန်မ တီဗီကြည့်ရတာ ကြိုက်တယ်။｜အဖေ တီဗီကြည့်နေတယ်။｜ညဘက် ကျွန်တော်တို့အတူတူ တီဗီကြည့်တယ်။｜တီဗီအစီအစဉ်က ကြည့်လို့ကောင်းတယ်။｜တီဗီကို အကြာကြီး မကြည့်ပါနဲ့။,电视节目 (diànshì jiémù) — တီဗီအစီအစဉ် | 看电视 (kàn diànshì) — တီဗီကြည့်သည် | 电视台 (diànshìtái) — တီဗီဌာန | 电视节目 (diànshì jiémù) — တီဗီအစီအစဉ် | 电视新闻 (diànshì xīnwén) — တီဗီသတင်း
81,1,电视机,diàn shì jī,television,တီဗီစက်,这台电视机很大。｜我家有一台电视机。｜电视机坏了。｜爸爸买了一台新电视机。｜请打开电视机。,Zhè tái diànshìjī hěn dà.｜Wǒ jiā yǒu yì tái diànshìjī.｜Diànshìjī huài le.｜Bàba mǎi le yì tái xīn diànshìjī.｜Qǐng dǎkāi diànshìjī.,This TV set is very big.｜My family has a TV set.｜The TV set is broken.｜Dad bought a new TV set.｜Please turn on the TV.,ဒီတီဗီစက်က အရမ်းကြီးတယ်။｜ကျွန်တော်တို့အိမ်မှာ တီဗီစက်တစ်လုံးရှိတယ်။｜တီဗီစက် ပျက်သွားပြီ။｜အဖေ တီဗီစက်အသစ်တစ်လုံး ဝယ်ခဲ့တယ်။｜တီဗီစက်ကို ဖွင့်ပါ။,电视 (diànshì) — တီဗီ | 电视节目 (diànshì jiémù) — တီဗီအစီအစဉ် | 电视台 (diànshìtái) — တီဗီဌာန | 电视新闻 (diànshì xīnwén) — တီဗီသတင်း | 看电视 (kàn diànshì) — တီဗီကြည့်သည်
82,1,电影,diànyǐng,Film,ရုပ်ရှင်,我喜欢看电影。｜这部电影很好看。｜我们晚上看电影。｜他喜欢中国电影。｜电影几点开始？,Wǒ xǐhuan kàn diànyǐng.｜Zhè bù diànyǐng hěn hǎokàn.｜Wǒmen wǎnshang kàn diànyǐng.｜Tā xǐhuan Zhōngguó diànyǐng.｜Diànyǐng jǐ diǎn kāishǐ?,I like watching movies.｜This movie is very good.｜We watch movies at night.｜He likes Chinese movies.｜What time does the movie start?,ကျွန်တော်/ကျွန်မ ရုပ်ရှင်ကြည့်ရတာ ကြိုက်တယ်။｜ဒီရုပ်ရှင်က အရမ်းကောင်းတယ်။｜ကျွန်တော်တို့ ညဘက် ရုပ်ရှင်ကြည့်တယ်။｜သူ တရုတ်ရုပ်ရှင်တွေ ကြိုက်တယ်။｜ရုပ်ရှင်က ဘယ်အချိန်စမလဲ။,电影 (diànyǐng) — ရုပ်ရှင် | 电影票 (diànyǐng piào) — ရုပ်ရှင်လက်မှတ် | 电影演员 (diànyǐng yǎnyuán) — ရုပ်ရှင်သရုပ်ဆောင် | 电影导演 (diànyǐng dǎoyǎn) — ရုပ်ရှင်ဒါရိုက်တာ | 电影明星 (diànyǐng míngxīng) — ရုပ်ရှင်မင်းသား/မင်းသမီး
83,1,电影院,diàn yǐng yuàn,cinema; movie theater,ရုပ်ရှင်ရုံ,我们去电影院看电影。｜电影院在哪里？｜这家电影院很大。｜电影院里有很多人。｜我和朋友一起去电影院。,Wǒmen qù diànyǐngyuàn kàn diànyǐng.｜Diànyǐngyuàn zài nǎlǐ?｜Zhè jiā diànyǐngyuàn hěn dà.｜Diànyǐngyuàn lǐ yǒu hěn duō rén.｜Wǒ hé péngyou yìqǐ qù diànyǐngyuàn.,We go to the cinema to watch movies.｜Where is the cinema?｜This cinema is very big.｜There are many people in the cinema.｜I go to the cinema with my friends.,ကျွန်တော်တို့ ရုပ်ရှင်ရုံသွားပြီး ရုပ်ရှင်ကြည့်တယ်။｜ရုပ်ရှင်ရုံက ဘယ်မှာလဲ။｜ဒီရုပ်ရှင်ရုံက အရမ်းကြီးတယ်။｜ရုပ်ရှင်ရုံထဲမှာ လူအများကြီးရှိတယ်။｜ကျွန်တော်/ကျွန်မ သူငယ်ချင်းတွေနဲ့အတူ ရုပ်ရှင်ရုံသွားတယ်။,电影院 (diànyǐngyuàn) — ရုပ်ရှင်ရုံ | 电影票 (diànyǐng piào) — ရုပ်ရှင်လက်မှတ် | 电影院里 (diànyǐngyuàn lǐ) — ရုပ်ရှင်ရုံထဲမှာ | 看电影 (kàn diànyǐng) — ရုပ်ရှင်ကြည့်သည် | 影院 (yǐngyuàn) — ရုပ်ရှင်ရုံ
84,1,东,dōng,east,အရှေ့ဘက်,太阳从东边升起。｜学校在城市的东边。｜我家在北京东边。｜东边有一家商店。｜东边的天气很好。,Tàiyáng cóng dōngbian shēng qǐ.｜Xuéxiào zài chéngshì de dōngbian.｜Wǒ jiā zài Běijīng dōngbian.｜Dōngbian yǒu yì jiā shāngdiàn.｜Dōngbian de tiānqì hěn hǎo.,The sun rises in the east.｜The school is in the east of the city.｜My home is east of Beijing.｜There is a shop in the east.｜The weather in the east is good.,နေက အရှေ့ဘက်က ထွက်လာတယ်။｜ကျောင်းက မြို့ရဲ့ အရှေ့ဘက်မှာရှိတယ်။｜ကျွန်တော့်/ကျွန်မအိမ်က ပေကျင်းရဲ့ အရှေ့ဘက်မှာရှိတယ်။｜အရှေ့ဘက်မှာ ဆိုင်တစ်ဆိုင်ရှိတယ်။｜အရှေ့ဘက်က ရာသီဥတုက ကောင်းတယ်။,西 (xī) — အနောက်ဘက် | 南 (nán) — တောင်ဘက် | 北 (běi) — မြောက်ဘက် | 东边 (dōngbian) — အရှေ့ဘက် | 东方 (dōngfāng) — အရှေ့အရပ်
85,1,东边,dōng biān,east side,အရှေ့ဘက်၊ အရှေ့အရပ်,我家在学校的东边。｜太阳从东边升起。｜商店在东边。｜东边有一家银行。｜学校在城市东边。,Wǒ jiā zài xuéxiào de dōngbian.｜Tàiyáng cóng dōngbian shēng qǐ.｜Shāngdiàn zài dōngbian.｜Dōngbian yǒu yì jiā yínháng.｜Xuéxiào zài chéngshì dōngbian.,My home is east of the school.｜The sun rises in the east.｜The shop is in the east.｜There is a bank in the east.｜The school is east of the city.,ကျွန်တော်/ကျွန်မအိမ်က ကျောင်းရဲ့အရှေ့ဘက်မှာရှိတယ်။｜နေက အရှေ့ဘက်က ထွက်လာတယ်။｜ဆိုင်က အရှေ့ဘက်မှာရှိတယ်။｜အရှေ့ဘက်မှာ ဘဏ်တစ်ခုရှိတယ်။｜ကျောင်းက မြို့ရဲ့အရှေ့ဘက်မှာရှိတယ်။,东边 (dōngbian) — အရှေ့ဘက် | 东面 (dōngmiàn) — အရှေ့ဘက် | 东方 (dōngfāng) — အရှေ့အရပ် | 东部 (dōngbù) — အရှေ့ပိုင်း | 东边的 (dōngbian de) — အရှေ့ဘက်ရှိ
86,1,东西,dōngxi,thing,ပစ္စည်း၊ အရာဝတ္ထု,这是什么东西？｜桌子上有很多东西。｜我买了很多东西。｜这个东西很好用。｜不要拿我的东西。,Zhè shì shénme dōngxi?｜Zhuōzi shàng yǒu hěn duō dōngxi.｜Wǒ mǎi le hěn duō dōngxi.｜Zhège dōngxi hěn hǎoyòng.｜Bú yào ná wǒ de dōngxi.,What is this thing?｜There are many things on the table.｜I bought many things.｜This thing is very useful.｜Don't take my things.,ဒါဘာပစ္စည်းလဲ။｜စားပွဲပေါ်မှာ ပစ္စည်းတွေအများကြီးရှိတယ်။｜ကျွန်တော်/ကျွန်မ ပစ္စည်းအများကြီး ဝယ်ခဲ့တယ်။｜ဒီပစ္စည်းက အသုံးဝင်တယ်။｜ကျွန်တော့်/ကျွန်မရဲ့ ပစ္စည်းကို မယူပါနဲ့။,东西 (dōngxi) — ပစ္စည်း၊ အရာဝတ္ထု | 东西店 (dōngxi diàn) — ပစ္စည်းဆိုင် | 买东西 (mǎi dōngxi) — ပစ္စည်းဝယ်သည် | 东西很多 (dōngxi hěn duō) — ပစ္စည်းများသည် | 东西好吃 (dōngxi hǎochī) — အစားအစာအရသာကောင်းသည်
87,1,动,dòng,move,လှုပ်ရှားသည်၊ ရွေ့သည်,请不要动。｜他动了一下。｜别动我的书。｜风吹得树叶在动。｜孩子正在动。,Qǐng bú yào dòng.｜Tā dòng le yíxià.｜Bié dòng wǒ de shū.｜Fēng chuī de shùyè zài dòng.｜Háizi zhèngzài dòng.,Please don't move.｜He moved a little.｜Don't move my book.｜The leaves are moving in the wind.｜The child is moving.,မလှုပ်ပါနဲ့။｜သူ နည်းနည်းလှုပ်လိုက်တယ်။｜ကျွန်တော့်/ကျွန်မရဲ့ စာအုပ်ကို မရွှေ့ပါနဲ့။｜လေတိုက်လို့ သစ်ရွက်တွေ လှုပ်နေတယ်။｜ကလေးက လှုပ်နေတယ်။,活动 (huódòng) — လှုပ်ရှားမှု | 运动 (yùndòng) — အားကစား၊ ကိုယ်လက်လှုပ်ရှားမှု | 动手 (dòngshǒu) — လက်ဖြင့်လုပ်သည် | 动物 (dòngwù) — တိရစ္ဆာန် | 动起来 (dòng qǐlái) — စတင်လှုပ်ရှားသည်
88,1,动作,dòngzuò,action,လှုပ်ရှားမှု၊ အမူအရာ,他的动作很快。｜这个动作很简单。｜请做这个动作。｜老师教我们一个新动作。｜他的动作很自然。,Tā de dòngzuò hěn kuài.｜Zhège dòngzuò hěn jiǎndān.｜Qǐng zuò zhège dòngzuò.｜Lǎoshī jiāo wǒmen yí gè xīn dòngzuò.｜Tā de dòngzuò hěn zìrán.,His movements are fast.｜This movement is very simple.｜Please do this movement.｜The teacher taught us a new movement.｜His movements are natural.,သူ့ရဲ့ လှုပ်ရှားမှုက မြန်တယ်။｜ဒီလှုပ်ရှားမှုက ရိုးရှင်းတယ်။｜ဒီလှုပ်ရှားမှုကို လုပ်ပါ။｜ဆရာ/ဆရာမက ကျွန်တော်တို့ကို လှုပ်ရှားမှုအသစ်တစ်ခု သင်ပေးတယ်။｜သူ့ရဲ့ လှုပ်ရှားမှုက သဘာဝကျတယ်။,活动 (huódòng) — လှုပ်ရှားမှု | 动作片 (dòngzuòpiān) — အက်ရှင်ရုပ်ရှင် | 动作 (dòngzuò) — လှုပ်ရှားမှု | 手势 (shǒushì) — လက်ဟန်အမူအရာ | 动作快 (dòngzuò kuài) — လှုပ်ရှားမှုမြန်သည်
89,1,都,dōu,all,အားလုံး၊ တို့အားလုံး,我们都是学生。｜他们都喜欢中国菜。｜大家都到了。｜我都知道。｜这些书都是我的。,Wǒmen dōu shì xuéshēng.｜Tāmen dōu xǐhuan Zhōngguó cài.｜Dàjiā dōu dào le.｜Wǒ dōu zhīdào.｜Zhèxiē shū dōu shì wǒ de.,We are all students.｜They all like Chinese food.｜Everyone has arrived.｜I know everything.｜These books are all mine.,ကျွန်တော်တို့အားလုံး ကျောင်းသားတွေပါ။｜သူတို့အားလုံး တရုတ်အစားအစာ ကြိုက်ကြတယ်။｜အားလုံး ရောက်လာကြပြီ။｜ကျွန်တော်/ကျွန်မ အားလုံးသိတယ်။｜ဒီစာအုပ်တွေက အားလုံး ကျွန်တော့်/ကျွန်မရဲ့ဟာတွေပါ။,全都 (quándōu) — အားလုံး | 都是 (dōu shì) — အားလုံးဖြစ်သည် | 都有 (dōu yǒu) — အားလုံးမှာရှိသည် | 都喜欢 (dōu xǐhuan) — အားလုံးကြိုက်သည် | 都可以 (dōu kěyǐ) — အားလုံးရသည်
90,1,读,dú,read,ဖတ်သည်,我喜欢读书。｜他每天读中文书。｜请读这句话。｜她正在读报纸。｜我读了一个小时。,Wǒ xǐhuan dúshū.｜Tā měitiān dú Zhōngwén shū.｜Qǐng dú zhè jù huà.｜Tā zhèngzài dú bàozhǐ.｜Wǒ dú le yí gè xiǎoshí.,I like reading.｜He reads Chinese books every day.｜Please read this sentence.｜She is reading a newspaper.｜I read for an hour.,ကျွန်တော်/ကျွန်မ စာဖတ်ရတာ ကြိုက်တယ်။｜သူ နေ့တိုင်း တရုတ်စာအုပ်ဖတ်တယ်။｜ဒီစာကြောင်းကို ဖတ်ပါ။｜သူမ သတင်းစာဖတ်နေတယ်။｜ကျွန်တော်/ကျွန်မ တစ်နာရီလောက် စာဖတ်ခဲ့တယ်။,阅读 (yuèdú) — စာဖတ်သည် | 读书 (dúshū) — စာဖတ်သည် | 读者 (dúzhě) — စာဖတ်သူ | 朗读 (lǎngdú) — အသံထွက်ဖတ်သည် | 阅读书籍 (yuèdú shūjí) — စာအုပ်ဖတ်သည်
91,1,读书,dú shū,reading; study,စာဖတ်သည်၊ စာလေ့လာသည်,我每天读书。｜他喜欢在图书馆读书。｜孩子正在读书。｜读书对我们很重要。｜她晚上喜欢读书。,Wǒ měitiān dúshū.｜Tā xǐhuan zài túshūguǎn dúshū.｜Háizi zhèngzài dúshū.｜Dúshū duì wǒmen hěn zhòngyào.｜Tā wǎnshang xǐhuan dúshū.,I read every day.｜He likes reading in the library.｜The child is reading.｜Reading is very important to us.｜She likes reading at night.,ကျွန်တော်/ကျွန်မ နေ့တိုင်း စာဖတ်တယ်။｜သူ စာကြည့်တိုက်မှာ စာဖတ်ရတာ ကြိုက်တယ်။｜ကလေးက စာဖတ်နေတယ်။｜စာဖတ်ခြင်းက ကျွန်တော်တို့အတွက် အရေးကြီးတယ်။｜သူမ ညဘက် စာဖတ်ရတာ ကြိုက်တယ်။,读者 (dúzhě) — စာဖတ်သူ | 书本 (shūběn) — စာအုပ် | 看书 (kànshū) — စာအုပ်ဖတ်သည် | 读书人 (dúshūrén) — ပညာရှင်၊ စာဖတ်သူ | 图书馆 (túshūguǎn) — စာကြည့်တိုက်
92,1,对（形）,duì,right,မှန်သော၊ မှန်ကန်သော,你的答案是对的。｜这个方法是对的。｜你说得对。｜这句话不对。｜我觉得你是对的。,Nǐ de dá'àn shì duì de.｜Zhège fāngfǎ shì duì de.｜Nǐ shuō de duì.｜Zhè jù huà bú duì.｜Wǒ juéde nǐ shì duì de.,Your answer is correct.｜This method is correct.｜You are right.｜This sentence is incorrect.｜I think you are right.,မင်းရဲ့အဖြေ မှန်တယ်။｜ဒီနည်းလမ်းက မှန်တယ်။｜မင်းပြောတာ မှန်တယ်။｜ဒီစာကြောင်း မမှန်ဘူး။｜မင်းမှန်တယ်လို့ ကျွန်တော်/ကျွန်မ ထင်တယ်။,正确 (zhèngquè) — မှန်ကန်သည် | 不对 (bú duì) — မမှန်ဘူး | 对的 (duì de) — မှန်သော | 对错 (duìcuò) — မှန်/မှား | 说得对 (shuō de duì) — ပြောတာမှန်သည်
93,1,对不起,duìbuqǐ,I’m sorry.,တောင်းပန်ပါတယ်၊ အားနာပါတယ်,对不起，我迟到了。｜对不起，我不知道。｜对不起，请再说一遍。｜对不起，我不能去。｜真的对不起。,"Duìbuqǐ, wǒ chídào le.｜Duìbuqǐ, wǒ bù zhīdào.｜Duìbuqǐ, qǐng zài shuō yí biàn.｜Duìbuqǐ, wǒ bù néng qù.｜Zhēn de duìbuqǐ.","Sorry, I am late.｜Sorry, I don't know.｜Sorry, please say it again.｜Sorry, I can't go.｜I am really sorry.",တောင်းပန်ပါတယ်၊ ကျွန်တော်/ကျွန်မ နောက်ကျသွားတယ်။｜တောင်းပန်ပါတယ်၊ ကျွန်တော်/ကျွန်မ မသိဘူး။｜တောင်းပန်ပါတယ်၊ ထပ်ပြောပေးပါ။｜တောင်းပန်ပါတယ်၊ မသွားနိုင်ဘူး။｜တကယ်တောင်းပန်ပါတယ်။,抱歉 (bàoqiàn) — တောင်းပန်သည် | 不好意思 (bù hǎoyìsi) — အားနာပါတယ် | 对不起了 (duìbuqǐ le) — တောင်းပန်ပါတယ် | 请原谅 (qǐng yuánliàng) — ခွင့်လွှတ်ပေးပါ | 道歉 (dàoqiàn) — တောင်းပန်သည်
94,1,多（形、代）,duō,many; much; more,များသော၊ ဘယ်လောက်များ,这里有很多人。｜我有很多书。｜你多大？｜今天人很多。｜他吃得很多。,Zhèlǐ yǒu hěn duō rén.｜Wǒ yǒu hěn duō shū.｜Nǐ duō dà?｜Jīntiān rén hěn duō.｜Tā chī de hěn duō.,There are many people here.｜I have many books.｜How old are you?｜There are many people today.｜He eats a lot.,ဒီမှာ လူအများကြီးရှိတယ်။｜ကျွန်တော်/ကျွန်မမှာ စာအုပ်တွေအများကြီးရှိတယ်။｜မင်းအသက်ဘယ်လောက်လဲ။｜ဒီနေ့ လူအများကြီးရှိတယ်။｜သူ အများကြီးစားတယ်။,少 (shǎo) — နည်းသော | 多人 (duōrén) — လူအများ | 多大 (duō dà) — အသက်ဘယ်လောက် | 很多 (hěn duō) — အများကြီး | 更多 (gèng duō) — ပိုများသော
95,1,多少,duōshao,how much,ဘယ်လောက်၊ အရေအတွက်ဘယ်လောက်,你有多少本书？｜这个多少钱？｜你有多少朋友？｜现在几点？｜班里有多少学生？,Nǐ yǒu duōshao běn shū?｜Zhège duōshao qián?｜Nǐ yǒu duōshao péngyou?｜Xiànzài jǐ diǎn?｜Bān lǐ yǒu duōshao xuéshēng?,How many books do you have?｜How much is this?｜How many friends do you have?｜What time is it now?｜How many students are in the class?,မင်းမှာ စာအုပ်ဘယ်နှအုပ်ရှိလဲ။｜ဒါဘယ်လောက်ကျလဲ။｜မင်းမှာ သူငယ်ချင်းဘယ်နှယောက်ရှိလဲ။｜အခု ဘယ်နှနာရီရှိပြီလဲ။｜အတန်းထဲမှာ ကျောင်းသားဘယ်နှယောက်ရှိလဲ။,几个 (jǐ ge) — ဘယ်နှခု/ယောက် | 多少人 (duōshao rén) — လူဘယ်နှယောက် | 多少钱 (duōshao qián) — ဘယ်လောက်ကျသလဲ | 多少个 (duōshao ge) — ဘယ်နှခု | 有多少 (yǒu duōshao) — ဘယ်လောက်ရှိသည်
96,1,饿,è,hungry,ဗိုက်ဆာသည်,我饿了。｜你饿吗？｜孩子饿了。｜我现在很饿。｜他因为没吃饭而饿了。,Wǒ è le.｜Nǐ è ma?｜Háizi è le.｜Wǒ xiànzài hěn è.｜Tā yīnwèi méi chīfàn ér è le.,I am hungry.｜Are you hungry?｜The child is hungry.｜I am very hungry now.｜He became hungry because he did not eat.,ကျွန်တော်/ကျွန်မ ဗိုက်ဆာတယ်။｜မင်းဗိုက်ဆာလား။｜ကလေး ဗိုက်ဆာနေတယ်။｜အခု ကျွန်တော်/ကျွန်မ အရမ်းဗိုက်ဆာတယ်။｜သူ ထမင်းမစားလို့ ဗိုက်ဆာလာတယ်။,饥饿 (jī'è) — ဆာလောင်ခြင်း | 饿肚子 (è dùzi) — ဗိုက်ဆာသည် | 很饿 (hěn è) — အရမ်းဗိုက်ဆာသည် | 饿了 (è le) — ဗိုက်ဆာပြီ | 不饿 (bú è) — မဗိုက်ဆာဘူး
97,1,儿子,érzi,Son,သား၊ သားလေး,我儿子今年十岁。｜这是我的儿子。｜他的儿子很可爱。｜儿子在学校学习。｜我和儿子一起吃饭。,Wǒ érzi jīnnián shí suì.｜Zhè shì wǒ de érzi.｜Tā de érzi hěn kě'ài.｜Érzi zài xuéxiào xuéxí.｜Wǒ hé érzi yìqǐ chīfàn.,My son is ten years old this year.｜This is my son.｜His son is very cute.｜My son studies at school.｜I eat with my son.,ကျွန်တော့်/ကျွန်မသား ဒီနှစ် အသက် ၁၀ နှစ်ရှိပြီ။｜ဒါ ကျွန်တော့်/ကျွန်မသားပါ။｜သူ့သားက အရမ်းချစ်စရာကောင်းတယ်။｜သားက ကျောင်းမှာ စာလေ့လာတယ်။｜ကျွန်တော်/ကျွန်မ သားနဲ့အတူ ထမင်းစားတယ်။,女儿 (nǚ'ér) — သမီး | 父子 (fùzǐ) — အဖေနဲ့သား | 母子 (mǔzǐ) — အမေနဲ့သား | 儿女 (érnǚ) — သားသမီး | 小儿子 (xiǎo érzi) — သားငယ်
98,1,二,èr,Two,နှစ်၊ နှစ်ခု,我有两个弟弟。｜今天是二号。｜我买了二个苹果。｜他是二年级学生。｜现在是二点。,Wǒ yǒu liǎng gè dìdi.｜Jīntiān shì èr hào.｜Wǒ mǎi le èr gè píngguǒ.｜Tā shì èr niánjí xuéshēng.｜Xiànzài shì èr diǎn.,I have two younger brothers.｜Today is the second day of the month.｜I bought two apples.｜He is a second-grade student.｜It is two o'clock now.,ကျွန်တော်/ကျွန်မမှာ ညီလေးနှစ်ယောက်ရှိတယ်။｜ဒီနေ့ လရဲ့ ၂ ရက်နေ့ပါ။｜ကျွန်တော်/ကျွန်မ ပန်းသီးနှစ်လုံး ဝယ်ခဲ့တယ်။｜သူက ဒုတိယတန်းကျောင်းသားပါ။｜အခု နှစ်နာရီရှိပြီ။,一 (yī) — တစ် | 两 (liǎng) — နှစ် (အရေအတွက်) | 第二 (dì èr) — ဒုတိယ | 二月 (èr yuè) — ဖေဖော်ဝါရီလ | 二十 (èrshí) — နှစ်ဆယ်
99,1,饭,fàn,rice; meal,ထမင်း၊ အစားအစာ,我吃饭了。｜你吃饭了吗？｜妈妈做了很多饭。｜我喜欢吃中国饭。｜吃饭的时候不要看手机。,Wǒ chīfàn le.｜Nǐ chīfàn le ma?｜Māma zuò le hěn duō fàn.｜Wǒ xǐhuan chī Zhōngguó fàn.｜Chīfàn de shíhou bú yào kàn shǒujī.,I have eaten.｜Have you eaten?｜Mom cooked a lot of food.｜I like eating Chinese food.｜Don't look at your phone while eating.,ကျွန်တော်/ကျွန်မ ထမင်းစားပြီးပြီ။｜မင်း ထမင်းစားပြီးပြီလား။｜အမေ အစားအစာအများကြီး ချက်ထားတယ်။｜ကျွန်တော်/ကျွန်မ တရုတ်အစားအစာ စားရတာကြိုက်တယ်။｜ထမင်းစားနေတုန်း ဖုန်းမကြည့်ပါနဲ့။,饭菜 (fàncài) — ထမင်းဟင်း | 米饭 (mǐfàn) — ထမင်း | 吃饭 (chīfàn) — ထမင်းစားသည် | 做饭 (zuòfàn) — ထမင်းဟင်းချက်သည် | 晚饭 (wǎnfàn) — ညစာ
100,1,饭店,fàndiàn,restaurant,စားသောက်ဆိုင်,这家饭店很好吃。｜我们去饭店吃饭吧。｜饭店在哪里？｜这家饭店很有名。｜饭店里有很多人。,Zhè jiā fàndiàn hěn hǎochī.｜Wǒmen qù fàndiàn chīfàn ba.｜Fàndiàn zài nǎlǐ?｜Zhè jiā fàndiàn hěn yǒumíng.｜Fàndiàn lǐ yǒu hěn duō rén.,This restaurant is delicious.｜Let's go to a restaurant to eat.｜Where is the restaurant?｜This restaurant is very famous.｜There are many people in the restaurant.,ဒီစားသောက်ဆိုင်က အစားအစာအရသာကောင်းတယ်။｜စားသောက်ဆိုင်သွားပြီး ထမင်းစားကြရအောင်။｜စားသောက်ဆိုင်က ဘယ်မှာလဲ။｜ဒီစားသောက်ဆိုင်က အရမ်းနာမည်ကြီးတယ်။｜စားသောက်ဆိုင်ထဲမှာ လူအများကြီးရှိတယ်။,餐厅 (cāntīng) — စားသောက်ဆိုင် | 饭馆 (fànguǎn) — စားသောက်ဆိုင် | 餐馆 (cānguǎn) — စားသောက်ဆိုင် | 吃饭 (chīfàn) — ထမင်းစားသည် | 酒店 (jiǔdiàn) — ဟိုတယ်
101,1,房间,fángjiān,Room,အခန်း,我的房间很大。｜房间里有一张床。｜请打扫房间。｜我的房间很干净。｜他在房间里学习。,Wǒ de fángjiān hěn dà.｜Fángjiān lǐ yǒu yì zhāng chuáng.｜Qǐng dǎsǎo fángjiān.｜Wǒ de fángjiān hěn gānjìng.｜Tā zài fángjiān lǐ xuéxí.,My room is very big.｜There is a bed in the room.｜Please clean the room.｜My room is very clean.｜He studies in the room.,ကျွန်တော့်/ကျွန်မအခန်းက အရမ်းကျယ်တယ်။｜အခန်းထဲမှာ အိပ်ရာတစ်လုံးရှိတယ်။｜အခန်းကို သန့်ရှင်းပေးပါ။｜ကျွန်တော့်/ကျွန်မအခန်းက အရမ်းသန့်ရှင်းတယ်။｜သူ အခန်းထဲမှာ စာလေ့လာနေတယ်။,卧室 (wòshì) — အိပ်ခန်း | 房间里 (fángjiān lǐ) — အခန်းထဲမှာ | 房门 (fángmén) — အခန်းတံခါး | 房间号 (fángjiān hào) — အခန်းနံပါတ် | 单人房 (dānrén fáng) — တစ်ယောက်ခန်း
102,1,房子,fáng zi,house; building,အိမ်၊ အိမ်အဆောက်အအုံ,我家有一所大房子。｜这座房子很漂亮。｜他们买了一套新房子。｜房子在哪里？｜我喜欢这个房子。,Wǒ jiā yǒu yí suǒ dà fángzi.｜Zhè zuò fángzi hěn piàoliang.｜Tāmen mǎi le yí tào xīn fángzi.｜Fángzi zài nǎlǐ?｜Wǒ xǐhuan zhège fángzi.,My family has a big house.｜This house is very beautiful.｜They bought a new house.｜Where is the house?｜I like this house.,ကျွန်တော်တို့အိမ်မှာ အိမ်ကြီးတစ်လုံးရှိတယ်။｜ဒီအိမ်က အရမ်းလှတယ်။｜သူတို့ အိမ်အသစ်တစ်လုံး ဝယ်ခဲ့တယ်။｜အိမ်က ဘယ်မှာလဲ။｜ကျွန်တော်/ကျွန်မ ဒီအိမ်ကို ကြိုက်တယ်။,房间 (fángjiān) — အခန်း | 房屋 (fángwū) — အိမ်၊ အဆောက်အအုံ | 新房子 (xīn fángzi) — အိမ်အသစ် | 大房子 (dà fángzi) — အိမ်ကြီး | 买房子 (mǎi fángzi) — အိမ်ဝယ်သည်
103,1,放,fàng,discharge,ထားသည်၊ ချထားသည်,请把书放在桌子上。｜我把手机放在这里了。｜不要放在地上。｜他把杯子放下了。｜请放好你的东西。,Qǐng bǎ shū fàng zài zhuōzi shàng.｜Wǒ bǎ shǒujī fàng zài zhèlǐ le.｜Bú yào fàng zài dìshàng.｜Tā bǎ bēizi fàng xià le.｜Qǐng fàng hǎo nǐ de dōngxi.,Please put the book on the table.｜I put my phone here.｜Don't put it on the ground.｜He put the cup down.｜Please put your things away properly.,စာအုပ်ကို စားပွဲပေါ်မှာ ထားပေးပါ။｜ကျွန်တော်/ကျွန်မ ဖုန်းကို ဒီမှာထားခဲ့တယ်။｜မြေပေါ်မှာ မထားပါနဲ့။｜သူ ခွက်ကို ချထားလိုက်တယ်။｜မင်းရဲ့ပစ္စည်းတွေကို သေချာသိမ်းထားပါ။,放下 (fàngxià) — ချထားသည် | 放在 (fàng zài) — ထားသည် | 放好 (fàng hǎo) — သေချာထားသည် | 放开 (fàngkāi) — လွှတ်သည် | 放进去 (fàng jìnqù) — အထဲထည့်ထားသည်
104,1,放假,fàng jià,holiday; have a holiday,ကျောင်းပိတ်ရက်ရသည်၊ အားလပ်ရက်ယူသည်,学校放假了。｜我放假想回家。｜暑假什么时候放假？｜我们下个月放假。｜放假以后我想旅行。,Xuéxiào fàngjià le.｜Wǒ fàngjià xiǎng huí jiā.｜Shǔjià shénme shíhou fàngjià?｜Wǒmen xià gè yuè fàngjià.｜Fàngjià yǐhòu wǒ xiǎng lǚxíng.,School is on holiday.｜I want to go home during the holiday.｜When is the summer holiday?｜We will have a holiday next month.｜I want to travel after the holiday.,ကျောင်းပိတ်ပြီ။｜ကျောင်းပိတ်ရက်မှာ အိမ်ပြန်ချင်တယ်။｜နွေရာသီကျောင်းပိတ်ရက်က ဘယ်တော့လဲ။｜နောက်လမှာ ကျောင်းပိတ်မယ်။｜ကျောင်းပိတ်ရက်ပြီးရင် ခရီးသွားချင်တယ်။,假期 (jiàqī) — အားလပ်ရက် | 暑假 (shǔjià) — နွေရာသီအားလပ်ရက် | 寒假 (hánjià) — ဆောင်းရာသီအားလပ်ရက် | 放假了 (fàngjià le) — ကျောင်း/အလုပ်ပိတ်ပြီ | 假日 (jiàrì) — အားလပ်ရက်
105,1,放学,fàng xué,off school,ကျောင်းဆင်းသည်,我五点放学。｜放学以后我们一起回家。｜孩子们已经放学了。｜你几点放学？｜放学后我去图书馆。,Wǒ wǔ diǎn fàngxué.｜Fàngxué yǐhòu wǒmen yìqǐ huí jiā.｜Háizimen yǐjīng fàngxué le.｜Nǐ jǐ diǎn fàngxué?｜Fàngxué hòu wǒ qù túshūguǎn.,I finish school at five.｜We go home together after school.｜The children have already finished school.｜What time do you finish school?｜I go to the library after school.,ကျွန်တော်/ကျွန်မ ငါးနာရီမှာ ကျောင်းဆင်းတယ်။｜ကျောင်းဆင်းပြီးရင် ကျွန်တော်တို့ အတူတူအိမ်ပြန်တယ်။｜ကလေးတွေ ကျောင်းဆင်းပြီးပြီ။｜မင်း ဘယ်နှနာရီ ကျောင်းဆင်းလဲ။｜ကျောင်းဆင်းပြီးရင် စာကြည့်တိုက်သွားတယ်။,下课 (xiàkè) — အတန်းဆင်းသည် | 学校 (xuéxiào) — ကျောင်း | 放学后 (fàngxué hòu) — ကျောင်းဆင်းပြီးနောက် | 上学 (shàngxué) — ကျောင်းတက်သည် | 回家 (huí jiā) — အိမ်ပြန်သည်
106,1,飞,fēi,fly,ပျံသည်,鸟在天上飞。｜飞机在天上飞。｜我喜欢看鸟飞。｜他飞得很高。｜风筝飞起来了。,Niǎo zài tiānshàng fēi.｜Fēijī zài tiānshàng fēi.｜Wǒ xǐhuan kàn niǎo fēi.｜Tā fēi de hěn gāo.｜Fēngzheng fēi qǐlái le.,The bird is flying in the sky.｜The airplane is flying in the sky.｜I like watching birds fly.｜He flies very high.｜The kite has flown up.,ငှက်က ကောင်းကင်ပေါ်မှာ ပျံနေတယ်။｜လေယာဉ်က ကောင်းကင်ပေါ်မှာ ပျံနေတယ်။｜ငှက်တွေ ပျံတာကို ကြည့်ရတာကြိုက်တယ်။｜သူ အရမ်းမြင့်မြင့် ပျံတယ်။｜စွန်က အပေါ်ကို ပျံတက်သွားပြီ။,飞行 (fēixíng) — ပျံသန်းခြင်း | 飞起来 (fēi qǐlái) — ပျံတက်သည် | 飞鸟 (fēiniǎo) — ပျံနေသောငှက် | 起飞 (qǐfēi) — လေယာဉ်ထွက်ခွာသည် | 飞走 (fēi zǒu) — ပျံသွားသည်
107,1,飞机,fēijī,aircraft,လေယာဉ်,我坐飞机去北京。｜飞机几点起飞？｜飞机已经到了。｜这是我的飞机票。｜飞机飞得很快。,Wǒ zuò fēijī qù Běijīng.｜Fēijī jǐ diǎn qǐfēi?｜Fēijī yǐjīng dào le.｜Zhè shì wǒ de fēijīpiào.｜Fēijī fēi de hěn kuài.,I take a plane to Beijing.｜What time does the plane take off?｜The plane has arrived.｜This is my plane ticket.｜The plane flies very fast.,ကျွန်တော်/ကျွန်မ လေယာဉ်စီးပြီး ပေကျင်းကို သွားတယ်။｜လေယာဉ်က ဘယ်အချိန်ထွက်မလဲ။｜လေယာဉ်ရောက်လာပြီ။｜ဒါ ကျွန်တော့်/ကျွန်မ လေယာဉ်လက်မှတ်ပါ။｜လေယာဉ်က အရမ်းမြန်မြန် ပျံတယ်။,航班 (hángbān) — လေယာဉ်ခရီးစဉ် | 飞机票 (fēijīpiào) — လေယာဉ်လက်မှတ် | 起飞 (qǐfēi) — လေယာဉ်ထွက်ခွာသည် | 降落 (jiàngluò) — လေယာဉ်ဆင်းသက်သည် | 机场 (jīchǎng) — လေဆိပ်
108,1,非常,fēicháng,very,အလွန်၊ အရမ်း,我非常喜欢中国。｜今天非常冷。｜她非常高兴。｜这个菜非常好吃。｜谢谢你，非常感谢。,"Wǒ fēicháng xǐhuan Zhōngguó.｜Jīntiān fēicháng lěng.｜Tā fēicháng gāoxìng.｜Zhège cài fēicháng hǎochī.｜Xièxie nǐ, fēicháng gǎnxiè.",I like China very much.｜It is very cold today.｜She is very happy.｜This dish is very delicious.｜Thank you very much.,ကျွန်တော်/ကျွန်မ တရုတ်နိုင်ငံကို အရမ်းကြိုက်တယ်။｜ဒီနေ့ အရမ်းအေးတယ်။｜သူမ အရမ်းပျော်တယ်။｜ဒီဟင်းက အရမ်းအရသာရှိတယ်။｜ကျေးဇူးအများကြီးတင်ပါတယ်။,很 (hěn) — အလွန်၊ တော်တော် | 特别 (tèbié) — အထူးသဖြင့်၊ အလွန် | 十分 (shífēn) — အလွန် | 真 (zhēn) — တကယ်၊ အလွန် | 极其 (jíqí) — အလွန်အမင်း
109,1,分（名、量）,fēn,minute; point; part; (measure word),မိနစ်၊ အပိုင်း၊ ခွဲခြမ်းသည်,请给我五分钟。｜我等了十分钟。｜现在是三点十分。｜我们分成两组。｜这本书分成三部分。,Qǐng gěi wǒ wǔ fēnzhōng.｜Wǒ děng le shí fēnzhōng.｜Xiànzài shì sān diǎn shí fēn.｜Wǒmen fēn chéng liǎng zǔ.｜Zhè běn shū fēn chéng sān bùfen.,Please give me five minutes.｜I waited for ten minutes.｜It is ten minutes past three.｜We divided into two groups.｜This book is divided into three parts.,ငါးမိနစ်လောက် ပေးပါ။｜ကျွန်တော်/ကျွန်မ ဆယ်မိနစ် စောင့်ခဲ့တယ်။｜အခု သုံးနာရီ ဆယ်မိနစ်ရှိပြီ။｜ကျွန်တော်တို့ နှစ်ဖွဲ့ခွဲလိုက်တယ်။｜ဒီစာအုပ်ကို အပိုင်းသုံးပိုင်း ခွဲထားတယ်။,分钟 (fēnzhōng) — မိနစ် | 一分钟 (yì fēnzhōng) — တစ်မိနစ် | 分开 (fēnkāi) — ခွဲသည် | 部分 (bùfen) — အပိုင်း | 分组 (fēnzǔ) — အဖွဲ့ခွဲသည်
110,1,风,fēng,wind,လေ,今天风很大。｜外面有风。｜风吹进房间了。｜海边的风很舒服。｜风越来越大了。,Jīntiān fēng hěn dà.｜Wàimiàn yǒu fēng.｜Fēng chuī jìn fángjiān le.｜Hǎibiān de fēng hěn shūfu.｜Fēng yuèláiyuè dà le.,The wind is strong today.｜There is wind outside.｜The wind blew into the room.｜The sea breeze is comfortable.｜The wind is getting stronger.,ဒီနေ့ လေပြင်းတယ်။｜အပြင်မှာ လေတိုက်နေတယ်။｜လေက အခန်းထဲကို တိုက်ဝင်လာတယ်။｜ပင်လယ်ကမ်းခြေက လေက အရမ်းသက်တောင့်သက်သာရှိတယ်။｜လေက ပိုပိုပြီး ပြင်းလာတယ်။,大风 (dàfēng) — လေပြင်း | 风雨 (fēngyǔ) — လေနဲ့မိုး | 风景 (fēngjǐng) — ရှုခင်း | 刮风 (guāfēng) — လေတိုက်သည် | 风筝 (fēngzheng) — စွန်
111,1,干,gān,dry,ခြောက်သွေ့သည်၊ လုပ်သည်,衣服干了。｜天气很干。｜请把衣服晒干。｜这个地方很干燥。｜我的衣服还没干。,Yīfu gān le.｜Tiānqì hěn gān.｜Qǐng bǎ yīfu shài gān.｜Zhège dìfang hěn gānzào.｜Wǒ de yīfu hái méi gān.,The clothes are dry.｜The weather is dry.｜Please dry the clothes.｜This place is very dry.｜My clothes are not dry yet.,အဝတ်တွေ ခြောက်ပြီ။｜ရာသီဥတုက ခြောက်သွေ့တယ်။｜အဝတ်တွေကို ခြောက်အောင်လှန်းပါ။｜ဒီနေရာက အရမ်းခြောက်သွေ့တယ်။｜ကျွန်တော့်/ကျွန်မအဝတ်တွေ မခြောက်သေးဘူး။,干燥 (gānzào) — ခြောက်သွေ့သည် | 晒干 (shài gān) — နေပူလှန်းပြီးခြောက်သည် | 干了 (gān le) — ခြောက်ပြီ | 干衣服 (gān yīfu) — ခြောက်သောအဝတ် | 干燥天气 (gānzào tiānqì) — ခြောက်သွေ့သောရာသီဥတု
112,1,干净,gānjìng,clean,သန့်ရှင်းသည်,房间很干净。｜请保持干净。｜我的手很干净。｜这个房子又干净又漂亮。｜地板打扫得很干净。,Fángjiān hěn gānjìng.｜Qǐng bǎochí gānjìng.｜Wǒ de shǒu hěn gānjìng.｜Zhège fángzi yòu gānjìng yòu piàoliang.｜Dìbǎn dǎsǎo de hěn gānjìng.,The room is very clean.｜Please keep it clean.｜My hands are clean.｜This house is clean and beautiful.｜The floor has been cleaned very well.,အခန်းက အရမ်းသန့်ရှင်းတယ်။｜သန့်ရှင်းအောင် ထိန်းသိမ်းပါ။｜ကျွန်တော့်/ကျွန်မလက်တွေ သန့်ရှင်းတယ်။｜ဒီအိမ်က သန့်ရှင်းပြီး လှတယ်။｜ကြမ်းပြင်ကို အရမ်းသန့်ရှင်းအောင် သုတ်ထားတယ်။,清洁 (qīngjié) — သန့်ရှင်းရေးလုပ်သည် | 干净的 (gānjìng de) — သန့်ရှင်းသော | 打扫 (dǎsǎo) — သန့်ရှင်းရေးလုပ်သည် | 清理 (qīnglǐ) — ရှင်းလင်းသည် | 干干净净 (gāngānjìngjìng) — သန့်ရှင်းသပ်ရပ်သော
113,1,干,gàn,do,လုပ်သည်၊ ပြုလုပ်သည်,我每天干很多事情。｜你在干什么？｜他正在干活。｜我不知道怎么干。｜这件事很难干。,Wǒ měitiān gàn hěn duō shìqing.｜Nǐ zài gàn shénme?｜Tā zhèngzài gànhuó.｜Wǒ bù zhīdào zěnme gàn.｜Zhè jiàn shì hěn nán gàn.,I do many things every day.｜What are you doing?｜He is working.｜I don't know how to do it.｜This task is difficult to do.,ကျွန်တော်/ကျွန်မ နေ့တိုင်း အလုပ်အများကြီးလုပ်တယ်။｜မင်း ဘာလုပ်နေတာလဲ။｜သူ အလုပ်လုပ်နေတယ်။｜ဘယ်လိုလုပ်ရမလဲ မသိဘူး။｜ဒီအလုပ်က လုပ်ရတာ ခက်တယ်။,工作 (gōngzuò) — အလုပ်လုပ်သည် | 做 (zuò) — လုပ်သည် | 干活 (gànhuó) — အလုပ်လုပ်သည် | 干事 (gànshì) — အလုပ်လုပ်သည် | 能干 (nénggàn) — လုပ်နိုင်စွမ်းကောင်းသော
114,1,干什么,gàn shén me,What to do,ဘာလုပ်တာလဲ,你在干什么？｜你下午干什么？｜你周末干什么？｜他在干什么？｜你想干什么？,Nǐ zài gàn shénme?｜Nǐ xiàwǔ gàn shénme?｜Nǐ zhōumò gàn shénme?｜Tā zài gàn shénme?｜Nǐ xiǎng gàn shénme?,What are you doing?｜What are you doing this afternoon?｜What are you doing this weekend?｜What is he doing?｜What do you want to do?,မင်း ဘာလုပ်နေတာလဲ။｜ဒီနေ့မွန်းလွဲပိုင်း ဘာလုပ်မလဲ။｜ဒီအပတ်ကုန်မှာ ဘာလုပ်မလဲ။｜သူ ဘာလုပ်နေတာလဲ။｜မင်း ဘာလုပ်ချင်လဲ။,做什么 (zuò shénme) — ဘာလုပ်သည် | 干嘛 (gànmá) — ဘာလုပ်တာလဲ | 干什么呢 (gàn shénme ne) — ဘာလုပ်နေတာလဲ | 想干什么 (xiǎng gàn shénme) — ဘာလုပ်ချင်သည် | 要干什么 (yào gàn shénme) — ဘာလုပ်မည်
115,1,高,gāo,high,မြင့်သော,这座山很高。｜他个子很高。｜飞机飞得很高。｜这棵树很高。｜这栋楼很高。,Zhè zuò shān hěn gāo.｜Tā gèzi hěn gāo.｜Fēijī fēi de hěn gāo.｜Zhè kē shù hěn gāo.｜Zhè dòng lóu hěn gāo.,This mountain is very high.｜He is tall.｜The plane is flying very high.｜This tree is very tall.｜This building is very tall.,ဒီတောင်က အရမ်းမြင့်တယ်။｜သူက အရပ်ရှည်တယ်။｜လေယာဉ်က အရမ်းမြင့်မြင့် ပျံနေတယ်။｜ဒီသစ်ပင်က အရမ်းမြင့်တယ်။｜ဒီအဆောက်အအုံက အရမ်းမြင့်တယ်။,高山 (gāoshān) — မြင့်မားသောတောင် | 高大 (gāodà) — အရပ်မြင့်ပြီး ကြီးမားသော | 高楼 (gāolóu) — အထပ်မြင့်အဆောက်အအုံ | 高度 (gāodù) — အမြင့် | 高处 (gāochù) — မြင့်သောနေရာ
116,1,高兴,gāoxìng,happy,ပျော်ရွှင်သော၊ ဝမ်းသာသော,我很高兴认识你。｜今天我很高兴。｜听到这个消息我很高兴。｜孩子们玩得很高兴。｜我高兴地回家了。,Wǒ hěn gāoxìng rènshi nǐ.｜Jīntiān wǒ hěn gāoxìng.｜Tīngdào zhège xiāoxi wǒ hěn gāoxìng.｜Háizimen wán de hěn gāoxìng.｜Wǒ gāoxìng de huí jiā le.,I am very happy to meet you.｜I am very happy today.｜I am very happy to hear this news.｜The children are having a lot of fun.｜I went home happily.,မင်းနဲ့တွေ့ရတာ အရမ်းဝမ်းသာတယ်။｜ဒီနေ့ ကျွန်တော်/ကျွန်မ အရမ်းပျော်တယ်။｜ဒီသတင်းကြားရတာ အရမ်းဝမ်းသာတယ်။｜ကလေးတွေ အရမ်းပျော်နေကြတယ်။｜ကျွန်တော်/ကျွန်မ ပျော်ပျော်ရွှင်ရွှင် အိမ်ပြန်ခဲ့တယ်။,快乐 (kuàilè) — ပျော်ရွှင်သော | 开心 (kāixīn) — ပျော်ရွှင်သော | 高兴极了 (gāoxìng jí le) — အရမ်းဝမ်းသာသည် | 高兴地 (gāoxìng de) — ပျော်ရွှင်စွာ | 不高兴 (bù gāoxìng) — မပျော်ဘူး
117,1,告诉,gàosu,tell,ပြောပြသည်၊ အသိပေးသည်,请告诉我你的名字。｜妈妈告诉我一个消息。｜你能告诉我吗？｜老师告诉我们明天放假。｜请告诉我怎么做。,Qǐng gàosu wǒ nǐ de míngzi.｜Māma gàosu wǒ yí gè xiāoxi.｜Nǐ néng gàosu wǒ ma?｜Lǎoshī gàosu wǒmen míngtiān fàngjià.｜Qǐng gàosu wǒ zěnme zuò.,Please tell me your name.｜Mom told me some news.｜Can you tell me?｜The teacher told us that there is no school tomorrow.｜Please tell me how to do it.,မင်းနာမည်ကို ပြောပြပေးပါ။｜အမေက ကျွန်တော့်/ကျွန်မကို သတင်းတစ်ခု ပြောပြတယ်။｜မင်း ကျွန်တော့်/ကျွန်မကို ပြောပြပေးနိုင်လား။｜ဆရာ/ဆရာမက မနက်ဖြန် ကျောင်းပိတ်တယ်လို့ ကျွန်တော်တို့ကို ပြောပြတယ်။｜ဘယ်လိုလုပ်ရမလဲ ပြောပြပေးပါ။,说明 (shuōmíng) — ရှင်းပြသည် | 告知 (gàozhī) — အသိပေးသည် | 告诉我 (gàosu wǒ) — ကျွန်တော့်/ကျွန်မကို ပြောပြသည် | 通知 (tōngzhī) — အသိပေးသည် | 说 (shuō) — ပြောသည်
118,1,哥哥｜哥,gē ge ｜ gē,elder brother,ကိုကို၊အစ်ကို,我的哥哥是老师。｜哥哥喜欢打篮球。｜我和哥哥一起回家。｜哥哥比我高。｜这是我哥哥。,Wǒ de gēge shì lǎoshī.｜Gēge xǐhuan dǎ lánqiú.｜Wǒ hé gēge yìqǐ huí jiā.｜Gēge bǐ wǒ gāo.｜Zhè shì wǒ gēge.,My older brother is a teacher.｜My older brother likes playing basketball.｜I go home with my older brother.｜My older brother is taller than me.｜This is my older brother.,ကျွန်တော့်/ကျွန်မအစ်ကိုက ဆရာပါ။｜အစ်ကိုက ဘတ်စကက်ဘောကစားရတာ ကြိုက်တယ်။｜ကျွန်တော်/ကျွန်မ အစ်ကိုနဲ့အတူ အိမ်ပြန်တယ်။｜အစ်ကိုက ကျွန်တော်/ကျွန်မထက် အရပ်ပိုရှည်တယ်။｜ဒါ ကျွန်တော့်/ကျွန်မအစ်ကိုပါ။,弟弟 (dìdi) — ညီလေး | 哥哥 (gēge) — အစ်ကို | 兄弟 (xiōngdì) — ညီအစ်ကို | 大哥 (dàgē) — အစ်ကိုကြီး | 亲哥哥 (qīn gēge) — အရင်းအစ်ကို
119,1,歌,gē,song,သီချင်း,我喜欢听歌。｜她唱了一首歌。｜这首歌很好听。｜你喜欢什么歌？｜我每天听中文歌。,Wǒ xǐhuan tīng gē.｜Tā chàng le yì shǒu gē.｜Zhè shǒu gē hěn hǎotīng.｜Nǐ xǐhuan shénme gē?｜Wǒ měitiān tīng Zhōngwén gē.,I like listening to songs.｜She sang a song.｜This song sounds very nice.｜What songs do you like?｜I listen to Chinese songs every day.,သီချင်းနားထောင်ရတာ ကြိုက်တယ်။｜သူမ သီချင်းတစ်ပုဒ်ဆိုခဲ့တယ်။｜ဒီသီချင်းက နားထောင်လို့ အရမ်းကောင်းတယ်။｜မင်း ဘယ်လိုသီချင်းတွေ ကြိုက်လဲ။｜ကျွန်တော်/ကျွန်မ နေ့တိုင်း တရုတ်သီချင်းတွေ နားထောင်တယ်။,歌曲 (gēqǔ) — သီချင်း | 唱歌 (chànggē) — သီချင်းဆိုသည် | 听歌 (tīnggē) — သီချင်းနားထောင်သည် | 歌手 (gēshǒu) — အဆိုတော် | 好听 (hǎotīng) — နားထောင်လို့ကောင်းသည်
120,1,个,gè,individual,ခု၊ ယောက်၊ လုံး,我有一个哥哥。｜一个人来了。｜给我一个苹果。｜这个多少钱？｜我买了三个杯子。,Wǒ yǒu yí gè gēge.｜Yí gè rén lái le.｜Gěi wǒ yí gè píngguǒ.｜Zhège duōshao qián?｜Wǒ mǎi le sān gè bēizi.,I have an older brother.｜A person came.｜Give me an apple.｜How much is this?｜I bought three cups.,ကျွန်တော်/ကျွန်မမှာ အစ်ကိုတစ်ယောက်ရှိတယ်။｜လူတစ်ယောက် ရောက်လာတယ်။｜ကျွန်တော်/ကျွန်မကို ပန်းသီးတစ်လုံးပေးပါ။｜ဒါဘယ်လောက်ကျလဲ။｜ကျွန်တော်/ကျွန်မ ခွက်သုံးလုံးဝယ်ခဲ့တယ်။,一个 (yí gè) — တစ်ခု၊ တစ်ယောက်｜两个 (liǎng gè) — နှစ်ခု၊ နှစ်ယောက်｜几个 (jǐ gè) — ဘယ်နှခု၊ ဘယ်နှယောက်｜每个 (měi gè) — တစ်ခုချင်းစီ｜这个 (zhège) — ဒီဟာ၊ ဒီတစ်ခု
121,1,给,gěi,give,ပေးသည်၊ ပေးအပ်သည်,请给我一本书。｜妈妈给我买衣服。｜老师给我们上课。｜我给你打电话。｜请给他一点水。,Qǐng gěi wǒ yì běn shū.｜Māma gěi wǒ mǎi yīfu.｜Lǎoshī gěi wǒmen shàngkè.｜Wǒ gěi nǐ dǎ diànhuà.｜Qǐng gěi tā yìdiǎn shuǐ.,Please give me a book.｜Mom bought me clothes.｜The teacher teaches us.｜I will call you.｜Please give him some water.,စာအုပ်တစ်အုပ်ပေးပါ။｜အမေက ကျွန်တော်/ကျွန်မအတွက် အဝတ်အစားဝယ်ပေးတယ်။｜ဆရာ/ဆရာမက ကျွန်တော်တို့ကို စာသင်ပေးတယ်။｜ကျွန်တော်/ကျွန်မ မင်းကို ဖုန်းဆက်မယ်။｜သူ့ကို ရေနည်းနည်းပေးပါ။,给钱 (gěi qián) — ငွေပေးသည်｜给我 (gěi wǒ) — ကျွန်တော်/ကျွန်မကို ပေးသည်｜给你 (gěi nǐ) — မင်းကို ပေးသည်｜送给 (sònggěi) — လက်ဆောင်ပေးသည်｜给他 (gěi tā) — သူ့ကို ပေးသည်
122,1,跟,gēn,with,နှင့်၊ အတူ,我跟朋友一起去学校。｜你跟谁一起住？｜我跟他说了。｜他跟妈妈去商店。｜我喜欢跟朋友聊天。,Wǒ gēn péngyou yìqǐ qù xuéxiào.｜Nǐ gēn shéi yìqǐ zhù?｜Wǒ gēn tā shuō le.｜Tā gēn māma qù shāngdiàn.｜Wǒ xǐhuan gēn péngyou liáotiān.,I go to school with my friend.｜Who do you live with?｜I told him.｜He goes to the shop with his mother.｜I like chatting with my friends.,ကျွန်တော်/ကျွန်မ သူငယ်ချင်းနဲ့အတူ ကျောင်းသွားတယ်။｜မင်း ဘယ်သူနဲ့အတူနေလဲ။｜ကျွန်တော်/ကျွန်မ သူ့ကို ပြောခဲ့တယ်။｜သူ အမေနဲ့အတူ ဆိုင်သွားတယ်။｜ကျွန်တော်/ကျွန်မ သူငယ်ချင်းတွေနဲ့ စကားပြောရတာ ကြိုက်တယ်။,一起 (yìqǐ) — အတူတူ｜跟着 (gēnzhe) — နောက်ကလိုက်သည်｜跟朋友 (gēn péngyou) — သူငယ်ချင်းနဲ့｜跟我来 (gēn wǒ lái) — ကျွန်တော့်နောက်လိုက်ခဲ့｜跟谁 (gēn shéi) — ဘယ်သူနဲ့
123,1,工人,gōngrén,Worker,အလုပ်သမား,他是工人。｜工人在工厂工作。｜我的爸爸以前是工人。｜工人每天都很忙。｜这些工人正在工作。,Tā shì gōngrén.｜Gōngrén zài gōngchǎng gōngzuò.｜Wǒ de bàba yǐqián shì gōngrén.｜Gōngrén měitiān dōu hěn máng.｜Zhèxiē gōngrén zhèngzài gōngzuò.,He is a worker.｜The workers work in a factory.｜My father used to be a worker.｜Workers are busy every day.｜These workers are working.,သူက အလုပ်သမားပါ။｜အလုပ်သမားတွေ စက်ရုံမှာ အလုပ်လုပ်ကြတယ်။｜ကျွန်တော့်/ကျွန်မအဖေ အရင်က အလုပ်သမားလုပ်ခဲ့တယ်။｜အလုပ်သမားတွေ နေ့တိုင်း အလုပ်များတယ်။｜ဒီအလုပ်သမားတွေ အလုပ်လုပ်နေကြတယ်။,工厂 (gōngchǎng) — စက်ရုံ｜工人们 (gōngrénmen) — အလုပ်သမားများ｜女工 (nǚgōng) — အမျိုးသမီးအလုပ်သမား｜工头 (gōngtóu) — အလုပ်ခေါင်းဆောင်｜工人阶级 (gōngrén jiējí) — အလုပ်သမားလူတန်းစား
124,1,工作,gōngzuò,work,အလုပ်၊ အလုပ်လုပ်သည်,我每天都工作。｜你在哪里工作？｜我的工作很忙。｜他在公司工作。｜我喜欢我的工作。,Wǒ měitiān dōu gōngzuò.｜Nǐ zài nǎlǐ gōngzuò?｜Wǒ de gōngzuò hěn máng.｜Tā zài gōngsī gōngzuò.｜Wǒ xǐhuan wǒ de gōngzuò.,I work every day.｜Where do you work?｜My work is very busy.｜He works at a company.｜I like my work.,ကျွန်တော်/ကျွန်မ နေ့တိုင်း အလုပ်လုပ်တယ်။｜မင်း ဘယ်မှာအလုပ်လုပ်လဲ။｜ကျွန်တော့်/ကျွန်မအလုပ်က အရမ်းအလုပ်များတယ်။｜သူ ကုမ္ပဏီမှာ အလုပ်လုပ်တယ်။｜ကျွန်တော်/ကျွန်မ ကိုယ့်အလုပ်ကို ကြိုက်တယ်။,工作人员 (gōngzuò rényuán) — ဝန်ထမ်း｜工作日 (gōngzuòrì) — အလုပ်ရက်｜工作时间 (gōngzuò shíjiān) — အလုပ်ချိန်｜找工作 (zhǎo gōngzuò) — အလုပ်ရှာသည်｜工作单位 (gōngzuò dānwèi) — အလုပ်ဌာန
125,1,关（动）,guān,shut; close; turn off,ပိတ်သည်,请关门。｜请关窗。｜请关电脑。｜他关了电视。｜离开房间前要关灯。,Qǐng guān mén.｜Qǐng guān chuāng.｜Qǐng guān diànnǎo.｜Tā guān le diànshì.｜Líkāi fángjiān qián yào guān dēng.,Please close the door.｜Please close the window.｜Please turn off the computer.｜He turned off the TV.｜Turn off the light before leaving the room.,တံခါးပိတ်ပေးပါ။｜ပြတင်းပေါက်ပိတ်ပေးပါ။｜ကွန်ပျူတာပိတ်ပေးပါ။｜သူ တီဗီပိတ်လိုက်တယ်။｜အခန်းထဲက မထွက်ခင် မီးပိတ်ရမယ်။,关门 (guānmén) — တံခါးပိတ်သည်｜关灯 (guāndēng) — မီးပိတ်သည်｜关窗 (guānchuāng) — ပြတင်းပေါက်ပိတ်သည်｜关掉 (guāndiào) — ပိတ်လိုက်သည်｜关闭 (guānbì) — ပိတ်သည်
126,1,关上,guān shàng,close;shut to; turn off,ပိတ်ထားသည်၊ ပိတ်လိုက်သည်,请关上门。｜请把窗户关上。｜他关上了电脑。｜出门前请关上门。｜她把书关上了。,Qǐng guānshàng mén.｜Qǐng bǎ chuānghu guānshàng.｜Tā guānshàng le diànnǎo.｜Chūmén qián qǐng guānshàng mén.｜Tā bǎ shū guānshàng le.,Please close the door.｜Please close the window.｜He turned off the computer.｜Please close the door before going out.｜She closed the book.,တံခါးကို ပိတ်ထားပေးပါ။｜ပြတင်းပေါက်ကို ပိတ်ထားပေးပါ။｜သူ ကွန်ပျူတာကို ပိတ်လိုက်တယ်။｜အပြင်ထွက်ခင် တံခါးပိတ်ထားပေးပါ။｜သူမ စာအုပ်ကို ပိတ်လိုက်တယ်။,关上门 (guānshàng mén) — တံခါးပိတ်ထားသည်｜关上窗户 (guānshàng chuānghu) — ပြတင်းပေါက်ပိတ်ထားသည်｜关上灯 (guānshàng dēng) — မီးပိတ်ထားသည်｜关上电脑 (guānshàng diànnǎo) — ကွန်ပျူတာပိတ်သည်｜关上车门 (guānshàng chēmén) — ကားတံခါးပိတ်သည်
127,1,贵,guì,noble,ဈေးကြီးသော,这个东西太贵了。｜这件衣服很贵。｜北京的房子很贵。｜这个手机不贵。｜我觉得这个太贵了。,Zhège dōngxi tài guì le.｜Zhè jiàn yīfu hěn guì.｜Běijīng de fángzi hěn guì.｜Zhège shǒujī bú guì.｜Wǒ juéde zhège tài guì le.,This thing is too expensive.｜These clothes are very expensive.｜Houses in Beijing are expensive.｜This phone is not expensive.｜I think this is too expensive.,ဒီပစ္စည်းက ဈေးအရမ်းကြီးတယ်။｜ဒီအဝတ်အစားက အရမ်းဈေးကြီးတယ်။｜ပေကျင်းက အိမ်တွေ ဈေးကြီးတယ်။｜ဒီဖုန်းက ဈေးမကြီးဘူး။｜ဒါ ဈေးအရမ်းကြီးတယ်လို့ ထင်တယ်။,便宜 (piányi) — ဈေးပေါသော｜太贵 (tài guì) — ဈေးအရမ်းကြီးသည်｜贵重 (guìzhòng) — တန်ဖိုးကြီးသော｜昂贵 (ángguì) — အလွန်ဈေးကြီးသော｜不贵 (bú guì) — ဈေးမကြီးသော
128,1,国,guó,country; state; nation,နိုင်ငံ,中国是一个国家。｜我喜欢这个国家。｜世界上有很多国家。｜他来自哪个国家？｜每个国家都有自己的文化。,Zhōngguó shì yí gè guójiā.｜Wǒ xǐhuan zhège guójiā.｜Shìjiè shàng yǒu hěn duō guójiā.｜Tā láizì nǎge guójiā?｜Měi gè guójiā dōu yǒu zìjǐ de wénhuà.,China is a country.｜I like this country.｜There are many countries in the world.｜Which country is he from?｜Every country has its own culture.,တရုတ်နိုင်ငံက နိုင်ငံတစ်နိုင်ငံပါ။｜ကျွန်တော်/ကျွန်မ ဒီနိုင်ငံကို ကြိုက်တယ်။｜ကမ္ဘာပေါ်မှာ နိုင်ငံတွေအများကြီးရှိတယ်။｜သူ ဘယ်နိုင်ငံကလဲ။｜နိုင်ငံတိုင်းမှာ ကိုယ်ပိုင်ယဉ်ကျေးမှုရှိတယ်။,中国 (Zhōngguó) — တရုတ်နိုင်ငံ｜美国 (Měiguó) — အမေရိကန်နိုင်ငံ｜国际 (guójì) — အပြည်ပြည်ဆိုင်ရာ｜国人 (guórén) — နိုင်ငံသား｜外国 (wàiguó) — နိုင်ငံခြားနိုင်ငံ
129,1,国家,guójiā,Country,နိုင်ငံ၊ တိုင်းပြည်,中国是一个很大的国家。｜你去过哪些国家？｜每个国家都有不同的文化。｜我的国家很美。｜他喜欢自己的国家。,Zhōngguó shì yí gè hěn dà de guójiā.｜Nǐ qùguo nǎxiē guójiā?｜Měi gè guójiā dōu yǒu bùtóng de wénhuà.｜Wǒ de guójiā hěn měi.｜Tā xǐhuan zìjǐ de guójiā.,China is a very large country.｜Which countries have you been to?｜Every country has a different culture.｜My country is beautiful.｜He likes his country.,တရုတ်နိုင်ငံက အရမ်းကြီးမားတဲ့ နိုင်ငံတစ်နိုင်ငံပါ။｜မင်း ဘယ်နိုင်ငံတွေကို ရောက်ဖူးလဲ။｜နိုင်ငံတိုင်းမှာ မတူညီတဲ့ ယဉ်ကျေးမှုရှိတယ်။｜ကျွန်တော်/ကျွန်မနိုင်ငံက လှတယ်။｜သူ ကိုယ့်နိုင်ငံကို ကြိုက်တယ်။,国家队 (guójiāduì) — နိုင်ငံအသင်း｜国家级 (guójiājí) — နိုင်ငံအဆင့်｜国家领导人 (guójiā lǐngdǎorén) — နိုင်ငံခေါင်းဆောင်｜国家安全 (guójiā ānquán) — နိုင်ငံလုံခြုံရေး｜国家文化 (guójiā wénhuà) — နိုင်ငံ့ယဉ်ကျေးမှု
130,1,国外,guó wài,foreign; oversea; abroad,နိုင်ငံခြား,我想去国外学习。｜他现在在国外工作。｜国外的生活怎么样？｜她有一个国外的朋友。｜我第一次去国外。,Wǒ xiǎng qù guówài xuéxí.｜Tā xiànzài zài guówài gōngzuò.｜Guówài de shēnghuó zěnmeyàng?｜Tā yǒu yí gè guówài de péngyou.｜Wǒ dì yī cì qù guówài.,I want to study abroad.｜He is working abroad now.｜How is life abroad?｜She has a foreign friend.｜It is my first time going abroad.,ကျွန်တော်/ကျွန်မ နိုင်ငံခြားမှာ စာသွားသင်ချင်တယ်။｜သူ အခု နိုင်ငံခြားမှာ အလုပ်လုပ်နေတယ်။｜နိုင်ငံခြားမှာ နေထိုင်ရတာ ဘယ်လိုလဲ။｜သူမမှာ နိုင်ငံခြားက သူငယ်ချင်းတစ်ယောက်ရှိတယ်။｜ကျွန်တော်/ကျွန်မ နိုင်ငံခြားကို ပထမဆုံးသွားတာပါ။,海外 (hǎiwài) — ပြည်ပ｜出国 (chūguó) — နိုင်ငံခြားထွက်သည်｜外国 (wàiguó) — နိုင်ငံခြားနိုင်ငံ｜外国人 (wàiguórén) — နိုင်ငံခြားသား｜国外生活 (guówài shēnghuó) — နိုင်ငံခြားဘဝ
131,1,过,guò,pass,ဖြတ်သန်းသည်၊ ကြုံဖူးသည်,我去过中国。｜你吃过中国菜吗？｜我看过这部电影。｜他以前来过这里。｜我没去过北京。,Wǒ qùguo Zhōngguó.｜Nǐ chīguo Zhōngguó cài ma?｜Wǒ kànguo zhè bù diànyǐng.｜Tā yǐqián láiguo zhèlǐ.｜Wǒ méi qùguo Běijīng.,I have been to China.｜Have you eaten Chinese food?｜I have seen this movie.｜He has been here before.｜I have never been to Beijing.,ကျွန်တော်/ကျွန်မ တရုတ်နိုင်ငံကို ရောက်ဖူးတယ်။｜မင်း တရုတ်အစားအစာ စားဖူးလား။｜ဒီရုပ်ရှင်ကို ကြည့်ဖူးတယ်။｜သူ ဒီကို အရင်က ရောက်ဖူးတယ်။｜ကျွန်တော်/ကျွန်မ ပေကျင်းကို တစ်ခါမှ မရောက်ဖူးဘူး။,过去 (guòqù) — အတိတ်｜过来 (guòlái) — ဒီဘက်ကိုလာသည်｜过年 (guònián) — နှစ်သစ်ကူးပွဲကျင်းပသည်｜过生日 (guò shēngrì) — မွေးနေ့ကျင်းပသည်｜经过 (jīngguò) — ဖြတ်သန်းသွားသည်
132,1,还,hái,also; still; yet,လည်း၊ သေးသည်၊ နေဆဲ,我还没吃饭。｜他还在学习。｜我还喜欢这个。｜你还有时间吗？｜我还想再看一下。,Wǒ hái méi chīfàn.｜Tā hái zài xuéxí.｜Wǒ hái xǐhuan zhège.｜Nǐ hái yǒu shíjiān ma?｜Wǒ hái xiǎng zài kàn yíxià.,I haven't eaten yet.｜He is still studying.｜I still like this.｜Do you still have time?｜I want to look again.,ကျွန်တော်/ကျွန်မ ထမင်းမစားရသေးဘူး။｜သူ စာလေ့လာနေတုန်းပဲ။｜ကျွန်တော်/ကျွန်မ ဒါကို သဘောကျနေတုန်းပဲ။｜မင်းမှာ အချိန်ရှိသေးလား။｜ကျွန်တော်/ကျွန်မ ထပ်ကြည့်ချင်တယ်။,还要 (hái yào) — ထပ်ပြီးလိုသည်｜还没 (hái méi) — မ...သေး｜还在 (hái zài) — ...နေဆဲ｜还有 (hái yǒu) — ရှိသေးသည်｜还可以 (hái kěyǐ) — အဆင်ပြေသေးသည်
133,1,还是,háishi,still,ဒါမှမဟုတ်၊ သို့မဟုတ်,你喝茶还是喝咖啡？｜你去还是不去？｜我们坐公交车还是坐地铁？｜你喜欢红色还是蓝色？｜今天吃饭还是吃面？,Nǐ hē chá háishi hē kāfēi?｜Nǐ qù háishi bú qù?｜Wǒmen zuò gōnggòng qìchē háishi zuò dìtiě?｜Nǐ xǐhuan hóngsè háishi lánsè?｜Jīntiān chīfàn háishi chī miàn?,Do you drink tea or coffee?｜Are you going or not?｜Shall we take the bus or subway?｜Do you like red or blue?｜Shall we eat rice or noodles today?,မင်း လက်ဖက်ရည်သောက်မလား၊ ကော်ဖီသောက်မလား။｜မင်း သွားမလား၊ မသွားဘူးလား။｜ဘတ်စ်ကားစီးမလား၊ မြေအောက်ရထားစီးမလား။｜မင်း အနီရောင်ကြိုက်လား၊ အပြာရောင်ကြိုက်လား။｜ဒီနေ့ ထမင်းစားမလား၊ ခေါက်ဆွဲစားမလား။,还是说 (háishi shuō) — ဒါမှမဟုတ်ပြောရမလား｜还是要 (háishi yào) — ဒါမှမဟုတ် ...လုပ်မည်｜还是不 (háishi bù) — ဟုတ်မဟုတ်｜还是喜欢 (háishi xǐhuan) — ဒါမှမဟုတ် ကြိုက်သည်｜还是好 (háishi hǎo) — ဒါမှမဟုတ် ပိုကောင်းသည်
134,1,还有,hái yǒu,also; in addition; besides,လည်းရှိသည်၊ ရှိသေးသည်,我还有一本书。｜桌子上还有一个杯子。｜他还有时间。｜我们还有很多事情要做。｜冰箱里还有水果。,Wǒ hái yǒu yì běn shū.｜Zhuōzi shàng hái yǒu yí gè bēizi.｜Tā hái yǒu shíjiān.｜Wǒmen hái yǒu hěn duō shìqing yào zuò.｜Bīngxiāng lǐ hái yǒu shuǐguǒ.,I still have a book.｜There is still a cup on the table.｜He still has time.｜We still have many things to do.｜There is still fruit in the refrigerator.,ကျွန်တော်/ကျွန်မမှာ စာအုပ်တစ်အုပ်ရှိသေးတယ်။｜စားပွဲပေါ်မှာ ခွက်တစ်လုံးရှိသေးတယ်။｜သူ့မှာ အချိန်ရှိသေးတယ်။｜ကျွန်တော်တို့မှာ လုပ်စရာတွေ အများကြီးရှိသေးတယ်။｜ရေခဲသေတ္တာထဲမှာ သစ်သီးရှိသေးတယ်။,还有人 (hái yǒu rén) — လူရှိသေးသည်｜还有时间 (hái yǒu shíjiān) — အချိန်ရှိသေးသည်｜还有钱 (hái yǒu qián) — ပိုက်ဆံရှိသေးသည်｜还有一个 (hái yǒu yí gè) — တစ်ခုရှိသေးသည်｜还有很多 (hái yǒu hěn duō) — အများကြီးရှိသေးသည်
135,1,孩子,háizi,Children,ကလေး,孩子在学校学习。｜这个孩子很可爱。｜孩子们正在玩。｜她有两个孩子。｜那个孩子是谁？,Háizi zài xuéxiào xuéxí.｜Zhège háizi hěn kě'ài.｜Háizimen zhèngzài wán.｜Tā yǒu liǎng gè háizi.｜Nàge háizi shì shéi?,The child is studying at school.｜This child is very cute.｜The children are playing.｜She has two children.｜Who is that child?,ကလေးက ကျောင်းမှာ စာလေ့လာနေတယ်။｜ဒီကလေးက အရမ်းချစ်စရာကောင်းတယ်။｜ကလေးတွေ ကစားနေကြတယ်။｜သူမမှာ ကလေးနှစ်ယောက်ရှိတယ်။｜အဲဒီကလေးက ဘယ်သူလဲ။,小孩 (xiǎohái) — ကလေး｜儿童 (értóng) — ကလေးငယ်｜孩子们 (háizimen) — ကလေးများ｜女孩 (nǚhái) — မိန်းကလေး｜男孩 (nánhái) — ယောက်ျားလေး
136,1,汉语,hànyǔ,Chinese,တရုတ်ဘာသာစကား,我正在学习汉语。｜汉语很有意思。｜我喜欢说汉语。｜他每天学习汉语。｜你会说汉语吗？,Wǒ zhèngzài xuéxí Hànyǔ.｜Hànyǔ hěn yǒuyìsi.｜Wǒ xǐhuan shuō Hànyǔ.｜Tā měitiān xuéxí Hànyǔ.｜Nǐ huì shuō Hànyǔ ma?,I am studying Chinese.｜Chinese is interesting.｜I like speaking Chinese.｜He studies Chinese every day.｜Can you speak Chinese?,ကျွန်တော်/ကျွန်မ တရုတ်ဘာသာစကားကို လေ့လာနေတယ်။｜တရုတ်ဘာသာစကားက စိတ်ဝင်စားဖို့ကောင်းတယ်။｜တရုတ်စကားပြောရတာ ကြိုက်တယ်။｜သူ နေ့တိုင်း တရုတ်စာလေ့လာတယ်။｜မင်း တရုတ်စကားပြောတတ်လား။,中文 (Zhōngwén) — တရုတ်စာ/တရုတ်ဘာသာ｜汉语学习 (Hànyǔ xuéxí) — တရုတ်ဘာသာလေ့လာခြင်း｜汉语老师 (Hànyǔ lǎoshī) — တရုတ်ဘာသာဆရာ/ဆရာမ｜汉语课 (Hànyǔ kè) — တရုတ်ဘာသာအတန်း｜汉语口语 (Hànyǔ kǒuyǔ) — တရုတ်စကားပြော
137,1,汉字,hàn zì,Chinese character,တရုတ်စာလုံး,我会写汉字。｜这个汉字怎么读？｜汉字很难写。｜请写这个汉字。｜我正在学习汉字。,Wǒ huì xiě Hànzì.｜Zhège Hànzì zěnme dú?｜Hànzì hěn nán xiě.｜Qǐng xiě zhège Hànzì.｜Wǒ zhèngzài xuéxí Hànzì.,I can write Chinese characters.｜How do you read this Chinese character?｜Chinese characters are difficult to write.｜Please write this Chinese character.｜I am learning Chinese characters.,ကျွန်တော်/ကျွန်မ တရုတ်စာလုံးရေးတတ်တယ်။｜ဒီတရုတ်စာလုံးကို ဘယ်လိုဖတ်လဲ။｜တရုတ်စာလုံးတွေ ရေးရတာခက်တယ်။｜ဒီတရုတ်စာလုံးကို ရေးပါ။｜ကျွန်တော်/ကျွန်မ တရုတ်စာလုံးတွေ လေ့လာနေတယ်။,中文 (Zhōngwén) — တရုတ်စာ｜写汉字 (xiě Hànzì) — တရုတ်စာလုံးရေးသည်｜汉字表 (Hànzì biǎo) — တရုတ်စာလုံးစာရင်း｜汉字书写 (Hànzì shūxiě) — တရုတ်စာလုံးရေးသားခြင်း｜汉字笔画 (Hànzì bǐhuà) — တရုတ်စာလုံးအရေးအသားမျဉ်း
138,1,好（形）,hǎo,good,ကောင်းသော,今天天气很好。｜她是一个好学生。｜这个方法很好。｜你好！｜这个东西很好用。,Jīntiān tiānqì hěn hǎo.｜Tā shì yí gè hǎo xuéshēng.｜Zhège fāngfǎ hěn hǎo.｜Nǐ hǎo!｜Zhège dōngxi hěn hǎoyòng.,The weather is very good today.｜She is a good student.｜This method is very good.｜Hello!｜This thing is very useful.,ဒီနေ့ ရာသီဥတုက အရမ်းကောင်းတယ်။｜သူမက ကျောင်းသူကောင်းတစ်ယောက်ပါ။｜ဒီနည်းလမ်းက အရမ်းကောင်းတယ်။｜မင်္ဂလာပါ။｜ဒီပစ္စည်းက အရမ်းအသုံးဝင်တယ်။,很好 (hěn hǎo) — အရမ်းကောင်းသည်｜好人 (hǎorén) — လူကောင်း｜好看 (hǎokàn) — ကြည့်ကောင်းသည်｜好听 (hǎotīng) — နားထောင်ကောင်းသည်｜好用 (hǎoyòng) — အသုံးပြုရကောင်းသည်
139,1,好吃,hǎochī,Yummy,အရသာရှိသော,中国菜很好吃。｜这个苹果很好吃。｜这家饭店的菜很好吃。｜你觉得好吃吗？｜妈妈做的饭很好吃。,Zhōngguó cài hěn hǎochī.｜Zhège píngguǒ hěn hǎochī.｜Zhè jiā fàndiàn de cài hěn hǎochī.｜Nǐ juéde hǎochī ma?｜Māma zuò de fàn hěn hǎochī.,Chinese food is delicious.｜This apple is delicious.｜The food at this restaurant is delicious.｜Do you think it tastes good?｜Mom's cooking is delicious.,တရုတ်အစားအစာက အရမ်းအရသာရှိတယ်။｜ဒီပန်းသီးက အရမ်းစားကောင်းတယ်။｜ဒီစားသောက်ဆိုင်က ဟင်းတွေ အရမ်းအရသာရှိတယ်။｜အရသာရှိတယ်လို့ ထင်လား။｜အမေချက်တဲ့ အစားအစာက အရမ်းအရသာရှိတယ်။,好吃的 (hǎochī de) — အရသာရှိသောအစားအစာ｜好吃的菜 (hǎochī de cài) — အရသာရှိသောဟင်း｜好吃极了 (hǎochī jí le) — အရမ်းစားကောင်းသည်｜好吃吗 (hǎochī ma) — စားကောင်းလား｜很好吃 (hěn hǎochī) — အရမ်းအရသာရှိသည်
140,1,好看,hǎo kàn,good looking,ကြည့်ကောင်းသော၊ လှပသော,这件衣服很好看。｜她穿这件衣服很好看。｜这部电影很好看。｜你的照片很好看。｜这里的风景很好看。,Zhè jiàn yīfu hěn hǎokàn.｜Tā chuān zhè jiàn yīfu hěn hǎokàn.｜Zhè bù diànyǐng hěn hǎokàn.｜Nǐ de zhàopiàn hěn hǎokàn.｜Zhèlǐ de fēngjǐng hěn hǎokàn.,These clothes look very nice.｜She looks very good in these clothes.｜This movie is very good.｜Your photo looks very nice.｜The scenery here is beautiful.,ဒီအဝတ်အစားက အရမ်းကြည့်ကောင်းတယ်။｜ဒီအဝတ်အစားဝတ်ထားရင် သူမအရမ်းလှတယ်။｜ဒီရုပ်ရှင်က အရမ်းကောင်းတယ်။｜မင်းရဲ့ဓာတ်ပုံက အရမ်းလှတယ်။｜ဒီနေရာက ရှုခင်းအရမ်းလှတယ်။,好看 (hǎokàn) — ကြည့်ကောင်းသည်｜漂亮 (piàoliang) — လှပသည်｜美丽 (měilì) — လှပသည်｜好看的 (hǎokàn de) — ကြည့်ကောင်းသော｜好看极了 (hǎokàn jí le) — အရမ်းကြည့်ကောင်းသည်
141,1,好听,hǎo tīng,pleasant to hear,နားထောင်ကောင်းသော၊ သာယာသော,这首歌很好听。｜她唱歌很好听。｜这个声音很好听。｜这首音乐很好听。｜他说中文很好听。,Zhè shǒu gē hěn hǎotīng.｜Tā chànggē hěn hǎotīng.｜Zhège shēngyīn hěn hǎotīng.｜Zhè shǒu yīnyuè hěn hǎotīng.｜Tā shuō Zhōngwén hěn hǎotīng.,This song sounds very good.｜She sings very well.｜This voice sounds very nice.｜This music sounds very good.｜His Chinese sounds nice.,ဒီသီချင်းက အရမ်းနားထောင်ကောင်းတယ်။｜သူမ သီချင်းဆိုတာ အရမ်းနားထောင်ကောင်းတယ်။｜ဒီအသံက အရမ်းသာယာတယ်။｜ဒီတေးဂီတက အရမ်းနားထောင်ကောင်းတယ်။｜သူပြောတဲ့ တရုတ်စကားက အရမ်းနားထောင်ကောင်းတယ်။,好听 (hǎotīng) — နားထောင်ကောင်းသည်｜声音 (shēngyīn) — အသံ｜音乐 (yīnyuè) — တေးဂီတ｜歌曲 (gēqǔ) — သီချင်း｜好听极了 (hǎotīng jí le) — အရမ်းနားထောင်ကောင်းသည်
142,1,好玩儿,hǎo wánr,fun; interesting,ပျော်စရာကောင်းသော၊ ကစားရတာပျော်စရာကောင်းသော,今天很好玩儿。｜这个游戏很好玩儿。｜跟朋友一起玩儿很好玩儿。｜北京有很多好玩儿的地方。｜这个活动很好玩儿。,Jīntiān hěn hǎowánr.｜Zhège yóuxì hěn hǎowánr.｜Gēn péngyou yìqǐ wánr hěn hǎowánr.｜Běijīng yǒu hěn duō hǎowánr de dìfang.｜Zhège huódòng hěn hǎowánr.,Today is very fun.｜This game is very fun.｜It is fun to play with friends.｜There are many fun places in Beijing.｜This activity is very fun.,ဒီနေ့ အရမ်းပျော်စရာကောင်းတယ်။｜ဒီဂိမ်းက အရမ်းဆော့လို့ကောင်းတယ်။｜သူငယ်ချင်းတွေနဲ့အတူ ကစားရတာ အရမ်းပျော်စရာကောင်းတယ်။｜ပေကျင်းမှာ ပျော်စရာကောင်းတဲ့နေရာတွေ အများကြီးရှိတယ်။｜ဒီလှုပ်ရှားမှုက အရမ်းပျော်စရာကောင်းတယ်။,玩儿 (wánr) — ကစားသည်｜游戏 (yóuxì) — ဂိမ်း｜好玩 (hǎowán) — ပျော်စရာကောင်းသည်｜有趣 (yǒuqù) — စိတ်ဝင်စားဖို့ကောင်းသည်｜好玩的地方 (hǎowán de dìfang) — ပျော်စရာကောင်းတဲ့နေရာ
143,1,号,hào,Number/date,နံပါတ်၊ အမှတ်၊ ရက်စွဲ,你的电话号码是多少？｜今天是几号？｜请写下你的号码。｜他的房间号是三号。｜我的生日是五月五号。,Nǐ de diànhuà hàomǎ shì duōshao?｜Jīntiān shì jǐ hào?｜Qǐng xiě xià nǐ de hàomǎ.｜Tā de fángjiān hào shì sān hào.｜Wǒ de shēngrì shì wǔ yuè wǔ hào.,What is your phone number?｜What is the date today?｜Please write down your number.｜His room number is three.｜My birthday is May 5th.,မင်းရဲ့ဖုန်းနံပါတ် ဘယ်လောက်လဲ။｜ဒီနေ့ ရက်ဘယ်နှရက်လဲ။｜မင်းရဲ့နံပါတ်ကို ရေးထားပါ။｜သူ့အခန်းနံပါတ်က နံပါတ်သုံးပါ။｜ကျွန်တော်/ကျွန်မ မွေးနေ့က မေလ ၅ ရက်နေ့ပါ။,电话号码 (diànhuà hàomǎ) — ဖုန်းနံပါတ်｜号码 (hàomǎ) — နံပါတ်｜几号 (jǐ hào) — ဘယ်ရက်လဲ｜房间号 (fángjiān hào) — အခန်းနံပါတ်｜学号 (xuéhào) — ကျောင်းသားနံပါတ်
144,1,喝,hē,drink,သောက်သည်,我每天喝水。｜你喜欢喝茶吗？｜他正在喝咖啡。｜我不喝酒。｜孩子在喝牛奶。,Wǒ měitiān hē shuǐ.｜Nǐ xǐhuan hē chá ma?｜Tā zhèngzài hē kāfēi.｜Wǒ bù hē jiǔ.｜Háizi zài hē niúnǎi.,I drink water every day.｜Do you like drinking tea?｜He is drinking coffee.｜I don't drink alcohol.｜The child is drinking milk.,ကျွန်တော်/ကျွန်မ နေ့တိုင်း ရေသောက်တယ်။｜မင်း လက်ဖက်ရည်သောက်ရတာ ကြိုက်လား။｜သူ ကော်ဖီသောက်နေတယ်။｜ကျွန်တော်/ကျွန်မ အရက်မသောက်ဘူး။｜ကလေးက နို့သောက်နေတယ်။,喝水 (hē shuǐ) — ရေသောက်သည်｜喝茶 (hē chá) — လက်ဖက်ရည်သောက်သည်｜喝咖啡 (hē kāfēi) — ကော်ဖီသောက်သည်｜喝牛奶 (hē niúnǎi) — နို့သောက်သည်｜喝汤 (hē tāng) — ဟင်းချိုသောက်သည်
145,1,和,hé,and,နှင့်၊ နဲ့,我和朋友一起去学校。｜我喜欢喝茶和咖啡。｜妈妈和爸爸在家。｜他和我一起学习。｜你想吃米饭和面条吗？,Wǒ hé péngyou yìqǐ qù xuéxiào.｜Wǒ xǐhuan hē chá hé kāfēi.｜Māma hé bàba zài jiā.｜Tā hé wǒ yìqǐ xuéxí.｜Nǐ xiǎng chī mǐfàn hé miàntiáo ma?,I go to school with my friend.｜I like tea and coffee.｜Mom and Dad are at home.｜He studies with me.｜Do you want rice and noodles?,ကျွန်တော်/ကျွန်မ သူငယ်ချင်းနဲ့အတူ ကျောင်းသွားတယ်။｜ကျွန်တော်/ကျွန်မ လက်ဖက်ရည်နဲ့ ကော်ဖီကြိုက်တယ်။｜အမေနဲ့အဖေ အိမ်မှာရှိတယ်။｜သူ ကျွန်တော်/ကျွန်မနဲ့အတူ စာလေ့လာတယ်။｜မင်း ထမင်းနဲ့ ခေါက်ဆွဲစားချင်လား။,和平 (hépíng) — ငြိမ်းချမ်းရေး｜和好 (hé hǎo) — ပြန်အဆင်ပြေသည်｜和我 (hé wǒ) — ကျွန်တော်/ကျွန်မနဲ့｜和朋友 (hé péngyou) — သူငယ်ချင်းနဲ့｜和家人 (hé jiārén) — မိသားစုနဲ့
146,1,很,hěn,very,အလွန်၊ တော်တော်,今天很热。｜我很喜欢中国菜。｜她很漂亮。｜这里很安静。｜我很累。,Jīntiān hěn rè.｜Wǒ hěn xǐhuan Zhōngguó cài.｜Tā hěn piàoliang.｜Zhèlǐ hěn ānjìng.｜Wǒ hěn lèi.,It is very hot today.｜I like Chinese food very much.｜She is very beautiful.｜It is very quiet here.｜I am very tired.,ဒီနေ့ အရမ်းပူတယ်။｜ကျွန်တော်/ကျွန်မ တရုတ်အစားအစာကို အရမ်းကြိုက်တယ်။｜သူမက အရမ်းလှတယ်။｜ဒီနေရာက အရမ်းတိတ်ဆိတ်တယ်။｜ကျွန်တော်/ကျွန်မ အရမ်းပင်ပန်းတယ်။,非常 (fēicháng) — အလွန်｜特别 (tèbié) — အထူးသဖြင့်၊ အရမ်း｜太 (tài) — အရမ်း｜十分 (shífēn) — အလွန်｜很快 (hěn kuài) — အရမ်းမြန်သည်
147,1,后,hòu,back; behind; after; later,နောက်၊ နောက်ပိုင်း,我的书在桌子后面。｜他坐在我后面。｜后天是星期五。｜以后再说吧。｜我在后面等你。,Wǒ de shū zài zhuōzi hòumiàn.｜Tā zuò zài wǒ hòumiàn.｜Hòutiān shì xīngqīwǔ.｜Yǐhòu zài shuō ba.｜Wǒ zài hòumiàn děng nǐ.,My book is behind the table.｜He sits behind me.｜The day after tomorrow is Friday.｜Let's talk about it later.｜I am waiting for you in the back.,ကျွန်တော့်/ကျွန်မ စာအုပ်က စားပွဲနောက်မှာရှိတယ်။｜သူ ကျွန်တော့်/ကျွန်မနောက်မှာ ထိုင်တယ်။｜သဘက်ခါက သောကြာနေ့ပါ။｜နောက်မှ ပြောကြတာပေါ့။｜ကျွန်တော်/ကျွန်မ မင်းကို နောက်မှာစောင့်နေမယ်။,后面 (hòumiàn) — နောက်ဘက်｜以后 (yǐhòu) — နောက်ပိုင်း｜后来 (hòulái) — နောက်ပိုင်းမှာ｜后年 (hòunián) — နောက်နှစ်｜最后 (zuìhòu) — နောက်ဆုံး
148,1,后边,hòu biān,behind; back,နောက်ဘက်၊ အနောက်မှာ,学校后边有一家商店。｜我的房间在后边。｜他站在我后边。｜车站就在后边。｜后边还有一个人。,Xuéxiào hòubian yǒu yì jiā shāngdiàn.｜Wǒ de fángjiān zài hòubian.｜Tā zhàn zài wǒ hòubian.｜Chēzhàn jiù zài hòubian.｜Hòubian hái yǒu yí gè rén.,There is a shop behind the school.｜My room is at the back.｜He is standing behind me.｜The station is just behind.｜There is another person behind.,ကျောင်းနောက်ဘက်မှာ ဆိုင်တစ်ဆိုင်ရှိတယ်။｜ကျွန်တော့်/ကျွန်မအခန်းက နောက်ဘက်မှာရှိတယ်။｜သူ ကျွန်တော့်/ကျွန်မနောက်မှာ ရပ်နေတယ်။｜ဘူတာက နောက်ဘက်မှာပဲရှိတယ်။｜နောက်မှာ လူတစ်ယောက်ရှိသေးတယ်။,后面 (hòumiàn) — နောက်ဘက်｜后边 (hòubian) — နောက်ဘက်｜后面的人 (hòumiàn de rén) — နောက်မှာရှိတဲ့လူ｜后边的房间 (hòubian de fángjiān) — နောက်ဘက်ကအခန်း｜前后 (qiánhòu) — ရှေ့နောက်
149,1,后天,hòu tiān,day after tomorrow,သဘက်ခါ,后天我们去北京。｜后天是星期日。｜我后天有课。｜你后天有时间吗？｜我们后天见。,Hòutiān wǒmen qù Běijīng.｜Hòutiān shì xīngqīrì.｜Wǒ hòutiān yǒu kè.｜Nǐ hòutiān yǒu shíjiān ma?｜Wǒmen hòutiān jiàn.,We are going to Beijing the day after tomorrow.｜The day after tomorrow is Sunday.｜I have class the day after tomorrow.｜Are you free the day after tomorrow?｜See you the day after tomorrow.,သဘက်ခါ ကျွန်တော်တို့ ပေကျင်းသွားမယ်။｜သဘက်ခါက တနင်္ဂနွေနေ့ပါ။｜သဘက်ခါ ကျွန်တော်/ကျွန်မ စာသင်ချိန်ရှိတယ်။｜မင်း သဘက်ခါ အားလား။｜သဘက်ခါ တွေ့မယ်နော်။,明天 (míngtiān) — မနက်ဖြန်｜后年 (hòunián) — နောက်နှစ်｜昨天 (zuótiān) — မနေ့က｜今天 (jīntiān) — ဒီနေ့｜后天晚上 (hòutiān wǎnshang) — သဘက်ခါည
150,1,花（名）,huā,flower,ပန်း,桌子上有一朵花。｜我喜欢红色的花。｜妈妈买了很多花。｜这朵花很漂亮。｜春天有很多花。,Zhuōzi shàng yǒu yì duǒ huā.｜Wǒ xǐhuan hóngsè de huā.｜Māma mǎi le hěn duō huā.｜Zhè duǒ huā hěn piàoliang.｜Chūntiān yǒu hěn duō huā.,There is a flower on the table.｜I like red flowers.｜Mom bought many flowers.｜This flower is very beautiful.｜There are many flowers in spring.,စားပွဲပေါ်မှာ ပန်းတစ်ပွင့်ရှိတယ်။｜ကျွန်တော်/ကျွန်မ အနီရောင်ပန်းတွေကို ကြိုက်တယ်။｜အမေ ပန်းတွေအများကြီး ဝယ်လာတယ်။｜ဒီပန်းက အရမ်းလှတယ်။｜နွေဦးရာသီမှာ ပန်းတွေအများကြီး ပွင့်တယ်။,花儿 (huār) — ပန်း｜花朵 (huāduǒ) — ပန်းပွင့်｜花园 (huāyuán) — ပန်းခြံ｜开花 (kāihuā) — ပန်းပွင့်သည်｜鲜花 (xiānhuā) — လတ်ဆတ်သောပန်း
151,1,话,huà,word; words,စကား၊ စကားပြောခြင်း,你说的话是什么意思？｜我有话想告诉你。｜他说了一句话。｜请不要说这样的话。｜我们坐下来好好说话。,Nǐ shuō de huà shì shénme yìsi?｜Wǒ yǒu huà xiǎng gàosu nǐ.｜Tā shuō le yí jù huà.｜Qǐng bú yào shuō zhèyàng de huà.｜Wǒmen zuò xiàlái hǎohāo shuōhuà.,What does what you said mean?｜I have something to tell you.｜He said a sentence.｜Please don't say things like that.｜Let's sit down and talk properly.,မင်းပြောတဲ့စကားက ဘာအဓိပ္ပာယ်လဲ။｜ကျွန်တော်/ကျွန်မ မင်းကို ပြောချင်တာတစ်ခုရှိတယ်။｜သူ စကားတစ်ခွန်းပြောတယ်။｜အဲဒီလိုစကားမျိုး မပြောပါနဲ့။｜ကျွန်တော်တို့ ထိုင်ပြီး သေချာစကားပြောကြမယ်။,说话 (shuōhuà) — စကားပြောသည်｜电话 (diànhuà) — ဖုန်း｜说话人 (shuōhuàrén) — စကားပြောသူ｜一句话 (yí jù huà) — စကားတစ်ခွန်း｜话题 (huàtí) — စကားဝိုင်းအကြောင်းအရာ
152,1,坏,huài,bad,မကောင်းသော၊ ပျက်စီးသော,这个苹果坏了。｜我的手机坏了。｜天气很坏。｜这个东西坏了。｜他不是一个坏人。,Zhège píngguǒ huài le.｜Wǒ de shǒujī huài le.｜Tiānqì hěn huài.｜Zhège dōngxi huài le.｜Tā bú shì yí gè huàirén.,This apple has gone bad.｜My phone is broken.｜The weather is bad.｜This thing is broken.｜He is not a bad person.,ဒီပန်းသီး ပုပ်သွားပြီ။｜ကျွန်တော့်/ကျွန်မ ဖုန်းပျက်သွားပြီ။｜ရာသီဥတု မကောင်းဘူး။｜ဒီပစ္စည်း ပျက်သွားပြီ။｜သူက လူမကောင်းတစ်ယောက် မဟုတ်ဘူး။,坏人 (huàirén) — လူမကောင်း｜坏了 (huài le) — ပျက်သွားပြီ｜坏事 (huàishì) — မကောင်းတဲ့ကိစ္စ｜坏天气 (huài tiānqì) — ရာသီဥတုဆိုး｜好坏 (hǎohuài) — ကောင်းမကောင်း
153,1,还,huán,return; pay back,လည်း၊ သေးသည်၊ နေဆဲ,我还没吃饭。｜他还在学习。｜我还喜欢这个。｜你还有时间吗？｜我还想再看一下。,Wǒ hái méi chīfàn.｜Tā hái zài xuéxí.｜Wǒ hái xǐhuan zhège.｜Nǐ hái yǒu shíjiān ma?｜Wǒ hái xiǎng zài kàn yíxià.,I haven't eaten yet.｜He is still studying.｜I still like this.｜Do you still have time?｜I want to look again.,ကျွန်တော်/ကျွန်မ ထမင်းမစားရသေးဘူး။｜သူ စာလေ့လာနေတုန်းပဲ။｜ကျွန်တော်/ကျွန်မ ဒါကို သဘောကျနေတုန်းပဲ။｜မင်းမှာ အချိန်ရှိသေးလား။｜ကျွန်တော်/ကျွန်မ ထပ်ကြည့်ချင်တယ်။,还没 (hái méi) — မ...သေး｜还有 (hái yǒu) — ရှိသေးသည်｜还是 (háishi) — ဒါမှမဟုတ်｜还在 (hái zài) — ...နေဆဲ｜还要 (hái yào) — ထပ်ပြီးလိုသည်
154,1,回（动）,huí,go back; return,ပြန်သည်၊ ပြန်သွားသည်,我明天回家。｜他什么时候回来？｜请回学校。｜我想回中国。｜我们晚上回去。,Wǒ míngtiān huí jiā.｜Tā shénme shíhou huílái?｜Qǐng huí xuéxiào.｜Wǒ xiǎng huí Zhōngguó.｜Wǒmen wǎnshang huíqù.,I will go home tomorrow.｜When will he come back?｜Please return to school.｜I want to return to China.｜We will go back in the evening.,မနက်ဖြန် အိမ်ပြန်မယ်။｜သူ ဘယ်တော့ပြန်လာမလဲ။｜ကျောင်းကို ပြန်သွားပါ။｜ကျွန်တော်/ကျွန်မ တရုတ်နိုင်ငံကို ပြန်သွားချင်တယ်။｜ညနေကျရင် ကျွန်တော်တို့ ပြန်သွားမယ်။,回来 (huílái) — ပြန်လာသည်｜回去 (huíqù) — ပြန်သွားသည်｜回家 (huíjiā) — အိမ်ပြန်သည်｜回到 (huídào) — ပြန်ရောက်သည်｜回头 (huítóu) — နောက်ပြန်လှည့်သည်
155,1,回答,huídá,Answer,ဖြေသည်၊ အဖြေပေးသည်,你能回答我的问题吗？｜请回答我。｜老师回答了学生的问题。｜他没有回答我的问题。｜我不知道怎么回答。,Nǐ néng huídá wǒ de wèntí ma?｜Qǐng huídá wǒ.｜Lǎoshī huídá le xuéshēng de wèntí.｜Tā méiyǒu huídá wǒ de wèntí.｜Wǒ bù zhīdào zěnme huídá.,Can you answer my question?｜Please answer me.｜The teacher answered the student's question.｜He didn't answer my question.｜I don't know how to answer.,မင်း ငါ့မေးခွန်းကို ဖြေနိုင်လား။｜ကျွန်တော်/ကျွန်မကို ဖြေပေးပါ။｜ဆရာ/ဆရာမက ကျောင်းသားရဲ့မေးခွန်းကို ဖြေတယ်။｜သူ ငါ့မေးခွန်းကို မဖြေဘူး။｜ဘယ်လိုဖြေရမလဲ မသိဘူး။,回答 (huídá) — ဖြေသည်｜问题 (wèntí) — မေးခွန်း｜答案 (dá'àn) — အဖြေ｜回答问题 (huídá wèntí) — မေးခွန်းဖြေသည်｜回答一下 (huídá yíxià) — ခဏဖြေပေးသည်
156,1,回到,huí dào,back to,ပြန်ရောက်သည်,我回到家了。｜他晚上回到学校。｜我们终于回到北京了。｜她回到了自己的房间。｜我昨天回到公司。,Wǒ huí dào jiā le.｜Tā wǎnshang huí dào xuéxiào.｜Wǒmen zhōngyú huí dào Běijīng le.｜Tā huí dào le zìjǐ de fángjiān.｜Wǒ zuótiān huí dào gōngsī.,I returned home.｜He returned to school in the evening.｜We finally returned to Beijing.｜She returned to her room.｜I returned to the office yesterday.,ကျွန်တော်/ကျွန်မ အိမ်ကို ပြန်ရောက်ပြီ။｜သူ ညနေမှာ ကျောင်းကို ပြန်ရောက်တယ်။｜ကျွန်တော်တို့ နောက်ဆုံးတော့ ပေကျင်းကို ပြန်ရောက်ပြီ။｜သူမ ကိုယ့်အခန်းကို ပြန်ရောက်သွားတယ်။｜မနေ့က ကျွန်တော်/ကျွန်မ ရုံးကို ပြန်ရောက်တယ်။,回家 (huíjiā) — အိမ်ပြန်သည်｜回学校 (huí xuéxiào) — ကျောင်းပြန်သည်｜回国 (huíguó) — နိုင်ငံပြန်သည်｜回到家 (huí dào jiā) — အိမ်ပြန်ရောက်သည်｜回到学校 (huí dào xuéxiào) — ကျောင်းပြန်ရောက်သည်
157,1,回家,huí jiā,go home; return home,အိမ်ပြန်သည်,我每天六点回家。｜下课以后我就回家。｜今天晚上我要回家。｜他已经回家了。｜你什么时候回家？,Wǒ měitiān liù diǎn huí jiā.｜Xiàkè yǐhòu wǒ jiù huí jiā.｜Jīntiān wǎnshang wǒ yào huí jiā.｜Tā yǐjīng huí jiā le.｜Nǐ shénme shíhou huí jiā?,I go home at six every day.｜I go home after class.｜I am going home tonight.｜He has already gone home.｜When will you go home?,ကျွန်တော်/ကျွန်မ နေ့တိုင်း ခြောက်နာရီမှာ အိမ်ပြန်တယ်။｜စာသင်ပြီးရင် အိမ်ပြန်တယ်။｜ဒီည အိမ်ပြန်မယ်။｜သူ အိမ်ပြန်ရောက်နေပြီ။｜မင်း ဘယ်တော့ အိမ်ပြန်မလဲ။,回家 (huíjiā) — အိမ်ပြန်သည်｜家里 (jiālǐ) — အိမ်မှာ｜家人 (jiārén) — မိသားစု｜回家去 (huí jiā qù) — အိမ်ပြန်သွားသည်｜回家吧 (huí jiā ba) — အိမ်ပြန်ကြစို့
158,1,回来,huí lái,come back; return,ပြန်လာသည်,你什么时候回来？｜妈妈还没回来。｜他下午回来。｜我希望你早点回来。｜她从学校回来了。,Nǐ shénme shíhou huílái?｜Māma hái méi huílái.｜Tā xiàwǔ huílái.｜Wǒ xīwàng nǐ zǎodiǎn huílái.｜Tā cóng xuéxiào huílái le.,When will you come back?｜Mom hasn't come back yet.｜He will come back in the afternoon.｜I hope you come back early.｜She came back from school.,မင်း ဘယ်တော့ ပြန်လာမလဲ။｜အမေ အခုထိ ပြန်မလာသေးဘူး။｜သူ နေ့လယ်မှာ ပြန်လာမယ်။｜မင်း စောစောပြန်လာစေချင်တယ်။｜သူ ကျောင်းကနေ ပြန်လာတယ်။,回来吧 (huílái ba) — ပြန်လာပါ｜回来以后 (huílái yǐhòu) — ပြန်လာပြီးနောက်｜回来了 (huílái le) — ပြန်လာပြီ｜从外面回来 (cóng wàimiàn huílái) — အပြင်ကနေပြန်လာသည်｜早点回来 (zǎodiǎn huílái) — စောစောပြန်လာသည်
159,1,回去,huí qù,go back,ပြန်သွားသည်,我明天回去。｜你什么时候回去？｜吃完饭我们就回去。｜他已经回去了。｜我想回去看看。,Wǒ míngtiān huíqù.｜Nǐ shénme shíhou huíqù?｜Chī wán fàn wǒmen jiù huíqù.｜Tā yǐjīng huíqù le.｜Wǒ xiǎng huíqù kànkan.,I will go back tomorrow.｜When will you go back?｜We will go back after eating.｜He has already gone back.｜I want to go back and have a look.,မနက်ဖြန် ပြန်သွားမယ်။｜မင်း ဘယ်တော့ ပြန်သွားမလဲ။｜ထမင်းစားပြီးရင် ပြန်သွားမယ်။｜သူ ပြန်သွားပြီးပြီ။｜ကျွန်တော်/ကျွန်မ ပြန်သွားပြီး ကြည့်ချင်တယ်။,回去吧 (huíqù ba) — ပြန်သွားပါ｜回去以后 (huíqù yǐhòu) — ပြန်သွားပြီးနောက်｜回去了 (huíqù le) — ပြန်သွားပြီ｜回去看看 (huíqù kànkan) — ပြန်သွားကြည့်သည်｜回去上班 (huíqù shàngbān) — ပြန်သွားပြီးအလုပ်လုပ်သည်
160,1,会（动）,huì,can; be able to,တတ်သည်၊ လုပ်တတ်သည်,我会说汉语。｜我会做饭。｜你会游泳吗？｜他会开车。｜我不会唱歌。,Wǒ huì shuō Hànyǔ.｜Wǒ huì zuò fàn.｜Nǐ huì yóuyǒng ma?｜Tā huì kāichē.｜Wǒ bú huì chànggē.,I can speak Chinese.｜I can cook.｜Can you swim?｜He can drive.｜I can't sing.,ကျွန်တော်/ကျွန်မ တရုတ်စကားပြောတတ်တယ်။｜ကျွန်တော်/ကျွန်မ ဟင်းချက်တတ်တယ်။｜မင်း ရေကူးတတ်လား။｜သူ ကားမောင်းတတ်တယ်။｜ကျွန်တော်/ကျွန်မ သီချင်းမဆိုတတ်ဘူး။,会说 (huì shuō) — ပြောတတ်သည်｜会做 (huì zuò) — လုပ်တတ်သည်｜会游泳 (huì yóuyǒng) — ရေကူးတတ်သည်｜会开车 (huì kāichē) — ကားမောင်းတတ်သည်｜会唱歌 (huì chànggē) — သီချင်းဆိုတတ်သည်
161,1,火车,huǒ chē,train,ရထား,我坐火车去北京。｜火车来了。｜这辆火车很快。｜我喜欢坐火车。｜火车站在哪里？,Wǒ zuò huǒchē qù Běijīng.｜Huǒchē lái le.｜Zhè liàng huǒchē hěn kuài.｜Wǒ xǐhuan zuò huǒchē.｜Huǒchēzhàn zài nǎlǐ?,I take the train to Beijing.｜The train has arrived.｜This train is very fast.｜I like taking the train.｜Where is the train station?,ကျွန်တော်/ကျွန်မ ရထားစီးပြီး ပေကျင်းကိုသွားတယ်။｜ရထားရောက်လာပြီ။｜ဒီရထားက အရမ်းမြန်တယ်။｜ကျွန်တော်/ကျွန်မ ရထားစီးရတာ ကြိုက်တယ်။｜ရထားဘူတာက ဘယ်မှာလဲ။,火车站 (huǒchēzhàn) — ရထားဘူတာ｜火车票 (huǒchēpiào) — ရထားလက်မှတ်｜坐火车 (zuò huǒchē) — ရထားစီးသည်｜高铁 (gāotiě) — အမြန်ရထား｜火车站台 (huǒchē zhàntái) — ရထားစင်္ကြံ
162,1,机场,jīchǎng,Airport,လေဆိပ်,我们到了机场。｜机场很大。｜我在机场等你。｜机场里有很多人。｜你几点到机场？,Wǒmen dào le jīchǎng.｜Jīchǎng hěn dà.｜Wǒ zài jīchǎng děng nǐ.｜Jīchǎng lǐ yǒu hěn duō rén.｜Nǐ jǐ diǎn dào jīchǎng?,We arrived at the airport.｜The airport is very big.｜I am waiting for you at the airport.｜There are many people at the airport.｜What time will you arrive at the airport?,ကျွန်တော်တို့ လေဆိပ်ကို ရောက်ပြီ။｜လေဆိပ်က အရမ်းကြီးတယ်။｜ကျွန်တော်/ကျွန်မ လေဆိပ်မှာ မင်းကိုစောင့်နေတယ်။｜လေဆိပ်မှာ လူတွေအများကြီးရှိတယ်။｜မင်း ဘယ်နှနာရီ လေဆိပ်ရောက်မလဲ။,机场 (jīchǎng) — လေဆိပ်｜飞机 (fēijī) — လေယာဉ်｜机场大巴 (jīchǎng dàbā) — လေဆိပ်ဘတ်စ်ကား｜机场出口 (jīchǎng chūkǒu) — လေဆိပ်ထွက်ပေါက်｜机场大厅 (jīchǎng dàtīng) — လေဆိပ်ဧည့်ခန်းမ
163,1,机票,jī piào,air ticket,လေယာဉ်လက်မှတ်,我买了机票。｜我的机票在哪里？｜这张机票多少钱？｜请给我看一下机票。｜我已经订好机票了。,Wǒ mǎi le jīpiào.｜Wǒ de jīpiào zài nǎlǐ?｜Zhè zhāng jīpiào duōshao qián?｜Qǐng gěi wǒ kàn yíxià jīpiào.｜Wǒ yǐjīng dìng hǎo jīpiào le.,I bought a plane ticket.｜Where is my plane ticket?｜How much is this ticket?｜Please let me see the plane ticket.｜I have already booked the plane ticket.,ကျွန်တော်/ကျွန်မ လေယာဉ်လက်မှတ်ဝယ်ထားတယ်။｜ကျွန်တော့်/ကျွန်မရဲ့ လေယာဉ်လက်မှတ် ဘယ်မှာလဲ။｜ဒီလက်မှတ်က ဘယ်လောက်လဲ။｜လေယာဉ်လက်မှတ်လေး ပြပေးပါ။｜ကျွန်တော်/ကျွန်မ လေယာဉ်လက်မှတ် ကြိုတင်မှာထားပြီးပြီ။,飞机票 (fēijīpiào) — လေယာဉ်လက်မှတ်｜机票钱 (jīpiào qián) — လေယာဉ်လက်မှတ်ဖိုး｜买机票 (mǎi jīpiào) — လေယာဉ်လက်မှတ်ဝယ်သည်｜订机票 (dìng jīpiào) — လေယာဉ်လက်မှတ်မှာသည်｜电子机票 (diànzǐ jīpiào) — အီလက်ထရွန်နစ်လေယာဉ်လက်မှတ်
164,1,鸡蛋,jīdàn,Egg,ကြက်ဥ,我喜欢吃鸡蛋。｜早餐有鸡蛋。｜这个鸡蛋很好吃。｜妈妈给我煮了鸡蛋。｜桌子上有两个鸡蛋。,Wǒ xǐhuan chī jīdàn.｜Zǎocān yǒu jīdàn.｜Zhège jīdàn hěn hǎochī.｜Māma gěi wǒ zhǔ le jīdàn.｜Zhuōzi shàng yǒu liǎng gè jīdàn.,I like eating eggs.｜There are eggs for breakfast.｜This egg is delicious.｜Mom boiled eggs for me.｜There are two eggs on the table.,ကျွန်တော်/ကျွန်မ ကြက်ဥစားရတာကြိုက်တယ်။｜မနက်စာမှာ ကြက်ဥရှိတယ်။｜ဒီကြက်ဥက အရမ်းစားကောင်းတယ်။｜အမေက ကျွန်တော့်/ကျွန်မအတွက် ကြက်ဥပြုတ်ပေးတယ်။｜စားပွဲပေါ်မှာ ကြက်ဥနှစ်လုံးရှိတယ်။,鸡 (jī) — ကြက်｜鸡肉 (jīròu) — ကြက်သား｜鸡蛋糕 (jīdàngāo) — ကြက်ဥကိတ်｜鸡蛋汤 (jīdàn tāng) — ကြက်ဥဟင်းချို｜煎鸡蛋 (jiān jīdàn) — ကြက်ဥကြော်
165,1,几,jǐ,several,ဘယ်နှစ်၊ ဘယ်လောက်,你有几个朋友？｜现在几点？｜你买了几个？｜你几岁？｜这里有几个人？,Nǐ yǒu jǐ gè péngyou?｜Xiànzài jǐ diǎn?｜Nǐ mǎi le jǐ gè?｜Nǐ jǐ suì?｜Zhèlǐ yǒu jǐ gè rén?,How many friends do you have?｜What time is it now?｜How many did you buy?｜How old are you?｜How many people are here?,မင်းမှာ သူငယ်ချင်းဘယ်နှစ်ယောက်ရှိလဲ။｜အခု ဘယ်နှနာရီရှိပြီလဲ။｜မင်း ဘယ်နှခုဝယ်ခဲ့လဲ။｜မင်းအသက် ဘယ်နှနှစ်ရှိပြီလဲ။｜ဒီမှာ လူဘယ်နှယောက်ရှိလဲ။,几个 (jǐ gè) — ဘယ်နှခု｜几岁 (jǐ suì) — အသက်ဘယ်နှနှစ်｜几点 (jǐ diǎn) — ဘယ်နှနာရီ｜几天 (jǐ tiān) — ဘယ်နှရက်｜几个人 (jǐ gè rén) — လူဘယ်နှယောက်
166,1,记,jì,remember,မှတ်သည်၊ မှတ်သားသည်,我记得你的名字。｜请记下这个电话号码。｜我每天记单词。｜老师让我记这个字。｜我不记得了。,Wǒ jìde nǐ de míngzi.｜Qǐng jì xià zhège diànhuà hàomǎ.｜Wǒ měitiān jì dāncí.｜Lǎoshī ràng wǒ jì zhège zì.｜Wǒ bù jìde le.,I remember your name.｜Please write down this phone number.｜I memorize vocabulary every day.｜The teacher asked me to remember this character.｜I don't remember.,မင်းနာမည်ကို ကျွန်တော်/ကျွန်မ မှတ်မိတယ်။｜ဒီဖုန်းနံပါတ်ကို မှတ်ထားပေးပါ။｜ကျွန်တော်/ကျွန်မ နေ့တိုင်း စကားလုံးတွေ မှတ်တယ်။｜ဆရာ/ဆရာမက ဒီစာလုံးကို မှတ်ထားခိုင်းတယ်။｜ကျွန်တော်/ကျွန်မ မမှတ်မိတော့ဘူး။,记住 (jìzhù) — မှတ်ထားသည်｜记得 (jìde) — မှတ်မိသည်｜日记 (rìjì) — နေ့စဉ်မှတ်တမ်း｜记号 (jìhào) — အမှတ်အသား｜笔记 (bǐjì) — မှတ်စု
167,1,记得,jìdé,remember,မှတ်မိသည်,我记得他的名字。｜你还记得我吗？｜我记得今天是星期一。｜我记得这件事。｜她记得我的生日。,Wǒ jìde tā de míngzi.｜Nǐ hái jìde wǒ ma?｜Wǒ jìde jīntiān shì xīngqīyī.｜Wǒ jìde zhè jiàn shì.｜Tā jìde wǒ de shēngrì.,I remember his name.｜Do you still remember me?｜I remember that today is Monday.｜I remember this matter.｜She remembers my birthday.,သူ့နာမည်ကို ကျွန်တော်/ကျွန်မ မှတ်မိတယ်။｜မင်း ငါ့ကို မှတ်မိသေးလား။｜ဒီနေ့ တနင်္လာနေ့ဆိုတာ ကျွန်တော်/ကျွန်မ မှတ်မိတယ်။｜ဒီကိစ္စကို ကျွန်တော်/ကျွန်မ မှတ်မိတယ်။｜သူမက ကျွန်တော့်/ကျွန်မ မွေးနေ့ကို မှတ်မိတယ်။,记住 (jìzhù) — မှတ်ထားသည်｜记得 (jìde) — မှတ်မိသည်｜记忆 (jìyì) — မှတ်ဉာဏ်｜记忆力 (jìyìlì) — မှတ်ဉာဏ်စွမ်းရည်｜忘记 (wàngjì) — မေ့သည်
168,1,记住,jì zhù,remember; keep in mind,မှတ်ထားသည်,请记住这个名字。｜你要记住我的话。｜我已经记住了。｜请记住这个电话号码。｜孩子很快就记住了这个字。,Qǐng jìzhù zhège míngzi.｜Nǐ yào jìzhù wǒ de huà.｜Wǒ yǐjīng jìzhù le.｜Qǐng jìzhù zhège diànhuà hàomǎ.｜Háizi hěn kuài jiù jìzhù le zhège zì.,Please remember this name.｜You should remember what I said.｜I have already remembered it.｜Please remember this phone number.｜The child quickly remembered this character.,ဒီနာမည်ကို မှတ်ထားပေးပါ။｜ငါပြောတာကို မှတ်ထားနော်။｜ကျွန်တော်/ကျွန်မ မှတ်ထားပြီးပြီ။｜ဒီဖုန်းနံပါတ်ကို မှတ်ထားပေးပါ။｜ကလေးက ဒီစာလုံးကို မြန်မြန်မှတ်မိသွားတယ်။,记 (jì) — မှတ်သည်｜记得 (jìde) — မှတ်မိသည်｜记忆 (jìyì) — မှတ်ဉာဏ်｜记号 (jìhào) — အမှတ်အသား｜忘记 (wàngjì) — မေ့သည်
169,1,家,jiā,home,အိမ်၊ မိသားစု,我家在北京。｜我每天六点回家。｜这是我的家。｜我很爱我的家。｜你家有几个人？,Wǒ jiā zài Běijīng.｜Wǒ měitiān liù diǎn huí jiā.｜Zhè shì wǒ de jiā.｜Wǒ hěn ài wǒ de jiā.｜Nǐ jiā yǒu jǐ gè rén?,My home is in Beijing.｜I go home at six every day.｜This is my home.｜I love my home very much.｜How many people are there in your family?,ကျွန်တော်/ကျွန်မအိမ်က ပေကျင်းမှာရှိတယ်။｜ကျွန်တော်/ကျွန်မ နေ့တိုင်း ခြောက်နာရီမှာ အိမ်ပြန်တယ်။｜ဒါက ကျွန်တော်/ကျွန်မအိမ်ပါ။｜ကျွန်တော်/ကျွန်မ အိမ်ကိုအရမ်းချစ်တယ်။｜မင်းအိမ်မှာ လူဘယ်နှယောက်ရှိလဲ။,家庭 (jiātíng) — မိသားစု｜家里 (jiālǐ) — အိမ်မှာ｜家人 (jiārén) — မိသားစုဝင်｜回家 (huíjiā) — အိမ်ပြန်သည်｜国家 (guójiā) — နိုင်ငံ
170,1,家里,jiā lǐ,In the home,အိမ်မှာ၊ အိမ်ထဲမှာ,我在家里学习。｜妈妈在家里。｜家里还有人吗？｜我喜欢待在家里。｜他昨天在家里。,Wǒ zài jiālǐ xuéxí.｜Māma zài jiālǐ.｜Jiālǐ hái yǒu rén ma?｜Wǒ xǐhuan dāi zài jiālǐ.｜Tā zuótiān zài jiālǐ.,I study at home.｜Mom is at home.｜Is there anyone else at home?｜I like staying at home.｜He was at home yesterday.,ကျွန်တော်/ကျွန်မ အိမ်မှာ စာလေ့လာတယ်။｜အမေ အိမ်မှာရှိတယ်။｜အိမ်မှာ တခြားလူရှိသေးလား။｜ကျွန်တော်/ကျွန်မ အိမ်မှာနေရတာကြိုက်တယ်။｜သူ မနေ့က အိမ်မှာရှိတယ်။,家人 (jiārén) — မိသားစုဝင်｜家里人 (jiālǐrén) — အိမ်သား｜家乡 (jiāxiāng) — မွေးရပ်မြေ｜在家 (zài jiā) — အိမ်မှာရှိသည်｜回家 (huíjiā) — အိမ်ပြန်သည်
171,1,家人,jiā rén,family,မိသားစုဝင်,我的家人都很好。｜我爱我的家人。｜家人都在家。｜他和家人一起吃饭。｜我的家人住在北京。,Wǒ de jiārén dōu hěn hǎo.｜Wǒ ài wǒ de jiārén.｜Jiārén dōu zài jiā.｜Tā hé jiārén yìqǐ chīfàn.｜Wǒ de jiārén zhù zài Běijīng.,My family is all well.｜I love my family.｜My family is all at home.｜He eats with his family.｜My family lives in Beijing.,ကျွန်တော်/ကျွန်မ မိသားစုအားလုံး နေကောင်းကြတယ်။｜ကျွန်တော်/ကျွန်မ မိသားစုကိုချစ်တယ်။｜မိသားစုအားလုံး အိမ်မှာရှိတယ်။｜သူ မိသားစုနဲ့အတူ ထမင်းစားတယ်။｜ကျွန်တော်/ကျွန်မ မိသားစုက ပေကျင်းမှာနေတယ်။,家庭 (jiātíng) — မိသားစု｜家里 (jiālǐ) — အိမ်မှာ｜父母 (fùmǔ) — မိဘ｜爸爸 (bàba) — အဖေ｜妈妈 (māma) — အမေ
172,1,间,jiān,between; measure word for rooms,အခန်း,我的房间很大。｜这个房间有两张床。｜我住在三号房间。｜我们一间一间地看。｜这里有一间教室。,Wǒ de fángjiān hěn dà.｜Zhège fángjiān yǒu liǎng zhāng chuáng.｜Wǒ zhù zài sān hào fángjiān.｜Wǒmen yì jiān yì jiān de kàn.｜Zhèlǐ yǒu yì jiān jiàoshì.,My room is very big.｜There are two beds in this room.｜I live in room number three.｜We look at them one by one.｜There is a classroom here.,ကျွန်တော့်/ကျွန်မအခန်းက အရမ်းကျယ်တယ်။｜ဒီအခန်းမှာ ကုတင်နှစ်လုံးရှိတယ်။｜ကျွန်တော်/ကျွန်မ အခန်းနံပါတ်သုံးမှာ နေတယ်။｜ကျွန်တော်တို့ တစ်ခန်းပြီးတစ်ခန်း ကြည့်တယ်။｜ဒီမှာ စာသင်ခန်းတစ်ခန်းရှိတယ်။,房间 (fángjiān) — အခန်း｜一间 (yì jiān) — အခန်းတစ်ခန်း｜教室 (jiàoshì) — စာသင်ခန်း｜房间号 (fángjiān hào) — အခန်းနံပါတ်｜卫生间 (wèishēngjiān) — ရေချိုးခန်း/အိမ်သာ
173,1,见,jiàn,see; meet,တွေ့သည်,我明天去见老师。｜我想见你。｜我们在学校见。｜他昨天见了朋友。｜很高兴见到你。,Wǒ míngtiān qù jiàn lǎoshī.｜Wǒ xiǎng jiàn nǐ.｜Wǒmen zài xuéxiào jiàn.｜Tā zuótiān jiàn le péngyou.｜Hěn gāoxìng jiàn dào nǐ.,I will see the teacher tomorrow.｜I want to see you.｜See you at school.｜He saw a friend yesterday.｜Nice to meet you.,မနက်ဖြန် ဆရာ/ဆရာမကို သွားတွေ့မယ်။｜ကျွန်တော်/ကျွန်မ မင်းကိုတွေ့ချင်တယ်။｜ကျောင်းမှာတွေ့မယ်။｜သူ မနေ့က သူငယ်ချင်းတစ်ယောက်ကို တွေ့တယ်။｜မင်းနဲ့တွေ့ရတာ ဝမ်းသာပါတယ်။,看见 (kànjiàn) — တွေ့မြင်သည်｜见到 (jiàn dào) — တွေ့သည်｜再见 (zàijiàn) — နောက်မှတွေ့မယ်｜见过 (jiàn guo) — တွေ့ဖူးသည်｜见面 (jiànmiàn) — တွေ့ဆုံသည်
174,1,见面,jiànmiàn,meet,တွေ့ဆုံသည်,我们明天见面。｜我想和你见面。｜他们第一次见面。｜我们在哪里见面？｜见面以后再说吧。,Wǒmen míngtiān jiànmiàn.｜Wǒ xiǎng hé nǐ jiànmiàn.｜Tāmen dì yī cì jiànmiàn.｜Wǒmen zài nǎlǐ jiànmiàn?｜Jiànmiàn yǐhòu zài shuō ba.,We will meet tomorrow.｜I want to meet you.｜They met for the first time.｜Where shall we meet?｜Let's talk after we meet.,မနက်ဖြန် ကျွန်တော်တို့ တွေ့ကြမယ်။｜ကျွန်တော်/ကျွန်မ မင်းနဲ့တွေ့ချင်တယ်။｜သူတို့ ပထမဆုံးအကြိမ် တွေ့ကြတာ။｜ဘယ်မှာတွေ့ကြမလဲ။｜တွေ့ပြီးမှ ဆက်ပြောကြတာပေါ့။,见到 (jiàn dào) — တွေ့သည်｜见面 (jiànmiàn) — တွေ့ဆုံသည်｜见过 (jiàn guo) — တွေ့ဖူးသည်｜再见 (zàijiàn) — နောက်မှတွေ့မယ်｜第一次见面 (dì yī cì jiànmiàn) — ပထမဆုံးအကြိမ်တွေ့ဆုံခြင်း
175,1,教,jiāo,teach,သင်ကြားသည်,老师教我们汉语。｜我妈妈教我做饭。｜他在学校教英语。｜老师教学生写汉字。｜你会教我吗？,Lǎoshī jiāo wǒmen Hànyǔ.｜Wǒ māma jiāo wǒ zuò fàn.｜Tā zài xuéxiào jiāo Yīngyǔ.｜Lǎoshī jiāo xuéshēng xiě Hànzì.｜Nǐ huì jiāo wǒ ma?,The teacher teaches us Chinese.｜My mother teaches me to cook.｜He teaches English at school.｜The teacher teaches students to write Chinese characters.｜Can you teach me?,ဆရာ/ဆရာမက ကျွန်တော်တို့ကို တရုတ်စာသင်ပေးတယ်။｜အမေက ကျွန်တော်/ကျွန်မကို ဟင်းချက်သင်ပေးတယ်။｜သူ ကျောင်းမှာ အင်္ဂလိပ်စာသင်တယ်။｜ဆရာ/ဆရာမက ကျောင်းသားတွေကို တရုတ်စာလုံးရေးသင်ပေးတယ်။｜မင်း ကျွန်တော်/ကျွန်မကို သင်ပေးနိုင်လား။,教书 (jiāoshū) — စာသင်သည်｜教师 (jiàoshī) — ဆရာ/ဆရာမ｜教学 (jiàoxué) — သင်ကြားရေး｜教室 (jiàoshì) — စာသင်ခန်း｜教汉语 (jiāo Hànyǔ) — တရုတ်စာသင်သည်
176,1,叫（动）,jiào,call; be called,ခေါ်သည်,老师叫我。｜妈妈叫我回家。｜他叫我去学校。｜你叫什么名字？｜有人叫你。,Lǎoshī jiào wǒ.｜Māma jiào wǒ huí jiā.｜Tā jiào wǒ qù xuéxiào.｜Nǐ jiào shénme míngzi?｜Yǒu rén jiào nǐ.,The teacher called me.｜Mom told me to go home.｜He told me to go to school.｜What is your name?｜Someone is calling you.,ဆရာ/ဆရာမက ကျွန်တော့်/ကျွန်မကို ခေါ်တယ်။｜အမေက အိမ်ပြန်ဖို့ ခေါ်တယ်။｜သူက ကျောင်းသွားဖို့ ကျွန်တော့်/ကျွန်မကို ခေါ်တယ်။｜မင်းနာမည် ဘယ်လိုခေါ်လဲ။｜တစ်ယောက်ယောက်က မင်းကိုခေါ်နေတယ်။,叫人 (jiào rén) — လူကိုခေါ်သည်｜叫名字 (jiào míngzi) — နာမည်ခေါ်သည်｜叫我 (jiào wǒ) — ကျွန်တော်/ကျွန်မကို ခေါ်သည်｜叫醒 (jiàoxǐng) — နှိုးသည်｜叫做 (jiàozuò) — ...ဟုခေါ်သည်
177,1,教学楼,jiào xué lóu,teaching building,စာသင်ဆောင်,教学楼在学校里面。｜我们的教学楼很大。｜学生在教学楼里上课。｜教学楼旁边有一个商店。｜我每天去教学楼上课。,Jiàoxuélóu zài xuéxiào lǐmiàn.｜Wǒmen de jiàoxuélóu hěn dà.｜Xuéshēng zài jiàoxuélóu lǐ shàngkè.｜Jiàoxuélóu pángbiān yǒu yí gè shāngdiàn.｜Wǒ měitiān qù jiàoxuélóu shàngkè.,The teaching building is inside the school.｜Our teaching building is very big.｜Students have classes in the teaching building.｜There is a shop next to the teaching building.｜I go to the teaching building for class every day.,စာသင်ဆောင်က ကျောင်းထဲမှာရှိတယ်။｜ကျွန်တော်တို့ စာသင်ဆောင်က အရမ်းကြီးတယ်။｜ကျောင်းသားတွေ စာသင်ဆောင်မှာ စာသင်ကြတယ်။｜စာသင်ဆောင်ဘေးမှာ ဆိုင်တစ်ဆိုင်ရှိတယ်။｜ကျွန်တော်/ကျွန်မ နေ့တိုင်း စာသင်ဖို့ စာသင်ဆောင်ကိုသွားတယ်။,教学 (jiàoxué) — သင်ကြားရေး｜教学楼 (jiàoxuélóu) — စာသင်ဆောင်｜教学方法 (jiàoxué fāngfǎ) — သင်ကြားနည်း｜教室 (jiàoshì) — စာသင်ခန်း｜学生 (xuéshēng) — ကျောင်းသား
178,1,姐姐｜姐,jiě jie ｜ jiě,elder sister,မမ၊အစ်မ,我姐姐很漂亮。｜姐姐在家里。｜我有一个姐姐。｜姐姐教我汉语。｜我和姐姐一起吃饭。,Wǒ jiějie hěn piàoliang.｜Jiějie zài jiālǐ.｜Wǒ yǒu yí gè jiějie.｜Jiějie jiāo wǒ Hànyǔ.｜Wǒ hé jiějie yìqǐ chīfàn.,My older sister is very beautiful.｜My older sister is at home.｜I have an older sister.｜My older sister teaches me Chinese.｜I eat with my older sister.,ကျွန်တော့်/ကျွန်မအစ်မက အရမ်းလှတယ်။｜အစ်မက အိမ်မှာရှိတယ်။｜ကျွန်တော့်/ကျွန်မမှာ အစ်မတစ်ယောက်ရှိတယ်။｜အစ်မက ကျွန်တော့်/ကျွန်မကို တရုတ်စာသင်ပေးတယ်။｜ကျွန်တော်/ကျွန်မ အစ်မနဲ့အတူ ထမင်းစားတယ်။,妹妹 (mèimei) — ညီမ｜哥哥 (gēge) — အစ်ကို｜姐姐大人 (jiějie dàrén) — အစ်မ｜姐姐家 (jiějie jiā) — အစ်မအိမ်｜大姐姐 (dà jiějie) — အစ်မကြီး
179,1,介绍,jièshào,introduce,မိတ်ဆက်သည်,我来介绍一下我的朋友。｜老师给我们介绍了新同学。｜请介绍一下你自己。｜我想介绍一个朋友给你。｜他向我介绍了这家商店。,Wǒ lái jièshào yíxià wǒ de péngyou.｜Lǎoshī gěi wǒmen jièshào le xīn tóngxué.｜Qǐng jièshào yíxià nǐ zìjǐ.｜Wǒ xiǎng jièshào yí gè péngyou gěi nǐ.｜Tā xiàng wǒ jièshào le zhè jiā shāngdiàn.,Let me introduce my friend.｜The teacher introduced the new classmate to us.｜Please introduce yourself.｜I want to introduce a friend to you.｜He introduced this shop to me.,ကျွန်တော်/ကျွန်မ သူငယ်ချင်းကို မိတ်ဆက်ပေးမယ်။｜ဆရာ/ဆရာမက ကျောင်းသားအသစ်ကို ကျွန်တော်တို့ကို မိတ်ဆက်ပေးတယ်။｜ကိုယ့်အကြောင်းကိုယ် မိတ်ဆက်ပေးပါ။｜ကျွန်တော်/ကျွန်မ သူငယ်ချင်းတစ်ယောက်ကို မင်းနဲ့မိတ်ဆက်ပေးချင်တယ်။｜သူက ဒီဆိုင်အကြောင်း ကျွန်တော်/ကျွန်မကို မိတ်ဆက်ပေးတယ်။,自我介绍 (zìwǒ jièshào) — ကိုယ့်ကိုယ်ကို မိတ်ဆက်ခြင်း｜介绍人 (jièshàorén) — မိတ်ဆက်ပေးသူ｜介绍信 (jièshàoxìn) — မိတ်ဆက်စာ｜介绍一下 (jièshào yíxià) — မိတ်ဆက်ပေးသည်｜介绍朋友 (jièshào péngyou) — သူငယ်ချင်းကို မိတ်ဆက်ပေးသည်
180,1,今年,jīn nián,this year,ဒီနှစ်,今年我十八岁。｜今年天气很好。｜我今年学习汉语。｜你今年去哪儿？｜今年是我的第一年。,Jīnnián wǒ shíbā suì.｜Jīnnián tiānqì hěn hǎo.｜Wǒ jīnnián xuéxí Hànyǔ.｜Nǐ jīnnián qù nǎr?｜Jīnnián shì wǒ de dì yī nián.,This year I am eighteen years old.｜The weather is very good this year.｜I am studying Chinese this year.｜Where are you going this year?｜This is my first year.,ဒီနှစ်မှာ ကျွန်တော်/ကျွန်မ အသက် ၁၈ နှစ်ရှိပြီ။｜ဒီနှစ် ရာသီဥတုအရမ်းကောင်းတယ်။｜ဒီနှစ်မှာ ကျွန်တော်/ကျွန်မ တရုတ်စာလေ့လာနေတယ်။｜ဒီနှစ် မင်းဘယ်ကိုသွားမလဲ။｜ဒီနှစ်က ကျွန်တော်/ကျွန်မအတွက် ပထမဆုံးနှစ်ပါ။,今年 (jīnnián) — ဒီနှစ်｜去年 (qùnián) — မနှစ်က｜明年 (míngnián) — နောက်နှစ်｜今年的 (jīnnián de) — ဒီနှစ်ရဲ့｜今年年底 (jīnnián niándǐ) — ဒီနှစ်ကုန်
181,1,今天,jīntiān,Today,ဒီနေ့,今天是星期一。｜我今天很忙。｜你今天有课吗？｜今天我不去学校。｜今天天气很好。,Jīntiān shì xīngqīyī.｜Wǒ jīntiān hěn máng.｜Nǐ jīntiān yǒu kè ma?｜Jīntiān wǒ bú qù xuéxiào.｜Jīntiān tiānqì hěn hǎo.,Today is Monday.｜I am very busy today.｜Do you have class today?｜I am not going to school today.｜The weather is very good today.,ဒီနေ့ တနင်္လာနေ့ပါ။｜ဒီနေ့ ကျွန်တော်/ကျွန်မ အရမ်းအလုပ်များတယ်။｜ဒီနေ့ အတန်းရှိလား။｜ဒီနေ့ ကျွန်တော်/ကျွန်မ ကျောင်းမသွားဘူး။｜ဒီနေ့ ရာသီဥတုအရမ်းကောင်းတယ်။,今天 (jīntiān) — ဒီနေ့｜明天 (míngtiān) — မနက်ဖြန်｜昨天 (zuótiān) — မနေ့က｜今天晚上 (jīntiān wǎnshang) — ဒီနေ့ည｜今天早上 (jīntiān zǎoshang) — ဒီနေ့မနက်
182,1,进,jìn,enter,ဝင်သည်,请进。｜他进学校了。｜我想进商店看看。｜不要进这个房间。｜学生进教室了。,Qǐng jìn.｜Tā jìn xuéxiào le.｜Wǒ xiǎng jìn shāngdiàn kànkan.｜Bú yào jìn zhège fángjiān.｜Xuéshēng jìn jiàoshì le.,Please come in.｜He entered the school.｜I want to go into the shop and have a look.｜Don't enter this room.｜The students entered the classroom.,ဝင်ပါ။｜သူ ကျောင်းထဲဝင်သွားတယ်။｜ကျွန်တော်/ကျွန်မ ဆိုင်ထဲဝင်ပြီး ကြည့်ချင်တယ်။｜ဒီအခန်းထဲ မဝင်နဲ့။｜ကျောင်းသားတွေ စာသင်ခန်းထဲဝင်သွားပြီ။,进入 (jìnrù) — ဝင်ရောက်သည်｜进去 (jìnqù) — ဝင်သွားသည်｜进来 (jìnlái) — ဝင်လာသည်｜进门 (jìn mén) — တံခါးကနေ ဝင်သည်｜进学校 (jìn xuéxiào) — ကျောင်းထဲဝင်သည်
183,1,进来,jìn lái,come in,ဝင်လာသည်,请进来。｜你快进来吧。｜老师让我们进来。｜他从外面进来了。｜天气冷，进来坐吧。,"Qǐng jìnlái.｜Nǐ kuài jìnlái ba.｜Lǎoshī ràng wǒmen jìnlái.｜Tā cóng wàimiàn jìnlái le.｜Tiānqì lěng, jìnlái zuò ba.","Please come in.｜Come in quickly.｜The teacher asked us to come in.｜He came in from outside.｜It is cold, come in and sit down.",ဝင်လာပါ။｜မြန်မြန်ဝင်လာလေ။｜ဆရာ/ဆရာမက ကျွန်တော်တို့ကို ဝင်လာခိုင်းတယ်။｜သူ အပြင်ကနေ ဝင်လာတယ်။｜အေးတယ်၊ အထဲဝင်လာပြီး ထိုင်ပါ။,进来 (jìnlái) — ဝင်လာသည်｜进门 (jìn mén) — အထဲဝင်လာသည်｜回来 (huílái) — ပြန်လာသည်｜过来 (guòlái) — ဒီဘက်လာသည်｜出来 (chūlái) — ထွက်လာသည်
184,1,进去,jìn qù,go in,ဝင်သွားသည်,他进去了。｜请进去坐吧。｜我先进去看看。｜孩子进房间了。｜他们已经进去了。,Tā jìnqù le.｜Qǐng jìnqù zuò ba.｜Wǒ xiān jìnqù kànkan.｜Háizi jìn fángjiān le.｜Tāmen yǐjīng jìnqù le.,He went inside.｜Please go inside and sit down.｜I will go inside and have a look first.｜The child went into the room.｜They have already gone inside.,သူ အထဲဝင်သွားတယ်။｜အထဲဝင်ပြီး ထိုင်ပါ။｜ကျွန်တော်/ကျွန်မ အရင်အထဲဝင်ပြီး ကြည့်လိုက်မယ်။｜ကလေးက အခန်းထဲဝင်သွားတယ်။｜သူတို့ အထဲဝင်သွားပြီးပြီ။,进去 (jìnqù) — ဝင်သွားသည်｜进入 (jìnrù) — ဝင်ရောက်သည်｜进门 (jìn mén) — တံခါးကနေ ဝင်သည်｜进去看看 (jìnqù kànkan) — ဝင်ပြီးကြည့်သည်｜进房间 (jìn fángjiān) — အခန်းထဲဝင်သည်
185,1,九,jiǔ,Nine,ကိုး,我有九本书。｜现在九点。｜他九岁。｜我们九个人一起去。｜今天是九号。,Wǒ yǒu jiǔ běn shū.｜Xiànzài jiǔ diǎn.｜Tā jiǔ suì.｜Wǒmen jiǔ gè rén yìqǐ qù.｜Jīntiān shì jiǔ hào.,I have nine books.｜It is nine o'clock now.｜He is nine years old.｜The nine of us are going together.｜Today is the ninth.,ကျွန်တော်/ကျွန်မမှာ စာအုပ် ၉ အုပ်ရှိတယ်။｜အခု ၉ နာရီရှိပြီ။｜သူ့အသက် ၉ နှစ်ရှိပြီ။｜ကျွန်တော်တို့ ၉ ယောက်အတူသွားကြမယ်။｜ဒီနေ့ ၉ ရက်နေ့ပါ။,九月 (jiǔyuè) — စက်တင်ဘာ｜九点 (jiǔ diǎn) — ၉ နာရီ｜九岁 (jiǔ suì) — ၉ နှစ်｜九个人 (jiǔ gè rén) — လူ ၉ ယောက်｜九号 (jiǔ hào) — ၉ ရက်
186,1,就,jiù,as soon as; right away; then,...တော့၊ ...ပဲ,我就去。｜你就坐这里吧。｜他马上就回来。｜我就喜欢这个。｜吃完饭就去学校。,Wǒ jiù qù.｜Nǐ jiù zuò zhèlǐ ba.｜Tā mǎshàng jiù huílái.｜Wǒ jiù xǐhuan zhège.｜Chī wán fàn jiù qù xuéxiào.,"I will go.｜You just sit here.｜He will be back soon.｜I simply like this.｜After eating, I will go to school.",ကျွန်တော်/ကျွန်မ သွားမယ်။｜ဒီမှာပဲ ထိုင်ပါ။｜သူ မကြာခင်ပြန်လာမယ်။｜ကျွန်တော်/ကျွန်မ ဒါကိုပဲ ကြိုက်တယ်။｜ထမင်းစားပြီးတာနဲ့ ကျောင်းသွားမယ်။,就是 (jiùshì) — ...ပဲဖြစ်သည်｜就是这样 (jiùshì zhèyàng) — ဒီလိုပဲ｜就要 (jiùyào) — မကြာခင်...တော့မယ်｜就会 (jiù huì) — ...တော့မယ်/ဖြစ်လာမယ်｜就好 (jiù hǎo) — ...ဆိုရင်ရပြီ
187,1,觉得,juéde,Think,ထင်သည်၊ ခံစားမိသည်,我觉得很好。｜我觉得他很聪明。｜你觉得怎么样？｜我觉得今天很冷。｜我觉得这个很好吃。,Wǒ juéde hěn hǎo.｜Wǒ juéde tā hěn cōngming.｜Nǐ juéde zěnmeyàng?｜Wǒ juéde jīntiān hěn lěng.｜Wǒ juéde zhège hěn hǎochī.,I think it is very good.｜I think he is very smart.｜What do you think?｜I think it is very cold today.｜I think this is delicious.,ကျွန်တော်/ကျွန်မ ထင်တာ အရမ်းကောင်းတယ်။｜ကျွန်တော်/ကျွန်မ သူ့ကို အရမ်းတော်တယ်လို့ ထင်တယ်။｜မင်းဘယ်လိုထင်လဲ။｜ဒီနေ့ အရမ်းအေးတယ်လို့ ကျွန်တော်/ကျွန်မ ထင်တယ်။｜ဒါအရမ်းစားကောင်းတယ်လို့ ကျွန်တော်/ကျွန်မ ထင်တယ်။,觉得好 (juéde hǎo) — ကောင်းတယ်လို့ထင်သည်｜感觉 (gǎnjué) — ခံစားချက်｜认为 (rènwéi) — ယူဆသည်｜觉得不错 (juéde búcuò) — မဆိုးဘူးလို့ထင်သည်｜觉得有意思 (juéde yǒu yìsi) — စိတ်ဝင်စားစရာကောင်းတယ်လို့ထင်သည်
188,1,开,kāi,open,ဖွင့်သည်,请开门。｜我开电脑。｜商店八点开门。｜请把窗户打开。｜他开了一家商店。,Qǐng kāi mén.｜Wǒ kāi diànnǎo.｜Shāngdiàn bā diǎn kāimén.｜Qǐng bǎ chuānghu dǎkāi.｜Tā kāi le yì jiā shāngdiàn.,Please open the door.｜I turn on the computer.｜The shop opens at eight.｜Please open the window.｜He opened a shop.,တံခါးဖွင့်ပေးပါ။｜ကျွန်တော်/ကျွန်မ ကွန်ပျူတာဖွင့်တယ်။｜ဆိုင်က ၈ နာရီမှာ ဖွင့်တယ်။｜ပြတင်းပေါက်ဖွင့်ပေးပါ။｜သူ ဆိုင်တစ်ဆိုင်ဖွင့်ထားတယ်။,开门 (kāimén) — တံခါးဖွင့်သည်｜开关 (kāiguān) — အဖွင့်အပိတ်｜打开 (dǎkāi) — ဖွင့်သည်｜开学 (kāixué) — ကျောင်းဖွင့်သည်｜开店 (kāidiàn) — ဆိုင်ဖွင့်သည်
189,1,开车,kāi chē,drive; drive a car,ကားမောင်းသည်,我会开车。｜爸爸每天开车上班。｜他正在开车。｜你会开车吗？｜我不开车去学校。,Wǒ huì kāichē.｜Bàba měitiān kāichē shàngbān.｜Tā zhèngzài kāichē.｜Nǐ huì kāichē ma?｜Wǒ bù kāichē qù xuéxiào.,I can drive.｜Dad drives to work every day.｜He is driving.｜Can you drive?｜I don't drive to school.,ကျွန်တော်/ကျွန်မ ကားမောင်းတတ်တယ်။｜အဖေက နေ့တိုင်း ကားမောင်းပြီး အလုပ်သွားတယ်။｜သူ ကားမောင်းနေတယ်။｜မင်း ကားမောင်းတတ်လား။｜ကျွန်တော်/ကျွန်မ ကားမောင်းပြီး ကျောင်းမသွားဘူး။,开车 (kāichē) — ကားမောင်းသည်｜司机 (sījī) — ယာဉ်မောင်း｜汽车 (qìchē) — ကား｜驾车 (jiàchē) — ကားမောင်းသည်｜开车上班 (kāichē shàngbān) — ကားမောင်းပြီး အလုပ်သွားသည်
190,1,开会,kāi huì,have a meeting,အစည်းအဝေးလုပ်သည်,老师正在开会。｜我们下午开会。｜他们每周开一次会。｜经理在开会。｜开会的时候请安静。,Lǎoshī zhèngzài kāihuì.｜Wǒmen xiàwǔ kāihuì.｜Tāmen měi zhōu kāi yí cì huì.｜Jīnglǐ zài kāihuì.｜Kāihuì de shíhou qǐng ānjìng.,The teacher is having a meeting.｜We have a meeting in the afternoon.｜They have a meeting once a week.｜The manager is in a meeting.｜Please be quiet during the meeting.,ဆရာ/ဆရာမ အစည်းအဝေးလုပ်နေတယ်။｜ကျွန်တော်တို့ နေ့လယ်မှာ အစည်းအဝေးလုပ်တယ်။｜သူတို့ တစ်ပတ်တစ်ကြိမ် အစည်းအဝေးလုပ်တယ်။｜မန်နေဂျာ အစည်းအဝေးလုပ်နေတယ်။｜အစည်းအဝေးလုပ်နေချိန်မှာ တိတ်တိတ်နေပါ။,开会 (kāihuì) — အစည်းအဝေးလုပ်သည်｜会议 (huìyì) — အစည်းအဝေး｜开会时间 (kāihuì shíjiān) — အစည်းအဝေးချိန်｜会议室 (huìyìshì) — အစည်းအဝေးခန်း｜开会通知 (kāihuì tōngzhī) — အစည်းအဝေးအသိပေးချက်
191,1,开玩笑,kāiwánxiào,Make fun of,နောက်ပြောင်သည်,他喜欢开玩笑。｜别开玩笑了。｜我只是开个玩笑。｜他常常跟朋友开玩笑。｜老师也会和我们开玩笑。,Tā xǐhuan kāiwánxiào.｜Bié kāiwánxiào le.｜Wǒ zhǐshì kāi ge wánxiào.｜Tā chángcháng gēn péngyou kāiwánxiào.｜Lǎoshī yě huì hé wǒmen kāiwánxiào.,He likes joking.｜Stop joking.｜I was just joking.｜He often jokes with his friends.｜The teacher also jokes with us.,သူ နောက်ပြောင်ရတာကြိုက်တယ်။｜နောက်မပြောင်နဲ့တော့။｜ကျွန်တော်/ကျွန်မ နောက်ပြောင်လိုက်တာပါ။｜သူ သူငယ်ချင်းတွေနဲ့ မကြာခဏ နောက်ပြောင်တတ်တယ်။｜ဆရာ/ဆရာမကလည်း ကျွန်တော်တို့နဲ့ နောက်ပြောင်တတ်တယ်။,玩笑 (wánxiào) — နောက်ပြောင်မှု｜开玩笑 (kāiwánxiào) — နောက်ပြောင်သည်｜说笑话 (shuō xiàohua) — ဟာသပြောသည်｜笑话 (xiàohua) — ဟာသ｜逗笑 (dòuxiào) — ရယ်အောင်လုပ်သည်
192,1,看,kàn,see,ကြည့်သည်,我喜欢看书。｜你在看什么？｜我看电视。｜请看这里。｜我看见他了。,Wǒ xǐhuan kànshū.｜Nǐ zài kàn shénme?｜Wǒ kàn diànshì.｜Qǐng kàn zhèlǐ.｜Wǒ kànjiàn tā le.,I like reading.｜What are you looking at?｜I watch TV.｜Please look here.｜I saw him.,ကျွန်တော်/ကျွန်မ စာဖတ်ရတာကြိုက်တယ်။｜မင်း ဘာကြည့်နေတာလဲ။｜ကျွန်တော်/ကျွန်မ တီဗီကြည့်တယ်။｜ဒီဘက်ကို ကြည့်ပါ။｜ကျွန်တော်/ကျွန်မ သူ့ကိုတွေ့တယ်။,看书 (kànshū) — စာဖတ်သည်｜看见 (kànjiàn) — တွေ့မြင်သည်｜看到 (kàndào) — မြင်တွေ့သည်｜看电视 (kàn diànshì) — တီဗီကြည့်သည်｜看电影 (kàn diànyǐng) — ရုပ်ရှင်ကြည့်သည်
193,1,看病,kàn bìng,see a doctor,ဆေးကုသသည်၊ ဆရာဝန်ပြသည်,我去医院看病。｜他今天生病了，要去看病。｜妈妈带孩子去看病。｜医生正在给他看病。｜看病以后，他回家休息。,"Wǒ qù yīyuàn kànbìng.｜Tā jīntiān shēngbìng le, yào qù kànbìng.｜Māma dài háizi qù kànbìng.｜Yīshēng zhèngzài gěi tā kànbìng.｜Kànbìng yǐhòu, tā huí jiā xiūxi.","I go to the hospital to see a doctor.｜He is sick today and needs to see a doctor.｜Mom takes the child to the doctor.｜The doctor is treating him.｜After seeing the doctor, he goes home to rest.",ကျွန်တော်/ကျွန်မ ဆေးရုံမှာ ဆရာဝန်ပြတယ်။｜သူ ဒီနေ့နေမကောင်းလို့ ဆရာဝန်သွားပြရမယ်။｜အမေက ကလေးကို ဆရာဝန်သွားပြတယ်။｜ဆရာဝန်က သူ့ကို ကုသပေးနေတယ်။｜ဆရာဝန်ပြပြီးတော့ သူအိမ်ပြန်ပြီး အနားယူတယ်။,医院 (yīyuàn) — ဆေးရုံ｜医生 (yīshēng) — ဆရာဝန်｜生病 (shēngbìng) — နေမကောင်းဖြစ်သည်｜看医生 (kàn yīshēng) — ဆရာဝန်ပြသည်｜治病 (zhìbìng) — ရောဂါကုသည်
194,1,看到,kàn dào,see,တွေ့သည်၊ မြင်သည်,我看到他了。｜你看到我的手机了吗？｜我看到一个朋友。｜我昨天看到老师了。｜你看到什么了？,Wǒ kàndào tā le.｜Nǐ kàndào wǒ de shǒujī le ma?｜Wǒ kàndào yí gè péngyou.｜Wǒ zuótiān kàndào lǎoshī le.｜Nǐ kàndào shénme le?,I saw him.｜Did you see my phone?｜I saw a friend.｜I saw the teacher yesterday.｜What did you see?,ကျွန်တော်/ကျွန်မ သူ့ကိုတွေ့လိုက်တယ်။｜ငါ့ဖုန်းကို မင်းတွေ့မိလား။｜ကျွန်တော်/ကျွန်မ သူငယ်ချင်းတစ်ယောက်ကို တွေ့လိုက်တယ်။｜မနေ့က ဆရာ/ဆရာမကို တွေ့လိုက်တယ်။｜မင်း ဘာတွေ့လိုက်လဲ။,看见 (kànjiàn) — တွေ့မြင်သည်｜看到 (kàndào) — မြင်တွေ့သည်｜看清 (kànqīng) — ရှင်းရှင်းမြင်သည်｜看到过 (kàndào guo) — မြင်ဖူးသည်｜看得到 (kàn de dào) — မြင်ရသည်
195,1,看见,kànjiàn,seeing,တွေ့သည်၊ မြင်သည်,我看见他了。｜我看见妈妈在家。｜你看见我的书了吗？｜我昨天看见他。｜我在学校看见了朋友。,Wǒ kànjiàn tā le.｜Wǒ kànjiàn māma zài jiā.｜Nǐ kànjiàn wǒ de shū le ma?｜Wǒ zuótiān kànjiàn tā.｜Wǒ zài xuéxiào kànjiàn le péngyou.,I saw him.｜I saw Mom at home.｜Did you see my book?｜I saw him yesterday.｜I saw my friend at school.,ကျွန်တော်/ကျွန်မ သူ့ကိုတွေ့လိုက်တယ်။｜အမေ အိမ်မှာရှိတာကို ကျွန်တော်/ကျွန်မ တွေ့တယ်။｜ငါ့စာအုပ်ကို မင်းတွေ့လား။｜မနေ့က သူ့ကိုတွေ့တယ်။｜ကျောင်းမှာ သူငယ်ချင်းကိုတွေ့တယ်။,看见 (kànjiàn) — တွေ့မြင်သည်｜看到 (kàndào) — မြင်တွေ့သည်｜再见 (zàijiàn) — နောက်မှတွေ့မယ်｜见面 (jiànmiàn) — တွေ့ဆုံသည်｜看不见 (kàn bú jiàn) — မမြင်ရဘူး
196,1,考,kǎo,test; examine,စာမေးသည်၊ စာမေးပွဲဖြေသည်,我明天要考汉语。｜老师考我们汉字。｜我正在考驾照。｜他这次考得很好。｜学生下周要考。,Wǒ míngtiān yào kǎo Hànyǔ.｜Lǎoshī kǎo wǒmen Hànzì.｜Wǒ zhèngzài kǎo jiàzhào.｜Tā zhè cì kǎo de hěn hǎo.｜Xuéshēng xià zhōu yào kǎo.,I will take a Chinese test tomorrow.｜The teacher tests us on Chinese characters.｜I am taking a driving test.｜He did very well on this test.｜The students will take a test next week.,မနက်ဖြန် တရုတ်စာစာမေးပွဲဖြေမယ်။｜ဆရာ/ဆရာမက ကျွန်တော်တို့ကို တရုတ်စာလုံးတွေ စစ်တယ်။｜ကျွန်တော်/ကျွန်မ ယာဉ်မောင်းလိုင်စင်စာမေးပွဲ ဖြေနေတယ်။｜ဒီတစ်ခါ သူ အရမ်းကောင်းကောင်းဖြေတယ်။｜ကျောင်းသားတွေ နောက်အပတ် စာမေးပွဲဖြေရမယ်။,考试 (kǎoshì) — စာမေးပွဲ｜考生 (kǎoshēng) — စာမေးပွဲဖြေသူ｜考题 (kǎotí) — စာမေးပွဲမေးခွန်း｜考试成绩 (kǎoshì chéngjì) — စာမေးပွဲရလဒ်｜考驾照 (kǎo jiàzhào) — ယာဉ်မောင်းလိုင်စင်စာမေးပွဲဖြေသည်
197,1,考试,kǎoshì,Examination,စာမေးပွဲ,明天有考试。｜我正在准备考试。｜这次考试很难。｜考试以后我们一起吃饭。｜他考试得很好。,Míngtiān yǒu kǎoshì.｜Wǒ zhèngzài zhǔnbèi kǎoshì.｜Zhè cì kǎoshì hěn nán.｜Kǎoshì yǐhòu wǒmen yìqǐ chīfàn.｜Tā kǎoshì kǎo de hěn hǎo.,There is an exam tomorrow.｜I am preparing for the exam.｜This exam is difficult.｜We will eat together after the exam.｜He did very well on the exam.,မနက်ဖြန် စာမေးပွဲရှိတယ်။｜ကျွန်တော်/ကျွန်မ စာမေးပွဲအတွက် ပြင်ဆင်နေတယ်။｜ဒီစာမေးပွဲက အရမ်းခက်တယ်။｜စာမေးပွဲပြီးရင် ကျွန်တော်တို့ အတူတူထမင်းစားမယ်။｜သူ စာမေးပွဲကို အရမ်းကောင်းကောင်းဖြေတယ်။,考试 (kǎoshì) — စာမေးပွဲ｜考试成绩 (kǎoshì chéngjì) — စာမေးပွဲရလဒ်｜考试题 (kǎoshì tí) — စာမေးပွဲမေးခွန်း｜参加考试 (cānjiā kǎoshì) — စာမေးပွဲဝင်သည်｜准备考试 (zhǔnbèi kǎoshì) — စာမေးပွဲအတွက် ပြင်ဆင်သည်
198,1,渴,kě,thirsty,ရေငတ်သည်,我很渴。｜我渴了，想喝水。｜天气很热，我很渴。｜你渴不渴？｜孩子跑完步以后很渴。,"Wǒ hěn kě.｜Wǒ kě le, xiǎng hē shuǐ.｜Tiānqì hěn rè, wǒ hěn kě.｜Nǐ kě bu kě?｜Háizi pǎo wán bù yǐhòu hěn kě.",I am thirsty.｜I am thirsty and want to drink water.｜It is hot and I am thirsty.｜Are you thirsty?｜The child is thirsty after running.,ကျွန်တော်/ကျွန်မ ရေအရမ်းငတ်တယ်။｜ရေငတ်လို့ ရေသောက်ချင်တယ်။｜ရာသီဥတုပူလို့ ရေအရမ်းငတ်တယ်။｜မင်း ရေငတ်လား။｜ကလေးက ပြေးပြီးတော့ ရေအရမ်းငတ်တယ်။,渴了 (kě le) — ရေငတ်သည်｜口渴 (kǒukě) — ရေငတ်သည်｜渴水 (kě shuǐ) — ရေငတ်၍ ရေလိုသည်｜很渴 (hěn kě) — အရမ်းရေငတ်သည်｜不渴 (bù kě) — ရေမငတ်ဘူး
199,1,课,kè,course,သင်ခန်းစာ၊ အတန်း,今天有汉语课。｜我下午有课。｜老师正在上课。｜你明天有课吗？｜这节课很有意思。,Jīntiān yǒu Hànyǔ kè.｜Wǒ xiàwǔ yǒu kè.｜Lǎoshī zhèngzài shàngkè.｜Nǐ míngtiān yǒu kè ma?｜Zhè jié kè hěn yǒu yìsi.,I have a Chinese class today.｜I have class in the afternoon.｜The teacher is teaching a class.｜Do you have class tomorrow?｜This lesson is very interesting.,ဒီနေ့ တရုတ်စာအတန်းရှိတယ်။｜နေ့လယ်မှာ အတန်းရှိတယ်။｜ဆရာ/ဆရာမ စာသင်နေတယ်။｜မနက်ဖြန် အတန်းရှိလား။｜ဒီသင်ခန်းစာက စိတ်ဝင်စားဖို့ကောင်းတယ်။,上课 (shàngkè) — စာသင်သည်｜下课 (xiàkè) — အတန်းဆင်းသည်｜课本 (kèběn) — ပြဋ္ဌာန်းစာအုပ်｜课堂 (kètáng) — စာသင်ခန်း｜课程 (kèchéng) — သင်ရိုး/သင်တန်း
200,1,课本,kè běn,textbook,စာသင်စာအုပ်,这是我的课本。｜我每天都看课本。｜课本在桌子上。｜请拿好你的课本。｜我的课本很新。,Zhè shì wǒ de kèběn.｜Wǒ měitiān dōu kàn kèběn.｜Kèběn zài zhuōzi shàng.｜Qǐng ná hǎo nǐ de kèběn.｜Wǒ de kèběn hěn xīn.,This is my textbook.｜I read the textbook every day.｜The textbook is on the desk.｜Please take good care of your textbook.｜My textbook is new.,ဒါက ကျွန်တော်/ကျွန်မရဲ့ စာသင်စာအုပ်ပါ။｜ကျွန်တော်/ကျွန်မ နေ့တိုင်း စာသင်စာအုပ်ကို ဖတ်တယ်။｜စာသင်စာအုပ်က စားပွဲပေါ်မှာရှိတယ်။｜မင်းရဲ့ စာသင်စာအုပ်ကို သေချာယူထားပါ။｜ကျွန်တော်/ကျွန်မရဲ့ စာသင်စာအုပ်က အသစ်ပါ။,课本 (kèběn) — စာသင်စာအုပ်｜课文 (kèwén) — သင်ခန်းစာ｜教材 (jiàocái) — သင်ကြားရေးစာအုပ်｜教科书 (jiàokēshū) — ပြဋ္ဌာန်းစာအုပ်｜书本 (shūběn) — စာအုပ်
201,1,课文,kè wén,text,သင်ခန်းစာ,这篇课文很有意思。｜老师正在读课文。｜我喜欢这篇课文。｜我们今天学习新课文。｜请读一读课文。,Zhè piān kèwén hěn yǒu yìsi.｜Lǎoshī zhèngzài dú kèwén.｜Wǒ xǐhuan zhè piān kèwén.｜Wǒmen jīntiān xuéxí xīn kèwén.｜Qǐng dú yì dú kèwén.,This lesson is very interesting.｜The teacher is reading the lesson.｜I like this lesson.｜We are learning a new lesson today.｜Please read the lesson.,ဒီသင်ခန်းစာက အရမ်းစိတ်ဝင်စားဖို့ကောင်းတယ်။｜ဆရာ/ဆရာမက သင်ခန်းစာကို ဖတ်နေတယ်။｜ကျွန်တော်/ကျွန်မ ဒီသင်ခန်းစာကို ကြိုက်တယ်။｜ဒီနေ့ သင်ခန်းစာအသစ် သင်နေတယ်။｜သင်ခန်းစာကို ဖတ်ကြည့်ပါ။,课本 (kèběn) — စာသင်စာအုပ်｜课程 (kèchéng) — သင်ရိုး/ဘာသာရပ်｜上课 (shàngkè) — အတန်းတက်သည်｜下课 (xiàkè) — အတန်းဆင်းသည်｜生词 (shēngcí) — ဝေါဟာရအသစ်
202,1,口,kǒu,mouth,ပါးစပ်၊ အဝ,请张开口。｜我的口很干。｜他张大了口。｜请闭上口。｜她的口很小。,Qǐng zhāngkāi kǒu.｜Wǒ de kǒu hěn gān.｜Tā zhāng dà le kǒu.｜Qǐng bì shàng kǒu.｜Tā de kǒu hěn xiǎo.,Please open your mouth.｜My mouth is very dry.｜He opened his mouth wide.｜Please close your mouth.｜Her mouth is small.,ပါးစပ်ဖွင့်ပေးပါ။｜ကျွန်တော်/ကျွန်မရဲ့ ပါးစပ်ခြောက်နေတယ်။｜သူ ပါးစပ်ကို အကျယ်ကြီးဖွင့်လိုက်တယ်။｜ပါးစပ်ပိတ်ပေးပါ။｜သူမရဲ့ ပါးစပ်က သေးတယ်။,嘴 (zuǐ) — ပါးစပ်｜口水 (kǒushuǐ) — တံတွေး｜入口 (rùkǒu) — ဝင်ပေါက်｜出口 (chūkǒu) — ထွက်ပေါက်｜口袋 (kǒudài) — အိတ်ကပ်
203,1,块,kuài,block,အပိုင်း၊ တုံး၊ ယွမ်,给我一块面包。｜桌子上有一块蛋糕。｜我买了一块巧克力。｜请给我一块钱。｜我们一起吃一块西瓜。,Gěi wǒ yí kuài miànbāo.｜Zhuōzi shàng yǒu yí kuài dàngāo.｜Wǒ mǎi le yí kuài qiǎokèlì.｜Qǐng gěi wǒ yí kuài qián.｜Wǒmen yìqǐ chī yí kuài xīguā.,Give me a piece of bread.｜There is a piece of cake on the table.｜I bought a piece of chocolate.｜Please give me one yuan.｜Let's eat a piece of watermelon together.,ကျွန်တော်/ကျွန်မကို ပေါင်မုန့်တစ်ပိုင်းပေးပါ။｜စားပွဲပေါ်မှာ ကိတ်မုန့်တစ်ပိုင်းရှိတယ်။｜ကျွန်တော်/ကျွန်မ ချောကလက်တစ်တုံးဝယ်ခဲ့တယ်။｜ကျွန်တော်/ကျွန်မကို တစ်ယွမ်ပေးပါ။｜ကျွန်တော်တို့ ဖရဲသီးတစ်စိတ် အတူစားကြမယ်။,一块 (yí kuài) — တစ်တုံး/တစ်ပိုင်း｜一块钱 (yí kuài qián) — တစ်ယွမ်｜一块儿 (yí kuàir) — အတူတူ｜方块 (fāngkuài) — လေးထောင့်တုံး｜石块 (shíkuài) — ကျောက်တုံး
204,1,快,kuài,fast,မြန်သည်၊ အမြန်,快点儿！｜他跑得很快。｜火车快到了。｜你走得真快。｜快下雨了。,Kuài diǎnr!｜Tā pǎo de hěn kuài.｜Huǒchē kuài dào le.｜Nǐ zǒu de zhēn kuài.｜Kuài xià yǔ le.,Hurry up!｜He runs very fast.｜The train is arriving soon.｜You walk really fast.｜It is going to rain soon.,မြန်မြန်လုပ်ပါ။｜သူက အရမ်းမြန်မြန်ပြေးတယ်။｜ရထား ရောက်တော့မယ်။｜မင်း လမ်းလျှောက်တာ တကယ်မြန်တယ်။｜မိုးရွာတော့မယ်။,快点儿 (kuài diǎnr) — မြန်မြန်｜很快 (hěn kuài) — အလွန်မြန်သည်｜快车 (kuàichē) — အမြန်ရထား｜快速 (kuàisù) — မြန်ဆန်သော｜快乐 (kuàilè) — ပျော်ရွှင်သော
205,1,来,lái,come,လာသည်,我明天来。｜你什么时候来？｜他来我家。｜请你来这里。｜老师来了。,Wǒ míngtiān lái.｜Nǐ shénme shíhou lái?｜Tā lái wǒ jiā.｜Qǐng nǐ lái zhèlǐ.｜Lǎoshī lái le.,I will come tomorrow.｜When will you come?｜He comes to my house.｜Please come here.｜The teacher has come.,ကျွန်တော်/ကျွန်မ မနက်ဖြန်လာမယ်။｜ဘယ်အချိန်လာမလဲ။｜သူ ကျွန်တော်/ကျွန်မအိမ်ကို လာတယ်။｜ဒီကိုလာပါ။｜ဆရာ/ဆရာမ လာပြီ။,来到 (láidào) — ရောက်လာသည်｜回来 (huílái) — ပြန်လာသည်｜进来 (jìnlái) — ဝင်လာသည်｜出来 (chūlái) — ထွက်လာသည်｜过来 (guòlái) — ဒီဘက်လာသည်
206,1,来到,lái dào,come; arrive,ရောက်လာသည်,我来到北京。｜他昨天来到学校。｜欢迎你来到这里。｜我们来到一个新地方。｜她来到我的家。,Wǒ láidào Běijīng.｜Tā zuótiān láidào xuéxiào.｜Huānyíng nǐ láidào zhèlǐ.｜Wǒmen láidào yí ge xīn dìfang.｜Tā láidào wǒ de jiā.,I came to Beijing.｜He came to school yesterday.｜Welcome to this place.｜We came to a new place.｜She came to my home.,ကျွန်တော်/ကျွန်မ ပေကျင်းကို ရောက်လာတယ်။｜သူ မနေ့က ကျောင်းကို ရောက်လာတယ်။｜ဒီနေရာကို ရောက်လာတဲ့အတွက် ကြိုဆိုပါတယ်။｜ကျွန်တော်တို့ နေရာအသစ်တစ်ခုကို ရောက်လာတယ်။｜သူ ကျွန်တော်/ကျွန်မအိမ်ကို ရောက်လာတယ်။,来 (lái) — လာသည်｜到 (dào) — ရောက်သည်｜到达 (dàodá) — ရောက်ရှိသည်｜来到北京 (láidào Běijīng) — ပေကျင်းကို ရောက်လာသည်｜来到这里 (láidào zhèlǐ) — ဒီနေရာကို ရောက်လာသည်
207,1,老（形）,lǎo,old; aged,အသက်ကြီးသော၊ ဟောင်းသော,这是一本老书。｜那是一座老房子。｜这辆车很老。｜他穿着一件老衣服。｜那是一家老商店。,Zhè shì yì běn lǎo shū.｜Nà shì yí zuò lǎo fángzi.｜Zhè liàng chē hěn lǎo.｜Tā chuānzhe yí jiàn lǎo yīfu.｜Nà shì yì jiā lǎo shāngdiàn.,This is an old book.｜That is an old house.｜This car is very old.｜He is wearing old clothes.｜That is an old shop.,ဒါက စာအုပ်ဟောင်းတစ်အုပ်ပါ။｜အဲဒါက အိမ်ဟောင်းတစ်လုံးပါ။｜ဒီကားက အရမ်းဟောင်းတယ်။｜သူက အဝတ်ဟောင်းတစ်ထည် ဝတ်ထားတယ်။｜အဲဒါက ဆိုင်ဟောင်းတစ်ဆိုင်ပါ။,老人 (lǎorén) — အသက်ကြီးသူ｜老师 (lǎoshī) — ဆရာ/ဆရာမ｜老家 (lǎojiā) — ဇာတိအိမ်｜老朋友 (lǎopéngyou) — သူငယ်ချင်းဟောင်း｜老书 (lǎoshū) — စာအုပ်ဟောင်း
208,1,老人,lǎo rén,old people; the aged,အသက်ကြီးသူ,那位老人住在这里。｜公园里有很多老人。｜我帮助了一位老人。｜老人正在看报纸。｜那位老人很友好。,Nà wèi lǎorén zhù zài zhèlǐ.｜Gōngyuán lǐ yǒu hěn duō lǎorén.｜Wǒ bāngzhù le yí wèi lǎorén.｜Lǎorén zhèngzài kàn bàozhǐ.｜Nà wèi lǎorén hěn yǒuhǎo.,That elderly person lives here.｜There are many elderly people in the park.｜I helped an elderly person.｜The elderly person is reading a newspaper.｜That elderly person is friendly.,အဲဒီအသက်ကြီးသူက ဒီမှာနေတယ်။｜ပန်းခြံထဲမှာ အသက်ကြီးသူတွေအများကြီးရှိတယ်။｜ကျွန်တော်/ကျွန်မ အသက်ကြီးသူတစ်ယောက်ကို ကူညီပေးခဲ့တယ်။｜အသက်ကြီးသူက သတင်းစာဖတ်နေတယ်။｜အဲဒီအသက်ကြီးသူက သဘောကောင်းတယ်။,老 (lǎo) — အသက်ကြီးသော｜老人家 (lǎorénjiā) — အသက်ကြီးသူ｜老年人 (lǎoniánrén) — သက်ကြီးရွယ်အို｜老人院 (lǎorényuàn) — သက်ကြီးရွယ်အိုစောင့်ရှောက်ရေးဂေဟာ｜老朋友 (lǎopéngyou) — သူငယ်ချင်းဟောင်း
209,1,老师,lǎoshī,Teacher,ဆရာ၊ ဆရာမ,我的老师很好。｜老师在教汉语。｜我喜欢我的老师。｜老师正在上课。｜老师给我们讲课。,Wǒ de lǎoshī hěn hǎo.｜Lǎoshī zài jiāo Hànyǔ.｜Wǒ xǐhuan wǒ de lǎoshī.｜Lǎoshī zhèngzài shàngkè.｜Lǎoshī gěi wǒmen jiǎngkè.,My teacher is very nice.｜The teacher is teaching Chinese.｜I like my teacher.｜The teacher is teaching a class.｜The teacher is giving us a lesson.,ကျွန်တော်/ကျွန်မရဲ့ ဆရာ/ဆရာမက အရမ်းကောင်းတယ်။｜ဆရာ/ဆရာမက တရုတ်စာသင်ပေးနေတယ်။｜ကျွန်တော်/ကျွန်မ ဆရာ/ဆရာမကို သဘောကျတယ်။｜ဆရာ/ဆရာမ စာသင်နေတယ်။｜ဆရာ/ဆရာမက ကျွန်တော်တို့ကို သင်ခန်းစာပေးနေတယ်။,老师 (lǎoshī) — ဆရာ/ဆရာမ｜教师 (jiàoshī) — ဆရာ/ဆရာမ｜学生 (xuéshēng) — ကျောင်းသား/သူ｜教室 (jiàoshì) — စာသင်ခန်း｜教学楼 (jiàoxuélóu) — စာသင်ဆောင်
210,1,了,le,past tense marker,ပြီးပြီ၊ ဖြစ်ပြီ၊ အခြေအနေပြောင်းလဲမှုကို ဖော်ပြသော အမှုန်,我吃饭了。｜他回家了。｜下雨了。｜我知道了。｜天冷了。,Wǒ chīfàn le.｜Tā huí jiā le.｜Xiàyǔ le.｜Wǒ zhīdào le.｜Tiān lěng le.,I have eaten.｜He went home.｜It has started raining.｜I understand now.｜It has become cold.,ကျွန်တော်/ကျွန်မ ထမင်းစားပြီးပြီ။｜သူ အိမ်ပြန်သွားပြီ။｜မိုးရွာလာပြီ။｜အခုတော့ သိပြီ။｜ရာသီဥတု အေးလာပြီ။,了 (le) — ပြီးပြီ/ဖြစ်ပြီ｜已经 (yǐjīng) — ပြီးပြီ｜后来 (hòulái) — နောက်ပိုင်းမှာ｜后来才 (hòulái cái) — နောက်မှသာ｜好了 (hǎo le) — အဆင်ပြေပြီ
211,1,累,lèi,tired,ပင်ပန်းသည်,我很累。｜他工作很累。｜走了一天，我很累。｜你累不累？｜妈妈看起来很累。,"Wǒ hěn lèi.｜Tā gōngzuò hěn lèi.｜Zǒu le yì tiān, wǒ hěn lèi.｜Nǐ lèi bu lèi?｜Māma kàn qǐlái hěn lèi.",I am very tired.｜His work is tiring.｜I am very tired after walking all day.｜Are you tired?｜Mom looks very tired.,ကျွန်တော်/ကျွန်မ အရမ်းပင်ပန်းတယ်။｜သူ အလုပ်လုပ်ရတာ ပင်ပန်းတယ်။｜တစ်နေ့လုံး လမ်းလျှောက်ပြီးတော့ ကျွန်တော်/ကျွန်မ အရမ်းပင်ပန်းတယ်။｜မင်း ပင်ပန်းလား။｜အမေက အရမ်းပင်ပန်းနေတဲ့ပုံပဲ။,累了 (lèi le) — ပင်ပန်းလာသည်｜很累 (hěn lèi) — အရမ်းပင်ပန်းသည်｜累人 (lèi rén) — ပင်ပန်းစေသည်｜劳累 (láolèi) — ပင်ပန်းနွမ်းနယ်သည်｜疲劳 (píláo) — ပင်ပန်းနွမ်းနယ်မှု
212,1,冷,lěng,cold,အေးသည်၊ အေးသော,今天很冷。｜天气越来越冷了。｜我觉得有点冷。｜冬天很冷。｜外面很冷。,Jīntiān hěn lěng.｜Tiānqì yuèláiyuè lěng le.｜Wǒ juéde yǒudiǎn lěng.｜Dōngtiān hěn lěng.｜Wàimiàn hěn lěng.,It is cold today.｜The weather is getting colder and colder.｜I feel a little cold.｜Winter is cold.｜It is cold outside.,ဒီနေ့ အရမ်းအေးတယ်။｜ရာသီဥတုက တဖြည်းဖြည်း ပိုအေးလာတယ်။｜နည်းနည်းအေးတယ်လို့ ခံစားရတယ်။｜ဆောင်းရာသီက အေးတယ်။｜အပြင်မှာ အရမ်းအေးတယ်။,很冷 (hěn lěng) — အရမ်းအေးသည်｜冷天 (lěng tiān) — အေးသောနေ့｜冷水 (lěng shuǐ) — ရေအေး｜冷风 (lěng fēng) — လေအေး｜寒冷 (hánlěng) — အေးမြသည်
213,1,里,lǐ,in,အတွင်း၊ ထဲမှာ,我在房间里。｜书在包里。｜他在家里。｜学校里有很多学生。｜水在杯子里。,Wǒ zài fángjiān lǐ.｜Shū zài bāo lǐ.｜Tā zài jiā lǐ.｜Xuéxiào lǐ yǒu hěn duō xuéshēng.｜Shuǐ zài bēizi lǐ.,I am in the room.｜The book is in the bag.｜He is at home.｜There are many students at school.｜The water is in the cup.,ကျွန်တော်/ကျွန်မ အခန်းထဲမှာရှိတယ်။｜စာအုပ်က အိတ်ထဲမှာရှိတယ်။｜သူ အိမ်မှာရှိတယ်။｜ကျောင်းထဲမှာ ကျောင်းသားတွေအများကြီးရှိတယ်။｜ရေက ခွက်ထဲမှာရှိတယ်။,里面 (lǐmiàn) — အထဲမှာ｜里边 (lǐbian) — အတွင်းဘက်မှာ｜家里 (jiā lǐ) — အိမ်မှာ｜屋里 (wū lǐ) — အခန်းထဲမှာ｜这里 (zhèlǐ) — ဒီနေရာမှာ
214,1,里边,lǐ biān,inside,အထဲမှာ၊ အတွင်းဘက်မှာ,他在房间里边。｜书在桌子里边。｜我在商店里边。｜孩子在屋子里边。｜里面边有很多东西。,Tā zài fángjiān lǐbian.｜Shū zài zhuōzi lǐbian.｜Wǒ zài shāngdiàn lǐbian.｜Háizi zài wūzi lǐbian.｜Lǐbian yǒu hěn duō dōngxi.,He is inside the room.｜The book is inside the desk.｜I am inside the shop.｜The child is inside the house.｜There are many things inside.,သူ အခန်းထဲမှာရှိတယ်။｜စာအုပ်က စားပွဲအတွင်းမှာရှိတယ်။｜ကျွန်တော်/ကျွန်မ ဆိုင်ထဲမှာရှိတယ်။｜ကလေးက အိမ်ထဲမှာရှိတယ်။｜အထဲမှာ ပစ္စည်းတွေအများကြီးရှိတယ်။,里面 (lǐmiàn) — အထဲမှာ｜里边 (lǐbian) — အတွင်းဘက်မှာ｜里面的人 (lǐmiàn de rén) — အထဲကလူ｜里边的东西 (lǐbian de dōngxi) — အထဲကပစ္စည်း｜房间里边 (fángjiān lǐbian) — အခန်းအတွင်း
215,1,两（数）,liǎng,two,နှစ်၊ နှစ်ခု,我有两本书。｜我们两个人一起去。｜请给我两杯水。｜我买了两个苹果。｜他们两个人是朋友。,Wǒ yǒu liǎng běn shū.｜Wǒmen liǎng gè rén yìqǐ qù.｜Qǐng gěi wǒ liǎng bēi shuǐ.｜Wǒ mǎi le liǎng gè píngguǒ.｜Tāmen liǎng gè rén shì péngyou.,I have two books.｜The two of us are going together.｜Please give me two cups of water.｜I bought two apples.｜The two of them are friends.,ကျွန်တော်/ကျွန်မမှာ စာအုပ်နှစ်အုပ်ရှိတယ်။｜ကျွန်တော်တို့နှစ်ယောက် အတူသွားမယ်။｜ကျွန်တော်/ကျွန်မကို ရေနှစ်ခွက်ပေးပါ။｜ပန်းသီးနှစ်လုံး ဝယ်ခဲ့တယ်။｜သူတို့နှစ်ယောက်က သူငယ်ချင်းတွေပါ။,两个 (liǎng gè) — နှစ်ခု｜两个人 (liǎng gè rén) — လူနှစ်ယောက်｜两本 (liǎng běn) — နှစ်အုပ်｜两天 (liǎng tiān) — နှစ်ရက်｜两次 (liǎng cì) — နှစ်ကြိမ်
216,1,零｜〇,líng ｜ líng,zero,သုည၊ သုညဂဏန်း,现在是零点。｜我有零块钱。｜今天是零度。｜号码是六零八。｜这个数字是零。,Xiànzài shì líng diǎn.｜Wǒ yǒu líng kuài qián.｜Jīntiān shì líng dù.｜Hàomǎ shì liù líng bā.｜Zhège shùzì shì líng.,It is midnight.｜I have zero yuan.｜It is zero degrees today.｜The number is 608.｜This number is zero.,အခု သုညနာရီရှိပြီ။｜ကျွန်တော်/ကျွန်မမှာ ယွမ်သုညပဲရှိတယ်။｜ဒီနေ့ အပူချိန် သုညဒီဂရီရှိတယ်။｜နံပါတ်က ၆၀၈ ပါ။｜ဒီဂဏန်းက သုညပါ။,零点 (língdiǎn) — သုညနာရီ｜零度 (língdù) — သုညဒီဂရီ｜零钱 (língqián) — အကြွေငွေ｜零下 (língxià) — သုညအောက်｜数字零 (shùzì líng) — သုညဂဏန်း
217,1,六,liù,Six,ခြောက်(၆),我有六本书。｜现在六点。｜他六岁。｜我们六个人一起去。｜今天是六月六号。,Wǒ yǒu liù běn shū.｜Xiànzài liù diǎn.｜Tā liù suì.｜Wǒmen liù gè rén yìqǐ qù.｜Jīntiān shì liù yuè liù hào.,I have six books.｜It is six o'clock now.｜He is six years old.｜The six of us are going together.｜Today is June 6th.,ကျွန်တော်/ကျွန်မမှာ စာအုပ်ခြောက်အုပ်ရှိတယ်။｜အခု ခြောက်နာရီရှိပြီ။｜သူ့အသက် ခြောက်နှစ်ရှိပြီ။｜ကျွန်တော်တို့ ခြောက်ယောက်အတူသွားမယ်။｜ဒီနေ့ ဇွန်လ ၆ ရက်နေ့ပါ။,六月 (liùyuè) — ဇွန်လ｜六点 (liù diǎn) — ခြောက်နာရီ｜六岁 (liù suì) — ခြောက်နှစ်｜六个人 (liù gè rén) — လူခြောက်ယောက်｜六号 (liù hào) — ၆ ရက်နေ့
218,1,楼,lóu,floor,အဆောက်အအုံ၊ အထပ်,我家有三层楼。｜学校有很多楼。｜那座楼很高。｜我住在这栋楼里。｜这楼有十层。,Wǒ jiā yǒu sān céng lóu.｜Xuéxiào yǒu hěn duō lóu.｜Nà zuò lóu hěn gāo.｜Wǒ zhù zài zhè dòng lóu lǐ.｜Zhè lóu yǒu shí céng.,There are three floors in my house.｜There are many buildings at the school.｜That building is very tall.｜I live in this building.｜This building has ten floors.,ကျွန်တော်/ကျွန်မအိမ်မှာ သုံးထပ်ရှိတယ်။｜ကျောင်းမှာ အဆောက်အအုံတွေအများကြီးရှိတယ်။｜အဲဒီအဆောက်အအုံက အရမ်းမြင့်တယ်။｜ကျွန်တော်/ကျွန်မ ဒီအဆောက်အအုံမှာ နေတယ်။｜ဒီအဆောက်အအုံမှာ ဆယ်ထပ်ရှိတယ်။,楼房 (lóufáng) — အဆောက်အအုံ｜大楼 (dàlóu) — အဆောက်အအုံကြီး｜楼层 (lóucéng) — အထပ်｜高楼 (gāolóu) — အဆောက်အအုံမြင့်｜一楼 (yì lóu) — ပထမထပ်
219,1,楼上,lóu shàng,upstairs,အပေါ်ထပ်,我在楼上。｜他在楼上学习。｜妈妈在楼上。｜请到楼上来。｜楼上有一个房间。,Wǒ zài lóushàng.｜Tā zài lóushàng xuéxí.｜Māma zài lóushàng.｜Qǐng dào lóushàng lái.｜Lóushàng yǒu yí ge fángjiān.,I am upstairs.｜He is studying upstairs.｜Mom is upstairs.｜Please come upstairs.｜There is a room upstairs.,ကျွန်တော်/ကျွန်မ အပေါ်ထပ်မှာရှိတယ်။｜သူ အပေါ်ထပ်မှာ စာလေ့လာနေတယ်။｜အမေ အပေါ်ထပ်မှာရှိတယ်။｜အပေါ်ထပ်ကို လာပါ။｜အပေါ်ထပ်မှာ အခန်းတစ်ခန်းရှိတယ်။,楼上 (lóushàng) — အပေါ်ထပ်｜楼下 (lóuxià) — အောက်ထပ်｜上楼 (shànglóu) — အပေါ်ထပ်တက်သည်｜楼梯 (lóutī) — လှေကား｜楼层 (lóucéng) — အထပ်
220,1,楼下,lóu xià,downstairs,အောက်ထပ်,我在楼下。｜他在楼下等我。｜楼下有一家商店。｜请到楼下来。｜孩子在楼下玩。,Wǒ zài lóuxià.｜Tā zài lóuxià děng wǒ.｜Lóuxià yǒu yì jiā shāngdiàn.｜Qǐng dào lóuxià lái.｜Háizi zài lóuxià wán.,I am downstairs.｜He is waiting for me downstairs.｜There is a shop downstairs.｜Please come downstairs.｜The child is playing downstairs.,ကျွန်တော်/ကျွန်မ အောက်ထပ်မှာရှိတယ်။｜သူ အောက်ထပ်မှာ ကျွန်တော့်/ကျွန်မကို စောင့်နေတယ်။｜အောက်ထပ်မှာ ဆိုင်တစ်ဆိုင်ရှိတယ်။｜အောက်ထပ်ကို လာပါ။｜ကလေးက အောက်ထပ်မှာ ကစားနေတယ်။,楼下 (lóuxià) — အောက်ထပ်｜下楼 (xiàlóu) — အောက်ထပ်ဆင်းသည်｜楼上 (lóushàng) — အပေါ်ထပ်｜楼梯 (lóutī) — လှေကား｜一楼 (yì lóu) — ပထမထပ်
221,1,路,lù,road,လမ်း,这条路很长。｜我在路上。｜这条路很漂亮。｜我们走这条路。｜路很宽。,Zhè tiáo lù hěn cháng.｜Wǒ zài lùshàng.｜Zhè tiáo lù hěn piàoliang.｜Wǒmen zǒu zhè tiáo lù.｜Lù hěn kuān.,This road is long.｜I am on the way.｜This road is beautiful.｜We take this road.｜The road is wide.,ဒီလမ်းက ရှည်တယ်။｜ကျွန်တော်/ကျွန်မ လမ်းပေါ်မှာရှိတယ်။｜ဒီလမ်းက လှတယ်။｜ကျွန်တော်တို့ ဒီလမ်းက သွားမယ်။｜လမ်းက ကျယ်တယ်။,马路 (mǎlù) — လမ်းမ｜道路 (dàolù) — လမ်း｜路边 (lùbiān) — လမ်းဘေး｜路口 (lùkǒu) — လမ်းဆုံ｜路上 (lùshàng) — လမ်းပေါ်မှာ
222,1,路口,lù kǒu,intersection; crossing,လမ်းဆုံ၊ လမ်းဝ,学校在路口。｜我在路口等你。｜前面有一个路口。｜我们在路口见。｜路口有很多车。,Xuéxiào zài lùkǒu.｜Wǒ zài lùkǒu děng nǐ.｜Qiánmiàn yǒu yí ge lùkǒu.｜Wǒmen zài lùkǒu jiàn.｜Lùkǒu yǒu hěn duō chē.,The school is at the intersection.｜I am waiting for you at the intersection.｜There is an intersection ahead.｜Let's meet at the intersection.｜There are many cars at the intersection.,ကျောင်းက လမ်းဆုံမှာရှိတယ်။｜ကျွန်တော်/ကျွန်မ လမ်းဆုံမှာ မင်းကိုစောင့်နေတယ်။｜ရှေ့မှာ လမ်းဆုံတစ်ခုရှိတယ်။｜လမ်းဆုံမှာ တွေ့ကြမယ်။｜လမ်းဆုံမှာ ကားတွေအများကြီးရှိတယ်။,路口 (lùkǒu) — လမ်းဆုံ｜十字路口 (shízì lùkǒu) — လေးလမ်းဆုံ｜路边 (lùbiān) — လမ်းဘေး｜路上 (lùshàng) — လမ်းပေါ်မှာ｜路灯 (lùdēng) — လမ်းမီး
223,1,路上,lù shàng,on the road,လမ်းပေါ်မှာ၊ လမ်းမှာ,我在路上。｜他在路上走。｜路上有很多人。｜我在回家的路上。｜请小心路上车辆。,Wǒ zài lùshàng.｜Tā zài lùshàng zǒu.｜Lùshàng yǒu hěn duō rén.｜Wǒ zài huí jiā de lùshàng.｜Qǐng xiǎoxīn lùshàng chēliàng.,I am on the road.｜He is walking on the road.｜There are many people on the road.｜I am on my way home.｜Please be careful of vehicles on the road.,ကျွန်တော်/ကျွန်မ လမ်းပေါ်မှာရှိတယ်။｜သူ လမ်းပေါ်မှာ လမ်းလျှောက်နေတယ်။｜လမ်းပေါ်မှာ လူတွေအများကြီးရှိတယ်။｜ကျွန်တော်/ကျွန်မ အိမ်ပြန်တဲ့လမ်းပေါ်မှာရှိတယ်။｜လမ်းပေါ်က ယာဉ်တွေကို သတိထားပါ။,路上 (lùshàng) — လမ်းပေါ်မှာ｜路边 (lùbiān) — လမ်းဘေး｜马路 (mǎlù) — လမ်းမ｜道路 (dàolù) — လမ်း｜上路 (shànglù) — လမ်းပေါ်ထွက်သည်
224,1,妈妈｜妈,mā ma ｜ mā,mom; mother,အမေ,我妈妈在家。｜妈妈每天做饭。｜我爱我的妈妈。｜妈妈叫我回家。｜妈妈正在看电视。,Wǒ māma zài jiā.｜Māma měitiān zuò fàn.｜Wǒ ài wǒ de māma.｜Māma jiào wǒ huí jiā.｜Māma zhèngzài kàn diànshì.,My mother is at home.｜Mom cooks every day.｜I love my mother.｜Mom tells me to go home.｜Mom is watching TV.,အမေ အိမ်မှာရှိတယ်။｜အမေက နေ့တိုင်း ထမင်းချက်တယ်။｜ကျွန်တော်/ကျွန်မ အမေကို ချစ်တယ်။｜အမေက ကျွန်တော်/ကျွန်မကို အိမ်ပြန်ခိုင်းတယ်။｜အမေ တီဗီကြည့်နေတယ်။,妈妈 (māma) — အမေ｜母亲 (mǔqīn) — မိခင်｜爸爸 (bàba) — အဖေ｜父母 (fùmǔ) — မိဘ｜妈妈的 (māma de) — အမေရဲ့
225,1,马路,mǎ lù,road; street,လမ်းမ,马路上有很多车。｜不要在马路上玩。｜我们过马路吧。｜这条马路很宽。｜马路上很热闹。,Mǎlù shàng yǒu hěn duō chē.｜Bú yào zài mǎlù shàng wán.｜Wǒmen guò mǎlù ba.｜Zhè tiáo mǎlù hěn kuān.｜Mǎlù shàng hěn rènào.,There are many cars on the road.｜Don't play on the road.｜Let's cross the road.｜This road is wide.｜The road is busy.,လမ်းမပေါ်မှာ ကားတွေအများကြီးရှိတယ်။｜လမ်းမပေါ်မှာ မကစားနဲ့။｜လမ်းဖြတ်ကြမယ်။｜ဒီလမ်းမက ကျယ်တယ်။｜လမ်းမပေါ်မှာ လူရှုပ်တယ်။,马路 (mǎlù) — လမ်းမ｜道路 (dàolù) — လမ်း｜公路 (gōnglù) — အဝေးပြေးလမ်း｜路边 (lùbiān) — လမ်းဘေး｜过马路 (guò mǎlù) — လမ်းဖြတ်သည်
226,1,马上,mǎshàng,Right off,ချက်ချင်း၊ မကြာခင်,我马上回来。｜请马上来。｜他马上就到了。｜我马上去学校。｜马上要下雨了。,Wǒ mǎshàng huílái.｜Qǐng mǎshàng lái.｜Tā mǎshàng jiù dào le.｜Wǒ mǎshàng qù xuéxiào.｜Mǎshàng yào xiàyǔ le.,I will be back soon.｜Please come immediately.｜He will arrive soon.｜I will go to school right away.｜It is about to rain.,ကျွန်တော်/ကျွန်မ ချက်ချင်းပြန်လာမယ်။｜ချက်ချင်းလာပါ။｜သူ မကြာခင်ရောက်တော့မယ်။｜ကျွန်တော်/ကျွန်မ ချက်ချင်းကျောင်းသွားမယ်။｜မိုးရွာတော့မယ်။,马上 (mǎshàng) — ချက်ချင်း｜立刻 (lìkè) — ချက်ချင်း｜立即 (lìjí) — ချက်ချင်း｜马上回来 (mǎshàng huílái) — ချက်ချင်းပြန်လာသည်｜马上到 (mǎshàng dào) — မကြာခင်ရောက်သည်
227,1,吗,ma,auxiliary word,လား (မေးခွန်းအဆုံးသတ်),你是学生吗？｜你好吗？｜你吃饭了吗？｜明天有课吗？｜这是你的书吗？,Nǐ shì xuéshēng ma?｜Nǐ hǎo ma?｜Nǐ chīfàn le ma?｜Míngtiān yǒu kè ma?｜Zhè shì nǐ de shū ma?,Are you a student?｜How are you?｜Have you eaten?｜Do you have class tomorrow?｜Is this your book?,မင်းက ကျောင်းသားလား။｜နေကောင်းလား။｜ထမင်းစားပြီးပြီလား။｜မနက်ဖြန် အတန်းရှိလား။｜ဒါ မင်းရဲ့စာအုပ်လား။,是吗 (shì ma) — ဟုတ်လား｜好吗 (hǎo ma) — ကောင်းလား｜对吗 (duì ma) — မှန်လား｜可以吗 (kěyǐ ma) — ရလား｜真的吗 (zhēn de ma) — တကယ်လား
228,1,买,mǎi,buy,ဝယ်သည်,我买了一本书。｜妈妈买菜。｜你想买什么？｜我去商店买东西。｜她买了一件衣服。,Wǒ mǎi le yì běn shū.｜Māma mǎi cài.｜Nǐ xiǎng mǎi shénme?｜Wǒ qù shāngdiàn mǎi dōngxi.｜Tā mǎi le yí jiàn yīfu.,I bought a book.｜Mom buys vegetables.｜What do you want to buy?｜I go to the shop to buy things.｜She bought a piece of clothing.,ကျွန်တော်/ကျွန်မ စာအုပ်တစ်အုပ် ဝယ်ခဲ့တယ်။｜အမေ ဟင်းသီးဟင်းရွက်ဝယ်တယ်။｜မင်း ဘာဝယ်ချင်လဲ။｜ကျွန်တော်/ကျွန်မ ဆိုင်သွားပြီး ပစ္စည်းဝယ်တယ်။｜သူမ အဝတ်တစ်ထည် ဝယ်ခဲ့တယ်။,买东西 (mǎi dōngxi) — ပစ္စည်းဝယ်သည်｜买菜 (mǎi cài) — ဟင်းသီးဟင်းရွက်ဝယ်သည်｜买书 (mǎi shū) — စာအုပ်ဝယ်သည်｜买票 (mǎi piào) — လက်မှတ်ဝယ်သည်｜购买 (gòumǎi) — ဝယ်ယူသည်
229,1,慢,màn,slow,နှေးသည်၊ နှေးသော,你走得太慢了。｜请慢一点儿。｜他吃饭很慢。｜车开得很慢。｜今天的工作很慢。,Nǐ zǒu de tài màn le.｜Qǐng màn yìdiǎnr.｜Tā chīfàn hěn màn.｜Chē kāi de hěn màn.｜Jīntiān de gōngzuò hěn màn.,You walk too slowly.｜Please slow down a little.｜He eats slowly.｜The car is moving slowly.｜Today's work is slow.,မင်း လမ်းလျှောက်တာ အရမ်းနှေးတယ်။｜နည်းနည်းဖြည်းဖြည်းလုပ်ပါ။｜သူ ထမင်းစားတာ နှေးတယ်။｜ကားက အရမ်းနှေးနှေးမောင်းတယ်။｜ဒီနေ့ အလုပ်လုပ်တာ နှေးတယ်။,很慢 (hěn màn) — အရမ်းနှေးသည်｜慢慢 (mànmàn) — ဖြည်းဖြည်း｜慢点儿 (màn diǎnr) — နည်းနည်းဖြည်းဖြည်း｜慢走 (màn zǒu) — ဖြည်းဖြည်းသွားပါ｜慢车 (mànchē) — အနှေးရထား
230,1,忙,máng,busy,အလုပ်များသည်၊ မအားလပ်သည်,我今天很忙。｜妈妈最近很忙。｜你忙吗？｜他工作很忙。｜最近学习很忙。,Wǒ jīntiān hěn máng.｜Māma zuìjìn hěn máng.｜Nǐ máng ma?｜Tā gōngzuò hěn máng.｜Zuìjìn xuéxí hěn máng.,I am very busy today.｜Mom has been very busy recently.｜Are you busy?｜He is very busy with work.｜Studying has been very busy recently.,အလုပ်များနေတယ်။｜အမေက မကြာသေးခင်က အလုပ်အရမ်းများတယ်။｜မင်းအလုပ်များလား။｜သူ အလုပ်နဲ့ အရမ်းရှုပ်နေတယ်။｜မကြာသေးခင်က စာလေ့လာရတာ အရမ်းအလုပ်များတယ်။,忙碌 (mánglù) — အလုပ်များနေသည်｜忙着 (mángzhe) — အလုပ်များနေသည်｜很忙 (hěn máng) — အရမ်းအလုပ်များသည်｜忙人 (mángrén) — အလုပ်များသူ｜忙不过来 (máng bu guòlái) — အလုပ်မနိုင်မနင်းဖြစ်သည်
231,1,毛（量）,máo,a fractional unit of money in China (measure word),မော် (ငွေကြေးအတွက် ယူနစ်),一毛钱。｜这支笔一毛钱。｜我有一毛钱。｜这个东西五毛钱。｜一毛钱可以买什么？,Yì máo qián.｜Zhè zhī bǐ yì máo qián.｜Wǒ yǒu yì máo qián.｜Zhège dōngxi wǔ máo qián.｜Yì máo qián kěyǐ mǎi shénme?,One mao.｜This pen costs one mao.｜I have one mao.｜This thing costs five mao.｜What can one mao buy?,အမွှေးတစ်ချောင်း။｜သူ့ခေါင်းပေါ်မှာ အမွှေးဖြူတစ်ချောင်းရှိတယ်။｜ကြောင်က အမွှေးတစ်ချောင်းကျွတ်သွားတယ်။｜ဒီအဝတ်ပေါ်မှာ အမွှေးတစ်ချောင်းရှိတယ်။｜သူ့မျက်ခုံးမွှေးက ရှည်တယ်။,一根毛 (yì gēn máo) — အမွှေးတစ်ချောင်း｜毛发 (máofà) — ကိုယ်ခန္ဓာအမွှေး｜眉毛 (méimao) — မျက်ခုံးမွှေး｜头发 (tóufa) — ဆံပင်｜毛衣 (máoyī) — သိုးမွှေးအင်္ကျီ
232,1,没,méi,no,မရှိ၊ မ...ဘူး(အများအားဖြင့် အတိတ်ဖြစ်ရပ် သို့မဟုတ် ရှိ/မရှိ ကို ငြင်းသည်),我没有钱。｜他没来。｜我没吃饭。｜今天没课。｜我没看见他。,Wǒ méiyǒu qián.｜Tā méi lái.｜Wǒ méi chīfàn.｜Jīntiān méi kè.｜Wǒ méi kànjiàn tā.,I don't have money.｜He didn't come.｜I didn't eat.｜There is no class today.｜I didn't see him.,ငွေမရှိဘူး။｜သူမလာဘူး။｜မနေ့က စာသင်ချိန်မရှိဘူး။｜ဒီမှာ လူမရှိဘူး။｜သူ့ကို မတွေ့ဘူး။,没有 (méiyǒu) — မရှိ｜没事 (méishì) — ဘာမှမဖြစ်｜没钱 (méi qián) — ငွေမရှိ｜没时间 (méi shíjiān) — အချိန်မရှိ｜没来 (méi lái) — မလာခဲ့
233,1,没关系,méiguānxi,No problem,ကိစ္စမရှိပါဘူး၊ ရပါတယ်,没关系。｜对不起，没关系。｜你迟到了也没关系。｜做错了没关系。｜没关系，你慢慢来。,"Méi guānxi.｜Duìbuqǐ, méi guānxi.｜Nǐ chídào le yě méi guānxi.｜Zuò cuò le méi guānxi.｜Méi guānxi, nǐ mànman lái.","It's okay.｜Sorry, it's okay.｜It's okay that you are late.｜It's okay to make a mistake.｜It's okay, take your time.",ကိစ္စမရှိပါဘူး။｜နောက်ကျသွားတာ ကိစ္စမရှိပါဘူး။｜ကိစ္စမရှိဘူး၊ ငါစောင့်ပေးလို့ရတယ်။｜အမှားလုပ်မိလည်း ကိစ္စမရှိပါဘူး။｜မသိရင်လည်း ကိစ္စမရှိပါဘူး။,没问题 (méi wèntí) — ပြဿနာမရှိ｜没关系 (méiguānxi) — ကိစ္စမရှိ｜不要紧 (bú yàojǐn) — အရေးမကြီး｜没事 (méishì) — ဘာမှမဖြစ်｜放心 (fàngxīn) — စိတ်ချသည်
234,1,没什么,méi shén me,It’s nothing,ဘာမှမရှိ၊ ဘာမှမဟုတ်,没什么。｜我没什么事。｜这里没什么好看的。｜没什么问题。｜没什么特别的。,Méi shénme.｜Wǒ méi shénme shì.｜Zhèlǐ méi shénme hǎokàn de.｜Méi shénme wèntí.｜Méi shénme tèbié de.,Nothing much.｜I have nothing to do.｜There is nothing much to see here.｜There is no problem.｜There is nothing special.,ဘာမှမဟုတ်ဘူး။｜ပြဿနာဘာမှမရှိဘူး။｜လုပ်စရာဘာမှမရှိဘူး။｜စိတ်ပူစရာဘာမှမရှိဘူး။｜ဒီမှာ ထူးထူးခြားခြားဘာမှမရှိဘူး။,没什么 (méi shénme) — ဘာမှမဟုတ်｜没什么事 (méi shénme shì) — ဘာမှမဖြစ်｜没什么问题 (méi shénme wèntí) — ပြဿနာဘာမှမရှိ｜没什么特别的 (méi shénme tèbié de) — ထူးထူးခြားခြားဘာမှမရှိ｜没什么好担心的 (méi shénme hǎo dānxīn de) — စိတ်ပူစရာဘာမှမရှိ
235,1,没事儿,méi shìr,It’s okay,ဘာမှမဖြစ်ဘူး၊ ကိစ္စမရှိဘူး,没事儿。｜你没事儿吧？｜没事儿，谢谢。｜迟到了也没事儿。｜没事儿，我自己来。,"Méi shìr.｜Nǐ méi shìr ba?｜Méi shìr, xièxie.｜Chídào le yě méi shìr.｜Méi shìr, wǒ zìjǐ lái.","It's okay.｜Are you okay?｜I'm fine, thanks.｜It's okay to be late.｜It's okay, I'll do it myself.",ဘာမှမဖြစ်ဘူး။｜မင်းအဆင်ပြေရဲ့လား။｜ဘာမှမဖြစ်ဘူး၊ ငါအဆင်ပြေတယ်။｜လဲကျသွားလည်း ဘာမှမဖြစ်ဘူး။｜ဘာမှမဖြစ်ဘူး၊ စိတ်မပူနဲ့။,没事 (méishì) — ဘာမှမဖြစ်｜没事吧 (méishì ba) — အဆင်ပြေရဲ့လား｜没事儿了 (méishìr le) — အခုဘာမှမဖြစ်တော့ဘူး｜没事做 (méishì zuò) — လုပ်စရာမရှိ｜放心吧 (fàngxīn ba) — စိတ်ချပါ
236,1,没有,méi yǒu,have not; no,မရှိသည်၊ မ...ဘူး,我没有钱。｜这里没有人。｜我没有时间。｜家里没有人。｜今天没有课。,Wǒ méiyǒu qián.｜Zhèlǐ méiyǒu rén.｜Wǒ méiyǒu shíjiān.｜Jiā lǐ méiyǒu rén.｜Jīntiān méiyǒu kè.,I don't have money.｜There is nobody here.｜I don't have time.｜There is nobody at home.｜There is no class today.,ငွေမရှိဘူး။｜ဒီမှာ လူမရှိဘူး။｜အချိန်မရှိဘူး။｜သူ့မှာ ဖုန်းမရှိဘူး။｜ဒီနေ့ အတန်းမရှိဘူး။,没有 (méiyǒu) — မရှိ｜没有钱 (méiyǒu qián) — ငွေမရှိ｜没有时间 (méiyǒu shíjiān) — အချိန်မရှိ｜没有人 (méiyǒu rén) — လူမရှိ｜没有问题 (méiyǒu wèntí) — ပြဿနာမရှိ
237,1,妹妹｜妹,mèi mei ｜ mèi,younger sister,ညီမ၊ ညီမလေး,我妹妹是学生。｜妹妹在家。｜我有一个妹妹。｜妹妹喜欢吃水果。｜我和妹妹一起去学校。,Wǒ mèimei shì xuéshēng.｜Mèimei zài jiā.｜Wǒ yǒu yí ge mèimei.｜Mèimei xǐhuan chī shuǐguǒ.｜Wǒ hé mèimei yìqǐ qù xuéxiào.,My younger sister is a student.｜My younger sister is at home.｜I have a younger sister.｜My younger sister likes eating fruit.｜My younger sister and I go to school together.,ငါ့ညီမလေးက ချစ်စရာကောင်းတယ်။｜ညီမလေး အိမ်မှာရှိတယ်။｜ငါ ညီမလေးနဲ့အတူ ထမင်းစားတယ်။｜ညီမလေးက တီဗီကြည့်ရတာကြိုက်တယ်။｜ငါ့ညီမလေး ဒီနှစ် အသက် ၁၀ နှစ်ရှိပြီ။,姐姐 (jiějie) — အစ်မ｜妹妹 (mèimei) — ညီမ｜弟弟 (dìdi) — ညီလေး｜哥哥 (gēge) — အစ်ကို｜姐妹 (jiěmèi) — ညီအစ်မများ
238,1,门,mén,door,တံခါး,请关门。｜门开了。｜门很大。｜请打开门。｜他站在门旁边。,Qǐng guān mén.｜Mén kāi le.｜Mén hěn dà.｜Qǐng dǎkāi mén.｜Tā zhàn zài mén pángbiān.,Please close the door.｜The door is open.｜The door is big.｜Please open the door.｜He is standing beside the door.,တံခါးပိတ်ပေးပါ။｜တံခါးဖွင့်ထားတယ်။｜သူ တံခါးဘေးမှာ ရပ်နေတယ်။｜ငါ တံခါးသွားဖွင့်မယ်။｜တံခါးပျက်နေတယ်။,开门 (kāimén) — တံခါးဖွင့်သည်｜关门 (guānmén) — တံခါးပိတ်သည်｜门口 (ménkǒu) — တံခါးဝ｜门外 (ménwài) — တံခါးအပြင်｜大门 (dàmén) — အဓိကတံခါး
239,1,门口,mén kǒu,doorway,တံခါးဝ၊ တံခါးရှေ့,我在门口等你。｜学校门口有很多人。｜他站在门口。｜门口有一辆车。｜我们在商店门口见。,Wǒ zài ménkǒu děng nǐ.｜Xuéxiào ménkǒu yǒu hěn duō rén.｜Tā zhàn zài ménkǒu.｜Ménkǒu yǒu yí liàng chē.｜Wǒmen zài shāngdiàn ménkǒu jiàn.,I am waiting for you at the door.｜There are many people at the school entrance.｜He is standing at the entrance.｜There is a car at the entrance.｜Let's meet at the shop entrance.,ငါ မင်းကို တံခါးဝမှာ စောင့်နေတယ်။｜သူ ကျောင်းတံခါးဝမှာ ရပ်နေတယ်။｜တံခါးဝမှာ လူတွေအများကြီးရှိတယ်။｜တံခါးဝမှာ ခဏစောင့်ပါ။｜အမေ တံခါးဝမှာရှိတယ်။,门口 (ménkǒu) — တံခါးဝ｜门外 (ménwài) — တံခါးအပြင်｜门里 (ménlǐ) — တံခါးအတွင်း｜校门口 (xiào ménkǒu) — ကျောင်းတံခါးဝ｜家门口 (jiā ménkǒu) — အိမ်တံခါးဝ
240,1,门票,mén piào,tickets,ဝင်ခွင့်လက်မှတ်၊ တံခါးလက်မှတ်,我买了两张门票。｜这张门票多少钱？｜电影院的门票很贵。｜请给我一张门票。｜门票已经买好了。,Wǒ mǎi le liǎng zhāng ménpiào.｜Zhè zhāng ménpiào duōshao qián?｜Diànyǐngyuàn de ménpiào hěn guì.｜Qǐng gěi wǒ yì zhāng ménpiào.｜Ménpiào yǐjīng mǎi hǎo le.,I bought two tickets.｜How much is this ticket?｜The movie ticket is expensive.｜Please give me one ticket.｜The tickets have already been bought.,ငါ လက်မှတ်နှစ်စောင် ဝယ်ထားတယ်။｜ရုပ်ရှင်ရုံလက်မှတ်က ဈေးကြီးတယ်။｜မင်းမှာ လက်မှတ်ရှိလား။｜ဒီလက်မှတ် ဘယ်လောက်လဲ။｜ငါ လက်မှတ်ယူလာဖို့ မေ့သွားတယ်။,电影票 (diànyǐng piào) — ရုပ်ရှင်လက်မှတ်｜车票 (chēpiào) — ရထား/ကားလက်မှတ်｜机票 (jīpiào) — လေယာဉ်လက်မှတ်｜票价 (piàojià) — လက်မှတ်ဈေးနှုန်း｜买票 (mǎi piào) — လက်မှတ်ဝယ်သည်
241,1,们（朋友们）,men （ péng yǒu men ）,plural marker for pronouns and a few animate nouns (friends),...တို့ (အများကိန်း),朋友们好！｜同学们都来了。｜孩子们在玩。｜我们都是学生。｜老师和学生们一起学习。,Péngyoumen hǎo!｜Tóngxuémen dōu lái le.｜Háizimen zài wán.｜Wǒmen dōu shì xuéshēng.｜Lǎoshī hé xuéshēngmen yìqǐ xuéxí.,"Hello, friends!｜All the classmates have come.｜The children are playing.｜We are all students.｜The teacher studies together with the students.",ငါတို့ သူငယ်ချင်းတွေပါ။｜သူငယ်ချင်းတွေအားလုံး လာကြတယ်။｜ကျောင်းသားတွေ စာလေ့လာနေကြတယ်။｜ကလေးတွေ အပြင်မှာ ကစားနေကြတယ်။｜ငါတို့ အတူတူသွားကြရအောင်။,我们 (wǒmen) — ကျွန်တော်တို့｜你们 (nǐmen) — မင်းတို့｜他们 (tāmen) — သူတို့｜学生们 (xuéshengmen) — ကျောင်းသားများ｜孩子们 (háizimen) — ကလေးများ
242,1,米饭,mǐfàn,Steamed Rice,ထမင်း,我喜欢吃米饭。｜妈妈正在做米饭。｜这碗米饭很好吃。｜我每天吃米饭。｜米饭在桌子上。,Wǒ xǐhuan chī mǐfàn.｜Māma zhèngzài zuò mǐfàn.｜Zhè wǎn mǐfàn hěn hǎochī.｜Wǒ měitiān chī mǐfàn.｜Mǐfàn zài zhuōzi shàng.,I like eating rice.｜Mom is cooking rice.｜This bowl of rice is delicious.｜I eat rice every day.｜The rice is on the table.,ငါ ထမင်းစားရတာကြိုက်တယ်။｜အမေ ထမင်းချက်နေတယ်။｜ဒီနေ့ထမင်းက စားလို့ကောင်းတယ်။｜ငါ နေ့တိုင်းထမင်းစားတယ်။｜ငါ့ကို ထမင်းတစ်ပန်းကန်ပေးပါ။,米 (mǐ) — ဆန်｜米饭 (mǐfàn) — ထမင်း｜白米饭 (bái mǐfàn) — ထမင်းဖြူ｜炒饭 (chǎofàn) — ထမင်းကြော်｜吃米饭 (chī mǐfàn) — ထမင်းစားသည်
243,1,面包,miànbāo,Bread,ပေါင်မုန့်,我喜欢吃面包。｜早餐吃面包。｜桌子上有面包。｜这个面包很好吃。｜我买了两个面包。,Wǒ xǐhuan chī miànbāo.｜Zǎocān chī miànbāo.｜Zhuōzi shàng yǒu miànbāo.｜Zhège miànbāo hěn hǎochī.｜Wǒ mǎi le liǎng ge miànbāo.,I like eating bread.｜I eat bread for breakfast.｜There is bread on the table.｜This bread is delicious.｜I bought two loaves of bread.,ငါ ပေါင်မုန့်စားရတာကြိုက်တယ်။｜စားပွဲပေါ်မှာ ပေါင်မုန့်ရှိတယ်။｜ငါ မနက်စာအဖြစ် ပေါင်မုန့်စားတယ်။｜ဒီပေါင်မုန့်က စားလို့ကောင်းတယ်။｜အမေ ပေါင်မုန့်နှစ်လုံးဝယ်လာတယ်။,面包店 (miànbāo diàn) — ပေါင်မုန့်ဆိုင်｜面包片 (miànbāo piàn) — ပေါင်မုန့်ပြား｜面包车 (miànbāochē) — မီနီဗန်ကား｜甜面包 (tián miànbāo) — ပေါင်မုန့်ချို｜买面包 (mǎi miànbāo) — ပေါင်မုန့်ဝယ်သည်
244,1,面条儿,miàn tiáor,noodles,ခေါက်ဆွဲ,我喜欢吃面条儿。｜妈妈正在做面条儿。｜这碗面条儿很好吃。｜我中午吃面条儿。｜你喜欢吃面条儿吗？,Wǒ xǐhuan chī miàntiáor.｜Māma zhèngzài zuò miàntiáor.｜Zhè wǎn miàntiáor hěn hǎochī.｜Wǒ zhōngwǔ chī miàntiáor.｜Nǐ xǐhuan chī miàntiáor ma?,I like eating noodles.｜Mom is making noodles.｜This bowl of noodles is delicious.｜I eat noodles at noon.｜Do you like eating noodles?,ငါ ခေါက်ဆွဲစားရတာကြိုက်တယ်။｜အမေ ခေါက်ဆွဲချက်နေတယ်။｜ဒီခေါက်ဆွဲတစ်ပန်းကန်က စားလို့ကောင်းတယ်။｜မင်း ခေါက်ဆွဲစားရတာကြိုက်လား။｜ငါ နေ့လယ်မှာ ခေါက်ဆွဲတစ်ပန်းကန်စားခဲ့တယ်။,面条 (miàntiáo) — ခေါက်ဆွဲ｜拉面 (lāmiàn) — လာမင်ခေါက်ဆွဲ｜炒面 (chǎomiàn) — ခေါက်ဆွဲကြော်｜面馆 (miànguǎn) — ခေါက်ဆွဲဆိုင်｜吃面 (chī miàn) — ခေါက်ဆွဲစားသည်
245,1,名字,míngzi,Name,နာမည်၊ အမည်,你叫什么名字？｜我的名字叫小明。｜他的名字是什么？｜请告诉我你的名字。｜我记得你的名字。,Nǐ jiào shénme míngzi?｜Wǒ de míngzi jiào Xiǎomíng.｜Tā de míngzi shì shénme?｜Qǐng gàosu wǒ nǐ de míngzi.｜Wǒ jìde nǐ de míngzi.,What is your name?｜My name is Xiaoming.｜What is his name?｜Please tell me your name.｜I remember your name.,မင်းနာမည်ဘယ်လိုခေါ်လဲ။｜ငါ့နာမည်က ရှောင်မင်ပါ။｜မင်းနာမည်ကို ပြောပြပါ။｜သူ့နာမည်က နားထောင်လို့ကောင်းတယ်။｜ငါ သူ့နာမည်မေ့သွားပြီ။,名字 (míngzi) — နာမည်｜姓名 (xìngmíng) — အမည်အပြည့်အစုံ｜名字叫什么 (míngzi jiào shénme) — နာမည်ဘယ်လိုခေါ်လဲ｜有名 (yǒumíng) — နာမည်ကြီး｜出名 (chūmíng) — နာမည်ကြီးလာသည်
246,1,明白,míngbai,clear,နားလည်သည်၊ သိသည်,我明白了。｜你明白吗？｜我不明白。｜现在我明白了。｜老师说完以后，我明白了。,"Wǒ míngbai le.｜Nǐ míngbai ma?｜Wǒ bù míngbai.｜Xiànzài wǒ míngbai le.｜Lǎoshī shuō wán yǐhòu, wǒ míngbai le.",I understand now.｜Do you understand?｜I don't understand.｜Now I understand.｜I understood after the teacher finished speaking.,ငါနားလည်ပြီ။｜ငါပြောတာကို မင်းနားလည်လား။｜ဒီမေးခွန်းကို ငါနားမလည်ဘူး။｜ဆရာ/ဆရာမက ရှင်းရှင်းလင်းလင်းရှင်းပြလို့ ငါနားလည်ပြီ။｜အခုတော့ ငါနားလည်ပြီ။,明白了 (míngbai le) — နားလည်ပြီ｜不明白 (bù míngbai) — နားမလည်｜明白人 (míngbai rén) — နားလည်တတ်သူ｜明白意思 (míngbai yìsi) — အဓိပ္ပာယ်နားလည်သည်｜明白一点 (míngbai yìdiǎn) — နည်းနည်းပိုနားလည်သည်
247,1,明年,míng nián,next year,နောက်နှစ်,明年我要去中国。｜明年我十八岁。｜明年再见。｜明年我想学习汉语。｜明年会更好。,Míngnián wǒ yào qù Zhōngguó.｜Míngnián wǒ shíbā suì.｜Míngnián zàijiàn.｜Míngnián wǒ xiǎng xuéxí Hànyǔ.｜Míngnián huì gèng hǎo.,I will go to China next year.｜I will be eighteen next year.｜See you next year.｜I want to study Chinese next year.｜Next year will be better.,နောက်နှစ် တရုတ်နိုင်ငံကို သွားချင်တယ်။｜နောက်နှစ်ဆို အသက် ၁၈ နှစ်ပြည့်မယ်။｜နောက်နှစ်မှာ ပြန်တွေ့ကြမယ်။｜နောက်နှစ်မှာ တရုတ်စာလေ့လာမယ်။｜နောက်နှစ် မင်းဘယ်ကိုသွားမလဲ။,明年 (míngnián) — နောက်နှစ်｜今年 (jīnnián) — ဒီနှစ်｜去年 (qùnián) — မနှစ်က｜明年初 (míngnián chū) — နောက်နှစ်အစ｜明年年底 (míngnián niándǐ) — နောက်နှစ်ကုန်
248,1,明天,míngtiān,Tomorrow,မနက်ဖြန်,明天是星期一。｜我明天有课。｜明天你去哪儿？｜明天天气很好。｜我明天去学校。,Míngtiān shì xīngqīyī.｜Wǒ míngtiān yǒu kè.｜Míngtiān nǐ qù nǎr?｜Míngtiān tiānqì hěn hǎo.｜Wǒ míngtiān qù xuéxiào.,Tomorrow is Monday.｜I have class tomorrow.｜Where are you going tomorrow?｜The weather will be very good tomorrow.｜I will go to school tomorrow.,မနက်ဖြန် တနင်္လာနေ့ပါ။｜မနက်ဖြန် အတန်းရှိတယ်။｜မနက်ဖြန် အလုပ်သွားရမယ်။｜မနက်ဖြန် မင်းအလုပ်များလား။｜မနက်ဖြန် ရာသီဥတုကောင်းမယ်။,今天 (jīntiān) — ဒီနေ့｜昨天 (zuótiān) — မနေ့က｜后天 (hòutiān) — သဘက်ခါ｜明天早上 (míngtiān zǎoshang) — မနက်ဖြန်မနက်｜明天晚上 (míngtiān wǎnshang) — မနက်ဖြန်ည
249,1,拿,ná,take,ကိုင်သည်၊ ယူသည်,请拿我的书。｜我拿了一杯水。｜你拿什么？｜他拿着手机。｜请帮我拿一下。,Qǐng ná wǒ de shū.｜Wǒ ná le yì bēi shuǐ.｜Nǐ ná shénme?｜Tā názhe shǒujī.｜Qǐng bāng wǒ ná yíxià.,Please take my book.｜I took a cup of water.｜What are you taking?｜He is holding a phone.｜Please help me carry this for a moment.,စာအုပ်တစ်အုပ်ယူပါ။｜ငါ မင်းကို ပစ္စည်းသယ်ပေးမယ်။｜သူ့လက်ထဲမှာ ဖုန်းကိုင်ထားတယ်။｜ငါ့ကို ယူလာပေးပါ။｜သူ ရေတစ်ခွက်ယူလာတယ်။,拿走 (názǒu) — ယူသွားသည်｜拿来 (nálái) — ယူလာသည်｜拿到 (nádào) — ရရှိသည်/ယူရသည်｜拿着 (názhe) — ကိုင်ထားသည်｜拿给 (ná gěi) — ယူပေးသည်
250,1,哪,nǎ,which,ဘယ်၊ဘယ်ဟာ၊ မည်သည့်,你要哪一个？｜你喜欢哪本书？｜你是哪国人？｜哪种比较好？｜你想吃哪一个？,Nǐ yào nǎ yí ge?｜Nǐ xǐhuan nǎ běn shū?｜Nǐ shì nǎ guó rén?｜Nǎ zhǒng bǐjiào hǎo?｜Nǐ xiǎng chī nǎ yí ge?,Which one do you want?｜Which book do you like?｜What country are you from?｜Which kind is better?｜Which one do you want to eat?,မင်း ဘယ်ဟာကိုလိုချင်လဲ။｜မင်း ဘယ်စာအုပ်ကိုကြိုက်လဲ။｜မင်း ဘယ်နိုင်ငံကလူလဲ။｜ဘယ်အမျိုးအစားက ပိုကောင်းလဲ။｜မင်း ဘယ်ဟာစားချင်လဲ။,哪个 (nǎ ge) — ဘယ်ဟာ｜哪些 (nǎxiē) — ဘယ်ဟာတွေ｜哪种 (nǎ zhǒng) — ဘယ်အမျိုးအစား｜哪本 (nǎ běn) — ဘယ်စာအုပ်｜哪国 (nǎ guó) — ဘယ်နိုင်ငံ
251,1,哪里,nǎ lǐ,where,ဘယ်နေရာ,你在哪里？｜你住在哪里？｜学校在哪里？｜你在哪里学习？｜你的家在哪里？,Nǐ zài nǎlǐ?｜Nǐ zhù zài nǎlǐ?｜Xuéxiào zài nǎlǐ?｜Nǐ zài nǎlǐ xuéxí?｜Nǐ de jiā zài nǎlǐ?,Where are you?｜Where do you live?｜Where is the school?｜Where do you study?｜Where is your home?,မင်း ဘယ်မှာရှိလဲ။｜မင်း ဘယ်မှာနေလဲ။｜ကျောင်းက ဘယ်မှာလဲ။｜မင်း ဘယ်မှာစာလေ့လာလဲ။｜မင်းအိမ်က ဘယ်မှာလဲ။,哪里 (nǎlǐ) — ဘယ်မှာ｜哪儿 (nǎr) — ဘယ်မှာ｜这里 (zhèlǐ) — ဒီမှာ｜那里 (nàlǐ) — အဲဒီမှာ｜哪里人 (nǎlǐ rén) — ဘယ်ကလူ
252,1,哪儿,nǎr,where,ဘယ်နေရာ(စကားပြောပုံစံ),你去哪儿？｜你住哪儿？｜哪儿有医院？｜你从哪儿来？｜我们去哪儿吃饭？,Nǐ qù nǎr?｜Nǐ zhù nǎr?｜Nǎr yǒu yīyuàn?｜Nǐ cóng nǎr lái?｜Wǒmen qù nǎr chīfàn?,Where are you going?｜Where do you live?｜Where is there a hospital?｜Where are you from?｜Where shall we go to eat?,မင်း ဘယ်ကိုသွားမလဲ။｜မင်း ဘယ်မှာနေလဲ။｜ဘယ်မှာ ဆေးရုံရှိလဲ။｜မင်း ဘယ်ကလာတာလဲ။｜ကျွန်တော်တို့ ဘယ်မှာသွားစားကြမလဲ။,哪里 (nǎlǐ) — ဘယ်မှာ｜哪儿 (nǎr) — ဘယ်မှာ｜哪边 (nǎbiān) — ဘယ်ဘက်/ဘယ်ဖက်ခြမ်း｜哪儿去 (nǎr qù) — ဘယ်ကိုသွား｜哪里人 (nǎlǐ rén) — ဘယ်ကလူ
253,1,哪些,nǎ xiē,which,ဘယ်အရာတွေ၊ ဘယ်ဟာတွေ,哪些是你的？｜你喜欢哪些颜色？｜哪些书是你的？｜你认识哪些人？｜哪些水果比较甜？,Nǎxiē shì nǐ de?｜Nǐ xǐhuan nǎxiē yánsè?｜Nǎxiē shū shì nǐ de?｜Nǐ rènshi nǎxiē rén?｜Nǎxiē shuǐguǒ bǐjiào tián?,Which ones are yours?｜Which colors do you like?｜Which books are yours?｜Which people do you know?｜Which fruits are sweeter?,ဘယ်ဟာတွေက မင်းဟာလဲ။｜မင်းဘယ်အရောင်တွေကို ကြိုက်လဲ။｜ဘယ်စာအုပ်တွေက မင်းဟာလဲ။｜မင်းဘယ်သူတွေကို သိလဲ။｜ဘယ်အသီးတွေက ပိုချိုလဲ။,哪些人 (nǎxiē rén) — ဘယ်သူတွေ｜哪些书 (nǎxiē shū) — ဘယ်စာအုပ်တွေ｜哪些东西 (nǎxiē dōngxi) — ဘယ်အရာတွေ｜哪些地方 (nǎxiē dìfang) — ဘယ်နေရာတွေ｜哪些问题 (nǎxiē wèntí) — ဘယ်မေးခွန်းတွေ
254,1,那（代）,nà,that,အဲဒီ၊ အဲဟာ,那是我的书。｜那个人是谁？｜我不要那个。｜那是什么？｜那是我朋友的。,Nà shì wǒ de shū.｜Nàge rén shì shéi?｜Wǒ bú yào nàge.｜Nà shì shénme?｜Nà shì wǒ péngyou de.,That is my book.｜Who is that person?｜I don't want that one.｜What is that?｜That belongs to my friend.,အဲဒါက ငါ့စာအုပ်ပါ။｜အဲဒီလူက ဘယ်သူလဲ။｜အဲဒါကို ငါမလိုချင်ဘူး။｜အဲဒါက ဘာလဲ။｜အဲဒါက ငါ့သူငယ်ချင်းဟာပါ။,那个 (nàge) — အဲဒီဟာ｜那个人 (nàge rén) — အဲဒီလူ｜那本书 (nà běn shū) — အဲဒီစာအုပ်｜那时候 (nà shíhou) — အဲဒီအချိန်｜那么 (nàme) — အဲဒီလောက် / အဲဒီလို
255,1,那边,nà biān,there,အဲဒီဘက်,商店在那边。｜你往那边走。｜厕所就在那边。｜他从那边过来了。｜我们在那边见。,Shāngdiàn zài nàbiān.｜Nǐ wǎng nàbiān zǒu.｜Cèsuǒ jiù zài nàbiān.｜Tā cóng nàbiān guòlái le.｜Wǒmen zài nàbiān jiàn.,The shop is over there.｜Go in that direction.｜The restroom is over there.｜He came from that direction.｜Let's meet over there.,ဆိုင်က အဲဒီဘက်မှာရှိတယ်။｜မင်း အဲဒီဘက်ကိုသွား။｜အိမ်သာက အဲဒီဘက်မှာရှိတယ်။｜သူက အဲဒီဘက်ကနေ လာတာ။｜ငါတို့ အဲဒီမှာတွေ့မယ်။,这边 (zhèbiān) — ဒီဘက်｜那边的 (nàbiān de) — အဲဒီဘက်က｜右边 (yòubiān) — ညာဘက်｜左边 (zuǒbiān) — ဘယ်ဘက်｜旁边 (pángbiān) — ဘေးမှာ
256,1,那里,nà lǐ,there,အဲဒီမှာ၊ အဲဒီနေရာ,你住在哪里？｜学校在那里。｜我在那里工作。｜你的手机在那里。｜他在那里等你。,Nǐ zhù zài nǎlǐ?｜Xuéxiào zài nàlǐ.｜Wǒ zài nàlǐ gōngzuò.｜Nǐ de shǒujī zài nàlǐ.｜Tā zài nàlǐ děng nǐ.,Where do you live?｜The school is there.｜I work there.｜Your phone is there.｜He is waiting for you there.,မင်းဘယ်မှာနေလဲ။｜ကျောင်းက အဲဒီမှာရှိတယ်။｜ငါအဲဒီမှာ အလုပ်လုပ်တယ်။｜မင်းဖုန်းက အဲဒီမှာရှိတယ်။｜သူက မင်းကို အဲဒီမှာစောင့်နေတယ်။,这里 (zhèlǐ) — ဒီမှာ｜那里 (nàlǐ) — အဲဒီမှာ｜哪里 (nǎlǐ) — ဘယ်မှာ｜这里有 (zhèlǐ yǒu) — ဒီမှာရှိတယ်｜在那里 (zài nàlǐ) — အဲဒီမှာ
257,1,那儿,nàr,there,အဲဒီမှာ၊ အဲဒီနေရာ,你去哪儿？｜他在那儿。｜你从哪儿来？｜我们在哪儿见面？｜商店在哪儿？,Nǐ qù nǎr?｜Tā zài nàr.｜Nǐ cóng nǎr lái?｜Wǒmen zài nǎr jiànmiàn?｜Shāngdiàn zài nǎr?,Where are you going?｜He is there.｜Where are you from?｜Where shall we meet?｜Where is the shop?,မင်းဘယ်သွားမလဲ။｜သူအဲဒီမှာရှိတယ်။｜မင်းဘယ်ကလာတာလဲ။｜ငါတို့ဘယ်မှာတွေ့ကြမလဲ။｜ဆိုင်ဘယ်မှာလဲ။,哪里 (nǎlǐ) — ဘယ်မှာ｜哪儿 (nǎr) — ဘယ်မှာ｜这儿 (zhèr) — ဒီမှာ｜那儿 (nàr) — အဲဒီမှာ｜去哪儿 (qù nǎr) — ဘယ်ကိုသွား
258,1,那些,nà xiē,those,အဲဒီအရာတွေ,那些是什么？｜那些书很好。｜那些人是谁？｜我喜欢那些衣服。｜那些孩子在玩。,Nàxiē shì shénme?｜Nàxiē shū hěn hǎo.｜Nàxiē rén shì shéi?｜Wǒ xǐhuan nàxiē yīfu.｜Nàxiē háizi zài wán.,What are those?｜Those books are good.｜Who are those people?｜I like those clothes.｜Those children are playing.,အဲဒီအရာတွေက ဘာတွေလဲ။｜အဲဒီစာအုပ်တွေက ကောင်းတယ်။｜အဲဒီလူတွေက ဘယ်သူတွေလဲ။｜ငါအဲဒီအဝတ်အစားတွေကို ကြိုက်တယ်။｜အဲဒီကလေးတွေ ကစားနေကြတယ်။,那个 (nàge) — အဲဒီဟာ｜那些人 (nàxiē rén) — အဲဒီလူတွေ｜那些书 (nàxiē shū) — အဲဒီစာအုပ်တွေ｜那些东西 (nàxiē dōngxi) — အဲဒီအရာတွေ｜那些地方 (nàxiē dìfang) — အဲဒီနေရာတွေ
259,1,奶,nǎi,milk,နို့,我喜欢喝牛奶。｜孩子每天喝奶。｜你要喝奶吗？｜牛奶在冰箱里。｜她给孩子喝奶。,Wǒ xǐhuan hē niúnǎi.｜Háizi měitiān hē nǎi.｜Nǐ yào hē nǎi ma?｜Niúnǎi zài bīngxiāng lǐ.｜Tā gěi háizi hē nǎi.,I like drinking milk.｜The child drinks milk every day.｜Do you want to drink milk?｜The milk is in the refrigerator.｜She gives the child milk.,ငါနို့သောက်ရတာ ကြိုက်တယ်။｜ကလေးက နေ့တိုင်းနို့သောက်တယ်။｜မင်းနို့သောက်ချင်လား။｜နို့က ရေခဲသေတ္တာထဲမှာရှိတယ်။｜သူက ကလေးကို နို့တိုက်တယ်။,牛奶 (niúnǎi) — နို့｜奶茶 (nǎichá) — နို့လက်ဖက်ရည်｜奶粉 (nǎifěn) — နို့မှုန့်｜牛奶瓶 (niúnǎi píng) — နို့ဘူး｜鲜奶 (xiānnǎi) — နို့လတ်
260,1,奶奶,nǎinai,grandma,အဖွား,我奶奶今年七十岁。｜奶奶在家。｜我去看奶奶。｜奶奶喜欢喝茶。｜奶奶正在做饭。,Wǒ nǎinai jīnnián qīshí suì.｜Nǎinai zài jiā.｜Wǒ qù kàn nǎinai.｜Nǎinai xǐhuan hē chá.｜Nǎinai zhèngzài zuò fàn.,My grandmother is seventy years old this year.｜Grandma is at home.｜I am going to see Grandma.｜Grandma likes drinking tea.｜Grandma is cooking.,ငါ့အဖွားက ဒီနှစ် အသက် ၇၀ ရှိပြီ။｜အဖွားက အိမ်မှာရှိတယ်။｜ငါအဖွားဆီ သွားမယ်။｜အဖွားက လက်ဖက်ရည်သောက်ရတာ ကြိုက်တယ်။｜အဖွားက ဟင်းချက်နေတယ်။,爷爷奶奶 (yéye nǎinai) — အဘိုးအဖွား｜奶奶家 (nǎinai jiā) — အဖွားအိမ်｜外婆 (wàipó) — အမေ့ဘက်အဖွား｜爷爷 (yéye) — အဘိုး｜孙女 (sūnnǚ) — မြေးမ
261,1,男,nán,Man,အမျိုးသား၊ ယောကျ်ား,他是男的。｜那个男的是老师。｜男的和女的都来了。｜这个男的很高。｜那个男的是谁？,Tā shì nán de.｜Nàge nán de shì lǎoshī.｜Nán de hé nǚ de dōu lái le.｜Zhège nán de hěn gāo.｜Nàge nán de shì shéi?,He is male.｜That man is a teacher.｜Both men and women came.｜This man is tall.｜Who is that man?,သူက ယောကျ်ားပါ။｜အဲဒီယောကျ်ားက ဆရာပါ။｜ယောကျ်ားနဲ့ မိန်းမ နှစ်မျိုးလုံး လာကြတယ်။｜ဒီယောကျ်ားက အရပ်ရှည်တယ်။｜အဲဒီယောကျ်ားက ဘယ်သူလဲ။,男人 (nánrén) — အမျိုးသား｜男孩儿 (nánháir) — ယောကျ်ားလေး｜男生 (nánshēng) — ယောကျ်ားလေးကျောင်းသား｜男士 (nánshì) — အမျိုးသား｜男性 (nánxìng) — အမျိုးသားလိင်
262,1,男孩儿,nán háir,boy,ယောကျ်ားလေး,那个男孩儿很可爱。｜男孩儿在公园里玩。｜那个男孩儿会说中文。｜男孩儿喜欢踢足球。｜这个男孩儿是我弟弟。,Nàge nánháir hěn kě'ài.｜Nánháir zài gōngyuán lǐ wán.｜Nàge nánháir huì shuō Zhōngwén.｜Nánháir xǐhuan tī zúqiú.｜Zhège nánháir shì wǒ dìdi.,That boy is very cute.｜The boy is playing in the park.｜That boy can speak Chinese.｜The boy likes playing football.｜This boy is my younger brother.,အဲဒီကောင်လေးက အရမ်းချစ်စရာကောင်းတယ်။｜ကောင်လေးက ပန်းခြံမှာ ကစားနေတယ်။｜အဲဒီကောင်လေးက တရုတ်စကားပြောတတ်တယ်။｜ကောင်လေးက ဘောလုံးကစားရတာ ကြိုက်တယ်။｜ဒီကောင်လေးက ငါ့ညီလေးပါ။,男孩儿 (nánháir) — ယောကျ်ားလေး｜小男孩儿 (xiǎo nánháir) — ကောင်လေးငယ်｜男生 (nánshēng) — ယောကျ်ားလေးကျောင်းသား｜弟弟 (dìdi) — ညီလေး｜儿子 (érzi) — သား
263,1,男朋友,nán péng yǒu,boyfriend,ရည်းစားကောင်လေး,他是我的男朋友。｜我的男朋友喜欢中国菜。｜我男朋友会说中文。｜她和男朋友一起去看电影。｜他的男朋友在北京工作。,Tā shì wǒ de nán péngyou.｜Wǒ de nán péngyou xǐhuan Zhōngguó cài.｜Wǒ nán péngyou huì shuō Zhōngwén.｜Tā hé nán péngyou yìqǐ qù kàn diànyǐng.｜Tā de nán péngyou zài Běijīng gōngzuò.,He is my boyfriend.｜My boyfriend likes Chinese food.｜My boyfriend can speak Chinese.｜She went to see a movie with her boyfriend.｜His boyfriend works in Beijing.,သူက ငါ့ရည်းစားကောင်လေးပါ။｜ငါ့ရည်းစားကောင်လေးက တရုတ်အစားအစာကြိုက်တယ်။｜ငါ့ရည်းစားကောင်လေးက တရုတ်စကားပြောတတ်တယ်။｜သူက ရည်းစားကောင်လေးနဲ့ ရုပ်ရှင်သွားကြည့်တယ်။｜သူ့ရည်းစားကောင်လေးက ပေကျင်းမှာ အလုပ်လုပ်တယ်။,女朋友 (nǚ péngyou) — ရည်းစားကောင်မလေး｜朋友 (péngyou) — သူငယ်ချင်း｜男朋友的家 (nán péngyou de jiā) — ရည်းစားကောင်လေးအိမ်｜男朋友的妈妈 (nán péngyou de māma) — ရည်းစားကောင်လေးရဲ့အမေ｜谈恋爱 (tán liàn'ài) — ချစ်ကြိုက်ခြင်း
264,1,男人,nán ren,man,အမျိုးသား၊ ယောကျ်ား,那个男人是谁？｜那个男人很高。｜一个男人站在门口。｜那个男人是医生。｜男人正在看报纸。,Nàge nánrén shì shéi?｜Nàge nánrén hěn gāo.｜Yí ge nánrén zhàn zài ménkǒu.｜Nàge nánrén shì yīshēng.｜Nánrén zhèngzài kàn bàozhǐ.,Who is that man?｜That man is tall.｜A man is standing at the door.｜That man is a doctor.｜The man is reading a newspaper.,အဲဒီယောကျ်ားက ဘယ်သူလဲ။｜အဲဒီယောကျ်ားက အရပ်ရှည်တယ်။｜ယောကျ်ားတစ်ယောက်က တံခါးဝမှာ ရပ်နေတယ်။｜အဲဒီယောကျ်ားက ဆရာဝန်ပါ။｜ယောကျ်ားက သတင်းစာဖတ်နေတယ်။,男士 (nánshì) — အမျိုးသား｜男性 (nánxìng) — အမျိုးသား｜男人们 (nánrénmen) — အမျိုးသားများ｜男子 (nánzǐ) — အမျိုးသား｜成年男人 (chéngnián nánrén) — အရွယ်ရောက်အမျိုးသား
265,1,男生,nán shēng,boy,ယောကျ်ားလေးကျောင်းသား,他是男生。｜班里有很多男生。｜那个男生是我的同学。｜男生们在踢足球。｜这个男生学习很好。,Tā shì nánshēng.｜Bān lǐ yǒu hěn duō nánshēng.｜Nàge nánshēng shì wǒ de tóngxué.｜Nánshēngmen zài tī zúqiú.｜Zhège nánshēng xuéxí hěn hǎo.,He is a male student.｜There are many boys in the class.｜That boy is my classmate.｜The boys are playing football.｜This boy studies very well.,သူက ယောကျ်ားလေးကျောင်းသားပါ။｜အတန်းထဲမှာ ယောကျ်ားလေးကျောင်းသားတွေ အများကြီးရှိတယ်။｜အဲဒီယောကျ်ားလေးကျောင်းသားက ငါ့အတန်းဖော်ပါ။｜ယောကျ်ားလေးကျောင်းသားတွေ ဘောလုံးကစားနေကြတယ်။｜ဒီယောကျ်ားလေးကျောင်းသားက စာတော်တယ်။,女生 (nǚshēng) — မိန်းကလေးကျောင်းသူ｜学生 (xuésheng) — ကျောင်းသား｜同学 (tóngxué) — အတန်းဖော်｜男孩儿 (nánháir) — ယောကျ်ားလေး｜女同学 (nǚ tóngxué) — မိန်းကလေးအတန်းဖော်
266,1,南,nán,south,တောင်၊ တောင်ပိုင်း,中国的南方很热。｜我们往南走。｜南方有很多水果。｜北京在中国的北边。｜南方的冬天比较暖和。,Zhōngguó de nánfāng hěn rè.｜Wǒmen wǎng nán zǒu.｜Nánfāng yǒu hěn duō shuǐguǒ.｜Běijīng zài Zhōngguó de běibiān.｜Nánfāng de dōngtiān bǐjiào nuǎnhuo.,The south of China is hot.｜We are walking south.｜There are many fruits in the south.｜Beijing is in the north of China.｜The winters in the south are relatively warm.,တရုတ်နိုင်ငံရဲ့ တောင်ပိုင်းက ပူတယ်။｜ငါတို့ တောင်ဘက်ကို လျှောက်သွားနေတယ်။｜တောင်ပိုင်းမှာ အသီးအနှံတွေအများကြီးရှိတယ်။｜ပေကျင်းက တရုတ်နိုင်ငံရဲ့ မြောက်ဘက်မှာရှိတယ်။｜တောင်ပိုင်းဆောင်းရာသီက ပိုနွေးတယ်။,南方 (nánfāng) — တောင်ပိုင်း｜南边 (nánbiān) — တောင်ဘက်｜南部 (nánbù) — တောင်ပိုင်းဒေသ｜南面 (nánmiàn) — တောင်ဘက်｜南北 (nánběi) — တောင်မြောက်
267,1,南边,nán biān,south; south side,တောင်ဘက်,学校在南边。｜商店在路的南边。｜公园在南边。｜他家在学校南边。｜我们住在城市的南边。,Xuéxiào zài nánbiān.｜Shāngdiàn zài lù de nánbiān.｜Gōngyuán zài nánbiān.｜Tā jiā zài xuéxiào nánbiān.｜Wǒmen zhù zài chéngshì de nánbiān.,The school is in the south.｜The shop is on the south side of the road.｜The park is in the south.｜His house is south of the school.｜We live in the south of the city.,ကျောင်းက တောင်ဘက်မှာရှိတယ်။｜ဆိုင်က လမ်းရဲ့ တောင်ဘက်မှာရှိတယ်။｜ပန်းခြံက တောင်ဘက်မှာရှိတယ်။｜သူ့အိမ်က ကျောင်းရဲ့ တောင်ဘက်မှာရှိတယ်။｜ငါတို့ မြို့ရဲ့တောင်ဘက်မှာ နေတယ်။,北边 (běibiān) — မြောက်ဘက်｜南方 (nánfāng) — တောင်ပိုင်း｜南部 (nánbù) — တောင်ပိုင်းဒေသ｜南面 (nánmiàn) — တောင်ဘက်｜东南 (dōngnán) — အရှေ့တောင်
268,1,难,nán,"hard, difficult",ခက်၊ ခက်ခဲ,这个问题很难。｜汉语不难。｜这道题太难了。｜学中文难吗？｜这个工作很难做。,Zhège wèntí hěn nán.｜Hànyǔ bù nán.｜Zhè dào tí tài nán le.｜Xué Zhōngwén nán ma?｜Zhège gōngzuò hěn nán zuò.,This problem is difficult.｜Chinese is not difficult.｜This question is too difficult.｜Is learning Chinese difficult?｜This job is difficult to do.,ဒီမေးခွန်းက ခက်တယ်။｜တရုတ်ဘာသာစကားက မခက်ပါဘူး။｜ဒီမေးခွန်းက အရမ်းခက်တယ်။｜တရုတ်စာလေ့လာရတာ ခက်လား။｜ဒီအလုပ်က လုပ်ရတာခက်တယ်။,难题 (nántí) — ခက်ခဲသောမေးခွန်း｜困难 (kùnnan) — အခက်အခဲ｜难过 (nánguò) — စိတ်မကောင်းဖြစ်သည်｜难看 (nánkàn) — မလှ｜难学 (nánxué) — လေ့လာရခက်
269,1,呢,ne,auxiliary word,နော်၊ လား,你吃饭了吗？｜你怎么还没来呢？｜你在做什么呢？｜你去哪儿呢？｜天气怎么这么热呢？,Nǐ chīfàn le ma?｜Nǐ zěnme hái méi lái ne?｜Nǐ zài zuò shénme ne?｜Nǐ qù nǎr ne?｜Tiānqì zěnme zhème rè ne?,Have you eaten?｜Why haven't you come yet?｜What are you doing?｜Where are you going?｜Why is the weather so hot?,ထမင်းစားပြီးပြီလား။｜မင်းဘာလို့ အခုထိမလာသေးတာလဲနော်။｜မင်းဘာလုပ်နေတာလဲ။｜မင်းဘယ်သွားမလို့လဲ။｜ရာသီဥတုက ဘာလို့ဒီလောက်ပူနေတာလဲ။,吗 (ma) — လား｜吧 (ba) — နော် / ကြရအောင်｜啊 (a) — အာ / နော်｜哦 (ó) — အိုး｜呀 (ya) — နော် / အာ
270,1,能,néng,can,နိုင်သည်၊ လုပ်နိုင်သည်,你能说中文吗？｜我能看懂。｜你能帮我吗？｜他能来吗？｜我不能吃辣。,Nǐ néng shuō Zhōngwén ma?｜Wǒ néng kàn dǒng.｜Nǐ néng bāng wǒ ma?｜Tā néng lái ma?｜Wǒ bù néng chī là.,Can you speak Chinese?｜I can understand it.｜Can you help me?｜Can he come?｜I cannot eat spicy food.,မင်းတရုတ်စကားပြောနိုင်လား။｜ငါနားလည်နိုင်တယ်။｜မင်းငါ့ကိုကူညီနိုင်လား။｜သူလာနိုင်လား။｜ငါအစပ်မစားနိုင်ဘူး။,能够 (nénggòu) — နိုင်သည်｜可以 (kěyǐ) — ရသည် / နိုင်သည်｜会 (huì) — တတ်သည်｜不能 (bù néng) — မနိုင်｜能不能 (néng bu néng) — နိုင်မနိုင်
271,1,你,nǐ,you,မင်း၊ သင်,你好吗？｜你叫什么名字？｜你住在哪里？｜你喜欢什么？｜你去哪儿？,Nǐ hǎo ma?｜Nǐ jiào shénme míngzi?｜Nǐ zhù zài nǎlǐ?｜Nǐ xǐhuan shénme?｜Nǐ qù nǎr?,How are you?｜What is your name?｜Where do you live?｜What do you like?｜Where are you going?,မင်းနေကောင်းလား။｜မင်းနာမည်ဘယ်လိုခေါ်လဲ။｜မင်းဘယ်မှာနေလဲ။｜မင်းဘာကြိုက်လဲ။｜မင်းဘယ်သွားမလဲ။,您 (nín) — ခင်ဗျား｜你们 (nǐmen) — မင်းတို့｜你的 (nǐ de) — မင်းရဲ့｜你自己 (nǐ zìjǐ) — မင်းကိုယ်တိုင်｜你好 (nǐ hǎo) — မင်္ဂလာပါ
272,1,你们,nǐ men,you,မင်းတို့၊ သင်တို့,你们好吗？｜你们去哪儿？｜你们是学生吗？｜你们喜欢喝茶吗？｜你们什么时候回来？,Nǐmen hǎo ma?｜Nǐmen qù nǎr?｜Nǐmen shì xuésheng ma?｜Nǐmen xǐhuan hē chá ma?｜Nǐmen shénme shíhou huílái?,How are you?｜Where are you going?｜Are you students?｜Do you like drinking tea?｜When will you come back?,မင်းတို့နေကောင်းလား။｜မင်းတို့ဘယ်သွားမလဲ။｜မင်းတို့က ကျောင်းသားတွေလား။｜မင်းတို့ လက်ဖက်ရည်သောက်ရတာကြိုက်လား။｜မင်းတို့ဘယ်တော့ပြန်လာမလဲ။,我们 (wǒmen) — ကျွန်တော်တို့｜他们 (tāmen) — သူတို့｜大家 (dàjiā) — အားလုံး｜你们好 (nǐmen hǎo) — မင်းတို့မင်္ဂလာပါ｜你们的 (nǐmen de) — မင်းတို့ရဲ့
273,1,年,nián,year,နှစ်,我学了三年中文。｜今年是哪一年？｜一年有十二个月。｜他工作了很多年。｜明年我想去中国。,Wǒ xué le sān nián Zhōngwén.｜Jīnnián shì nǎ yì nián?｜Yì nián yǒu shí'èr ge yuè.｜Tā gōngzuò le hěn duō nián.｜Míngnián wǒ xiǎng qù Zhōngguó.,I have studied Chinese for three years.｜What year is this?｜There are twelve months in a year.｜He has worked for many years.｜I want to go to China next year.,ငါတရုတ်စာကို သုံးနှစ်လေ့လာထားတယ်။｜ဒီနှစ်က ဘယ်နှစ်လဲ။｜တစ်နှစ်မှာ ၁၂ လရှိတယ်။｜သူအလုပ်လုပ်လာတာ နှစ်ပေါင်းများစွာရှိပြီ။｜နောက်နှစ်မှာ တရုတ်နိုင်ငံကိုသွားချင်တယ်။,去年 (qùnián) — မနှစ်က｜今年 (jīnnián) — ဒီနှစ်｜明年 (míngnián) — နောက်နှစ်｜年年 (niánnián) — နှစ်တိုင်း｜年初 (niánchū) — နှစ်အစ
274,1,您,nín,you,ခင်ဗျား၊ သင်,您好！｜您叫什么名字？｜您吃饭了吗？｜您住在哪里？｜谢谢您。,Nín hǎo!｜Nín jiào shénme míngzi?｜Nín chīfàn le ma?｜Nín zhù zài nǎlǐ?｜Xièxie nín.,Hello!｜What is your name?｜Have you eaten?｜Where do you live?｜Thank you.,မင်္ဂလာပါ။｜ခင်ဗျားနာမည်ဘယ်လိုခေါ်လဲ။｜ခင်ဗျားထမင်းစားပြီးပြီလား။｜ခင်ဗျားဘယ်မှာနေလဲ။｜ကျေးဇူးတင်ပါတယ်။,您好 (nín hǎo) — မင်္ဂလာပါ｜您的 (nín de) — ခင်ဗျားရဲ့｜您们 (nínmen) — ခင်ဗျားတို့｜您好呀 (nín hǎo ya) — မင်္ဂလာပါနော်｜谢谢您 (xièxie nín) — ကျေးဇူးတင်ပါတယ်
275,1,牛奶,niúnǎi,milk,နွားနို့,我喜欢喝牛奶。｜牛奶在冰箱里。｜孩子每天喝牛奶。｜你要喝牛奶吗？｜这杯牛奶很热。,Wǒ xǐhuan hē niúnǎi.｜Niúnǎi zài bīngxiāng lǐ.｜Háizi měitiān hē niúnǎi.｜Nǐ yào hē niúnǎi ma?｜Zhè bēi niúnǎi hěn rè.,I like drinking milk.｜The milk is in the refrigerator.｜The child drinks milk every day.｜Do you want to drink milk?｜This glass of milk is hot.,ငါနို့သောက်ရတာကြိုက်တယ်။｜နို့က ရေခဲသေတ္တာထဲမှာရှိတယ်။｜ကလေးက နေ့တိုင်းနို့သောက်တယ်။｜မင်းနို့သောက်ချင်လား။｜ဒီနို့တစ်ခွက်က ပူတယ်။,奶 (nǎi) — နို့｜奶茶 (nǎichá) — နို့လက်ဖက်ရည်｜奶粉 (nǎifěn) — နို့မှုန့်｜鲜奶 (xiānnǎi) — နို့လတ်｜牛奶瓶 (niúnǎi píng) — နို့ဘူး
276,1,女,nǚ,woman,မိန်းမ၊ အမျိုးသမီး,她是女的。｜那个女的是老师。｜这里有一个女医生。｜女的和男的都来了。｜她是一位漂亮的女士。,Tā shì nǚ de.｜Nàge nǚ de shì lǎoshī.｜Zhèlǐ yǒu yí ge nǚ yīshēng.｜Nǚ de hé nán de dōu lái le.｜Tā shì yí wèi piàoliang de nǚshì.,She is female.｜That woman is a teacher.｜There is a female doctor here.｜Both women and men came.｜She is a beautiful lady.,သူက မိန်းမပါ။｜အဲဒီမိန်းမက ဆရာမပါ။｜ဒီမှာ အမျိုးသမီးဆရာဝန်တစ်ယောက်ရှိတယ်။｜မိန်းမနဲ့ယောကျ်ား နှစ်ယောက်လုံးလာကြတယ်။｜သူက လှတဲ့အမျိုးသမီးတစ်ယောက်ပါ။,女儿 (nǚ'ér) — သမီး｜女孩儿 (nǚháir) — မိန်းကလေး｜女人 (nǚrén) — အမျိုးသမီး｜女生 (nǚshēng) — မိန်းကလေးကျောင်းသူ｜女性 (nǚxìng) — အမျိုးသမီး
277,1,女儿,nǚ’ér,daughter,သမီး,她是我的女儿。｜我女儿今年十岁。｜女儿在学校学习。｜我的女儿喜欢画画。｜她和女儿一起去公园。,Tā shì wǒ de nǚ'ér.｜Wǒ nǚ'ér jīnnián shí suì.｜Nǚ'ér zài xuéxiào xuéxí.｜Wǒ de nǚ'ér xǐhuan huàhuà.｜Tā hé nǚ'ér yìqǐ qù gōngyuán.,She is my daughter.｜My daughter is ten years old this year.｜My daughter studies at school.｜My daughter likes drawing.｜She goes to the park with her daughter.,သူက ငါ့သမီးပါ။｜ငါ့သမီးက ဒီနှစ်အသက် ၁၀ နှစ်ရှိပြီ။｜ငါ့သမီးက ကျောင်းမှာစာသင်တယ်။｜ငါ့သမီးက ပန်းချီဆွဲရတာကြိုက်တယ်။｜သူက သမီးနဲ့အတူ ပန်းခြံသွားတယ်။,儿子 (érzi) — သား｜女儿们 (nǚ'érmen) — သမီးများ｜女儿家 (nǚ'ér jiā) — သမီးဘက်အိမ်｜女儿心 (nǚ'ér xīn) — သမီးစိတ်｜女儿节 (nǚ'érjié) — သမီးပွဲတော်
278,1,女孩儿,nǚ háir,girl,မိန်းကလေး,那个女孩儿很可爱。｜女孩儿在公园里玩。｜这个女孩儿会说中文。｜女孩儿喜欢唱歌。｜那个女孩儿是我的妹妹。,Nàge nǚháir hěn kě'ài.｜Nǚháir zài gōngyuán lǐ wán.｜Zhège nǚháir huì shuō Zhōngwén.｜Nǚháir xǐhuan chànggē.｜Nàge nǚháir shì wǒ de mèimei.,That girl is very cute.｜The girl is playing in the park.｜This girl can speak Chinese.｜The girl likes singing.｜That girl is my younger sister.,အဲဒီကောင်မလေးက အရမ်းချစ်စရာကောင်းတယ်။｜ကောင်မလေးက ပန်းခြံမှာကစားနေတယ်။｜ဒီကောင်မလေးက တရုတ်စကားပြောတတ်တယ်။｜ကောင်မလေးက သီချင်းဆိုရတာကြိုက်တယ်။｜အဲဒီကောင်မလေးက ငါ့ညီမလေးပါ။,女孩 (nǚhái) — မိန်းကလေး｜小女孩儿 (xiǎo nǚháir) — ကောင်မလေးငယ်｜女生 (nǚshēng) — မိန်းကလေးကျောင်းသူ｜男孩儿 (nánháir) — ယောကျ်ားလေး｜女孩们 (nǚháimen) — မိန်းကလေးများ
279,1,女朋友,nǚ péng yǒu,girlfriend,ရည်းစားကောင်မလေး,她是我的女朋友。｜我的女朋友喜欢看电影。｜她和女朋友一起吃饭。｜我的女朋友会说中文。｜他的女朋友住在北京。,Tā shì wǒ de nǚ péngyou.｜Wǒ de nǚ péngyou xǐhuan kàn diànyǐng.｜Tā hé nǚ péngyou yìqǐ chīfàn.｜Wǒ de nǚ péngyou huì shuō Zhōngwén.｜Tā de nǚ péngyou zhù zài Běijīng.,She is my girlfriend.｜My girlfriend likes watching movies.｜She eats with her girlfriend.｜My girlfriend can speak Chinese.｜His girlfriend lives in Beijing.,သူက ငါ့ရည်းစားကောင်မလေးပါ။｜ငါ့ရည်းစားကောင်မလေးက ရုပ်ရှင်ကြည့်ရတာကြိုက်တယ်။｜သူက ရည်းစားကောင်မလေးနဲ့အတူ ထမင်းစားတယ်။｜ငါ့ရည်းစားကောင်မလေးက တရုတ်စကားပြောတတ်တယ်။｜သူ့ရည်းစားကောင်မလေးက ပေကျင်းမှာနေတယ်။,男朋友 (nán péngyou) — ရည်းစားကောင်လေး｜朋友 (péngyou) — သူငယ်ချင်း｜女朋友 (nǚ péngyou) — ရည်းစားကောင်မလေး｜谈恋爱 (tán liàn'ài) — ချစ်ကြိုက်သည်｜情侣 (qínglǚ) — ချစ်သူစုံတွဲ
280,1,女人,nǚ ren,woman,အမျိုးသမီး၊ မိန်းမ,那个女人是谁？｜那个女人是老师。｜女人正在买东西。｜这个女人很高。｜很多女人喜欢喝咖啡。,Nàge nǚrén shì shéi?｜Nàge nǚrén shì lǎoshī.｜Nǚrén zhèngzài mǎi dōngxi.｜Zhège nǚrén hěn gāo.｜Hěn duō nǚrén xǐhuan hē kāfēi.,Who is that woman?｜That woman is a teacher.｜The woman is shopping.｜This woman is tall.｜Many women like drinking coffee.,အဲဒီမိန်းမက ဘယ်သူလဲ။｜အဲဒီမိန်းမက ဆရာမပါ။｜မိန်းမက ဈေးဝယ်နေတယ်။｜ဒီမိန်းမက အရပ်ရှည်တယ်။｜မိန်းမအများကြီးက ကော်ဖီသောက်ရတာကြိုက်တယ်။,男人 (nánrén) — ယောကျ်ား｜女士 (nǚshì) — အမျိုးသမီး｜男性 (nánxìng) — အမျိုးသား｜女性 (nǚxìng) — အမျိုးသမီး｜成人 (chéngrén) — အရွယ်ရောက်သူ
281,1,女生,nǚ shēng,girl,မိန်းကလေးကျောင်းသူ,她是女生。｜班里有很多女生。｜那个女生是我的同学。｜女生们正在学习。｜这个女生中文说得很好。,Tā shì nǚshēng.｜Bān lǐ yǒu hěn duō nǚshēng.｜Nàge nǚshēng shì wǒ de tóngxué.｜Nǚshēngmen zhèngzài xuéxí.｜Zhège nǚshēng Zhōngwén shuō de hěn hǎo.,She is a female student.｜There are many girls in the class.｜That girl is my classmate.｜The girls are studying.｜This girl speaks Chinese very well.,သူက မိန်းကလေးကျောင်းသူပါ။｜အတန်းထဲမှာ မိန်းကလေးကျောင်းသူတွေအများကြီးရှိတယ်။｜အဲဒီမိန်းကလေးက ငါ့အတန်းဖော်ပါ။｜မိန်းကလေးကျောင်းသူတွေ စာလေ့လာနေကြတယ်။｜ဒီမိန်းကလေးက တရုတ်စကားကို ကောင်းကောင်းပြောတတ်တယ်။,男生 (nánshēng) — ယောကျ်ားလေးကျောင်းသား｜女生 (nǚshēng) — မိန်းကလေးကျောင်းသူ｜学生 (xuésheng) — ကျောင်းသား｜同学 (tóngxué) — အတန်းဖော်｜男孩儿 (nánháir) — ယောကျ်ားလေး
282,1,旁边,pángbiān,Side,ဘေးမှာ၊ အနားမှာ,学校在我家旁边。｜他坐在我旁边。｜商店就在旁边。｜厕所在哪边？｜我家旁边有一家银行。,Xuéxiào zài wǒ jiā pángbiān.｜Tā zuò zài wǒ pángbiān.｜Shāngdiàn jiù zài pángbiān.｜Cèsuǒ zài nǎbiān?｜Wǒ jiā pángbiān yǒu yì jiā yínháng.,The school is beside my house.｜He sits beside me.｜The shop is right beside us.｜Which side is the restroom on?｜There is a bank beside my house.,ကျောင်းက ငါ့အိမ်ဘေးမှာရှိတယ်။｜သူက ငါ့ဘေးမှာထိုင်တယ်။｜ဆိုင်က အနားမှာပဲရှိတယ်။｜အိမ်သာက ဘယ်ဘက်မှာလဲ။｜ငါ့အိမ်ဘေးမှာ ဘဏ်တစ်ခုရှိတယ်။,旁边 (pángbiān) — ဘေးမှာ｜旁边的人 (pángbiān de rén) — ဘေးကလူ｜旁边的店 (pángbiān de diàn) — ဘေးကဆိုင်｜左边 (zuǒbiān) — ဘယ်ဘက်｜右边 (yòubiān) — ညာဘက်
283,1,跑,pǎo,run,ပြေးသည်,我每天早上跑步。｜他跑得很快。｜孩子们在公园里跑。｜不要跑！｜我们一起跑吧。,Wǒ měitiān zǎoshang pǎobù.｜Tā pǎo de hěn kuài.｜Háizimen zài gōngyuán lǐ pǎo.｜Bú yào pǎo!｜Wǒmen yìqǐ pǎo ba.,I run every morning.｜He runs very fast.｜The children are running in the park.｜Don't run!｜Let's run together.,ငါမနက်တိုင်းပြေးတယ်။｜သူက အရမ်းမြန်မြန်ပြေးတယ်။｜ကလေးတွေ ပန်းခြံထဲမှာပြေးနေကြတယ်။｜မပြေးနဲ့။｜ငါတို့အတူပြေးကြမယ်။,跑步 (pǎobù) — ပြေးသည်｜跑快 (pǎo kuài) — မြန်မြန်ပြေးသည်｜跑过来 (pǎo guòlái) — ပြေးလာသည်｜跑出去 (pǎo chūqù) — ပြေးထွက်သည်｜赛跑 (sàipǎo) — အပြေးပြိုင်သည်
284,1,朋友,péngyou,Friend,သူငယ်ချင်း,他是我的朋友。｜我的朋友住在北京。｜我有很多朋友。｜朋友帮助了我。｜周末我和朋友一起吃饭。,Tā shì wǒ de péngyou.｜Wǒ de péngyou zhù zài Běijīng.｜Wǒ yǒu hěn duō péngyou.｜Péngyou bāngzhù le wǒ.｜Zhōumò wǒ hé péngyou yìqǐ chīfàn.,He is my friend.｜My friend lives in Beijing.｜I have many friends.｜My friend helped me.｜I eat with my friends on weekends.,သူက ငါ့သူငယ်ချင်းပါ။｜ငါ့သူငယ်ချင်းက ပေကျင်းမှာနေတယ်။｜ငါ့မှာ သူငယ်ချင်းအများကြီးရှိတယ်။｜ငါ့သူငယ်ချင်းက ငါ့ကိုကူညီခဲ့တယ်။｜ပိတ်ရက်မှာ ငါသူငယ်ချင်းနဲ့အတူ ထမင်းစားတယ်။,好朋友 (hǎo péngyou) — သူငယ်ချင်းကောင်း｜老朋友 (lǎo péngyou) — သူငယ်ချင်းဟောင်း｜新朋友 (xīn péngyou) — သူငယ်ချင်းအသစ်｜朋友们 (péngyoumen) — သူငယ်ချင်းများ｜朋友家 (péngyou jiā) — သူငယ်ချင်းအိမ်
285,1,票,piào,ticket,လက်မှတ်,我买了一张电影票。｜这张票多少钱？｜请给我一张票。｜你的票在哪里？｜我有两张火车票。,Wǒ mǎi le yì zhāng diànyǐng piào.｜Zhè zhāng piào duōshao qián?｜Qǐng gěi wǒ yì zhāng piào.｜Nǐ de piào zài nǎlǐ?｜Wǒ yǒu liǎng zhāng huǒchē piào.,I bought a movie ticket.｜How much is this ticket?｜Please give me a ticket.｜Where is your ticket?｜I have two train tickets.,ငါရုပ်ရှင်လက်မှတ်တစ်စောင်ဝယ်ခဲ့တယ်။｜ဒီလက်မှတ်ဘယ်လောက်လဲ။｜ငါ့ကို လက်မှတ်တစ်စောင်ပေးပါ။｜မင်းလက်မှတ်ဘယ်မှာလဲ။｜ငါ့မှာ ရထားလက်မှတ်နှစ်စောင်ရှိတယ်။,电影票 (diànyǐng piào) — ရုပ်ရှင်လက်မှတ်｜火车票 (huǒchē piào) — ရထားလက်မှတ်｜飞机票 (fēijī piào) — လေယာဉ်လက်မှတ်｜门票 (ménpiào) — ဝင်ခွင့်လက်မှတ်｜车票 (chēpiào) — ကားလက်မှတ်
286,1,七,qī,Seven,ခုနစ်,我有七本书。｜现在七点。｜星期七不存在。｜七个人来了。｜我买了七个苹果。,Wǒ yǒu qī běn shū.｜Xiànzài qī diǎn.｜Xīngqī qī bù cúnzài.｜Qī ge rén lái le.｜Wǒ mǎi le qī ge píngguǒ.,I have seven books.｜It is seven o'clock now.｜There is no seventh day of the week.｜Seven people came.｜I bought seven apples.,ငါ့မှာ စာအုပ်ခုနစ်အုပ်ရှိတယ်။｜အခု ခုနစ်နာရီရှိပြီ။｜တစ်ပတ်မှာ ခုနစ်ရက်ရှိတယ်။｜လူခုနစ်ယောက်လာတယ်။｜ငါပန်းသီးခုနစ်လုံးဝယ်ခဲ့တယ်။,六 (liù) — ခြောက်｜八 (bā) — ရှစ်｜七个 (qī ge) — ခုနစ်ခု｜七岁 (qī suì) — ခုနစ်နှစ်｜七月 (qīyuè) — ဇူလိုင်လ
287,1,起,qǐ,get up; start; rise,ထသည်,他从椅子上起来了。｜请起立。｜太阳从东方升起。｜我起得很早。｜他站起来了。,Tā cóng yǐzi shàng qǐlái le.｜Qǐng qǐlì.｜Tàiyáng cóng dōngfāng shēng qǐ.｜Wǒ qǐ de hěn zǎo.｜Tā zhàn qǐlái le.,He got up from the chair.｜Please stand up.｜The sun rises in the east.｜I get up early.｜He stood up.,သူက ထိုင်ခုံပေါ်ကနေထလာတယ်။｜မတ်တပ်ရပ်ပါ။｜နေက အရှေ့ဘက်ကနေထွက်တယ်။｜ငါစောစောထတယ်။｜သူမတ်တပ်ရပ်လိုက်တယ်။,起来 (qǐlái) — ထလာသည်｜起床 (qǐchuáng) — အိပ်ရာထသည်｜起立 (qǐlì) — မတ်တပ်ရပ်သည်｜起飞 (qǐfēi) — ပျံတက်သည်｜起点 (qǐdiǎn) — စမှတ်
288,1,起床,qǐchuáng,Get up,အိပ်ရာထသည်,我每天六点起床。｜你几点起床？｜他今天起床很晚。｜早上我起床后喝水。｜孩子已经起床了。,Wǒ měitiān liù diǎn qǐchuáng.｜Nǐ jǐ diǎn qǐchuáng?｜Tā jīntiān qǐchuáng hěn wǎn.｜Zǎoshang wǒ qǐchuáng hòu hē shuǐ.｜Háizi yǐjīng qǐchuáng le.,I get up at six every day.｜What time do you get up?｜He got up late today.｜I drink water after getting up in the morning.｜The child has already gotten up.,ငါနေ့တိုင်း ခြောက်နာရီမှာ အိပ်ရာထတယ်။｜မင်းဘယ်နှနာရီမှာ အိပ်ရာထလဲ။｜သူဒီနေ့နောက်ကျမှ အိပ်ရာထတယ်။｜မနက်မှာ အိပ်ရာထပြီးနောက် ရေသောက်တယ်။｜ကလေးအိပ်ရာထပြီးပြီ။,起床 (qǐchuáng) — အိပ်ရာထသည်｜早起 (zǎoqǐ) — စောစောထသည်｜晚起 (wǎnqǐ) — နောက်ကျမှထသည်｜起床时间 (qǐchuáng shíjiān) — အိပ်ရာထချိန်｜起床了 (qǐchuáng le) — အိပ်ရာထပြီ
289,1,起来,qǐlái,get up,ထလာသည်,请你站起来。｜他笑起来了。｜天气暖和起来了。｜我想起来了。｜大家都站起来了。,Qǐng nǐ zhàn qǐlái.｜Tā xiào qǐlái le.｜Tiānqì nuǎnhuo qǐlái le.｜Wǒ xiǎng qǐlái le.｜Dàjiā dōu zhàn qǐlái le.,Please stand up.｜He started laughing.｜The weather became warmer.｜I remembered.｜Everyone stood up.,မတ်တပ်ရပ်ပါ။｜သူရယ်လာတယ်။｜ရာသီဥတုပူနွေးလာတယ်။｜ငါမှတ်မိလာပြီ။｜အားလုံးမတ်တပ်ရပ်လိုက်ကြတယ်။,起来 (qǐlái) — ထလာသည်｜站起来 (zhàn qǐlái) — မတ်တပ်ရပ်လာသည်｜坐起来 (zuò qǐlái) — ထိုင်လာသည်｜走起来 (zǒu qǐlái) — လျှောက်လာသည်｜想起来 (xiǎng qǐlái) — သတိရလာသည်
290,1,汽车,qì chē,car,ကား,我每天坐汽车上班。｜这辆汽车很新。｜他有一辆汽车。｜汽车停在门口。｜我喜欢开汽车。,Wǒ měitiān zuò qìchē shàngbān.｜Zhè liàng qìchē hěn xīn.｜Tā yǒu yí liàng qìchē.｜Qìchē tíng zài ménkǒu.｜Wǒ xǐhuan kāi qìchē.,I take a car to work every day.｜This car is new.｜He has a car.｜The car is parked at the door.｜I like driving a car.,ငါနေ့တိုင်း ကားစီးပြီးအလုပ်သွားတယ်။｜ဒီကားက အသစ်ပါ။｜သူ့မှာကားတစ်စီးရှိတယ်။｜ကားက တံခါးဝမှာရပ်ထားတယ်။｜ငါကားမောင်းရတာကြိုက်တယ်။,汽车站 (qìchēzhàn) — ကားဂိတ်｜汽车票 (qìchē piào) — ကားလက်မှတ်｜汽车司机 (qìchē sījī) — ကားမောင်းသူ｜开汽车 (kāi qìchē) — ကားမောင်းသည်｜小汽车 (xiǎo qìchē) — ကားငယ်
291,1,前,qián,front,ရှေ့၊ အရှေ့,前面有一家商店。｜请往前走。｜他坐在我前面。｜学校在前面。｜前面的人是谁？,Qiánmiàn yǒu yì jiā shāngdiàn.｜Qǐng wǎng qián zǒu.｜Tā zuò zài wǒ qiánmiàn.｜Xuéxiào zài qiánmiàn.｜Qiánmiàn de rén shì shéi?,There is a shop ahead.｜Please walk forward.｜He sits in front of me.｜The school is ahead.｜Who is the person in front?,ရှေ့မှာဆိုင်တစ်ဆိုင်ရှိတယ်။｜ရှေ့ကိုသွားပါ။｜သူက ငါ့ရှေ့မှာထိုင်တယ်။｜ကျောင်းက ရှေ့မှာရှိတယ်။｜ရှေ့ကလူက ဘယ်သူလဲ။,前面 (qiánmiàn) — ရှေ့မှာ｜前边 (qiánbian) — ရှေ့ဘက်｜前天 (qiántiān) — တနေ့မနေ့က｜以前 (yǐqián) — အရင်က｜前门 (qiánmén) — ရှေ့တံခါး
292,1,前边,qián biān,in front,ရှေ့ဘက်,商店就在前边。｜你往前边走。｜他坐在前边。｜前边有一辆汽车。｜老师站在前边。,Shāngdiàn jiù zài qiánbian.｜Nǐ wǎng qiánbian zǒu.｜Tā zuò zài qiánbian.｜Qiánbian yǒu yí liàng qìchē.｜Lǎoshī zhàn zài qiánbian.,The shop is right ahead.｜Walk forward.｜He sits in front.｜There is a car ahead.｜The teacher is standing in front.,ဆိုင်က အရှေ့မှာပဲရှိတယ်။｜ရှေ့ကိုသွားပါ။｜သူက ရှေ့မှာထိုင်တယ်။｜ရှေ့မှာ ကားတစ်စီးရှိတယ်။｜ဆရာက ရှေ့မှာရပ်နေတယ်။,后边 (hòubian) — နောက်ဘက်｜前面 (qiánmiàn) — ရှေ့မှာ｜前边的人 (qiánbian de rén) — ရှေ့ကလူ｜前边的路 (qiánbian de lù) — ရှေ့ကလမ်း｜前边的店 (qiánbian de diàn) — ရှေ့ကဆိုင်
293,1,前天,qián tiān,the day before yesterday,တနေ့မနေ့က,我前天去了学校。｜前天是星期一。｜他前天来过。｜我前天买了这本书。｜前天晚上我看了电影。,Wǒ qiántiān qù le xuéxiào.｜Qiántiān shì Xīngqīyī.｜Tā qiántiān lái guò.｜Wǒ qiántiān mǎi le zhè běn shū.｜Qiántiān wǎnshang wǒ kàn le diànyǐng.,I went to school the day before yesterday.｜The day before yesterday was Monday.｜He came the day before yesterday.｜I bought this book the day before yesterday.｜I watched a movie the night before last.,ငါတနေ့မနေ့က ကျောင်းသွားခဲ့တယ်။｜တနေ့မနေ့က တနင်္လာနေ့ဖြစ်တယ်။｜သူတနေ့မနေ့က လာခဲ့တယ်။｜ငါဒီစာအုပ်ကို တနေ့မနေ့ကဝယ်ခဲ့တယ်။｜တနေ့မနေ့ကညမှာ ငါရုပ်ရှင်ကြည့်ခဲ့တယ်။,昨天 (zuótiān) — မနေ့က｜今天 (jīntiān) — ဒီနေ့｜明天 (míngtiān) — မနက်ဖြန်｜大前天 (dàqiántiān) — သုံးရက်က｜前天晚上 (qiántiān wǎnshang) — တနေ့မနေ့ကည
294,1,钱,qián,money,ပိုက်ဆံ၊ ငွေ,我没有钱。｜这个多少钱？｜我想换钱。｜钱在哪里？｜他给了我一些钱。,Wǒ méiyǒu qián.｜Zhège duōshao qián?｜Wǒ xiǎng huàn qián.｜Qián zài nǎlǐ?｜Tā gěi le wǒ yìxiē qián.,I don't have money.｜How much is this?｜I want to exchange money.｜Where is the money?｜He gave me some money.,ငါ့မှာပိုက်ဆံမရှိဘူး။｜ဒါဘယ်လောက်လဲ။｜ငါပိုက်ဆံလဲချင်တယ်။｜ပိုက်ဆံဘယ်မှာလဲ။｜သူငါ့ကို ပိုက်ဆံနည်းနည်းပေးတယ်။,钱包 (qiánbāo) — ပိုက်ဆံအိတ်｜现金 (xiànjīn) — ငွေသား｜零钱 (língqián) — အကြွေငွေ｜赚钱 (zhuànqián) — ပိုက်ဆံရှာသည်｜花钱 (huāqián) — ပိုက်ဆံသုံးသည်
295,1,钱包,qián bāo,wallet,ပိုက်ဆံအိတ်,我的钱包丢了。｜钱包里有很多钱。｜这是我的钱包。｜你的钱包在哪里？｜我买了一个新钱包。,Wǒ de qiánbāo diū le.｜Qiánbāo lǐ yǒu hěn duō qián.｜Zhè shì wǒ de qiánbāo.｜Nǐ de qiánbāo zài nǎlǐ?｜Wǒ mǎi le yí ge xīn qiánbāo.,I lost my wallet.｜There is a lot of money in the wallet.｜This is my wallet.｜Where is your wallet?｜I bought a new wallet.,ငါ့ပိုက်ဆံအိတ်ပျောက်သွားပြီ။｜ပိုက်ဆံအိတ်ထဲမှာ ပိုက်ဆံအများကြီးရှိတယ်။｜ဒါက ငါ့ပိုက်ဆံအိတ်ပါ။｜မင်းပိုက်ဆံအိတ်ဘယ်မှာလဲ။｜ငါပိုက်ဆံအိတ်အသစ်တစ်လုံးဝယ်ခဲ့တယ်။,钱包里 (qiánbāo lǐ) — ပိုက်ဆံအိတ်ထဲမှာ｜钱包钱 (qiánbāo qián) — အိတ်ထဲကပိုက်ဆံ｜皮钱包 (pí qiánbāo) — သားရေပိုက်ဆံအိတ်｜钱包丢了 (qiánbāo diū le) — ပိုက်ဆံအိတ်ပျောက်သွားသည်｜新钱包 (xīn qiánbāo) — ပိုက်ဆံအိတ်အသစ်
296,1,请,qǐng,please,ကျေးဇူးပြု၍၊ တောင်းဆိုသည်,请坐。｜请喝茶。｜请给我一杯水。｜请不要说话。｜请等一下。,Qǐng zuò.｜Qǐng hē chá.｜Qǐng gěi wǒ yì bēi shuǐ.｜Qǐng bú yào shuōhuà.｜Qǐng děng yíxià.,Please sit.｜Please drink tea.｜Please give me a glass of water.｜Please don't talk.｜Please wait a moment.,ထိုင်ပါ။｜လက်ဖက်ရည်သောက်ပါ။｜ငါ့ကိုရေတစ်ခွက်ပေးပါ။｜စကားမပြောပါနဲ့။｜ခဏစောင့်ပါ။,请问 (qǐngwèn) — မေးပါရစေ｜请坐 (qǐng zuò) — ထိုင်ပါ｜请看 (qǐng kàn) — ကြည့်ပါ｜请听 (qǐng tīng) — နားထောင်ပါ｜请等 (qǐng děng) — စောင့်ပါ
297,1,请假,qǐngjià,ask for leave,ခွင့်ယူသည်,我想请假。｜他今天请假了。｜我明天要请假。｜老师批准了我的请假。｜为什么请假？,Wǒ xiǎng qǐngjià.｜Tā jīntiān qǐngjià le.｜Wǒ míngtiān yào qǐngjià.｜Lǎoshī pīzhǔn le wǒ de qǐngjià.｜Wèishénme qǐngjià?,I want to take leave.｜He took leave today.｜I need to take leave tomorrow.｜The teacher approved my leave.｜Why are you taking leave?,ငါခွင့်ယူချင်တယ်။｜သူဒီနေ့ခွင့်ယူတယ်။｜ငါမနက်ဖြန်ခွင့်ယူရမယ်။｜ဆရာက ငါ့ခွင့်ကိုခွင့်ပြုခဲ့တယ်။｜ဘာလို့ခွင့်ယူတာလဲ။,请假条 (qǐngjiàtiáo) — ခွင့်စာ｜请一天假 (qǐng yì tiān jià) — တစ်ရက်ခွင့်ယူသည်｜请病假 (qǐng bìngjià) — နေမကောင်းခွင့်ယူသည်｜请事假 (qǐng shìjià) — ကိုယ်ရေးကိုယ်တာခွင့်ယူသည်｜请假一天 (qǐngjià yì tiān) — တစ်ရက်ခွင့်ယူသည်
298,1,请进,qǐng jìn,please come in,ဝင်ပါ,请进！｜请进来坐。｜老师说请进。｜客人，请进。｜门开着，请进吧。,"Qǐng jìn!｜Qǐng jìnlái zuò.｜Lǎoshī shuō qǐng jìn.｜Kèrén, qǐng jìn.｜Mén kāi zhe, qǐng jìn ba.","Come in, please!｜Please come in and sit.｜The teacher said to come in.｜Guest, please come in.｜The door is open, please come in.",ဝင်ပါ။｜ဝင်လာပြီးထိုင်ပါ။｜ဆရာက ဝင်ပါလို့ပြောတယ်။｜ဧည့်သည် ဝင်ပါ။｜တံခါးဖွင့်ထားတယ်၊ ဝင်ပါ။,请进来 (qǐng jìnlái) — ဝင်လာပါ｜进来 (jìnlái) — ဝင်လာသည်｜请进屋 (qǐng jìn wū) — အခန်းထဲဝင်ပါ｜请进门 (qǐng jìn mén) — တံခါးကနေဝင်ပါ｜欢迎进来 (huānyíng jìnlái) — ဝင်လာတာကြိုဆိုပါတယ်
299,1,请问,qǐng wèn,excuse me,မေးပါရစေ,请问，洗手间在哪里？｜请问你叫什么名字？｜请问现在几点？｜请问这多少钱？｜请问怎么去车站？,"Qǐngwèn, xǐshǒujiān zài nǎlǐ?｜Qǐngwèn nǐ jiào shénme míngzi?｜Qǐngwèn xiànzài jǐ diǎn?｜Qǐngwèn zhè duōshao qián?｜Qǐngwèn zěnme qù chēzhàn?","Excuse me, where is the restroom?｜May I ask your name?｜Excuse me, what time is it now?｜Excuse me, how much is this?｜Excuse me, how do I get to the station?",မေးပါရစေ၊ အိမ်သာဘယ်မှာလဲ။｜မေးပါရစေ၊ မင်းနာမည်ဘယ်လိုခေါ်လဲ။｜မေးပါရစေ၊ အခုဘယ်နှနာရီလဲ။｜မေးပါရစေ၊ ဒါဘယ်လောက်လဲ။｜မေးပါရစေ၊ ဘူတာကိုဘယ်လိုသွားရမလဲ။,请问一下 (qǐngwèn yíxià) — မေးပါရစေ｜请问怎么走 (qǐngwèn zěnme zǒu) — ဘယ်လိုသွားရမလဲမေးသည်｜请问多少钱 (qǐngwèn duōshao qián) — ဘယ်လောက်လဲမေးသည်｜请问在哪里 (qǐngwèn zài nǎlǐ) — ဘယ်မှာလဲမေးသည်｜请问你是谁 (qǐngwèn nǐ shì shéi) — မင်းဘယ်သူလဲမေးသည်
300,1,请坐,qǐng zuò,please have a seat,ထိုင်ပါ,请坐这里。｜请坐，不用客气。｜老师让我们请坐。｜客人来了，请坐。｜请坐下休息一下。,"Qǐng zuò zhèlǐ.｜Qǐng zuò, bú yòng kèqi.｜Lǎoshī ràng wǒmen qǐng zuò.｜Kèrén lái le, qǐng zuò.｜Qǐng zuò xià xiūxi yíxià.","Please sit here.｜Please sit down, you're welcome.｜The teacher asked us to sit down.｜The guest has arrived, please sit down.｜Please sit down and rest for a while.",ကျေးဇူးပြုပြီး ဒီမှာထိုင်ပါ။｜ထိုင်ပါ၊ အားနာစရာမလိုပါဘူး။｜ဆရာ/ဆရာမက ကျွန်တော်တို့ကို ထိုင်ခိုင်းတယ်။｜ဧည့်သည်ရောက်လာပြီ၊ ထိုင်ပါ။｜ထိုင်ပြီး ခဏနားပါ။,请坐 (qǐng zuò) — ထိုင်ပါ｜请进 (qǐng jìn) — ဝင်ပါ｜请看 (qǐng kàn) — ကြည့်ပါ｜请问 (qǐng wèn) — မေးပါရစေ｜请吃 (qǐng chī) — စားပါ
301,1,球,qiú,ball,ဘောလုံး,我喜欢踢球。｜这个球很大。｜孩子们在外面玩球。｜你会打球吗？｜这个球是谁的？,Wǒ xǐhuan tī qiú.｜Zhège qiú hěn dà.｜Háizimen zài wàimiàn wán qiú.｜Nǐ huì dǎ qiú ma?｜Zhège qiú shì shéi de?,I like playing football.｜This ball is very big.｜The children are playing with a ball outside.｜Can you play ball?｜Whose ball is this?,ကျွန်တော်/ကျွန်မ ဘောလုံးကစားရတာကြိုက်တယ်။｜ဒီဘောလုံးက အရမ်းကြီးတယ်။｜ကလေးတွေ အပြင်မှာ ဘောလုံးကစားနေကြတယ်။｜မင်း ဘောလုံးကစားတတ်လား။｜ဒီဘောလုံးက ဘယ်သူ့ဟာလဲ။,足球 (zúqiú) — ဘောလုံး｜篮球 (lánqiú) — ဘတ်စကက်ဘော｜排球 (páiqiú) — ဗော်လီဘော｜打球 (dǎqiú) — ဘောလုံးကစားသည်｜踢球 (tīqiú) — ဘောလုံးကန်သည်
302,1,去,qù,go,သွားသည်,我去学校。｜你去哪儿？｜我明天去北京。｜我们一起去吧。｜他去商店买东西。,Wǒ qù xuéxiào.｜Nǐ qù nǎr?｜Wǒ míngtiān qù Běijīng.｜Wǒmen yìqǐ qù ba.｜Tā qù shāngdiàn mǎi dōngxi.,I go to school.｜Where are you going?｜I am going to Beijing tomorrow.｜Let's go together.｜He is going to the shop to buy things.,ကျွန်တော်/ကျွန်မ ကျောင်းသွားတယ်။｜မင်းဘယ်ကိုသွားမလဲ။｜မနက်ဖြန် ကျွန်တော်/ကျွန်မ ပေကျင်းကိုသွားမယ်။｜ကျွန်တော်တို့ အတူတူသွားကြရအောင်။｜သူ ဆိုင်ကိုပစ္စည်းဝယ်ဖို့ သွားတယ်။,去哪儿 (qù nǎr) — ဘယ်ကိုသွားသည်｜去学校 (qù xuéxiào) — ကျောင်းသွားသည်｜回去 (huíqù) — ပြန်သွားသည်｜进去 (jìnqù) — အထဲဝင်သွားသည်｜出去 (chūqù) — အပြင်ထွက်သွားသည်
303,1,去年,qùnián,Last year,မနှစ်က,去年我十八岁。｜去年我去了中国。｜去年天气很冷。｜我们去年认识的。｜去年我开始学习汉语。,Qùnián wǒ shíbā suì.｜Qùnián wǒ qù le Zhōngguó.｜Qùnián tiānqì hěn lěng.｜Wǒmen qùnián rènshi de.｜Qùnián wǒ kāishǐ xuéxí Hànyǔ.,I was eighteen years old last year.｜I went to China last year.｜The weather was cold last year.｜We met last year.｜I started learning Chinese last year.,မနှစ်က ကျွန်တော်/ကျွန်မ အသက် ၁၈ နှစ်ရှိတယ်။｜မနှစ်က ကျွန်တော်/ကျွန်မ တရုတ်နိုင်ငံကိုသွားခဲ့တယ်။｜မနှစ်က ရာသီဥတုအေးတယ်။｜ကျွန်တော်တို့ မနှစ်က သိကျွမ်းခဲ့ကြတယ်။｜မနှစ်က ကျွန်တော်/ကျွန်မ တရုတ်စာ စလေ့လာခဲ့တယ်။,今年 (jīnnián) — ဒီနှစ်｜明年 (míngnián) — နောက်နှစ်｜去年年底 (qùnián niándǐ) — မနှစ်ကုန်｜去年夏天 (qùnián xiàtiān) — မနှစ်နွေရာသီ｜去年冬天 (qùnián dōngtiān) — မနှစ်ဆောင်းရာသီ
304,1,热,rè,heat,ပူသော,今天很热。｜天气太热了。｜夏天的时候很热。｜我觉得这里很热。｜外面很热，我们进去吧。,"Jīntiān hěn rè.｜Tiānqì tài rè le.｜Xiàtiān de shíhou hěn rè.｜Wǒ juéde zhèlǐ hěn rè.｜Wàimiàn hěn rè, wǒmen jìnqù ba.","It is very hot today.｜The weather is too hot.｜It is very hot in summer.｜I think it is very hot here.｜It is very hot outside, let's go inside.",ဒီနေ့ အရမ်းပူတယ်။｜ရာသီဥတု အရမ်းပူတယ်။｜နွေရာသီမှာ အရမ်းပူတယ်။｜ဒီမှာ အရမ်းပူတယ်လို့ ကျွန်တော်/ကျွန်မ ထင်တယ်။｜အပြင်မှာ အရမ်းပူတယ်၊ အထဲဝင်ကြရအောင်။,很热 (hěn rè) — အရမ်းပူသည်｜太热 (tài rè) — အရမ်းပူသည်｜热天 (rè tiān) — ပူသောနေ့｜炎热 (yánrè) — အလွန်ပူပြင်းသည်｜热水 (rè shuǐ) — ရေနွေး
305,1,人,rén,people,လူ,我认识他。｜这里有很多人。｜那个人是我的朋友。｜你认识这个人吗？｜学校里有很多人。,Wǒ rènshi tā.｜Zhèlǐ yǒu hěn duō rén.｜Nà ge rén shì wǒ de péngyou.｜Nǐ rènshi zhège rén ma?｜Xuéxiào lǐ yǒu hěn duō rén.,I know him.｜There are many people here.｜That person is my friend.｜Do you know this person?｜There are many people at school.,ကျွန်တော်/ကျွန်မ သူ့ကိုသိတယ်။｜ဒီမှာ လူအများကြီးရှိတယ်။｜အဲဒီလူက ကျွန်တော်/ကျွန်မ သူငယ်ချင်းပါ။｜ဒီလူကို မင်းသိလား။｜ကျောင်းမှာ လူအများကြီးရှိတယ်။,人 (rén) — လူ｜人们 (rénmen) — လူတွေ｜别人 (biérén) — တခြားလူ｜男人 (nánrén) — ယောက်ျား｜女人 (nǚrén) — မိန်းမ
306,1,认识,rènshi,know,သိသည်၊ ရင်းနှီးသည်,我认识他。｜我认识一个中国朋友。｜你认识王老师吗？｜我们以前就认识。｜很高兴认识你。,Wǒ rènshi tā.｜Wǒ rènshi yí ge Zhōngguó péngyou.｜Nǐ rènshi Wáng lǎoshī ma?｜Wǒmen yǐqián jiù rènshi.｜Hěn gāoxìng rènshi nǐ.,I know him.｜I know a Chinese friend.｜Do you know Teacher Wang?｜We knew each other before.｜Nice to meet you.,ကျွန်တော်/ကျွန်မ သူ့ကိုသိတယ်။｜ကျွန်တော်/ကျွန်မ တရုတ်သူငယ်ချင်းတစ်ယောက်ကို သိတယ်။｜ဝမ်ဆရာ/ဆရာမကို မင်းသိလား။｜ကျွန်တော်တို့ အရင်ကတည်းက သိကြတယ်။｜မင်းနဲ့တွေ့ရတာ ဝမ်းသာတယ်။,认识 (rènshi) — သိကျွမ်းသည်｜认识人 (rènshi rén) — လူကိုသိသည်｜认识朋友 (rènshi péngyou) — သူငယ်ချင်းကို သိကျွမ်းသည်｜认识老师 (rènshi lǎoshī) — ဆရာ/ဆရာမကို သိသည်｜认识汉字 (rènshi Hànzì) — တရုတ်စာလုံးကို သိသည်
307,1,认真,rènzhēn,earnest,အလေးအနက်ထားသော,他学习很认真。｜请认真听老师说。｜她工作很认真。｜你要认真做作业。｜他认真地回答了问题。,Tā xuéxí hěn rènzhēn.｜Qǐng rènzhēn tīng lǎoshī shuō.｜Tā gōngzuò hěn rènzhēn.｜Nǐ yào rènzhēn zuò zuòyè.｜Tā rènzhēn de huídá le wèntí.,He studies very seriously.｜Please listen carefully to the teacher.｜She works very seriously.｜You should do your homework carefully.｜He answered the question seriously.,သူ စာကို အရမ်းအလေးအနက်ထားပြီး လေ့လာတယ်။｜ဆရာ/ဆရာမပြောတာကို သေချာနားထောင်ပါ။｜သူမ အလုပ်ကို အရမ်းအလေးအနက်ထားပြီး လုပ်တယ်။｜အိမ်စာကို သေချာလုပ်ရမယ်။｜သူ မေးခွန်းကို အလေးအနက်ထားပြီး ဖြေခဲ့တယ်။,认真学习 (rènzhēn xuéxí) — အလေးအနက်ထားလေ့လာသည်｜认真工作 (rènzhēn gōngzuò) — အလေးအနက်ထားအလုပ်လုပ်သည်｜认真听 (rènzhēn tīng) — သေချာနားထောင်သည်｜认真做 (rènzhēn zuò) — သေချာလုပ်သည်｜认真回答 (rènzhēn huídá) — သေချာဖြေသည်
308,1,日,rì,date,နေ့၊ရက်,今天是星期日。｜一天有二十四小时。｜我每天学习汉语。｜你哪日有空？｜这个月有三十日。,Jīntiān shì xīngqīrì.｜Yì tiān yǒu èrshísì xiǎoshí.｜Wǒ měitiān xuéxí Hànyǔ.｜Nǐ nǎ rì yǒu kòng?｜Zhège yuè yǒu sānshí rì.,Today is Sunday.｜There are twenty-four hours in a day.｜I study Chinese every day.｜What day are you free?｜This month has thirty days.,ဒီနေ့ တနင်္ဂနွေနေ့ပါ။｜တစ်ရက်မှာ ၂၄ နာရီရှိတယ်။｜ကျွန်တော်/ကျွန်မ နေ့တိုင်း တရုတ်စာလေ့လာတယ်။｜မင်း ဘယ်ရက်အားလဲ။｜ဒီလမှာ ရက် ၃၀ ရှိတယ်။,日子 (rìzi) — နေ့ရက်｜日常 (rìcháng) — နေ့စဉ်｜日子过得好 (rìzi guò de hǎo) — နေ့ရက်တွေကောင်းမွန်စွာဖြတ်သန်းသည်｜每日 (měirì) — နေ့စဉ်｜生日 (shēngrì) — မွေးနေ့
309,1,日期,rìqī,Date,ရက်စွဲ,今天的日期是多少？｜请写下今天的日期。｜你的生日日期是什么？｜我忘了考试的日期。｜会议日期已经确定了。,Jīntiān de rìqī shì duōshao?｜Qǐng xiě xià jīntiān de rìqī.｜Nǐ de shēngrì rìqī shì shénme?｜Wǒ wàng le kǎoshì de rìqī.｜Huìyì rìqī yǐjīng quèdìng le.,What is today's date?｜Please write down today's date.｜What is your birthday date?｜I forgot the date of the exam.｜The meeting date has been confirmed.,ဒီနေ့ရက်စွဲက ဘာလဲ။｜ဒီနေ့ရက်စွဲကို ရေးထားပါ။｜မင်းမွေးနေ့ရက်စွဲက ဘယ်နေ့လဲ။｜စာမေးပွဲရက်စွဲကို မေ့သွားတယ်။｜အစည်းအဝေးရက်စွဲကို သတ်မှတ်ပြီးပြီ။,日期 (rìqī) — ရက်စွဲ｜生日日期 (shēngrì rìqī) — မွေးနေ့ရက်စွဲ｜考试日期 (kǎoshì rìqī) — စာမေးပွဲရက်စွဲ｜日期表 (rìqī biǎo) — ရက်စွဲစာရင်း｜确定日期 (quèdìng rìqī) — ရက်စွဲသတ်မှတ်သည်
310,1,肉,ròu,meat,အသား,我喜欢吃肉。｜今天我们吃猪肉。｜这个肉很好吃。｜他不吃肉。｜妈妈买了一些肉。,Wǒ xǐhuan chī ròu.｜Jīntiān wǒmen chī zhūròu.｜Zhège ròu hěn hǎochī.｜Tā bù chī ròu.｜Māma mǎi le yìxiē ròu.,I like eating meat.｜We are eating pork today.｜This meat is delicious.｜He doesn't eat meat.｜Mom bought some meat.,ကျွန်တော်/ကျွန်မ အသားစားရတာကြိုက်တယ်။｜ဒီနေ့ ကျွန်တော်တို့ ဝက်သားစားတယ်။｜ဒီအသားက အရမ်းစားကောင်းတယ်။｜သူ အသားမစားဘူး။｜အမေက အသားနည်းနည်း ဝယ်လာတယ်။,猪肉 (zhūròu) — ဝက်သား｜牛肉 (niúròu) — အမဲသား｜鸡肉 (jīròu) — ကြက်သား｜肉店 (ròudiàn) — အသားဆိုင်｜吃肉 (chī ròu) — အသားစားသည်
311,1,三,sān,Three,သုံး(၃),我有三个朋友。｜今天是三月三日。｜我们三个人一起去。｜我买了三个苹果。｜他三岁了。,Wǒ yǒu sān ge péngyou.｜Jīntiān shì sān yuè sān rì.｜Wǒmen sān ge rén yìqǐ qù.｜Wǒ mǎi le sān ge píngguǒ.｜Tā sān suì le.,I have three friends.｜Today is March 3rd.｜The three of us are going together.｜I bought three apples.｜He is three years old.,ကျွန်တော်/ကျွန်မမှာ သူငယ်ချင်း သုံးယောက်ရှိတယ်။｜ဒီနေ့ မတ်လ ၃ ရက်နေ့ပါ။｜ကျွန်တော်တို့ သုံးယောက်အတူသွားကြမယ်။｜ပန်းသီး သုံးလုံးဝယ်ခဲ့တယ်။｜သူ့အသက် သုံးနှစ်ရှိပြီ။,三月 (sānyuè) — မတ်လ｜三个 (sān ge) — သုံးခု｜三个人 (sān ge rén) — လူသုံးယောက်｜三岁 (sān suì) — သုံးနှစ်｜三天 (sān tiān) — သုံးရက်
312,1,山,shān,mountain,တောင်,那座山很高。｜我们周末去爬山。｜山上有很多树。｜我喜欢看山。｜这座山很漂亮。,Nà zuò shān hěn gāo.｜Wǒmen zhōumò qù páshān.｜Shān shàng yǒu hěn duō shù.｜Wǒ xǐhuan kàn shān.｜Zhè zuò shān hěn piàoliang.,That mountain is very high.｜We are going hiking this weekend.｜There are many trees on the mountain.｜I like looking at mountains.｜This mountain is beautiful.,အဲဒီတောင်က အရမ်းမြင့်တယ်။｜ဒီအပတ်ကုန် တောင်တက်သွားမယ်။｜တောင်ပေါ်မှာ သစ်ပင်အများကြီးရှိတယ်။｜ကျွန်တော်/ကျွန်မ တောင်တွေကိုကြည့်ရတာကြိုက်တယ်။｜ဒီတောင်က အရမ်းလှတယ်။,高山 (gāoshān) — တောင်မြင့်｜爬山 (páshān) — တောင်တက်သည်｜山上 (shān shàng) — တောင်ပေါ်｜山下 (shān xià) — တောင်အောက်｜大山 (dàshān) — တောင်ကြီး
313,1,商场,shāng chǎng,mall; shopping mall,ဈေးဝယ်စင်တာ,我们去商场买东西。｜商场里有很多人。｜这家商场很大。｜我下午去商场。｜商场今天很热闹。,Wǒmen qù shāngchǎng mǎi dōngxi.｜Shāngchǎng lǐ yǒu hěn duō rén.｜Zhè jiā shāngchǎng hěn dà.｜Wǒ xiàwǔ qù shāngchǎng.｜Shāngchǎng jīntiān hěn rènào.,We are going to the mall to buy things.｜There are many people in the mall.｜This mall is very big.｜I am going to the mall this afternoon.｜The mall is lively today.,ကျွန်တော်တို့ စျေးဝယ်စင်တာကို ပစ္စည်းဝယ်ဖို့သွားမယ်။｜စျေးဝယ်စင်တာထဲမှာ လူအများကြီးရှိတယ်။｜ဒီစျေးဝယ်စင်တာက အရမ်းကြီးတယ်။｜ဒီနေ့လယ် စျေးဝယ်စင်တာကိုသွားမယ်။｜ဒီနေ့ စျေးဝယ်စင်တာက စည်ကားတယ်။,商场里 (shāngchǎng lǐ) — စျေးဝယ်စင်တာထဲမှာ｜大商场 (dà shāngchǎng) — စျေးဝယ်စင်တာကြီး｜商场购物 (shāngchǎng gòuwù) — စျေးဝယ်စင်တာမှာ စျေးဝယ်သည်｜商场入口 (shāngchǎng rùkǒu) — စျေးဝယ်စင်တာဝင်ပေါက်｜商场楼上 (shāngchǎng lóushàng) — စျေးဝယ်စင်တာအပေါ်ထပ်
314,1,商店,shāngdiàn,Shop,ဆိုင်,我去商店买东西。｜这家商店很大。｜商店八点开门。｜商店里有很多东西。｜那家商店离我家很近。,Wǒ qù shāngdiàn mǎi dōngxi.｜Zhè jiā shāngdiàn hěn dà.｜Shāngdiàn bā diǎn kāimén.｜Shāngdiàn lǐ yǒu hěn duō dōngxi.｜Nà jiā shāngdiàn lí wǒ jiā hěn jìn.,I am going to the shop to buy things.｜This shop is very big.｜The shop opens at eight.｜There are many things in the shop.｜That shop is very close to my home.,ကျွန်တော်/ကျွန်မ ဆိုင်ကို ပစ္စည်းဝယ်ဖို့သွားတယ်။｜ဒီဆိုင်က အရမ်းကြီးတယ်။｜ဆိုင်က ၈ နာရီမှာ ဖွင့်တယ်။｜ဆိုင်ထဲမှာ ပစ္စည်းအများကြီးရှိတယ်။｜အဲဒီဆိုင်က ကျွန်တော်/ကျွန်မအိမ်နဲ့ အရမ်းနီးတယ်။,小商店 (xiǎo shāngdiàn) — ဆိုင်ငယ်｜商店里 (shāngdiàn lǐ) — ဆိုင်ထဲမှာ｜开商店 (kāi shāngdiàn) — ဆိုင်ဖွင့်သည်｜商店门口 (shāngdiàn ménkǒu) — ဆိုင်ရှေ့｜便利商店 (biànlì shāngdiàn) — ကုန်စုံဆိုင်
315,1,上,shàng,upper,အပေါ်၊ တက်,书在桌子上。｜他上楼了。｜请上车。｜我上班去了。｜飞机马上要上了。,Shū zài zhuōzi shàng.｜Tā shàng lóu le.｜Qǐng shàng chē.｜Wǒ shàngbān qù le.｜Fēijī mǎshàng yào shàng le.,The book is on the table.｜He went upstairs.｜Please get on the vehicle.｜I went to work.｜The plane is about to go up.,စာအုပ်က စားပွဲပေါ်မှာရှိတယ်။｜သူ အပေါ်ထပ်တက်သွားတယ်။｜ကားပေါ်တက်ပါ။｜ကျွန်တော်/ကျွန်မ အလုပ်သွားပြီ။｜လေယာဉ် မကြာခင် ထွက်တော့မယ်။,上面 (shàngmian) — အပေါ်မှာ｜上去 (shàngqù) — အပေါ်တက်သွားသည်｜上来 (shànglái) — အပေါ်တက်လာသည်｜上楼 (shànglóu) — အပေါ်ထပ်တက်သည်｜上学 (shàngxué) — ကျောင်းတက်သည်
316,1,上班,shàngbān,go to work,အလုပ်သွားသည်,我每天八点上班。｜爸爸坐公交车上班。｜她在公司上班。｜你几点上班？｜我明天不上班。,Wǒ měitiān bā diǎn shàngbān.｜Bàba zuò gōngjiāochē shàngbān.｜Tā zài gōngsī shàngbān.｜Nǐ jǐ diǎn shàngbān?｜Wǒ míngtiān bù shàngbān.,I go to work at eight every day.｜Dad takes the bus to work.｜She works at a company.｜What time do you go to work?｜I don't work tomorrow.,ကျွန်တော်/ကျွန်မ နေ့တိုင်း ၈ နာရီ အလုပ်သွားတယ်။｜အဖေက ဘတ်စ်ကားစီးပြီး အလုပ်သွားတယ်။｜သူမ ကုမ္ပဏီမှာ အလုပ်လုပ်တယ်။｜မင်း ဘယ်နှနာရီ အလုပ်သွားလဲ။｜မနက်ဖြန် ကျွန်တော်/ကျွန်မ အလုပ်မသွားဘူး။,下班 (xiàbān) — အလုပ်ဆင်းသည်｜上班时间 (shàngbān shíjiān) — အလုပ်ချိန်｜上班族 (shàngbānzú) — ရုံးဝန်ထမ်း｜去上班 (qù shàngbān) — အလုပ်သွားသည်｜上班路上 (shàngbān lùshàng) — အလုပ်သွားရာလမ်း
317,1,上边,shàng biān,above; on,အပေါ်ဘက်,我的书在桌子上边。｜学校在银行上边。｜请坐在上边。｜上边有一个房间。｜他住在楼上边。,Wǒ de shū zài zhuōzi shàngbian.｜Xuéxiào zài yínháng shàngbian.｜Qǐng zuò zài shàngbian.｜Shàngbian yǒu yí ge fángjiān.｜Tā zhù zài lóu shàngbian.,My book is above the table.｜The school is above the bank.｜Please sit above.｜There is a room upstairs.｜He lives upstairs.,ကျွန်တော်/ကျွန်မ စာအုပ်က စားပွဲအပေါ်ဘက်မှာရှိတယ်။｜ကျောင်းက ဘဏ်အပေါ်ဘက်မှာရှိတယ်။｜အပေါ်မှာ ထိုင်ပါ။｜အပေါ်ထပ်မှာ အခန်းတစ်ခန်းရှိတယ်။｜သူ အပေါ်ထပ်မှာ နေတယ်။,上面 (shàngmian) — အပေါ်မှာ｜上边的 (shàngbian de) — အပေါ်ဘက်က｜上边有 (shàngbian yǒu) — အပေါ်မှာရှိသည်｜上边放着 (shàngbian fàngzhe) — အပေါ်မှာထားထားသည်｜楼上边 (lóu shàngbian) — အပေါ်ထပ်ဘက်
318,1,上车,shàng chē,get on,ကားပေါ်တက်သည်,请上车。｜他已经上车了。｜我们一起上车吧。｜上车以后请坐好。｜孩子跟妈妈一起上车。,Qǐng shàng chē.｜Tā yǐjīng shàng chē le.｜Wǒmen yìqǐ shàng chē ba.｜Shàng chē yǐhòu qǐng zuò hǎo.｜Háizi gēn māma yìqǐ shàng chē.,Please get on the vehicle.｜He has already gotten on.｜Let's get on together.｜Please sit properly after getting on.｜The child got on with his mother.,ကားပေါ်တက်ပါ။｜သူ ကားပေါ်တက်ပြီးပြီ။｜ကျွန်တော်တို့ အတူတူ ကားပေါ်တက်ကြရအောင်။｜ကားပေါ်တက်ပြီးရင် သေချာထိုင်ပါ။｜ကလေးက အမေနဲ့အတူ ကားပေါ်တက်တယ်။,上车 (shàng chē) — ကားပေါ်တက်သည်｜下车 (xià chē) — ကားပေါ်ကဆင်းသည်｜上车站 (shàng chē zhàn) — ကားတက်ရာမှတ်တိုင်｜上车后 (shàng chē hòu) — ကားပေါ်တက်ပြီးနောက်｜赶快上车 (gǎnkuài shàng chē) — မြန်မြန်ကားပေါ်တက်
319,1,上次,shàng cì,last time,ပြီးခဲ့တဲ့အကြိမ်,上次我去了北京。｜上次见面是什么时候？｜上次考试很难。｜我上次买了这本书。｜他上次来过这里。,Shàng cì wǒ qù le Běijīng.｜Shàng cì jiànmiàn shì shénme shíhou?｜Shàng cì kǎoshì hěn nán.｜Wǒ shàng cì mǎi le zhè běn shū.｜Tā shàng cì lái guo zhèlǐ.,I went to Beijing last time.｜When did we meet last time?｜The last exam was difficult.｜I bought this book last time.｜He came here last time.,အရင်တစ်ခေါက်က ကျွန်တော်/ကျွန်မ ပေကျင်းကိုသွားခဲ့တယ်။｜အရင်တစ်ခေါက်က ဘယ်တုန်းကတွေ့ခဲ့ကြတာလဲ။｜အရင်တစ်ခေါက် စာမေးပွဲက ခက်တယ်။｜အရင်တစ်ခေါက်က ဒီစာအုပ်ကို ဝယ်ခဲ့တယ်။｜သူ အရင်တစ်ခေါက်က ဒီကိုလာဖူးတယ်။,上次见面 (shàng cì jiànmiàn) — အရင်တစ်ခေါက်တွေ့ဆုံသည်｜上次考试 (shàng cì kǎoshì) — အရင်တစ်ခေါက်စာမေးပွဲ｜上次买的 (shàng cì mǎi de) — အရင်တစ်ခေါက်ဝယ်ခဲ့တာ｜上次来 (shàng cì lái) — အရင်တစ်ခေါက်လာသည်｜上次说过 (shàng cì shuō guo) — အရင်တစ်ခေါက်ပြောဖူးသည်
320,1,上课,shàng kè,attend class; have a class,စာသင်သည်,我们上午上课。｜老师正在上课。｜你今天有课吗？｜我八点开始上课。｜上课的时候请安静。,Wǒmen shàngwǔ shàngkè.｜Lǎoshī zhèngzài shàngkè.｜Nǐ jīntiān yǒu kè ma?｜Wǒ bā diǎn kāishǐ shàngkè.｜Shàngkè de shíhou qǐng ānjìng.,We have class in the morning.｜The teacher is teaching a class.｜Do you have class today?｜I start class at eight.｜Please be quiet during class.,မနက်ပိုင်းမှာ ကျွန်တော်တို့ အတန်းတက်တယ်။｜ဆရာ/ဆရာမ စာသင်နေတယ်။｜ဒီနေ့ အတန်းရှိလား။｜ကျွန်တော်/ကျွန်မ ၈ နာရီမှာ အတန်းစတက်တယ်။｜အတန်းချိန်မှာ တိတ်တိတ်နေပါ။,上课 (shàngkè) — အတန်းတက်သည်｜下课 (xiàkè) — အတန်းဆင်းသည်｜课堂 (kètáng) — စာသင်ခန်း｜课程 (kèchéng) — သင်ရိုး/ဘာသာရပ်｜上课时间 (shàngkè shíjiān) — အတန်းချိန်
321,1,上网,shàngwǎng,Surf the Internet,အင်တာနက်သုံးသည်,我晚上喜欢上网。｜我每天上网学习。｜他正在上网。｜你常常上网吗？｜我在网上看新闻。,Wǒ wǎnshang xǐhuan shàngwǎng.｜Wǒ měitiān shàngwǎng xuéxí.｜Tā zhèngzài shàngwǎng.｜Nǐ chángcháng shàngwǎng ma?｜Wǒ zài wǎngshàng kàn xīnwén.,I like going online at night.｜I study online every day.｜He is online.｜Do you often go online?｜I read the news online.,ကျွန်တော်/ကျွန်မ ညဘက် အင်တာနက်သုံးရတာကြိုက်တယ်။｜ကျွန်တော်/ကျွန်မ နေ့တိုင်း အင်တာနက်ကနေ လေ့လာတယ်။｜သူ အင်တာနက်သုံးနေတယ်။｜မင်း အင်တာနက်ကို မကြာခဏသုံးလား။｜ကျွန်တော်/ကျွန်မ အင်တာနက်ကနေ သတင်းဖတ်တယ်။,上网 (shàngwǎng) — အင်တာနက်သုံးသည်｜网上 (wǎngshàng) — အင်တာနက်ပေါ်မှာ｜网络 (wǎngluò) — ကွန်ရက်/အင်တာနက်｜上网课 (shàng wǎngkè) — အွန်လိုင်းအတန်းတက်သည်｜网上学习 (wǎngshàng xuéxí) — အွန်လိုင်းကနေ လေ့လာသည်
322,1,上午,shàngwǔ,morning,မနက်ပိုင်း,我上午有课。｜上午天气很好。｜我上午去学校。｜你上午有时间吗？｜他上午在家。,Wǒ shàngwǔ yǒu kè.｜Shàngwǔ tiānqì hěn hǎo.｜Wǒ shàngwǔ qù xuéxiào.｜Nǐ shàngwǔ yǒu shíjiān ma?｜Tā shàngwǔ zài jiā.,I have class in the morning.｜The weather is good in the morning.｜I go to school in the morning.｜Do you have time in the morning?｜He is at home in the morning.,မနက်ပိုင်းမှာ အတန်းရှိတယ်။｜မနက်ပိုင်း ရာသီဥတုကောင်းတယ်။｜မနက်ပိုင်း ကျောင်းသွားတယ်။｜မနက်ပိုင်းမှာ အချိန်ရှိလား။｜သူ မနက်ပိုင်းမှာ အိမ်မှာရှိတယ်။,上午好 (shàngwǔ hǎo) — မနက်ခင်းမင်္ဂလာပါ｜上午班 (shàngwǔ bān) — မနက်ပိုင်းအတန်း｜上午课 (shàngwǔ kè) — မနက်ပိုင်းအတန်း｜上午时间 (shàngwǔ shíjiān) — မနက်ပိုင်းအချိန်｜今天上午 (jīntiān shàngwǔ) — ဒီနေ့မနက်ပိုင်း
323,1,上学,shàng xué,go to school,ကျောင်းတက်သည်,我每天上学。｜妹妹明天上学。｜孩子们一起上学。｜我坐车上学。｜他八点上学。,Wǒ měitiān shàngxué.｜Mèimei míngtiān shàngxué.｜Háizimen yìqǐ shàngxué.｜Wǒ zuò chē shàngxué.｜Tā bā diǎn shàngxué.,I go to school every day.｜My younger sister goes to school tomorrow.｜The children go to school together.｜I take a car to school.｜He goes to school at eight.,ကျွန်တော်/ကျွန်မ နေ့တိုင်း ကျောင်းတက်တယ်။｜ညီမ မနက်ဖြန် ကျောင်းတက်မယ်။｜ကလေးတွေ အတူတူ ကျောင်းသွားကြတယ်။｜ကျွန်တော်/ကျွန်မ ကားစီးပြီး ကျောင်းသွားတယ်။｜သူ ၈ နာရီမှာ ကျောင်းတက်တယ်။,学校 (xuéxiào) — ကျောင်း｜学生 (xuéshēng) — ကျောင်းသား/သူ｜上学时间 (shàngxué shíjiān) — ကျောင်းတက်ချိန်｜放学 (fàngxué) — ကျောင်းဆင်းသည်｜上学路上 (shàngxué lùshàng) — ကျောင်းသွားရာလမ်း
324,1,少,shǎo,less,နည်းသည်၊ အနည်းငယ်,这里人很少。｜我吃得很少。｜今天下雨，来的人很少。｜我只有一点钱，很少。｜这个房间很少有人来。,"Zhèlǐ rén hěn shǎo.｜Wǒ chī de hěn shǎo.｜Jīntiān xiàyǔ, lái de rén hěn shǎo.｜Wǒ zhǐ yǒu yìdiǎn qián, hěn shǎo.｜Zhège fángjiān hěn shǎo yǒu rén lái.",There are very few people here.｜I eat very little.｜There are very few people coming today because it is raining.｜I only have a little money.｜Few people come to this room.,ဒီမှာ လူအရမ်းနည်းတယ်။｜ကျွန်တော်/ကျွန်မ နည်းနည်းပဲစားတယ်။｜ဒီနေ့ မိုးရွာလို့ လာတဲ့လူ အရမ်းနည်းတယ်။｜ကျွန်တော်/ကျွန်မမှာ ပိုက်ဆံနည်းနည်းပဲရှိတယ်။｜ဒီအခန်းကို လာတဲ့လူ အရမ်းနည်းတယ်။,很少 (hěn shǎo) — အလွန်နည်းသည်｜多少 (duōshao) — ဘယ်လောက်｜少吃 (shǎo chī) — နည်းနည်းစားသည်｜少说 (shǎo shuō) — စကားနည်းနည်းပြောသည်｜少数 (shǎoshù) — အနည်းစု
325,1,谁,shéi,who,ဘယ်သူလဲ,你是谁？｜谁是你的老师？｜你找谁？｜谁在外面？｜这是谁的书？,Nǐ shì shéi?｜Shéi shì nǐ de lǎoshī?｜Nǐ zhǎo shéi?｜Shéi zài wàimiàn?｜Zhè shì shéi de shū?,Who are you?｜Who is your teacher?｜Who are you looking for?｜Who is outside?｜Whose book is this?,မင်းဘယ်သူလဲ။｜မင်းဆရာ/ဆရာမက ဘယ်သူလဲ။｜မင်းဘယ်သူ့ကိုရှာနေတာလဲ။｜အပြင်မှာ ဘယ်သူရှိလဲ။｜ဒါဘယ်သူ့စာအုပ်လဲ။,谁人 (shéi rén) — ဘယ်သူ｜谁的 (shéi de) — ဘယ်သူ့ဟာ｜谁来 (shéi lái) — ဘယ်သူလာသည်｜谁去 (shéi qù) — ဘယ်သူသွားသည်｜谁说 (shéi shuō) — ဘယ်သူပြောသည်
326,1,身上,shēn shàng,body; on one’s body,ကိုယ်ပေါ်မှာ,我的身上有手机。｜他身上没有钱。｜衣服在我身上。｜他的身上很干净。｜不要把东西放在身上。,Wǒ de shēnshang yǒu shǒujī.｜Tā shēnshang méiyǒu qián.｜Yīfu zài wǒ shēnshang.｜Tā de shēnshang hěn gānjìng.｜Bú yào bǎ dōngxi fàng zài shēnshang.,I have a phone with me.｜He has no money on him.｜The clothes are on me.｜He is very clean.｜Don't put things on your body.,ကျွန်တော်/ကျွန်မဆီမှာ ဖုန်းပါလာတယ်။｜သူ့ဆီမှာ ပိုက်ဆံမရှိဘူး။｜အဝတ်အစားက ကျွန်တော်/ကျွန်မ ကိုယ်ပေါ်မှာရှိတယ်။｜သူ့ကိုယ်ပေါ်မှာ သန့်ရှင်းတယ်။｜ပစ္စည်းတွေကို ကိုယ်ပေါ်မှာ မထားနဲ့။,身体 (shēntǐ) — ခန္ဓာကိုယ်｜身上有 (shēnshang yǒu) — ကိုယ်ပေါ်မှာရှိသည်｜身上带着 (shēnshang dàizhe) — ကိုယ်နဲ့အတူဆောင်ထားသည်｜身上没有 (shēnshang méiyǒu) — ကိုယ်ပေါ်မှာမရှိ｜身上干净 (shēnshang gānjìng) — ကိုယ်ပေါ်မှာသန့်ရှင်းသည်
327,1,身体,shēntǐ,body,ခန္ဓာကိုယ်,我的身体很好。｜运动对身体很好。｜他身体不舒服。｜你身体怎么样？｜身体健康很重要。,Wǒ de shēntǐ hěn hǎo.｜Yùndòng duì shēntǐ hěn hǎo.｜Tā shēntǐ bù shūfu.｜Nǐ shēntǐ zěnmeyàng?｜Shēntǐ jiànkāng hěn zhòngyào.,My body is very healthy.｜Exercise is good for the body.｜He is not feeling well.｜How is your health?｜Good health is very important.,ကျွန်တော်/ကျွန်မ ကျန်းမာရေးကောင်းတယ်။｜လေ့ကျင့်ခန်းလုပ်တာ ခန္ဓာကိုယ်အတွက် ကောင်းတယ်။｜သူ နေလို့မကောင်းဘူး။｜မင်းကျန်းမာရေး ဘယ်လိုလဲ။｜ကျန်းမာရေးကောင်းတာ အရေးကြီးတယ်။,身体健康 (shēntǐ jiànkāng) — ကျန်းမာရေးကောင်းသည်｜身体不好 (shēntǐ bù hǎo) — ကျန်းမာရေးမကောင်း｜身体不舒服 (shēntǐ bù shūfu) — နေလို့မကောင်း｜身体检查 (shēntǐ jiǎnchá) — ကျန်းမာရေးစစ်ဆေးခြင်း｜保护身体 (bǎohù shēntǐ) — ခန္ဓာကိုယ်ကိုဂရုစိုက်သည်
328,1,什么,shénme,What,ဘာလဲ,你在说什么？｜你想吃什么？｜这是什么？｜你买了什么？｜你在看什么？,Nǐ zài shuō shénme?｜Nǐ xiǎng chī shénme?｜Zhè shì shénme?｜Nǐ mǎi le shénme?｜Nǐ zài kàn shénme?,What are you saying?｜What do you want to eat?｜What is this?｜What did you buy?｜What are you looking at?,မင်းဘာပြောနေတာလဲ။｜မင်းဘာစားချင်လဲ။｜ဒါဘာလဲ။｜မင်းဘာဝယ်ခဲ့လဲ။｜မင်းဘာကြည့်နေတာလဲ။,什么人 (shénme rén) — ဘယ်လိုလူ/ဘယ်သူ｜什么东西 (shénme dōngxi) — ဘာပစ္စည်း｜什么时候 (shénme shíhou) — ဘယ်အချိန်｜什么地方 (shénme dìfang) — ဘယ်နေရာ｜为什么 (wèishénme) — ဘာကြောင့်
329,1,生病,shēngbìng,Fall ill,နေမကောင်းဖြစ်သည်,我昨天生病了。｜他生病了，今天不来学校。｜孩子生病了。｜生病的时候要休息。｜她因为生病没去上班。,"Wǒ zuótiān shēngbìng le.｜Tā shēngbìng le, jīntiān bù lái xuéxiào.｜Háizi shēngbìng le.｜Shēngbìng de shíhou yào xiūxi.｜Tā yīnwèi shēngbìng méi qù shàngbān.",I was sick yesterday.｜He is sick and won't come to school today.｜The child is sick.｜You should rest when you are sick.｜She didn't go to work because she was sick.,မနေ့က ကျွန်တော်/ကျွန်မ နေမကောင်းဖြစ်တယ်။｜သူ နေမကောင်းလို့ ဒီနေ့ကျောင်းမလာဘူး။｜ကလေး နေမကောင်းဖြစ်တယ်။｜နေမကောင်းဖြစ်တဲ့အခါ နားသင့်တယ်။｜သူ နေမကောင်းလို့ အလုပ်မသွားဘူး။,生病了 (shēngbìng le) — နေမကောင်းဖြစ်ပြီ｜生病的人 (shēngbìng de rén) — နေမကောင်းသူ｜生病住院 (shēngbìng zhùyuàn) — နေမကောင်း၍ ဆေးရုံတက်သည်｜看病 (kànbìng) — ဆရာဝန်ပြသည်｜治病 (zhìbìng) — ရောဂါကုသည်
330,1,生气,shēngqì,get angry,စိတ်ဆိုးသည်,我不生气。｜妈妈生气了。｜你为什么生气？｜他听了以后很生气。｜别生气了。,Wǒ bù shēngqì.｜Māma shēngqì le.｜Nǐ wèishénme shēngqì?｜Tā tīng le yǐhòu hěn shēngqì.｜Bié shēngqì le.,I am not angry.｜Mom is angry.｜Why are you angry?｜He was very angry after hearing that.｜Don't be angry anymore.,ကျွန်တော်/ကျွန်မ စိတ်မဆိုးဘူး။｜အမေ စိတ်ဆိုးသွားတယ်။｜မင်းဘာလို့ စိတ်ဆိုးတာလဲ။｜သူ အဲဒါကြားပြီး အရမ်းစိတ်ဆိုးသွားတယ်။｜စိတ်မဆိုးနဲ့တော့။,生气了 (shēngqì le) — စိတ်ဆိုးသွားသည်｜很生气 (hěn shēngqì) — အရမ်းစိတ်ဆိုးသည်｜别生气 (bié shēngqì) — စိတ်မဆိုးနဲ့｜生气的人 (shēngqì de rén) — စိတ်ဆိုးနေသူ｜为什么生气 (wèishénme shēngqì) — ဘာကြောင့်စိတ်ဆိုးတာလဲ
331,1,生日,shēngrì,Birthday,မွေးနေ့,今天是我的生日。｜你的生日是哪一天？｜我生日的时候很开心。｜妈妈给我买了生日蛋糕。｜我们一起过生日。,Jīntiān shì wǒ de shēngrì.｜Nǐ de shēngrì shì nǎ yì tiān?｜Wǒ shēngrì de shíhou hěn kāixīn.｜Māma gěi wǒ mǎi le shēngrì dàngāo.｜Wǒmen yìqǐ guò shēngrì.,Today is my birthday.｜When is your birthday?｜I am very happy on my birthday.｜Mom bought me a birthday cake.｜We celebrate our birthdays together.,ဒီနေ့ ကျွန်တော်/ကျွန်မ မွေးနေ့ပါ။｜မင်းမွေးနေ့က ဘယ်နေ့လဲ။｜မွေးနေ့မှာ ကျွန်တော်/ကျွန်မ အရမ်းပျော်တယ်။｜အမေက ကျွန်တော်/ကျွန်မအတွက် မွေးနေ့ကိတ် ဝယ်ပေးတယ်။｜ကျွန်တော်တို့ အတူတူ မွေးနေ့ကျင်းပကြတယ်။,生日快乐 (shēngrì kuàilè) — မွေးနေ့ပျော်ရွှင်ပါစေ｜过生日 (guò shēngrì) — မွေးနေ့ကျင်းပသည်｜生日礼物 (shēngrì lǐwù) — မွေးနေ့လက်ဆောင်｜生日蛋糕 (shēngrì dàngāo) — မွေးနေ့ကိတ်｜生日聚会 (shēngrì jùhuì) — မွေးနေ့ပွဲ
332,1,十,shí,Ten,တစ်ဆယ်(၁၀),我有十本书。｜现在十点。｜他十岁了。｜我们十个人一起去。｜今天是十号。,Wǒ yǒu shí běn shū.｜Xiànzài shí diǎn.｜Tā shí suì le.｜Wǒmen shí ge rén yìqǐ qù.｜Jīntiān shì shí hào.,I have ten books.｜It is ten o'clock now.｜He is ten years old.｜The ten of us are going together.｜Today is the tenth.,ကျွန်တော်/ကျွန်မမှာ စာအုပ် ၁၀ အုပ်ရှိတယ်။｜အခု ၁၀ နာရီရှိပြီ။｜သူ့အသက် ၁၀ နှစ်ရှိပြီ။｜ကျွန်တော်တို့ ၁၀ ယောက်အတူသွားကြမယ်။｜ဒီနေ့ ၁၀ ရက်နေ့ပါ။,十月 (shíyuè) — အောက်တိုဘာ｜十点 (shí diǎn) — ၁၀ နာရီ｜十岁 (shí suì) — ၁၀ နှစ်｜十个人 (shí ge rén) — လူ ၁၀ ယောက်｜十号 (shí hào) — ၁၀ ရက်
333,1,时候,shíhou,time,အချိန်၊ အခါ(အခြေအနေတစ်ခု ဖြစ်တဲ့အချိန်၊ အခါ),你什么时候回来？｜你什么时候有空？｜我小时候住在这里。｜吃饭的时候不要说话。｜你什么时候开始学习中文？,Nǐ shénme shíhou huílái?｜Nǐ shénme shíhou yǒu kòng?｜Wǒ xiǎoshíhou zhù zài zhèlǐ.｜Chīfàn de shíhou bú yào shuōhuà.｜Nǐ shénme shíhou kāishǐ xuéxí Zhōngwén?,When will you come back?｜When are you free?｜I lived here when I was young.｜Don't talk while eating.｜When did you start learning Chinese?,မင်းဘယ်တော့ပြန်လာမလဲ။｜မင်းဘယ်တော့အားလဲ။｜ငယ်ငယ်တုန်းက ဒီမှာနေခဲ့တယ်။｜ထမင်းစားတဲ့အချိန် စကားမပြောနဲ့။｜မင်းတရုတ်စာကို ဘယ်တုန်းက စလေ့လာခဲ့တာလဲ။,什么时候 (shénme shíhou) — ဘယ်တော့｜小时候 (xiǎoshíhou) — ငယ်ငယ်တုန်းက｜这时候 (zhè shíhou) — ဒီအချိန်မှာ｜那时候 (nà shíhou) — အဲဒီအချိန်တုန်းက｜有时候 (yǒu shíhou) — တစ်ခါတလေ
334,1,时间,shíjiān,time,အချိန်(အချိန်ပမာဏ၊ အချိန်ကြာချိန်),我没有时间。｜现在是什么时间？｜你什么时候有时间？｜学习需要时间。｜我们还有一点时间。,Wǒ méiyǒu shíjiān.｜Xiànzài shì shénme shíjiān?｜Nǐ shénme shíhou yǒu shíjiān?｜Xuéxí xūyào shíjiān.｜Wǒmen hái yǒu yìdiǎn shíjiān.,I don't have time.｜What time is it now?｜When do you have time?｜Learning takes time.｜We still have some time.,ကျွန်တော်/ကျွန်မမှာ အချိန်မရှိဘူး။｜အခု ဘယ်နှနာရီရှိပြီလဲ။｜မင်းဘယ်တော့ အချိန်ရလဲ။｜စာလေ့လာဖို့ အချိန်လိုတယ်။｜ကျွန်တော်တို့မှာ အချိန်နည်းနည်းကျန်သေးတယ်။,时间表 (shíjiānbiǎo) — အချိန်ဇယား｜时间到 (shíjiān dào) — အချိန်ရောက်ပြီ｜时间长 (shíjiān cháng) — အချိန်ကြာသည်｜时间短 (shíjiān duǎn) — အချိန်တိုသည်｜没有时间 (méiyǒu shíjiān) — အချိန်မရှိ
335,1,事,shì,thing,ကိစ္စ၊ အရာ,这件事很重要。｜我有一件事要告诉你。｜这是什么事？｜别担心这件事。｜这件事已经结束了。,Shì｜Zhè jiàn shì hěn zhòngyào.｜Wǒ yǒu yí jiàn shì yào gàosu nǐ.｜Zhè shì shénme shì?｜Bié dānxīn zhè jiàn shì.｜Zhè jiàn shì yǐjīng jiéshù le.,This matter is very important.｜I have something to tell you.｜What is this matter?｜Don't worry about this matter.｜This matter is already finished.,ဒီကိစ္စက အရမ်းအရေးကြီးတယ်။｜ကျွန်တော်/ကျွန်မ မင်းကို ပြောစရာတစ်ခုရှိတယ်။｜ဒါဘာကိစ္စလဲ။｜ဒီကိစ္စအတွက် စိတ်မပူနဲ့။｜ဒီကိစ္စပြီးသွားပြီ။,事情 (shìqing) — ကိစ္စ｜事情 (shìqing) — အကြောင်းအရာ｜小事 (xiǎoshì) — ကိစ္စသေးသေး｜大事 (dàshì) — အရေးကြီးကိစ္စ｜有事 (yǒu shì) — ကိစ္စရှိသည်
336,1,试,shì,try,စမ်းသပ်သည်၊ စာမေးပွဲဖြေသည်,我想试一下。｜你可以试试这个。｜我试过这件衣服。｜明天要考试。｜让我试试看。,Shì｜Wǒ xiǎng shì yíxià.｜Nǐ kěyǐ shìshi zhège.｜Wǒ shìguo zhè jiàn yīfu.｜Míngtiān yào kǎoshì.｜Ràng wǒ shìshi kàn.,I want to try it.｜You can try this.｜I have tried these clothes.｜There is an exam tomorrow.｜Let me try it.,ကျွန်တော်/ကျွန်မ စမ်းကြည့်ချင်တယ်။｜ဒါကို စမ်းကြည့်လို့ရတယ်။｜ဒီအဝတ်ကို ဝတ်စမ်းဖူးတယ်။｜မနက်ဖြန် စာမေးပွဲရှိတယ်။｜ကျွန်တော်/ကျွန်မ စမ်းကြည့်ပါရစေ။,考试 (kǎoshì) — စာမေးပွဲ｜试试 (shìshi) — စမ်းကြည့်သည်｜试穿 (shìchuān) — ဝတ်ကြည့်သည်｜试用 (shìyòng) — အသုံးပြုစမ်းသည်｜尝试 (chángshì) — ကြိုးစားစမ်းကြည့်သည်
337,1,是,shì,yes,ဖြစ်သည်၊ ဟုတ်သည်,我是学生。｜他是我的朋友。｜今天是星期一。｜这是我的书。｜她是老师。,Shì｜Wǒ shì xuéshēng.｜Tā shì wǒ de péngyou.｜Jīntiān shì xīngqīyī.｜Zhè shì wǒ de shū.｜Tā shì lǎoshī.,I am a student.｜He is my friend.｜Today is Monday.｜This is my book.｜She is a teacher.,ကျွန်တော်/ကျွန်မ ကျောင်းသားပါ။｜သူက ကျွန်တော်/ကျွန်မ သူငယ်ချင်းပါ။｜ဒီနေ့ တနင်္လာနေ့ပါ။｜ဒါ ကျွန်တော်/ကျွန်မ စာအုပ်ပါ။｜သူက ဆရာ/ဆရာမပါ။,也是 (yě shì) — လည်းဖြစ်သည်｜不是 (bú shì) — မဟုတ်ဘူး｜是的 (shì de) — ဟုတ်တယ်｜是吗 (shì ma) — ဟုတ်လား｜是不是 (shì bú shì) — ဟုတ်မဟုတ်
338,1,是不是,shì bú shì,isn’t it?,ဟုတ်မဟုတ်,你是不是学生？｜他是不是你的朋友？｜你是不是喜欢中国菜？｜今天是不是很冷？｜这是不是你的手机？,Shì bú shì｜Nǐ shì bú shì xuéshēng?｜Tā shì bú shì nǐ de péngyou?｜Nǐ shì bú shì xǐhuan Zhōngguó cài?｜Jīntiān shì bú shì hěn lěng?｜Zhè shì bú shì nǐ de shǒujī?,Are you a student?｜Is he your friend?｜Do you like Chinese food?｜Is it cold today?｜Is this your phone?,မင်းက ကျောင်းသားလား။｜သူက မင်းသူငယ်ချင်း ဟုတ်လား။｜မင်း တရုတ်အစားအစာကြိုက်လား။｜ဒီနေ့ အေးလား။｜ဒါ မင်းဖုန်းလား။,是不是 (shì bú shì) — ဟုတ်မဟုတ်｜是不是这样 (shì bú shì zhèyàng) — ဒီလိုဟုတ်လား｜是不是吗 (shì bú shì ma) — ဟုတ်မဟုတ်လား｜是不是你 (shì bú shì nǐ) — မင်းဟုတ်လား｜是不是他 (shì bú shì tā) — သူဟုတ်လား
339,1,手,shǒu,hand,လက်,我的手很冷。｜请举手。｜他的手很大。｜我的手受伤了。｜洗手以后再吃饭。,Shǒu｜Wǒ de shǒu hěn lěng.｜Qǐng jǔ shǒu.｜Tā de shǒu hěn dà.｜Wǒ de shǒu shòushāng le.｜Xǐ shǒu yǐhòu zài chīfàn.,My hand is cold.｜Please raise your hand.｜His hand is big.｜My hand is injured.｜Wash your hands before eating.,ကျွန်တော်/ကျွန်မ လက်အေးတယ်။｜လက်မြှောက်ပါ။｜သူ့လက်က ကြီးတယ်။｜ကျွန်တော်/ကျွန်မ လက်ထိခိုက်ထားတယ်။｜ထမင်းမစားခင် လက်ဆေးပါ။,手表 (shǒubiǎo) — လက်ပတ်နာရီ｜手指 (shǒuzhǐ) — လက်ချောင်း｜洗手 (xǐshǒu) — လက်ဆေးသည်｜举手 (jǔshǒu) — လက်မြှောက်သည်｜手里 (shǒu lǐ) — လက်ထဲမှာ
340,1,手机,shǒujī,Mobile phone,မိုဘိုင်းဖုန်း,我的手机没电了。｜这是我的手机。｜你看到我的手机了吗？｜我用手机学习汉语。｜他的手机很新。,Shǒujī｜Wǒ de shǒujī méi diàn le.｜Zhè shì wǒ de shǒujī.｜Nǐ kàndào wǒ de shǒujī le ma?｜Wǒ yòng shǒujī xuéxí Hànyǔ.｜Tā de shǒujī hěn xīn.,My phone has no battery.｜This is my phone.｜Did you see my phone?｜I use my phone to study Chinese.｜His phone is new.,ကျွန်တော်/ကျွန်မ ဖုန်းအားကုန်သွားပြီ။｜ဒါ ကျွန်တော်/ကျွန်မ ဖုန်းပါ။｜ငါ့ဖုန်းကို တွေ့လား။｜ကျွန်တော်/ကျွန်မ ဖုန်းနဲ့ တရုတ်စာလေ့လာတယ်။｜သူ့ဖုန်းက အသစ်ပါ။,手机号码 (shǒujī hàomǎ) — ဖုန်းနံပါတ်｜手机壳 (shǒujī ké) — ဖုန်းအိတ်｜手机费 (shǒujī fèi) — ဖုန်းခ｜手机店 (shǒujī diàn) — ဖုန်းဆိုင်｜手机游戏 (shǒujī yóuxì) — ဖုန်းဂိမ်း
341,1,书,shū,book,စာအုပ်,我有一本书。｜这本书很好看。｜我喜欢看书。｜这是我的中文书。｜请把书给我。,Shū｜Wǒ yǒu yì běn shū.｜Zhè běn shū hěn hǎokàn.｜Wǒ xǐhuan kànshū.｜Zhè shì wǒ de Zhōngwén shū.｜Qǐng bǎ shū gěi wǒ.,I have a book.｜This book is very interesting.｜I like reading books.｜This is my Chinese book.｜Please give me the book.,ကျွန်တော်/ကျွန်မမှာ စာအုပ်တစ်အုပ်ရှိတယ်။｜ဒီစာအုပ်က အရမ်းဖတ်လို့ကောင်းတယ်။｜ကျွန်တော်/ကျွန်မ စာဖတ်ရတာကြိုက်တယ်။｜ဒါ ကျွန်တော်/ကျွန်မ တရုတ်စာအုပ်ပါ။｜စာအုပ်ကို ကျွန်တော်/ကျွန်မကို ပေးပါ။,书本 (shūběn) — စာအုပ်｜书包 (shūbāo) — လွယ်အိတ်｜书店 (shūdiàn) — စာအုပ်ဆိုင်｜书架 (shūjià) — စာအုပ်စင်｜课本 (kèběn) — ပြဋ္ဌာန်းစာအုပ်
342,1,书包,shū bāo,school bag,ကျောင်းလွယ်အိတ်,我的书包很重。｜书包里有很多书。｜这是我的新书包。｜我的手机在书包里。｜我每天带书包去学校。,Shūbāo｜Wǒ de shūbāo hěn zhòng.｜Shūbāo lǐ yǒu hěn duō shū.｜Zhè shì wǒ de xīn shūbāo.｜Wǒ de shǒujī zài shūbāo lǐ.｜Wǒ měitiān dài shūbāo qù xuéxiào.,My schoolbag is heavy.｜There are many books in the schoolbag.｜This is my new schoolbag.｜My phone is in the schoolbag.｜I take my schoolbag to school every day.,ကျွန်တော်/ကျွန်မ ကျောင်းလွယ်အိတ်က လေးတယ်။｜လွယ်အိတ်ထဲမှာ စာအုပ်တွေအများကြီးရှိတယ်။｜ဒါ ကျွန်တော်/ကျွန်မ လွယ်အိတ်အသစ်ပါ။｜ကျွန်တော်/ကျွန်မ ဖုန်းက လွယ်အိတ်ထဲမှာရှိတယ်။｜ကျွန်တော်/ကျွန်မ နေ့တိုင်း လွယ်အိတ်နဲ့ ကျောင်းသွားတယ်။,书本 (shūběn) — စာအုပ်｜书店 (shūdiàn) — စာအုပ်ဆိုင်｜书包里 (shūbāo lǐ) — လွယ်အိတ်ထဲ｜文具 (wénjù) — စာရေးကိရိယာ｜铅笔 (qiānbǐ) — ခဲတံ
343,1,书店,shū diàn,bookstore,စာအုပ်ဆိုင်,我去书店买书。｜这家书店很大。｜书店在哪里？｜书店里有很多书。｜我喜欢去书店。,Shūdiàn｜Wǒ qù shūdiàn mǎi shū.｜Zhè jiā shūdiàn hěn dà.｜Shūdiàn zài nǎlǐ?｜Shūdiàn lǐ yǒu hěn duō shū.｜Wǒ xǐhuan qù shūdiàn.,I am going to the bookstore to buy books.｜This bookstore is big.｜Where is the bookstore?｜There are many books in the bookstore.｜I like going to the bookstore.,ကျွန်တော်/ကျွန်မ စာအုပ်ဝယ်ဖို့ စာအုပ်ဆိုင်သွားတယ်။｜ဒီစာအုပ်ဆိုင်က အရမ်းကြီးတယ်။｜စာအုပ်ဆိုင်က ဘယ်မှာလဲ။｜စာအုပ်ဆိုင်ထဲမှာ စာအုပ်တွေအများကြီးရှိတယ်။｜ကျွန်တော်/ကျွန်မ စာအုပ်ဆိုင်သွားရတာကြိုက်တယ်။,书 (shū) — စာအုပ်｜书本 (shūběn) — စာအုပ်｜新华书店 (Xīnhuá Shūdiàn) — ရှင်းဟွာစာအုပ်ဆိုင်｜书架 (shūjià) — စာအုပ်စင်｜买书 (mǎi shū) — စာအုပ်ဝယ်သည်
344,1,树,shù,tree,သစ်ပင်,那棵树很高。｜院子里有一棵树。｜树下面有一只猫。｜这棵树很漂亮。｜不要爬树。,Shù｜Nà kē shù hěn gāo.｜Yuànzi lǐ yǒu yì kē shù.｜Shù xiàmiàn yǒu yì zhī māo.｜Zhè kē shù hěn piàoliang.｜Bú yào pá shù.,That tree is very tall.｜There is a tree in the yard.｜There is a cat under the tree.｜This tree is beautiful.｜Don't climb the tree.,အဲဒီသစ်ပင်က အရမ်းမြင့်တယ်။｜ခြံထဲမှာ သစ်ပင်တစ်ပင်ရှိတယ်။｜သစ်ပင်အောက်မှာ ကြောင်တစ်ကောင်ရှိတယ်။｜ဒီသစ်ပင်က အရမ်းလှတယ်။｜သစ်ပင်ပေါ်မတက်နဲ့။,大树 (dàshù) — သစ်ပင်ကြီး｜树木 (shùmù) — သစ်ပင်များ｜树下 (shùxià) — သစ်ပင်အောက်｜树林 (shùlín) — သစ်တောငယ်｜种树 (zhòng shù) — သစ်ပင်စိုက်သည်
345,1,水,shuǐ,water,ရေ,我要喝水。｜请给我一杯水。｜水很热。｜每天要多喝水。｜这杯水是我的。,Shuǐ｜Wǒ yào hē shuǐ.｜Qǐng gěi wǒ yì bēi shuǐ.｜Shuǐ hěn rè.｜Měitiān yào duō hē shuǐ.｜Zhè bēi shuǐ shì wǒ de.,I want to drink water.｜Please give me a glass of water.｜The water is hot.｜You should drink more water every day.｜This glass of water is mine.,ကျွန်တော်/ကျွန်မ ရေသောက်ချင်တယ်။｜ကျွန်တော်/ကျွန်မကို ရေတစ်ခွက်ပေးပါ။｜ရေက ပူတယ်။｜နေ့တိုင်း ရေများများသောက်သင့်တယ်။｜ဒီရေခွက်က ကျွန်တော်/ကျွန်မဟာပါ။,开水 (kāishuǐ) — ရေနွေး｜喝水 (hē shuǐ) — ရေသောက်သည်｜水杯 (shuǐbēi) — ရေခွက်｜水瓶 (shuǐpíng) — ရေဘူး｜水果 (shuǐguǒ) — သစ်သီး
346,1,水果,shuǐguǒ,Fruits,သစ်သီး,我喜欢吃水果。｜这些水果很新鲜。｜你喜欢什么水果？｜妈妈买了很多水果。｜每天吃水果很好。,Shuǐguǒ｜Wǒ xǐhuan chī shuǐguǒ.｜Zhèxiē shuǐguǒ hěn xīnxiān.｜Nǐ xǐhuan shénme shuǐguǒ?｜Māma mǎi le hěn duō shuǐguǒ.｜Měitiān chī shuǐguǒ hěn hǎo.,I like eating fruit.｜These fruits are fresh.｜What fruit do you like?｜Mom bought a lot of fruit.｜It is good to eat fruit every day.,ကျွန်တော်/ကျွန်မ သစ်သီးစားရတာကြိုက်တယ်။｜ဒီသစ်သီးတွေက လတ်ဆတ်တယ်။｜မင်း ဘယ်သစ်သီးကြိုက်လဲ။｜အမေ သစ်သီးအများကြီးဝယ်လာတယ်။｜နေ့တိုင်း သစ်သီးစားတာကောင်းတယ်။,水果 (shuǐguǒ) — သစ်သီး｜苹果 (píngguǒ) — ပန်းသီး｜香蕉 (xiāngjiāo) — ငှက်ပျောသီး｜西瓜 (xīguā) — ဖရဲသီး｜水果店 (shuǐguǒ diàn) — သစ်သီးဆိုင်
347,1,睡,shuì,sleep,အိပ်သည်,我想睡。｜孩子在睡觉。｜我昨晚睡得很好。｜他正在睡。｜别叫他，他在睡觉。,"Shuì｜Wǒ xiǎng shuì.｜Háizi zài shuìjiào.｜Wǒ zuówǎn shuì de hěn hǎo.｜Tā zhèngzài shuì.｜Bié jiào tā, tā zài shuìjiào.",I want to sleep.｜The child is sleeping.｜I slept well last night.｜He is sleeping.｜Don't wake him; he is sleeping.,ကျွန်တော်/ကျွန်မ အိပ်ချင်တယ်။｜ကလေး အိပ်နေတယ်။｜မနေ့ညက ကောင်းကောင်းအိပ်ခဲ့တယ်။｜သူ အိပ်နေတယ်။｜သူ့ကိုမနှိုးနဲ့၊ သူအိပ်နေတယ်။,睡觉 (shuìjiào) — အိပ်သည်｜睡着 (shuìzháo) — အိပ်ပျော်သွားသည်｜睡醒 (shuìxǐng) — အိပ်ရာနိုးသည်｜睡午觉 (shuì wǔjiào) — နေ့လယ်တစ်ရေးအိပ်သည်｜睡不着 (shuì bù zháo) — အိပ်မပျော်ဘူး
348,1,睡觉,shuìjiào,sleep,အိပ်သည်,我每天十点睡觉。｜孩子已经睡觉了。｜我喜欢早睡觉。｜他正在房间里睡觉。｜昨天我很累，早早睡觉了。,"Shuìjiào｜Wǒ měitiān shí diǎn shuìjiào.｜Háizi yǐjīng shuìjiào le.｜Wǒ xǐhuan zǎo shuìjiào.｜Tā zhèngzài fángjiān lǐ shuìjiào.｜Zuótiān wǒ hěn lèi, zǎozǎo shuìjiào le.","I go to bed at ten every day.｜The child has already gone to sleep.｜I like going to bed early.｜He is sleeping in the room.｜I was very tired yesterday, so I went to bed early.",ကျွန်တော်/ကျွန်မ နေ့တိုင်း ၁၀ နာရီမှာ အိပ်တယ်။｜ကလေး အိပ်သွားပြီ။｜ကျွန်တော်/ကျွန်မ စောစောအိပ်ရတာကြိုက်တယ်။｜သူ အခန်းထဲမှာ အိပ်နေတယ်။｜မနေ့က အရမ်းပင်ပန်းလို့ စောစောအိပ်လိုက်တယ်။,睡觉 (shuìjiào) — အိပ်သည်｜睡着 (shuìzháo) — အိပ်ပျော်သည်｜早睡 (zǎo shuì) — စောစောအိပ်သည်｜晚睡 (wǎn shuì) — နောက်ကျအိပ်သည်｜睡午觉 (shuì wǔjiào) — နေ့လယ်တစ်ရေးအိပ်သည်
349,1,说,shuō,speak,ပြောသည်,你说什么？｜请慢慢说。｜他说他很忙。｜我会说一点中文。｜你能再说一遍吗？,Shuō｜Nǐ shuō shénme?｜Qǐng mànmàn shuō.｜Tā shuō tā hěn máng.｜Wǒ huì shuō yìdiǎn Zhōngwén.｜Nǐ néng zài shuō yí biàn ma?,What did you say?｜Please speak slowly.｜He says he is very busy.｜I can speak a little Chinese.｜Can you say it again?,မင်းဘာပြောတာလဲ။｜ဖြည်းဖြည်းပြောပါ။｜သူအရမ်းအလုပ်များတယ်လို့ ပြောတယ်။｜ကျွန်တော်/ကျွန်မ တရုတ်စကားနည်းနည်းပြောတတ်တယ်။｜ထပ်ပြောပေးလို့ရလား။,说话 (shuōhuà) — စကားပြောသည်｜说明 (shuōmíng) — ရှင်းပြသည်｜说法 (shuōfǎ) — ပြောဆိုပုံ｜说中文 (shuō Zhōngwén) — တရုတ်စကားပြောသည်｜小说 (xiǎoshuō) — ဝတ္ထု
350,1,说话,shuōhuà,talk,စကားပြောသည်,你会说话吗？｜我在跟朋友说话。｜请慢慢说话。｜他们正在说话。｜他说话很清楚。,Nǐ huì shuōhuà ma?｜Wǒ zài gēn péngyou shuōhuà.｜Qǐng mànmàn shuōhuà.｜Tāmen zhèngzài shuōhuà.｜Tā shuōhuà hěn qīngchu.,Can you speak?｜I am talking with a friend.｜Please speak slowly.｜They are talking.｜He speaks very clearly.,စကားပြောတတ်လား။｜ကျွန်တော်/ကျွန်မ သူငယ်ချင်းတစ်ယောက်နဲ့ စကားပြောနေတယ်။｜ဖြည်းဖြည်းပြောပါ။｜သူတို့ စကားပြောနေကြတယ်။｜သူ စကားပြောတာ အရမ်းရှင်းတယ်။,说话 (shuōhuà) — စကားပြောသည်｜说 (shuō) — ပြောသည်｜讲话 (jiǎnghuà) — စကားပြောသည်｜说中文 (shuō Zhōngwén) — တရုတ်လိုပြောသည်｜说清楚 (shuō qīngchu) — ရှင်းရှင်းပြောသည်
351,1,四,sì,Four,လေး(၄),我有四本书。｜现在四点。｜今天是四号。｜我家有四个人。｜四个学生在学习。,Wǒ yǒu sì běn shū.｜Xiànzài sì diǎn.｜Jīntiān shì sì hào.｜Wǒ jiā yǒu sì gè rén.｜Sì gè xuéshēng zài xuéxí.,I have four books.｜It is four o’clock now.｜Today is the fourth.｜There are four people in my family.｜Four students are studying.,ကျွန်တော်/ကျွန်မမှာ စာအုပ်လေးအုပ်ရှိတယ်။｜အခု ၄ နာရီရှိပြီ။｜ဒီနေ့ ၄ ရက်နေ့ပါ။｜ကျွန်တော်/ကျွန်မတို့မိသားစုမှာ လူ ၄ ယောက်ရှိတယ်။｜ကျောင်းသား ၄ ယောက် စာလေ့လာနေတယ်။,四点 (sì diǎn) — ၄ နာရီ｜四月 (sì yuè) — ဧပြီလ｜四号 (sì hào) — ၄ ရက်｜四个人 (sì gè rén) — လူ ၄ ယောက်｜第四 (dì sì) — စတုတ္ထ
352,1,送,sòng,give,ပေးသည်၊ ပို့သည်,我送你一本书。｜妈妈送我去学校。｜他送给我一束花。｜谢谢你送我的礼物。｜我想送朋友一个礼物。,Wǒ sòng nǐ yì běn shū.｜Māma sòng wǒ qù xuéxiào.｜Tā sòng gěi wǒ yí shù huā.｜Xièxie nǐ sòng wǒ de lǐwù.｜Wǒ xiǎng sòng péngyou yí gè lǐwù.,I will give you a book.｜Mom takes me to school.｜He gave me a bouquet of flowers.｜Thank you for the gift you gave me.｜I want to give my friend a gift.,ကျွန်တော်/ကျွန်မ မင်းကို စာအုပ်တစ်အုပ်ပေးမယ်။｜အမေက ကျွန်တော်/ကျွန်မကို ကျောင်းပို့တယ်။｜သူက ကျွန်တော်/ကျွန်မကို ပန်းတစ်စည်းပေးတယ်။｜မင်းပေးတဲ့လက်ဆောင်အတွက် ကျေးဇူးတင်ပါတယ်။｜ကျွန်တော်/ကျွန်မ သူငယ်ချင်းကို လက်ဆောင်တစ်ခု ပေးချင်တယ်။,送给 (sòng gěi) — ပေးသည်｜送礼物 (sòng lǐwù) — လက်ဆောင်ပေးသည်｜送人 (sòng rén) — လူတစ်ယောက်ကို လိုက်ပို့သည်｜送花 (sòng huā) — ပန်းပေးသည်｜送到 (sòng dào) — ပို့ပေးသည်
353,1,岁,suì,"year, age",အသက်...နှစ်,我今年十八岁。｜他十岁了。｜你几岁？｜我妹妹五岁。｜孩子三岁了。,Wǒ jīnnián shíbā suì.｜Tā shí suì le.｜Nǐ jǐ suì?｜Wǒ mèimei wǔ suì.｜Háizi sān suì le.,I am eighteen years old this year.｜He is ten years old.｜How old are you?｜My younger sister is five years old.｜The child is three years old.,ဒီနှစ်မှာ ကျွန်တော်/ကျွန်မ အသက် ၁၈ နှစ်ရှိပြီ။｜သူ အသက် ၁၀ နှစ်ရှိပြီ။｜မင်းအသက်ဘယ်လောက်လဲ။｜ကျွန်တော်/ကျွန်မ ညီမလေးအသက် ၅ နှစ်ရှိပြီ။｜ကလေးအသက် ၃ နှစ်ရှိပြီ။,年岁 (niánsuì) — အသက်｜岁数 (suìshu) — အသက်အရွယ်｜一岁 (yí suì) — အသက် ၁ နှစ်｜几岁 (jǐ suì) — အသက်ဘယ်လောက်｜岁生日 (suì shēngrì) — မွေးနေ့အသက်
354,1,他,tā,he,သူ (အမျိုးသား),他是我的朋友。｜他在学校学习。｜他喜欢喝茶。｜我认识他。｜他今天很忙。,Tā shì wǒ de péngyou.｜Tā zài xuéxiào xuéxí.｜Tā xǐhuan hē chá.｜Wǒ rènshi tā.｜Tā jīntiān hěn máng.,He is my friend.｜He studies at school.｜He likes drinking tea.｜I know him.｜He is very busy today.,သူက ကျွန်တော်/ကျွန်မရဲ့ သူငယ်ချင်းပါ။｜သူ ကျောင်းမှာ စာလေ့လာတယ်။｜သူ လက်ဖက်ရည်သောက်ရတာကြိုက်တယ်။｜ကျွန်တော်/ကျွန်မ သူ့ကို သိတယ်။｜သူ ဒီနေ့ အရမ်းအလုပ်များတယ်။,他人 (tārén) — အခြားသူ｜他们 (tāmen) — သူတို့｜他的 (tā de) — သူ့ရဲ့｜他家 (tā jiā) — သူ့အိမ်｜男他 (nán tā) — အမျိုးသားသူ
355,1,他们,tā men,they,သူတို့ (အမျိုးသား/ရောနှော),他们是我的同学。｜他们在学校上课。｜他们喜欢吃中国菜。｜他们明天去北京。｜我和他们一起学习。,Tāmen shì wǒ de tóngxué.｜Tāmen zài xuéxiào shàngkè.｜Tāmen xǐhuan chī Zhōngguó cài.｜Tāmen míngtiān qù Běijīng.｜Wǒ hé tāmen yìqǐ xuéxí.,They are my classmates.｜They are having class at school.｜They like eating Chinese food.｜They are going to Beijing tomorrow.｜I study together with them.,သူတို့က ကျွန်တော်/ကျွန်မရဲ့ အတန်းဖော်တွေပါ။｜သူတို့ ကျောင်းမှာ စာသင်နေကြတယ်။｜သူတို့ တရုတ်အစားအစာစားရတာ ကြိုက်တယ်။｜သူတို့ မနက်ဖြန် ပေကျင်းကို သွားမယ်။｜ကျွန်တော်/ကျွန်မ သူတို့နဲ့အတူ စာလေ့လာတယ်။,他们的 (tāmen de) — သူတို့ရဲ့｜他们家 (tāmen jiā) — သူတို့အိမ်｜他们俩 (tāmen liǎ) — သူတို့နှစ်ယောက်｜他们都 (tāmen dōu) — သူတို့အားလုံး｜他们中间 (tāmen zhōngjiān) — သူတို့ကြားမှာ
356,1,她,tā,she,သူမ,她是我的姐姐。｜她在学校工作。｜她喜欢喝咖啡。｜我认识她。｜她今天很高兴。,Tā shì wǒ de jiějie.｜Tā zài xuéxiào gōngzuò.｜Tā xǐhuan hē kāfēi.｜Wǒ rènshi tā.｜Tā jīntiān hěn gāoxìng.,She is my older sister.｜She works at school.｜She likes drinking coffee.｜I know her.｜She is very happy today.,သူက ကျွန်တော်/ကျွန်မရဲ့ အစ်မပါ။｜သူ ကျောင်းမှာ အလုပ်လုပ်တယ်။｜သူ ကော်ဖီသောက်ရတာ ကြိုက်တယ်။｜ကျွန်တော်/ကျွန်မ သူ့ကို သိတယ်။｜သူ ဒီနေ့ အရမ်းပျော်တယ်။,她的 (tā de) — သူမရဲ့｜她家 (tā jiā) — သူမအိမ်｜她们 (tāmen) — သူမတို့｜她俩 (tā liǎ) — သူမတို့နှစ်ယောက်｜她自己 (tā zìjǐ) — သူမကိုယ်တိုင်
357,1,她们,tā men,they,သူမတို့,她们是我的朋友。｜她们在教室里学习。｜她们喜欢看电影。｜她们明天去商场。｜我和她们一起吃饭。,Tāmen shì wǒ de péngyou.｜Tāmen zài jiàoshì lǐ xuéxí.｜Tāmen xǐhuan kàn diànyǐng.｜Tāmen míngtiān qù shāngchǎng.｜Wǒ hé tāmen yìqǐ chīfàn.,They are my friends.｜They are studying in the classroom.｜They like watching movies.｜They are going to the shopping mall tomorrow.｜I eat together with them.,သူမတို့က ကျွန်တော်/ကျွန်မရဲ့ သူငယ်ချင်းတွေပါ။｜သူမတို့ စာသင်ခန်းထဲမှာ စာလေ့လာနေကြတယ်။｜သူမတို့ ရုပ်ရှင်ကြည့်ရတာ ကြိုက်တယ်။｜သူမတို့ မနက်ဖြန် ဈေးဝယ်စင်တာကို သွားမယ်။｜ကျွန်တော်/ကျွန်မ သူမတို့နဲ့အတူ ထမင်းစားတယ်။,她们的 (tāmen de) — သူမတို့ရဲ့｜她们家 (tāmen jiā) — သူမတို့အိမ်｜她们俩 (tāmen liǎ) — သူမတို့နှစ်ယောက်｜她们都 (tāmen dōu) — သူမတို့အားလုံး｜她们自己 (tāmen zìjǐ) — သူမတို့ကိုယ်တိုင်
358,1,太,tài,too,အလွန်၊ တော်တော်,今天太热了。｜这个太贵了。｜我太累了。｜这件衣服太大了。｜他说话太快了。,Jīntiān tài rè le.｜Zhège tài guì le.｜Wǒ tài lèi le.｜Zhè jiàn yīfu tài dà le.｜Tā shuōhuà tài kuài le.,It is too hot today.｜This is too expensive.｜I am too tired.｜These clothes are too big.｜He speaks too fast.,ဒီနေ့ အရမ်းပူတယ်။｜ဒါ အရမ်းဈေးကြီးတယ်။｜ကျွန်တော်/ကျွန်မ အရမ်းပင်ပန်းတယ်။｜ဒီအဝတ်အစားက အရမ်းကြီးတယ်။｜သူ စကားပြောတာ အရမ်းမြန်တယ်။,太好 (tài hǎo) — အရမ်းကောင်းသည်｜太大 (tài dà) — အရမ်းကြီးသည်｜太小 (tài xiǎo) — အရမ်းသေးသည်｜太贵 (tài guì) — အရမ်းဈေးကြီးသည်｜太累 (tài lèi) — အရမ်းပင်ပန်းသည်
359,1,天,tiān,day,ကောင်းကင်၊ နေ့,今天是星期一。｜天气很好。｜我每天早上学习。｜天黑了，我们回家吧。｜明天是我的生日。,"Jīntiān shì xīngqīyī.｜Tiānqì hěn hǎo.｜Wǒ měitiān zǎoshang xuéxí.｜Tiān hēi le, wǒmen huí jiā ba.｜Míngtiān shì wǒ de shēngrì.","Today is Monday.｜The weather is very good.｜I study every morning.｜It is getting dark, let's go home.｜Tomorrow is my birthday.",ဒီနေ့ တနင်္လာနေ့ပါ။｜ရာသီဥတု အရမ်းကောင်းတယ်။｜ကျွန်တော်/ကျွန်မ မနက်တိုင်း စာလေ့လာတယ်။｜မှောင်လာပြီ၊ အိမ်ပြန်ကြရအောင်။｜မနက်ဖြန် ကျွန်တော်/ကျွန်မ မွေးနေ့ပါ။,天上 (tiānshàng) — ကောင်းကင်ပေါ်｜今天 (jīntiān) — ဒီနေ့｜明天 (míngtiān) — မနက်ဖြန်｜昨天 (zuótiān) — မနေ့က｜天亮 (tiānliàng) — မိုးလင်းသည်
360,1,天气,tiānqì,weather,ရာသီဥတု,今天天气很好。｜天气很热。｜明天天气怎么样？｜今天的天气很冷。｜我喜欢晴朗的天气。,Jīntiān tiānqì hěn hǎo.｜Tiānqì hěn rè.｜Míngtiān tiānqì zěnmeyàng?｜Jīntiān de tiānqì hěn lěng.｜Wǒ xǐhuan qínglǎng de tiānqì.,The weather is very good today.｜The weather is hot.｜How will the weather be tomorrow?｜Today's weather is very cold.｜I like sunny weather.,ဒီနေ့ ရာသီဥတုအရမ်းကောင်းတယ်။｜ရာသီဥတုပူတယ်။｜မနက်ဖြန် ရာသီဥတု ဘယ်လိုဖြစ်မလဲ။｜ဒီနေ့ ရာသီဥတုအရမ်းအေးတယ်။｜ကျွန်တော်/ကျွန်မ နေသာတဲ့ရာသီဥတုကို ကြိုက်တယ်။,好天气 (hǎo tiānqì) — ရာသီဥတုကောင်း｜天气预报 (tiānqì yùbào) — မိုးလေဝသခန့်မှန်းချက်｜天气热 (tiānqì rè) — ရာသီဥတုပူ｜天气冷 (tiānqì lěng) — ရာသီဥတုအေး｜天气晴 (tiānqì qíng) — ရာသီဥတုသာယာ
361,1,听,tīng,hear,နားထောင်သည်,请听我说。｜我喜欢听音乐。｜你在听什么？｜请认真听。｜孩子正在听老师说话。,Qǐng tīng wǒ shuō.｜Wǒ xǐhuan tīng yīnyuè.｜Nǐ zài tīng shénme?｜Qǐng rènzhēn tīng.｜Háizi zhèngzài tīng lǎoshī shuōhuà.,Please listen to me.｜I like listening to music.｜What are you listening to?｜Please listen carefully.｜The child is listening to the teacher.,ကျွန်တော်/ကျွန်မကို နားထောင်ပါ။｜ကျွန်တော်/ကျွန်မ သီချင်းနားထောင်ရတာ ကြိုက်တယ်။｜မင်း ဘာနားထောင်နေတာလဲ။｜သေချာနားထောင်ပါ။｜ကလေးက ဆရာ/ဆရာမပြောတာကို နားထောင်နေတယ်။,听音乐 (tīng yīnyuè) — သီချင်းနားထောင်သည်｜听课 (tīngkè) — စာသင်ခန်းနားထောင်သည်｜听说 (tīngshuō) — ကြားသိသည်｜听懂 (tīngdǒng) — နားထောင်ပြီးနားလည်သည်｜听清楚 (tīng qīngchu) — ရှင်းရှင်းကြားသည်
362,1,听到,tīng dào,hear,ကြားသည်,我听到一个声音。｜我听到妈妈叫我。｜你听到他说话了吗？｜我听到有人唱歌。｜我刚才听到一个好消息。,Wǒ tīngdào yí gè shēngyīn.｜Wǒ tīngdào māma jiào wǒ.｜Nǐ tīngdào tā shuōhuà le ma?｜Wǒ tīngdào yǒu rén chànggē.｜Wǒ gāngcái tīngdào yí gè hǎo xiāoxi.,I heard a sound.｜I heard Mom call me.｜Did you hear him speaking?｜I heard someone singing.｜I just heard some good news.,အသံတစ်ခု ကြားလိုက်တယ်။｜အမေက ကျွန်တော်/ကျွန်မကို ခေါ်တာ ကြားလိုက်တယ်။｜သူပြောတာကို မင်းကြားလိုက်လား။｜တစ်ယောက်ယောက် သီချင်းဆိုတာ ကြားလိုက်တယ်။｜ခုနက သတင်းကောင်းတစ်ခု ကြားလိုက်တယ်။,听见 (tīngjiàn) — ကြားသည်｜听到 (tīngdào) — ကြားသည်｜听懂 (tīngdǒng) — နားထောင်ပြီးနားလည်သည်｜听说 (tīngshuō) — ကြားသိသည်｜听到消息 (tīngdào xiāoxi) — သတင်းကြားသည်
363,1,听见,tīng jiàn,hear,ကြားသည်,我听见老师说话了。｜我听见有人敲门。｜你听见了吗？｜我听见朋友叫我的名字。｜我在房间里听见了声音。,Wǒ tīngjiàn lǎoshī shuōhuà le.｜Wǒ tīngjiàn yǒu rén qiāomén.｜Nǐ tīngjiàn le ma?｜Wǒ tīngjiàn péngyou jiào wǒ de míngzi.｜Wǒ zài fángjiān lǐ tīngjiàn le shēngyīn.,I heard the teacher speaking.｜I heard someone knocking on the door.｜Did you hear it?｜I heard my friend call my name.｜I heard a sound in the room.,ဆရာ/ဆရာမ စကားပြောတာကို ကြားလိုက်တယ်။｜တစ်ယောက်ယောက် တံခါးခေါက်တာကို ကြားလိုက်တယ်။｜မင်းကြားလား။｜သူငယ်ချင်းက ကျွန်တော်/ကျွန်မနာမည်ခေါ်တာ ကြားလိုက်တယ်။｜အခန်းထဲမှာ အသံတစ်ခု ကြားလိုက်တယ်။,听到 (tīngdào) — ကြားသည်｜听见 (tīngjiàn) — ကြားသည်｜见到 (jiàndào) — တွေ့သည်｜看见 (kànjiàn) — မြင်တွေ့သည်｜听不见 (tīng bú jiàn) — မကြားရဘူး
364,1,听写,tīng xiě,dictation; dictate,နားထောင်ပြီး ရေးသည်၊နှုတ်တိုက် ချပေးသည်,老师让我们听写汉字。｜今天有听写考试。｜我们正在听写。｜老师说一个字，我们写一个字。｜我每天练习听写。,"Lǎoshī ràng wǒmen tīngxiě Hànzì.｜Jīntiān yǒu tīngxiě kǎoshì.｜Wǒmen zhèngzài tīngxiě.｜Lǎoshī shuō yí gè zì, wǒmen xiě yí gè zì.｜Wǒ měitiān liànxí tīngxiě.",The teacher asked us to do Chinese character dictation.｜There is a dictation test today.｜We are doing dictation.｜The teacher says one character and we write one character.｜I practice dictation every day.,ဆရာ/ဆရာမက တရုတ်စာလုံးတွေကို နှုတ်တိုက်ရေးခိုင်းတယ်။｜ဒီနေ့ နှုတ်တိုက်ရေးတဲ့ စာမေးပွဲရှိတယ်။｜ကျွန်တော်တို့ နားထောင်ပြီးရေးနေကြတယ်။｜ဆရာ/ဆရာမက စာလုံးတစ်လုံးပြောပြီး ကျွန်တော်တို့က စာလုံးတစ်လုံးရေးတယ်။｜ကျွန်တော်/ကျွန်မ နေ့တိုင်း နားထောင်ပြီးရေးတာ လေ့ကျင့်တယ်။,听写本 (tīngxiě běn) — နှုတ်တိုက်ရေးစာအုပ်｜听写考试 (tīngxiě kǎoshì) — နှုတ်တိုက်ရေးစာမေးပွဲ｜听写汉字 (tīngxiě Hànzì) — တရုတ်စာလုံးနှုတ်တိုက်ရေးသည်｜听写练习 (tīngxiě liànxí) — နှုတ်တိုက်ရေးလေ့ကျင့်ခန်း｜听写生词 (tīngxiě shēngcí) — ဝေါဟာရအသစ်များ နားထောင်ပြီးရေးသည်
365,1,同学,tóngxué,Classmate,အတန်းဖော်၊ ကျောင်းနေဖက်,我们是同学。｜他是我的同学。｜我和她是同学。｜同学们都在教室里。｜我喜欢和同学一起学习。,Wǒmen shì tóngxué.｜Tā shì wǒ de tóngxué.｜Wǒ hé tā shì tóngxué.｜Tóngxuémen dōu zài jiàoshì lǐ.｜Wǒ xǐhuan hé tóngxué yìqǐ xuéxí.,We are classmates.｜He is my classmate.｜She and I are classmates.｜The classmates are all in the classroom.｜I like studying with my classmates.,ကျွန်တော်တို့က အတန်းဖော်တွေပါ။｜သူက ကျွန်တော်/ကျွန်မရဲ့ အတန်းဖော်ပါ။｜ကျွန်တော်/ကျွန်မနဲ့ သူက အတန်းဖော်တွေပါ။｜အတန်းဖော်တွေအားလုံး စာသင်ခန်းထဲမှာရှိတယ်။｜ကျွန်တော်/ကျွန်မ အတန်းဖော်တွေနဲ့အတူ စာလေ့လာရတာကြိုက်တယ်။,同学 (tóngxué) — အတန်းဖော်｜同学们 (tóngxuémen) — အတန်းဖော်များ｜同班同学 (tóngbān tóngxué) — အတန်းတူအတန်းဖော်｜同学会 (tóngxuéhuì) — အတန်းဖော်တွေ့ဆုံပွဲ｜同学关系 (tóngxué guānxi) — အတန်းဖော်ဆက်ဆံရေး
366,1,图书馆,túshūguǎn,Library,စာကြည့်တိုက်,我在图书馆看书。｜图书馆里有很多书。｜我们下午去图书馆。｜图书馆今天很安静。｜学校旁边有一个图书馆。,Wǒ zài túshūguǎn kànshū.｜Túshūguǎn lǐ yǒu hěn duō shū.｜Wǒmen xiàwǔ qù túshūguǎn.｜Túshūguǎn jīntiān hěn ānjìng.｜Xuéxiào pángbiān yǒu yí gè túshūguǎn.,I read books in the library.｜There are many books in the library.｜We are going to the library this afternoon.｜The library is very quiet today.｜There is a library beside the school.,ကျွန်တော်/ကျွန်မ စာကြည့်တိုက်မှာ စာဖတ်တယ်။｜စာကြည့်တိုက်ထဲမှာ စာအုပ်တွေအများကြီးရှိတယ်။｜ဒီနေ့နေ့လယ် စာကြည့်တိုက်ကို သွားမယ်။｜စာကြည့်တိုက်က ဒီနေ့ အရမ်းတိတ်ဆိတ်တယ်။｜ကျောင်းဘေးမှာ စာကြည့်တိုက်တစ်ခုရှိတယ်။,图书 (túshū) — စာအုပ်｜书馆 (shūguǎn) — စာကြည့်တိုက်｜图书室 (túshūshì) — စာကြည့်ခန်း｜图书馆员 (túshūguǎnyuán) — စာကြည့်တိုက်ဝန်ထမ်း｜图书馆里 (túshūguǎn lǐ) — စာကြည့်တိုက်ထဲမှာ
367,1,外,wài,"abroad, outside",အပြင်၊ အပြင်ဘက်,外面很冷。｜请不要在外面玩儿。｜他在外面等我。｜外面有很多人。｜我出去看看外面。,Wàimiàn hěn lěng.｜Qǐng bú yào zài wàimiàn wánr.｜Tā zài wàimiàn děng wǒ.｜Wàimiàn yǒu hěn duō rén.｜Wǒ chūqù kànkan wàimiàn.,It is cold outside.｜Please don't play outside.｜He is waiting for me outside.｜There are many people outside.｜I am going outside to have a look.,အပြင်မှာ အရမ်းအေးတယ်။｜အပြင်မှာ မကစားပါနဲ့။｜သူ အပြင်မှာ ကျွန်တော်/ကျွန်မကို စောင့်နေတယ်။｜အပြင်မှာ လူအများကြီးရှိတယ်။｜ကျွန်တော်/ကျွန်မ အပြင်ထွက်ပြီး ကြည့်မယ်။,外面 (wàimiàn) — အပြင်ဘက်｜外边 (wàibian) — အပြင်ဘက်｜外面的人 (wàimiàn de rén) — အပြင်ကလူ｜国外 (guówài) — နိုင်ငံခြား｜外出 (wàichū) — အပြင်ထွက်သည်
368,1,外边,wài biān,outside,အပြင်ဘက်,他在外边等你。｜外边下雨了。｜外边有一个商店。｜请在外边等一下。｜我看见他在外边。,Tā zài wàibian děng nǐ.｜Wàibian xiàyǔ le.｜Wàibian yǒu yí gè shāngdiàn.｜Qǐng zài wàibian děng yíxià.｜Wǒ kànjiàn tā zài wàibian.,He is waiting for you outside.｜It is raining outside.｜There is a shop outside.｜Please wait outside for a moment.｜I saw him outside.,သူ အပြင်မှာ မင်းကို စောင့်နေတယ်။｜အပြင်မှာ မိုးရွာနေပြီ။｜အပြင်မှာ ဆိုင်တစ်ဆိုင်ရှိတယ်။｜အပြင်မှာ ခဏစောင့်ပါ။｜ကျွန်တော်/ကျွန်မ သူ့ကို အပြင်မှာတွေ့လိုက်တယ်။,外面 (wàimiàn) — အပြင်ဘက်｜外边人 (wàibian rén) — အပြင်ဘက်ကလူ｜外边的 (wàibian de) — အပြင်ဘက်က｜外边等 (wàibian děng) — အပြင်မှာစောင့်သည်｜外边看 (wàibian kàn) — အပြင်မှာကြည့်သည်
369,1,外国,wài guó,foreign country,နိုင်ငံခြား,他去了外国。｜我想去外国学习。｜外国人喜欢吃中国菜吗？｜她在外国工作。｜我有几个外国朋友。,Tā qù le wàiguó.｜Wǒ xiǎng qù wàiguó xuéxí.｜Wàiguórén xǐhuan chī Zhōngguó cài ma?｜Tā zài wàiguó gōngzuò.｜Wǒ yǒu jǐ gè wàiguó péngyou.,He went to a foreign country.｜I want to go abroad to study.｜Do foreigners like Chinese food?｜She works abroad.｜I have several foreign friends.,သူ နိုင်ငံခြားကိုသွားတယ်။｜ကျွန်တော်/ကျွန်မ နိုင်ငံခြားသွားပြီး စာလေ့လာချင်တယ်။｜နိုင်ငံခြားသားတွေ တရုတ်အစားအစာကြိုက်ကြလား။｜သူ နိုင်ငံခြားမှာ အလုပ်လုပ်တယ်။｜ကျွန်တော်/ကျွန်မမှာ နိုင်ငံခြားသားသူငယ်ချင်းတချို့ရှိတယ်။,外国 (wàiguó) — နိုင်ငံခြား｜外国人 (wàiguórén) — နိုင်ငံခြားသား｜国外 (guówài) — နိုင်ငံခြား｜外国朋友 (wàiguó péngyou) — နိုင်ငံခြားသားသူငယ်ချင်း｜外国菜 (wàiguó cài) — နိုင်ငံခြားအစားအစာ
370,1,外语,wài yǔ,foreign language,နိုင်ငံခြားဘာသာစကား,我会说一点儿外语。｜英语是一种外语。｜她正在学习外语。｜我喜欢学习外语。｜学外语很有意思。,Wǒ huì shuō yìdiǎnr wàiyǔ.｜Yīngyǔ shì yì zhǒng wàiyǔ.｜Tā zhèngzài xuéxí wàiyǔ.｜Wǒ xǐhuan xuéxí wàiyǔ.｜Xué wàiyǔ hěn yǒuyìsi.,I can speak a little foreign language.｜English is a foreign language.｜She is studying a foreign language.｜I like learning foreign languages.｜Learning a foreign language is interesting.,ကျွန်တော်/ကျွန်မ နိုင်ငံခြားဘာသာစကား နည်းနည်းပြောတတ်တယ်။｜အင်္ဂလိပ်ဘာသာစကားက နိုင်ငံခြားဘာသာစကားတစ်မျိုးပါ။｜သူ နိုင်ငံခြားဘာသာစကားလေ့လာနေတယ်။｜ကျွန်တော်/ကျွန်မ နိုင်ငံခြားဘာသာစကားလေ့လာရတာကြိုက်တယ်။｜နိုင်ငံခြားဘာသာစကားလေ့လာရတာ စိတ်ဝင်စားဖို့ကောင်းတယ်။,外语 (wàiyǔ) — နိုင်ငံခြားဘာသာစကား｜英语 (Yīngyǔ) — အင်္ဂလိပ်ဘာသာ｜日语 (Rìyǔ) — ဂျပန်ဘာသာ｜韩语 (Hányǔ) — ကိုရီးယားဘာသာ｜学外语 (xué wàiyǔ) — နိုင်ငံခြားဘာသာစကားလေ့လာသည်
371,1,玩儿,wánr,play,ကစားသည်၊ ပျော်ပါးသည်,孩子们在外面玩儿。｜我喜欢和朋友一起玩儿。｜周末我们去公园玩儿。｜你想玩儿什么？｜他们正在玩儿游戏。,Háizimen zài wàimiàn wánr.｜Wǒ xǐhuan hé péngyou yìqǐ wánr.｜Zhōumò wǒmen qù gōngyuán wánr.｜Nǐ xiǎng wánr shénme?｜Tāmen zhèngzài wánr yóuxì.,The children are playing outside.｜I like playing with my friends.｜We go to the park to play on weekends.｜What do you want to play?｜They are playing a game.,ကလေးတွေ အပြင်မှာကစားနေကြတယ်။｜ကျွန်တော်/ကျွန်မ သူငယ်ချင်းတွေနဲ့အတူ ကစားရတာကြိုက်တယ်။｜အားလပ်ရက်မှာ ကျွန်တော်တို့ ပန်းခြံသွားကစားတယ်။｜မင်း ဘာကစားချင်လဲ။｜သူတို့ ဂိမ်းကစားနေကြတယ်။,玩游戏 (wán yóuxì) — ဂိမ်းကစားသည်｜玩儿得开心 (wánr de kāixīn) — ပျော်ပျော်ရွှင်ရွှင်ကစားသည်｜好玩儿 (hǎowánr) — ကစားလို့ကောင်းသည်｜玩具 (wánjù) — ကစားစရာ｜出去玩儿 (chūqù wánr) — အပြင်ထွက်ကစားသည်
372,1,晚,wǎn,late,နောက်ကျသည်၊ ညနက်သည်,今天我回来晚了。｜现在太晚了。｜昨天晚上我睡得很晚。｜他上班从来不晚。｜对不起，我来晚了。,"Jīntiān wǒ huílái wǎn le.｜Xiànzài tài wǎn le.｜Zuótiān wǎnshang wǒ shuì de hěn wǎn.｜Tā shàngbān cónglái bù wǎn.｜Duìbuqǐ, wǒ lái wǎn le.","I came back late today.｜It is too late now.｜I went to bed very late last night.｜He is never late for work.｜Sorry, I am late.",ဒီနေ့ ကျွန်တော်/ကျွန်မ ပြန်လာတာနောက်ကျတယ်။｜အခု အရမ်းနောက်ကျနေပြီ။｜မနေ့ညက ကျွန်တော်/ကျွန်မ အိပ်ရာဝင်တာ အရမ်းနောက်ကျတယ်။｜သူ အလုပ်သွားတာ ဘယ်တော့မှနောက်မကျဘူး။｜တောင်းပန်ပါတယ်၊ ကျွန်တော်/ကျွန်မ နောက်ကျသွားတယ်။,晚上 (wǎnshang) — ညဘက်｜晚饭 (wǎnfàn) — ညစာ｜晚点 (wǎndiǎn) — နောက်ကျသည်｜晚安 (wǎn'ān) — ကောင်းသောညပါ｜来晚了 (lái wǎn le) — လာတာနောက်ကျသည်
373,1,晚饭,wǎn fàn,dinner,ညစာ,我晚上吃晚饭。｜晚饭已经做好了。｜我们一起吃晚饭吧。｜妈妈正在做晚饭。｜晚饭后我去散步。,Wǒ wǎnshang chī wǎnfàn.｜Wǎnfàn yǐjīng zuò hǎo le.｜Wǒmen yìqǐ chī wǎnfàn ba.｜Māma zhèngzài zuò wǎnfàn.｜Wǎnfàn hòu wǒ qù sànbù.,I eat dinner in the evening.｜Dinner is already prepared.｜Let's have dinner together.｜Mom is making dinner.｜I take a walk after dinner.,ကျွန်တော်/ကျွန်မ ညစာစားတယ်။｜ညစာပြင်ပြီးပြီ။｜အတူတူ ညစာစားကြရအောင်။｜အမေ ညစာချက်နေတယ်။｜ညစာစားပြီးရင် လမ်းလျှောက်သွားမယ်။,晚上 (wǎnshang) — ညဘက်｜晚餐 (wǎncān) — ညစာ｜吃晚饭 (chī wǎnfàn) — ညစာစားသည်｜晚饭后 (wǎnfàn hòu) — ညစာစားပြီးနောက်｜做晚饭 (zuò wǎnfàn) — ညစာချက်သည်
374,1,晚上,wǎnshang,Night,ညဘက်,我晚上学习汉语。｜晚上天气很凉快。｜你晚上几点睡觉？｜我晚上不出去。｜他每天晚上看书。,Wǒ wǎnshang xuéxí Hànyǔ.｜Wǎnshang tiānqì hěn liángkuai.｜Nǐ wǎnshang jǐ diǎn shuìjiào?｜Wǒ wǎnshang bù chūqù.｜Tā měitiān wǎnshang kànshū.,I study Chinese in the evening.｜The weather is cool in the evening.｜What time do you go to bed at night?｜I don't go out at night.｜He reads every night.,ကျွန်တော်/ကျွန်မ ညဘက် တရုတ်စာလေ့လာတယ်။｜ညဘက် ရာသီဥတုအေးမြတယ်။｜မင်း ညဘက် ဘယ်နှနာရီအိပ်လဲ။｜ကျွန်တော်/ကျွန်မ ညဘက် အပြင်မထွက်ဘူး။｜သူ ညတိုင်း စာဖတ်တယ်။,晚饭 (wǎnfàn) — ညစာ｜晚上好 (wǎnshang hǎo) — မင်္ဂလာညချမ်းပါ｜每天晚上 (měitiān wǎnshang) — ညတိုင်း｜晚上睡觉 (wǎnshang shuìjiào) — ညဘက်အိပ်သည်｜晚上学习 (wǎnshang xuéxí) — ညဘက်စာလေ့လာသည်
375,1,网上,wǎng shàng,online,အွန်လိုင်းပေါ်မှာ,我在网上学习汉语。｜网上有很多信息。｜我喜欢在网上看电影。｜他在网上买东西。｜我们在网上聊天。,Wǒ zài wǎngshàng xuéxí Hànyǔ.｜Wǎngshàng yǒu hěn duō xìnxī.｜Wǒ xǐhuan zài wǎngshàng kàn diànyǐng.｜Tā zài wǎngshàng mǎi dōngxi.｜Wǒmen zài wǎngshàng liáotiān.,I study Chinese online.｜There is a lot of information online.｜I like watching movies online.｜He buys things online.｜We chat online.,ကျွန်တော်/ကျွန်မ အွန်လိုင်းကနေ တရုတ်စာလေ့လာတယ်။｜အွန်လိုင်းမှာ အချက်အလက်တွေအများကြီးရှိတယ်။｜ကျွန်တော်/ကျွန်မ အွန်လိုင်းကနေ ရုပ်ရှင်ကြည့်ရတာကြိုက်တယ်။｜သူ အွန်လိုင်းကနေ ပစ္စည်းဝယ်တယ်။｜ကျွန်တော်တို့ အွန်လိုင်းကနေ စကားပြောကြတယ်။,上网 (shàngwǎng) — အင်တာနက်သုံးသည်｜网络 (wǎngluò) — ကွန်ရက်｜网上买东西 (wǎngshàng mǎi dōngxi) — အွန်လိုင်းကနေ ပစ္စည်းဝယ်သည်｜网上聊天 (wǎngshàng liáotiān) — အွန်လိုင်းစကားပြောသည်｜网上学习 (wǎngshàng xuéxí) — အွန်လိုင်းစာလေ့လာသည်
376,1,网友,wǎng yǒu,net friend,အွန်လိုင်းသူငယ်ချင်း,我的网友住在北京。｜我和网友聊天。｜她有很多网友。｜这个网友很友好。｜我第一次见网友。,Wǒ de wǎngyǒu zhù zài Běijīng.｜Wǒ hé wǎngyǒu liáotiān.｜Tā yǒu hěn duō wǎngyǒu.｜Zhège wǎngyǒu hěn yǒuhǎo.｜Wǒ dì yī cì jiàn wǎngyǒu.,My online friend lives in Beijing.｜I chat with my online friend.｜She has many online friends.｜This online friend is very friendly.｜I am meeting an online friend for the first time.,ကျွန်တော်/ကျွန်မရဲ့ အွန်လိုင်းသူငယ်ချင်းက ပေကျင်းမှာနေတယ်။｜ကျွန်တော်/ကျွန်မ အွန်လိုင်းသူငယ်ချင်းနဲ့ စကားပြောတယ်။｜သူ့မှာ အွန်လိုင်းသူငယ်ချင်းတွေအများကြီးရှိတယ်။｜ဒီအွန်လိုင်းသူငယ်ချင်းက ဖော်ရွေတယ်။｜ကျွန်တော်/ကျွန်မ အွန်လိုင်းသူငယ်ချင်းကို ပထမဆုံးအကြိမ်တွေ့မယ်။,网友 (wǎngyǒu) — အွန်လိုင်းသူငယ်ချင်း｜网友们 (wǎngyǒumen) — အွန်လိုင်းသူငယ်ချင်းများ｜网上朋友 (wǎngshàng péngyou) — အွန်လိုင်းသူငယ်ချင်း｜网友聊天 (wǎngyǒu liáotiān) — အွန်လိုင်းသူငယ်ချင်းနှင့် စကားပြောသည်｜网友见面 (wǎngyǒu jiànmiàn) — အွန်လိုင်းသူငယ်ချင်းနှင့် တွေ့ဆုံသည်
377,1,忘,wàng,forget,မေ့သည်,我忘了他的名字。｜别忘了带手机。｜我忘了今天有课。｜他忘了我的生日。｜请不要忘记这件事。,Wǒ wàng le tā de míngzi.｜Bié wàng le dài shǒujī.｜Wǒ wàng le jīntiān yǒu kè.｜Tā wàng le wǒ de shēngrì.｜Qǐng bú yào wàngjì zhè jiàn shì.,I forgot his name.｜Don't forget to bring your phone.｜I forgot that there is class today.｜He forgot my birthday.｜Please don't forget this matter.,သူ့နာမည်ကို မေ့သွားတယ်။｜ဖုန်းယူလာဖို့ မမေ့နဲ့။｜ဒီနေ့ အတန်းရှိတာကို မေ့သွားတယ်။｜သူ ကျွန်တော်/ကျွန်မရဲ့ မွေးနေ့ကို မေ့သွားတယ်။｜ဒီကိစ္စကို မမေ့ပါနဲ့။,忘了 (wàng le) — မေ့သွားသည်｜忘掉 (wàngdiào) — မေ့ပစ်သည်｜忘记 (wàngjì) — မေ့သည်｜别忘了 (bié wàng le) — မမေ့နဲ့｜忘事 (wàng shì) — ကိစ္စမေ့သည်
378,1,忘记,wàngjì,forget,မေ့သွားသည်,我忘记带书了。｜我忘记他的名字了。｜不要忘记学习汉语。｜她忘记了我的生日。｜我差点忘记这件事。,Wǒ wàngjì dài shū le.｜Wǒ wàngjì tā de míngzi le.｜Bú yào wàngjì xuéxí Hànyǔ.｜Tā wàngjì le wǒ de shēngrì.｜Wǒ chàdiǎn wàngjì zhè jiàn shì.,I forgot to bring the book.｜I forgot his name.｜Don't forget to study Chinese.｜She forgot my birthday.｜I almost forgot this matter.,စာအုပ်ယူလာဖို့ မေ့သွားတယ်။｜သူ့နာမည်ကို မေ့သွားတယ်။｜တရုတ်စာလေ့လာဖို့ မမေ့နဲ့။｜သူ ကျွန်တော်/ကျွန်မရဲ့ မွေးနေ့ကို မေ့သွားတယ်။｜ဒီကိစ္စကို မေ့တော့မလို့ဖြစ်သွားတယ်။,忘了 (wàng le) — မေ့သွားသည်｜忘掉 (wàngdiào) — မေ့ပစ်သည်｜忘记了 (wàngjì le) — မေ့သွားပြီ｜忘记带 (wàngjì dài) — ယူလာဖို့မေ့သည်｜忘记做 (wàngjì zuò) — လုပ်ဖို့မေ့သည်
379,1,问,wèn,ask,မေးသည်,我想问你一个问题。｜老师问我一个问题。｜你问他了吗？｜我不知道怎么问。｜有问题可以问我。,Wǒ xiǎng wèn nǐ yí gè wèntí.｜Lǎoshī wèn wǒ yí gè wèntí.｜Nǐ wèn tā le ma?｜Wǒ bù zhīdào zěnme wèn.｜Yǒu wèntí kěyǐ wèn wǒ.,I want to ask you a question.｜The teacher asked me a question.｜Did you ask him?｜I don't know how to ask.｜You can ask me if you have a question.,မင်းကို မေးခွန်းတစ်ခုမေးချင်တယ်။｜ဆရာ/ဆရာမက ကျွန်တော်/ကျွန်မကို မေးခွန်းတစ်ခုမေးတယ်။｜မင်း သူ့ကို မေးပြီးပြီလား။｜ဘယ်လိုမေးရမလဲ မသိဘူး။｜မေးစရာရှိရင် ကျွန်တော်/ကျွန်မကို မေးလို့ရတယ်။,问题 (wèntí) — မေးခွန်း၊ ပြဿနာ｜问问 (wènwen) — မေးကြည့်သည်｜问路 (wèn lù) — လမ်းမေးသည်｜问好 (wèn hǎo) — နှုတ်ဆက်မေးမြန်းသည်｜问清楚 (wèn qīngchu) — သေချာမေးသည်
380,1,我,wǒ,I,ကျွန်တော်/ကျွန်မ,我是学生。｜我喜欢汉语。｜我是缅甸人。｜我今天很忙。｜我住在这里。,Wǒ shì xuéshēng.｜Wǒ xǐhuan Hànyǔ.｜Wǒ shì Miǎndiàn rén.｜Wǒ jīntiān hěn máng.｜Wǒ zhù zài zhèlǐ.,I am a student.｜I like Chinese.｜I am Burmese.｜I am very busy today.｜I live here.,ကျွန်တော်/ကျွန်မက ကျောင်းသားပါ။｜ကျွန်တော်/ကျွန်မ တရုတ်စာကြိုက်တယ်။｜ကျွန်တော်/ကျွန်မ မြန်မာလူမျိုးပါ။｜ဒီနေ့ အရမ်းအလုပ်များတယ်။｜ဒီမှာ နေတယ်။,我 (wǒ) — ကျွန်တော်/ကျွန်မ｜我自己 (wǒ zìjǐ) — ကိုယ်တိုင်｜我的 (wǒ de) — ကျွန်တော်/ကျွန်မရဲ့｜我家 (wǒ jiā) — ကျွန်တော်/ကျွန်မအိမ်｜我也 (wǒ yě) — ကျွန်တော်/ကျွန်မလည်း
381,1,我们,wǒmen,We,ကျွန်တော်တို့/ကျွန်မတို့,我们是同学。｜我们一起学习。｜我们明天去学校。｜我们都喜欢中国。｜我们晚上一起吃饭。,Wǒmen shì tóngxué.｜Wǒmen yìqǐ xuéxí.｜Wǒmen míngtiān qù xuéxiào.｜Wǒmen dōu xǐhuan Zhōngguó.｜Wǒmen wǎnshang yìqǐ chīfàn.,We are classmates.｜We study together.｜We are going to school tomorrow.｜We all like China.｜We eat together in the evening.,ကျွန်တော်တို့က အတန်းဖော်တွေပါ။｜ကျွန်တော်တို့ အတူတူလေ့လာတယ်။｜မနက်ဖြန် ကျောင်းသွားမယ်။｜ကျွန်တော်တို့အားလုံး တရုတ်နိုင်ငံကို ကြိုက်တယ်။｜ညမှာ အတူတူထမင်းစားတယ်။,我们 (wǒmen) — ကျွန်တော်တို့｜你们 (nǐmen) — မင်းတို့｜他们 (tāmen) — သူတို့｜我们家 (wǒmen jiā) — ကျွန်တော်တို့အိမ်｜我们一起 (wǒmen yìqǐ) — ကျွန်တော်တို့အတူတူ
382,1,五,wǔ,Five,ငါး(၅),我有五本书。｜现在五点。｜他五岁。｜我买了五个苹果。｜今天是五月五号。,Wǒ yǒu wǔ běn shū.｜Xiànzài wǔ diǎn.｜Tā wǔ suì.｜Wǒ mǎi le wǔ gè píngguǒ.｜Jīntiān shì wǔ yuè wǔ hào.,I have five books.｜It is five o’clock now.｜He is five years old.｜I bought five apples.｜Today is May 5th.,ကျွန်တော်/ကျွန်မမှာ စာအုပ်ငါးအုပ်ရှိတယ်။｜အခု ငါးနာရီရှိပြီ။｜သူ့အသက်ငါးနှစ်ရှိပြီ။｜ပန်းသီးငါးလုံး ဝယ်ခဲ့တယ်။｜ဒီနေ့ မေလ ၅ ရက်နေ့ပါ။,五个 (wǔ gè) — ငါးခု｜五月 (wǔ yuè) — မေလ｜五点 (wǔ diǎn) — ငါးနာရီ｜五岁 (wǔ suì) — ငါးနှစ်｜第五 (dì wǔ) — ပဉ္စမ
383,1,午饭,wǔ fàn,lunch,နေ့လယ်စာ,我在吃午饭。｜午饭已经做好了。｜我们中午一起吃午饭。｜今天的午饭很好吃。｜妈妈正在准备午饭。,Wǒ zài chī wǔfàn.｜Wǔfàn yǐjīng zuò hǎo le.｜Wǒmen zhōngwǔ yìqǐ chī wǔfàn.｜Jīntiān de wǔfàn hěn hǎochī.｜Māma zhèngzài zhǔnbèi wǔfàn.,I am eating lunch.｜Lunch is ready.｜We eat lunch together at noon.｜Today’s lunch is delicious.｜Mom is preparing lunch.,ကျွန်တော်/ကျွန်မ နေ့လယ်စာစားနေတယ်။｜နေ့လယ်စာ အဆင်သင့်ဖြစ်ပြီ။｜ကျွန်တော်တို့ နေ့လယ်မှာ အတူတူနေ့လယ်စာစားတယ်။｜ဒီနေ့နေ့လယ်စာက စားလို့ကောင်းတယ်။｜အမေ နေ့လယ်စာပြင်ဆင်နေတယ်။,午饭 (wǔfàn) — နေ့လယ်စာ｜午餐 (wǔcān) — နေ့လယ်စာ｜中午 (zhōngwǔ) — နေ့လယ်｜吃午饭 (chī wǔfàn) — နေ့လယ်စာစားသည်｜午饭时间 (wǔfàn shíjiān) — နေ့လယ်စာစားချိန်
384,1,西,xī,west,အနောက်,北京在中国的西边。｜我家在学校西边。｜商店在银行西边。｜我们往西边走。｜西边有一家饭店。,Běijīng zài Zhōngguó de xībian.｜Wǒ jiā zài xuéxiào xībian.｜Shāngdiàn zài yínháng xībian.｜Wǒmen wǎng xībian zǒu.｜Xībian yǒu yì jiā fàndiàn.,Beijing is in the west of China.｜My house is west of the school.｜The shop is west of the bank.｜We are walking west.｜There is a restaurant in the west.,ပေကျင်းက တရုတ်နိုင်ငံရဲ့ အနောက်ဘက်မှာရှိတယ်။｜ကျွန်တော်/ကျွန်မအိမ်က ကျောင်းရဲ့အနောက်ဘက်မှာရှိတယ်။｜ဆိုင်က ဘဏ်ရဲ့အနောက်ဘက်မှာရှိတယ်။｜ကျွန်တော်တို့ အနောက်ဘက်ကို လျှောက်သွားတယ်။｜အနောက်ဘက်မှာ စားသောက်ဆိုင်တစ်ဆိုင်ရှိတယ်။,西边 (xībian) — အနောက်ဘက်｜西方 (xīfāng) — အနောက်ဘက်ဒေသ｜西北 (xīběi) — အနောက်မြောက်｜西南 (xīnán) — အနောက်တောင်｜东西 (dōngxi) — ပစ္စည်း/အရာ
385,1,西边,xī biān,west; west side,အနောက်ဘက်,学校在商场西边。｜我家在这里的西边。｜请往西边走。｜西边有一个公园。｜他住在城市的西边。,Xuéxiào zài shāngchǎng xībian.｜Wǒ jiā zài zhèlǐ de xībian.｜Qǐng wǎng xībian zǒu.｜Xībian yǒu yí gè gōngyuán.｜Tā zhù zài chéngshì de xībian.,The school is west of the shopping mall.｜My house is to the west of here.｜Please walk west.｜There is a park in the west.｜He lives in the west of the city.,ကျောင်းက shopping mall ရဲ့အနောက်ဘက်မှာရှိတယ်။｜ကျွန်တော်/ကျွန်မအိမ်က ဒီနေရာရဲ့အနောက်ဘက်မှာရှိတယ်။｜အနောက်ဘက်ကို သွားပါ။｜အနောက်ဘက်မှာ ပန်းခြံတစ်ခုရှိတယ်။｜သူက မြို့ရဲ့အနောက်ဘက်မှာ နေတယ်။,西边 (xībian) — အနောက်ဘက်｜东边 (dōngbian) — အရှေ့ဘက်｜南边 (nánbian) — တောင်ဘက်｜北边 (běibian) — မြောက်ဘက်｜西方 (xīfāng) — အနောက်ဘက်ဒေသ
386,1,洗,xǐ,wash,ဆေးသည်၊ လျှော်သည်,我每天洗手。｜我正在洗衣服。｜请洗干净手。｜妈妈在洗碗。｜我回家以后先洗手。,Wǒ měitiān xǐ shǒu.｜Wǒ zhèngzài xǐ yīfu.｜Qǐng xǐ gānjìng shǒu.｜Māma zài xǐ wǎn.｜Wǒ huí jiā yǐhòu xiān xǐ shǒu.,I wash my hands every day.｜I am washing clothes.｜Please wash your hands clean.｜Mom is washing the dishes.｜I wash my hands first after going home.,ကျွန်တော်/ကျွန်မ နေ့တိုင်း လက်ဆေးတယ်။｜အဝတ်လျှော်နေတယ်။｜လက်ကို သန့်သန့်ရှင်းရှင်းဆေးပါ။｜အမေ ပန်းကန်ဆေးနေတယ်။｜အိမ်ပြန်ရောက်ပြီး အရင်လက်ဆေးတယ်။,洗澡 (xǐzǎo) — ရေချိုးသည်｜洗衣服 (xǐ yīfu) — အဝတ်လျှော်သည်｜洗手 (xǐ shǒu) — လက်ဆေးသည်｜洗脸 (xǐ liǎn) — မျက်နှာသစ်သည်｜洗碗 (xǐ wǎn) — ပန်းကန်ဆေးသည်
387,1,洗手间,xǐshǒujiān,Restroom,အိမ်သာ,洗手间在哪里？｜我去一下洗手间。｜商场里有洗手间。｜洗手间在那边。｜请问，洗手间怎么走？,"Xǐshǒujiān zài nǎlǐ?｜Wǒ qù yíxià xǐshǒujiān.｜Shāngchǎng lǐ yǒu xǐshǒujiān.｜Xǐshǒujiān zài nàbian.｜Qǐngwèn, xǐshǒujiān zěnme zǒu?","Where is the restroom?｜I am going to the restroom for a moment.｜There is a restroom in the shopping mall.｜The restroom is over there.｜Excuse me, how do I get to the restroom?",အိမ်သာဘယ်မှာလဲ။｜ခဏအိမ်သာသွားမယ်။｜shopping mall ထဲမှာ အိမ်သာရှိတယ်။｜အိမ်သာက ဟိုဘက်မှာရှိတယ်။｜ခွင့်ပြုပါ၊ အိမ်သာကို ဘယ်လိုသွားရမလဲ။,洗手间 (xǐshǒujiān) — အိမ်သာ｜厕所 (cèsuǒ) — အိမ်သာ｜卫生间 (wèishēngjiān) — အိမ်သာ｜洗手 (xǐ shǒu) — လက်ဆေးသည်｜手纸 (shǒuzhǐ) — အိမ်သာသုံးစက္ကူ
388,1,喜欢,xǐhuan,like,ကြိုက်သည်,我喜欢看书。｜我喜欢吃中国菜。｜你喜欢什么？｜我很喜欢这个电影。｜她喜欢学习汉语。,Wǒ xǐhuan kànshū.｜Wǒ xǐhuan chī Zhōngguó cài.｜Nǐ xǐhuan shénme?｜Wǒ hěn xǐhuan zhège diànyǐng.｜Tā xǐhuan xuéxí Hànyǔ.,I like reading books.｜I like Chinese food.｜What do you like?｜I really like this movie.｜She likes studying Chinese.,ကျွန်တော်/ကျွန်မ စာဖတ်ရတာကြိုက်တယ်။｜တရုတ်အစားအစာကြိုက်တယ်။｜မင်းဘာကြိုက်လဲ။｜ဒီရုပ်ရှင်ကို အရမ်းကြိုက်တယ်။｜သူမ တရုတ်စာလေ့လာရတာကြိုက်တယ်။,喜欢 (xǐhuan) — ကြိုက်သည်｜喜欢吃 (xǐhuan chī) — စားရတာကြိုက်သည်｜喜欢看 (xǐhuan kàn) — ကြည့်ရတာကြိုက်သည်｜爱 (ài) — ချစ်သည်/နှစ်သက်သည်｜爱好 (àihào) — ဝါသနာ
389,1,下（名、动）,xià,below; under; next; go down; get off,အောက်၊ ဆင်းသည်,请下车。｜我下午六点下班。｜书在桌子下面。｜他从楼上下来了。｜雨下得很大。,Qǐng xià chē.｜Wǒ xiàwǔ liù diǎn xiàbān.｜Shū zài zhuōzi xiàmiàn.｜Tā cóng lóu shàng xiàlái le.｜Yǔ xià de hěn dà.,Please get off the vehicle.｜I finish work at six in the afternoon.｜The book is under the table.｜He came downstairs.｜It is raining heavily.,ကားပေါ်က ဆင်းပါ။｜နေ့လယ် ၆ နာရီမှာ အလုပ်ဆင်းတယ်။｜စာအုပ်က စားပွဲအောက်မှာရှိတယ်။｜သူ အပေါ်ကနေ အောက်ဆင်းလာတယ်။｜မိုးအရမ်းရွာတယ်။,下边 (xiàbian) — အောက်ဘက်｜下面 (xiàmiàn) — အောက်မှာ｜下去 (xiàqù) — ဆင်းသွားသည်｜下来 (xiàlái) — ဆင်းလာသည်｜下雨 (xiàyǔ) — မိုးရွာသည်
390,1,下班,xià bān,get off work,အလုပ်ဆင်းသည်,爸爸五点下班。｜我下班以后回家。｜他每天六点下班。｜你几点下班？｜下班以后我们一起吃饭。,Bàba wǔ diǎn xiàbān.｜Wǒ xiàbān yǐhòu huí jiā.｜Tā měitiān liù diǎn xiàbān.｜Nǐ jǐ diǎn xiàbān?｜Xiàbān yǐhòu wǒmen yìqǐ chīfàn.,Dad finishes work at five.｜I go home after work.｜He finishes work at six every day.｜What time do you finish work?｜We eat together after work.,အဖေက ငါးနာရီမှာ အလုပ်ဆင်းတယ်။｜အလုပ်ဆင်းပြီး အိမ်ပြန်တယ်။｜သူ နေ့တိုင်း ခြောက်နာရီမှာ အလုပ်ဆင်းတယ်။｜မင်း ဘယ်အချိန် အလုပ်ဆင်းလဲ။｜အလုပ်ဆင်းပြီး အတူတူထမင်းစားတယ်။,下班 (xiàbān) — အလုပ်ဆင်းသည်｜上班 (shàngbān) — အလုပ်တက်သည်｜下班时间 (xiàbān shíjiān) — အလုပ်ဆင်းချိန်｜下班后 (xiàbān hòu) — အလုပ်ဆင်းပြီးနောက်｜加班 (jiābān) — အချိန်ပိုအလုပ်လုပ်သည်
391,1,下边,xià biān,below; under,အောက်ဘက်,我的书在桌子下边。｜学校在商场下边。｜请坐在我下边。｜猫在椅子下边。｜楼下边有一家商店。,Wǒ de shū zài zhuōzi xiàbian.｜Xuéxiào zài shāngchǎng xiàbian.｜Qǐng zuò zài wǒ xiàbian.｜Māo zài yǐzi xiàbian.｜Lóu xiàbian yǒu yì jiā shāngdiàn.,My book is under the table.｜The school is below the shopping mall.｜Please sit below me.｜The cat is under the chair.｜There is a shop downstairs.,ကျွန်တော်/ကျွန်မရဲ့စာအုပ်က စားပွဲအောက်မှာရှိတယ်။｜ကျောင်းက shopping mall အောက်ဘက်မှာရှိတယ်။｜ကျွန်တော့်/ကျွန်မအောက်မှာ ထိုင်ပါ။｜ကြောင်က ကုလားထိုင်အောက်မှာရှိတယ်။｜အောက်ထပ်မှာ ဆိုင်တစ်ဆိုင်ရှိတယ်။,下边 (xiàbian) — အောက်ဘက်｜下面 (xiàmiàn) — အောက်မှာ｜楼下 (lóuxià) — အောက်ထပ်｜桌子下面 (zhuōzi xiàmiàn) — စားပွဲအောက်｜地下 (dìxià) — မြေအောက်
392,1,下车,xià chē,get off,ကားပေါ်ကဆင်းသည်,请下车。｜他已经下车了。｜我们下一站下车。｜到站以后请下车。｜她在公交车站下车。,Qǐng xià chē.｜Tā yǐjīng xià chē le.｜Wǒmen xià yí zhàn xià chē.｜Dào zhàn yǐhòu qǐng xià chē.｜Tā zài gōngjiāo chēzhàn xià chē.,Please get off the bus.｜He has already gotten off.｜We will get off at the next stop.｜Please get off when we arrive at the station.｜She got off at the bus stop.,ကားပေါ်က ဆင်းပါ။｜သူ ကားပေါ်က ဆင်းပြီးပြီ။｜နောက်တစ်မှတ်တိုင်မှာ ဆင်းမယ်။｜ဘူတာရောက်ရင် ကားပေါ်က ဆင်းပါ။｜သူ ဘတ်စ်ကားမှတ်တိုင်မှာ ဆင်းတယ်။,下车 (xià chē) — ကားပေါ်ကဆင်းသည်｜上车 (shàng chē) — ကားပေါ်တက်သည်｜下飞机 (xià fēijī) — လေယာဉ်ပေါ်ကဆင်းသည်｜下船 (xià chuán) — သင်္ဘောပေါ်ကဆင်းသည်｜下楼 (xià lóu) — အောက်ထပ်ဆင်းသည်
393,1,下次,xià cì,next time,နောက်တစ်ကြိမ်,我们下次再见。｜下次不要迟到。｜你下次什么时候来？｜我下次会小心。｜下次我们一起去。,Wǒmen xià cì zàijiàn.｜Xià cì bú yào chídào.｜Nǐ xià cì shénme shíhou lái?｜Wǒ xià cì huì xiǎoxīn.｜Xià cì wǒmen yìqǐ qù.,See you next time.｜Don’t be late next time.｜When will you come next time?｜I will be careful next time.｜We will go together next time.,နောက်တစ်ခါ ပြန်တွေ့မယ်။｜နောက်တစ်ခါ နောက်မကျနဲ့။｜နောက်တစ်ခါ ဘယ်တော့လာမလဲ။｜နောက်တစ်ခါ သတိထားမယ်။｜နောက်တစ်ခါ အတူတူသွားမယ်။,下次 (xià cì) — နောက်တစ်ကြိမ်｜上次 (shàng cì) — ပြီးခဲ့တဲ့တစ်ကြိမ်｜这次 (zhè cì) — ဒီတစ်ကြိမ်｜每次 (měi cì) — အကြိမ်တိုင်း｜下回 (xià huí) — နောက်တစ်ကြိမ်
394,1,下课,xià kè,finish class,အတန်းဆင်းသည်,现在下课了。｜老师说下课了。｜下课以后我去食堂。｜我们十分钟后下课。｜学生们正在等下课。,Xiànzài xiàkè le.｜Lǎoshī shuō xiàkè le.｜Xiàkè yǐhòu wǒ qù shítáng.｜Wǒmen shí fēnzhōng hòu xiàkè.｜Xuéshēngmen zhèngzài děng xiàkè.,Class is over now.｜The teacher said class is over.｜I go to the cafeteria after class.｜Our class ends in ten minutes.｜The students are waiting for class to end.,အခု အတန်းဆင်းပြီ။｜ဆရာ/ဆရာမက အတန်းဆင်းပြီလို့ပြောတယ်။｜အတန်းဆင်းပြီး ထမင်းစားဆောင်သွားတယ်။｜ဆယ်မိနစ်နေရင် အတန်းဆင်းမယ်။｜ကျောင်းသားတွေ အတန်းဆင်းဖို့ စောင့်နေတယ်။,下课 (xiàkè) — အတန်းဆင်းသည်｜上课 (shàngkè) — စာသင်သည်｜课 (kè) — အတန်း/သင်ခန်းစာ｜放学 (fàngxué) — ကျောင်းဆင်းသည်｜课堂 (kètáng) — စာသင်ခန်း
395,1,下午,xiàwǔ,Afternoon,နေ့လယ်ပိုင်း,我下午有课。｜下午我去图书馆。｜今天下午很忙。｜下午三点我们见面。｜他下午回家。,Wǒ xiàwǔ yǒu kè.｜Xiàwǔ wǒ qù túshūguǎn.｜Jīntiān xiàwǔ hěn máng.｜Xiàwǔ sān diǎn wǒmen jiànmiàn.｜Tā xiàwǔ huí jiā.,I have class in the afternoon.｜I go to the library in the afternoon.｜I am very busy this afternoon.｜We will meet at three in the afternoon.｜He goes home in the afternoon.,နေ့လယ်မှာ အတန်းရှိတယ်။｜နေ့လယ်မှာ စာကြည့်တိုက်သွားတယ်။｜ဒီနေ့နေ့လယ် အရမ်းအလုပ်များတယ်။｜နေ့လယ် ၃ နာရီမှာ တွေ့မယ်။｜သူ နေ့လယ်မှာ အိမ်ပြန်တယ်။,下午 (xiàwǔ) — နေ့လယ်ပိုင်း｜上午 (shàngwǔ) — မနက်ပိုင်း｜中午 (zhōngwǔ) — နေ့လယ်｜下午好 (xiàwǔ hǎo) — နေ့လယ်မင်္ဂလာပါ｜下午茶 (xiàwǔ chá) — နေ့လယ်လက်ဖက်ရည်
396,1,下雨,xiàyǔ,rain,မိုးရွာသည်,今天下雨了。｜外面正在下雨。｜下雨的时候不要出去。｜昨天晚上下雨了。｜如果下雨，我就不去。,"Jīntiān xiàyǔ le.｜Wàimiàn zhèngzài xiàyǔ.｜Xiàyǔ de shíhou bú yào chūqù.｜Zuótiān wǎnshang xiàyǔ le.｜Rúguǒ xiàyǔ, wǒ jiù bú qù.","It rained today.｜It is raining outside.｜Don’t go out when it rains.｜It rained last night.｜If it rains, I won’t go.",ဒီနေ့ မိုးရွာတယ်။｜အပြင်မှာ မိုးရွာနေတယ်။｜မိုးရွာရင် အပြင်မထွက်နဲ့။｜မနေ့ညက မိုးရွာတယ်။｜မိုးရွာရင် မသွားဘူး။,下雨 (xiàyǔ) — မိုးရွာသည်｜雨 (yǔ) — မိုး｜大雨 (dàyǔ) — မိုးသည်းထန်သည်｜小雨 (xiǎoyǔ) — မိုးဖွဲ｜下大雨 (xià dà yǔ) — မိုးသည်းထန်စွာရွာသည်
397,1,先,xiān,before,အရင်၊ ဦးစွာ,你先坐。｜我先回家。｜请先吃饭。｜你先走吧。｜我们先学习汉语。,Nǐ xiān zuò.｜Wǒ xiān huí jiā.｜Qǐng xiān chīfàn.｜Nǐ xiān zǒu ba.｜Wǒmen xiān xuéxí Hànyǔ.,You sit first.｜I will go home first.｜Please eat first.｜You go first.｜We will study Chinese first.,မင်းအရင်ထိုင်ပါ။｜ကျွန်တော်/ကျွန်မ အရင်အိမ်ပြန်မယ်။｜အရင်စားပါ။｜မင်းအရင်သွားပါ။｜ကျွန်တော်တို့ အရင်တရုတ်စာလေ့လာမယ်။,先 (xiān) — အရင်｜首先 (shǒuxiān) — ပထမဦးစွာ｜先去 (xiān qù) — အရင်သွားသည်｜先来 (xiān lái) — အရင်လာသည်｜先吃 (xiān chī) — အရင်စားသည်
398,1,先生,xiānsheng,Sir,ဆရာ/လူကြီးမင်း,先生，请问洗手间在哪里？｜这位先生是我的老师。｜先生，您叫什么名字？｜那位先生在等朋友。｜这位先生会说汉语。,"Xiānsheng, qǐngwèn xǐshǒujiān zài nǎlǐ?｜Zhè wèi xiānsheng shì wǒ de lǎoshī.｜Xiānsheng, nín jiào shénme míngzi?｜Nà wèi xiānsheng zài děng péngyou.｜Zhè wèi xiānsheng huì shuō Hànyǔ.","Sir, where is the restroom?｜This gentleman is my teacher.｜Sir, what is your name?｜That gentleman is waiting for his friend.｜This gentleman can speak Chinese.",ဆရာ/လူကြီးမင်း၊ အိမ်သာဘယ်မှာလဲ။｜ဒီလူကြီးမင်းက ကျွန်တော့်/ကျွန်မရဲ့ဆရာပါ။｜လူကြီးမင်း နာမည်ဘယ်လိုခေါ်လဲ။｜ဟိုလူကြီးမင်းက သူ့သူငယ်ချင်းကို စောင့်နေတယ်။｜ဒီလူကြီးမင်း တရုတ်စကားပြောတတ်တယ်။,先生 (xiānsheng) — ဆရာ/လူကြီးမင်း｜女士 (nǚshì) — အမျိုးသမီး/မိန်းမကြီး｜老师 (lǎoshī) — ဆရာ/ဆရာမ｜小姐 (xiǎojiě) — အမျိုးသမီးငယ်｜先生们 (xiānshengmen) — လူကြီးမင်းများ
399,1,现在,xiànzài,Now,အခု၊ လက်ရှိ,我现在很忙。｜你现在在哪里？｜现在几点？｜我现在正在学习。｜天气现在很好。,Wǒ xiànzài hěn máng.｜Nǐ xiànzài zài nǎlǐ?｜Xiànzài jǐ diǎn?｜Wǒ xiànzài zhèngzài xuéxí.｜Tiānqì xiànzài hěn hǎo.,I am very busy now.｜Where are you now?｜What time is it now?｜I am studying now.｜The weather is good now.,အခု အရမ်းအလုပ်များတယ်။｜မင်းအခု ဘယ်မှာလဲ။｜အခု ဘယ်နှနာရီရှိပြီလဲ။｜အခု စာလေ့လာနေတယ်။｜အခု ရာသီဥတုကောင်းတယ်။,现在 (xiànzài) — အခု｜现在的 (xiànzài de) — လက်ရှိရဲ့｜现在开始 (xiànzài kāishǐ) — အခုစတင်သည်｜现在还 (xiànzài hái) — အခုထိလည်း｜现在几点 (xiànzài jǐ diǎn) — အခုဘယ်နှနာရီလဲ
400,1,想,xiǎng,think,ချင်သည်၊ စဉ်းစားသည်,我想喝水。｜我想去中国。｜你想吃什么？｜我想学汉语。｜我想买一本书。,Wǒ xiǎng hē shuǐ.｜Wǒ xiǎng qù Zhōngguó.｜Nǐ xiǎng chī shénme?｜Wǒ xiǎng xué Hànyǔ.｜Wǒ xiǎng mǎi yì běn shū.,I want to drink water.｜I want to go to China.｜What do you want to eat?｜I want to study Chinese.｜I want to buy a book.,ကျွန်တော်/ကျွန်မ ရေသောက်ချင်တယ်။｜ကျွန်တော်/ကျွန်မ တရုတ်နိုင်ငံကို သွားချင်တယ်။｜မင်း ဘာစားချင်လဲ။｜ကျွန်တော်/ကျွန်မ တရုတ်စာလေ့လာချင်တယ်။｜ကျွန်တော်/ကျွန်မ စာအုပ်တစ်အုပ် ဝယ်ချင်တယ်။,想 (xiǎng) — ချင်သည်/စဉ်းစားသည်｜想要 (xiǎngyào) — လိုချင်သည်｜想法 (xiǎngfǎ) — အတွေးအမြင်｜想起 (xiǎngqǐ) — သတိရလာသည်｜不想 (bùxiǎng) — မချင်ဘူး
401,1,小,xiǎo,Small,သေးသည်,这个苹果很小。｜我的房间很小。｜小狗很可爱。｜这个杯子太小了。｜他小时候很小。,Zhège píngguǒ hěn xiǎo.｜Wǒ de fángjiān hěn xiǎo.｜Xiǎogǒu hěn kě'ài.｜Zhège bēizi tài xiǎo le.｜Tā xiǎoshíhou hěn xiǎo.,This apple is very small.｜My room is very small.｜The puppy is very cute.｜This cup is too small.｜He was very small when he was young.,ဒီပန်းသီးက အရမ်းသေးတယ်။｜ကျွန်တော်/ကျွန်မ အခန်းက အရမ်းသေးတယ်။｜ခွေးကလေးက အရမ်းချစ်စရာကောင်းတယ်။｜ဒီခွက်က အရမ်းသေးတယ်။｜သူငယ်ငယ်တုန်းက အရမ်းသေးတယ်။,小心 (xiǎoxīn) — သတိထားသည်｜小声 (xiǎoshēng) — အသံတိုးတိုး｜小学生 (xiǎoxuéshēng) — မူလတန်းကျောင်းသား｜小店 (xiǎodiàn) — ဆိုင်သေးသေး｜小事 (xiǎoshì) — ကိစ္စသေးသေး
402,1,小孩儿,xiǎo háir,child; kid,ကလေး,小孩儿在公园玩儿。｜那个小孩儿很可爱。｜小孩儿喜欢吃水果。｜这个小孩儿会说汉语。｜小孩儿正在睡觉。,Xiǎoháir zài gōngyuán wánr.｜Nàge xiǎoháir hěn kě'ài.｜Xiǎoháir xǐhuan chī shuǐguǒ.｜Zhège xiǎoháir huì shuō Hànyǔ.｜Xiǎoháir zhèngzài shuìjiào.,The child is playing in the park.｜That child is very cute.｜The child likes eating fruit.｜This child can speak Chinese.｜The child is sleeping.,ကလေးက ပန်းခြံမှာ ကစားနေတယ်။｜အဲဒီကလေးက အရမ်းချစ်စရာကောင်းတယ်။｜ကလေးက သစ်သီးစားရတာကြိုက်တယ်။｜ဒီကလေးက တရုတ်စကားပြောတတ်တယ်။｜ကလေးက အိပ်နေတယ်။,小朋友 (xiǎopéngyou) — ကလေး｜小学生 (xiǎoxuéshēng) — မူလတန်းကျောင်းသား｜孩子 (háizi) — ကလေး｜男孩儿 (nánháir) — ယောက်ျားလေး｜女孩儿 (nǚháir) — မိန်းကလေး
403,1,小姐,xiǎojiě,Miss,မိန်းကလေး၊ မိန်းမငယ်,小姐，请问洗手间在哪里？｜那位小姐是我的朋友。｜这位小姐想买衣服。｜小姐，请坐。｜那个小姐在商店工作。,"Xiǎojiě, qǐngwèn xǐshǒujiān zài nǎlǐ?｜Nà wèi xiǎojiě shì wǒ de péngyou.｜Zhè wèi xiǎojiě xiǎng mǎi yīfu.｜Xiǎojiě, qǐng zuò.｜Nàge xiǎojiě zài shāngdiàn gōngzuò.","Miss, where is the restroom?｜That young woman is my friend.｜This young woman wants to buy clothes.｜Miss, please sit down.｜That young woman works in a shop.",အစ်မရေ၊ အိမ်သာက ဘယ်မှာလဲ။｜အဲဒီအမျိုးသမီးငယ်က ကျွန်တော်/ကျွန်မရဲ့ သူငယ်ချင်းပါ။｜ဒီအမျိုးသမီးငယ်က အဝတ်အစားဝယ်ချင်တယ်။｜အစ်မရေ၊ ထိုင်ပါ။｜အဲဒီအမျိုးသမီးငယ်က ဆိုင်မှာ အလုပ်လုပ်တယ်။,小姐 (xiǎojiě) — အမျိုးသမီးငယ်｜女士 (nǚshì) — အမျိုးသမီး｜姑娘 (gūniang) — မိန်းကလေး/အမျိုးသမီးငယ်｜小姐姐 (xiǎojiějie) — အစ်မငယ်｜先生 (xiānsheng) — အမျိုးသား/ဆရာ
404,1,小朋友,xiǎo péng yǒu,child; kid,ကလေးသူငယ်၊ သူငယ်ချင်းကလေး,小朋友们在学校学习。｜这个小朋友很可爱。｜小朋友喜欢玩儿。｜小朋友正在看书。｜老师和小朋友一起唱歌。,Xiǎopéngyoumen zài xuéxiào xuéxí.｜Zhège xiǎopéngyou hěn kě'ài.｜Xiǎopéngyou xǐhuan wánr.｜Xiǎopéngyou zhèngzài kàn shū.｜Lǎoshī hé xiǎopéngyou yìqǐ chànggē.,The children are studying at school.｜This child is very cute.｜Children like playing.｜The child is reading a book.｜The teacher plays with the children.,ကလေးတွေ ကျောင်းမှာ စာလေ့လာနေကြတယ်။｜ဒီကလေးက အရမ်းချစ်စရာကောင်းတယ်။｜ကလေးတွေ ကစားရတာကြိုက်တယ်။｜ကလေးက စာအုပ်ဖတ်နေတယ်။｜ဆရာ/ဆရာမက ကလေးတွေနဲ့အတူ ကစားတယ်။,小孩儿 (xiǎoháir) — ကလေး｜孩子 (háizi) — ကလေး｜儿童 (értóng) — ကလေးသူငယ်｜小学生 (xiǎoxuéshēng) — မူလတန်းကျောင်းသား｜小朋友们 (xiǎopéngyoumen) — ကလေးများ
405,1,小时,xiǎoshí,hour,နာရီ (အချိန်ယူနစ်),我学习了两个小时。｜一个小时有六十分钟。｜我每天学习三个小时。｜我们还有一个小时。｜从这里到学校要一个小时。,Wǒ xuéxí le liǎng ge xiǎoshí.｜Yí ge xiǎoshí yǒu liùshí fēnzhōng.｜Wǒ měitiān xuéxí sān ge xiǎoshí.｜Wǒmen hái yǒu yí ge xiǎoshí.｜Cóng zhèlǐ dào xuéxiào yào yí ge xiǎoshí.,I studied for two hours.｜There are sixty minutes in an hour.｜I study for three hours every day.｜We still have one hour.｜It takes one hour to get from here to school.,ကျွန်တော်/ကျွန်မ နှစ်နာရီ စာလေ့လာခဲ့တယ်။｜တစ်နာရီမှာ မိနစ် ၆၀ ရှိတယ်။｜ကျွန်တော်/ကျွန်မ နေ့တိုင်း သုံးနာရီ စာလေ့လာတယ်။｜ကျွန်တော်တို့မှာ တစ်နာရီကျန်သေးတယ်။｜ဒီကနေ ကျောင်းအထိ တစ်နာရီကြာတယ်။,小时候 (xiǎoshíhou) — ငယ်ငယ်တုန်းက｜小时候 (xiǎoshíhou) — ကလေးဘဝတုန်းက｜一小时 (yì xiǎoshí) — တစ်နာရီ｜两小时 (liǎng xiǎoshí) — နှစ်နာရီ｜小时工 (xiǎoshígōng) — နာရီပိုင်းအလုပ်သမား
406,1,小学,xiǎo xué,primary school; elementary school,မူလတန်းကျောင်း,我在小学学习。｜这所小学很大。｜弟弟明年上小学。｜小学有很多学生。｜他以前在这所小学上学。,Wǒ zài xiǎoxué xuéxí.｜Zhè suǒ xiǎoxué hěn dà.｜Dìdi míngnián shàng xiǎoxué.｜Xiǎoxué yǒu hěn duō xuéshēng.｜Tā yǐqián zài zhè suǒ xiǎoxué shàngxué.,I study at an elementary school.｜This elementary school is very big.｜My younger brother will start elementary school next year.｜There are many students in the elementary school.｜He used to study at this elementary school.,ကျွန်တော်/ကျွန်မ မူလတန်းကျောင်းမှာ စာလေ့လာတယ်။｜ဒီမူလတန်းကျောင်းက အရမ်းကြီးတယ်။｜ညီလေးက နောက်နှစ် မူလတန်းကျောင်းတက်မယ်။｜မူလတန်းကျောင်းမှာ ကျောင်းသားအများကြီးရှိတယ်။｜သူ အရင်က ဒီမူလတန်းကျောင်းမှာ စာသင်ခဲ့တယ်။,小学生 (xiǎoxuéshēng) — မူလတန်းကျောင်းသား｜小学老师 (xiǎoxué lǎoshī) — မူလတန်းဆရာ/ဆရာမ｜小学同学 (xiǎoxué tóngxué) — မူလတန်းအတန်းဖော်｜小学毕业 (xiǎoxué bìyè) — မူလတန်းပြီးဆုံးသည်｜小学生活 (xiǎoxué shēnghuó) — မူလတန်းကျောင်းဘဝ
407,1,小学生,xiǎo xué shēng,elementary school student,မူလတန်းကျောင်းသား,我是小学生。｜那个小学生在看书。｜小学生每天要上课。｜这个小学生很认真。｜很多小学生喜欢玩儿。,Wǒ shì xiǎoxuéshēng.｜Nàge xiǎoxuéshēng zài kàn shū.｜Xiǎoxuéshēng měitiān yào shàngkè.｜Zhège xiǎoxuéshēng hěn rènzhēn.｜Hěn duō xiǎoxuéshēng xǐhuan wánr.,I am an elementary school student.｜That elementary school student is reading.｜Elementary school students have classes every day.｜This elementary school student is very serious.｜Many elementary school students like playing.,ကျွန်တော်/ကျွန်မက မူလတန်းကျောင်းသားပါ။｜အဲဒီမူလတန်းကျောင်းသားက စာဖတ်နေတယ်။｜မူလတန်းကျောင်းသားတွေ နေ့တိုင်း အတန်းတက်ရတယ်။｜ဒီမူလတန်းကျောင်းသားက အရမ်းအလေးအနက်ထားတယ်။｜မူလတန်းကျောင်းသားအများကြီးက ကစားရတာကြိုက်တယ်။,小学 (xiǎoxué) — မူလတန်းကျောင်း｜学生 (xuéshēng) — ကျောင်းသား｜学校 (xuéxiào) — ကျောင်း｜小学生们 (xiǎoxuéshēngmen) — မူလတန်းကျောင်းသားများ｜同学 (tóngxué) — အတန်းဖော်
408,1,笑,xiào,laugh,ရယ်သည်၊ ပြုံးသည်,她笑了。｜孩子们都在笑。｜你为什么笑？｜看到他，我就笑了。｜老师笑着说话。,"Tā xiào le.｜Háizimen dōu zài xiào.｜Nǐ wèishénme xiào?｜Kàn dào tā, wǒ jiù xiào le.｜Lǎoshī xiàozhe shuōhuà.","She smiled.｜The children are all laughing.｜Why are you laughing?｜When I see him, I laugh.｜The teacher speaks with a smile.",သူမ ပြုံးလိုက်တယ်။｜ကလေးတွေ အားလုံး ရယ်နေကြတယ်။｜မင်း ဘာလို့ရယ်တာလဲ။｜သူ့ကိုတွေ့ရင် ကျွန်တော်/ကျွန်မ ရယ်တယ်။｜ဆရာ/ဆရာမက ပြုံးပြီး စကားပြောတယ်။,微笑 (wēixiào) — ပြုံးသည်｜笑话 (xiàohua) — ဟာသ｜大笑 (dàxiào) — အကျယ်ကြီးရယ်သည်｜笑声 (xiàoshēng) — ရယ်သံ｜可笑 (kěxiào) — ရယ်စရာကောင်းသည်
409,1,写,xiě,write,ရေးသည်,我会写汉字。｜请写你的名字。｜我正在写作业。｜他喜欢写字。｜你会写这个字吗？,Wǒ huì xiě Hànzì.｜Qǐng xiě nǐ de míngzi.｜Wǒ zhèngzài xiě zuòyè.｜Tā xǐhuan xiězì.｜Nǐ huì xiě zhège zì ma?,I can write Chinese characters.｜Please write your name.｜I am writing my homework.｜He likes writing characters.｜Can you write this character?,ကျွန်တော်/ကျွန်မ တရုတ်စာလုံး ရေးတတ်တယ်။｜မင်းနာမည်ကို ရေးပါ။｜ကျွန်တော်/ကျွန်မ အိမ်စာရေးနေတယ်။｜သူ စာလုံးရေးရတာကြိုက်တယ်။｜ဒီစာလုံးကို မင်းရေးတတ်လား။,写字 (xiězì) — စာလုံးရေးသည်｜写作业 (xiě zuòyè) — အိမ်စာရေးသည်｜写信 (xiěxìn) — စာရေးသည်｜写名字 (xiě míngzi) — နာမည်ရေးသည်｜写汉字 (xiě Hànzì) — တရုတ်စာလုံးရေးသည်
410,1,谢谢,xièxie,Thank you,ကျေးဇူးတင်သည်,谢谢你的帮助。｜谢谢你。｜谢谢老师。｜谢谢你送我回家。｜真的谢谢你。,Xièxie nǐ de bāngzhù.｜Xièxie nǐ.｜Xièxie lǎoshī.｜Xièxie nǐ sòng wǒ huí jiā.｜Zhēn de xièxie nǐ.,"Thank you for your help.｜Thank you.｜Thank you, teacher.｜Thank you for taking me home.｜Thank you very much.",မင်းရဲ့အကူအညီအတွက် ကျေးဇူးတင်တယ်။｜ကျေးဇူးတင်ပါတယ်။｜ဆရာ/ဆရာမကို ကျေးဇူးတင်ပါတယ်။｜ကျွန်တော်/ကျွန်မကို အိမ်ပြန်ပို့ပေးလို့ ကျေးဇူးတင်ပါတယ်။｜တကယ်ကျေးဇူးတင်ပါတယ်။,多谢 (duōxiè) — အထူးကျေးဇူးတင်သည်｜谢谢你 (xièxie nǐ) — မင်းကိုကျေးဇူးတင်တယ်｜感谢 (gǎnxiè) — ကျေးဇူးတင်သည်｜谢谢大家 (xièxie dàjiā) — အားလုံးကိုကျေးဇူးတင်ပါတယ်｜不用谢 (bú yòng xiè) — ကျေးဇူးတင်စရာမလိုပါ
411,1,新,xīn,new,အသစ်,这是我的新书。｜我买了一件新衣服。｜这个手机是新的。｜我们学校有一个新老师。｜我喜欢新东西。,Zhè shì wǒ de xīn shū.｜Wǒ mǎi le yí jiàn xīn yīfu.｜Zhège shǒujī shì xīn de.｜Wǒmen xuéxiào yǒu yí ge xīn lǎoshī.｜Wǒ xǐhuan xīn dōngxi.,This is my new book.｜I bought a new piece of clothing.｜This phone is new.｜Our school has a new teacher.｜I like new things.,ဒါက ကျွန်တော်/ကျွန်မရဲ့ စာအုပ်အသစ်ပါ။｜ကျွန်တော်/ကျွန်မ အဝတ်အစားအသစ်တစ်ထည် ဝယ်ခဲ့တယ်။｜ဒီဖုန်းက အသစ်ပါ။｜ကျွန်တော်တို့ကျောင်းမှာ ဆရာ/ဆရာမအသစ်တစ်ယောက်ရှိတယ်။｜ကျွန်တော်/ကျွန်မ ပစ္စည်းအသစ်တွေကို ကြိုက်တယ်။,新书 (xīnshū) — စာအုပ်အသစ်｜新衣服 (xīn yīfu) — အဝတ်အစားအသစ်｜新人 (xīnrén) — လူအသစ်｜新家 (xīn jiā) — အိမ်အသစ်｜新年 (xīnnián) — နှစ်သစ်
412,1,新年,xīn nián,New Year,နှစ်သစ်,新年快乐！｜新年我们一起回家。｜新年快到了。｜我喜欢过新年。｜新年第一天很热闹。,Xīnnián kuàilè!｜Xīnnián wǒmen yìqǐ huí jiā.｜Xīnnián kuài dào le.｜Wǒ xǐhuan guò xīnnián.｜Xīnnián dì yī tiān hěn rènào.,Happy New Year!｜We go home together during the New Year.｜The New Year is coming soon.｜I like celebrating the New Year.｜The first day of the New Year is lively.,နှစ်သစ်မှာ ပျော်ရွှင်ပါစေ။｜နှစ်သစ်မှာ ကျွန်တော်တို့ အတူတူအိမ်ပြန်ကြတယ်။｜နှစ်သစ်ရောက်တော့မယ်။｜ကျွန်တော်/ကျွန်မ နှစ်သစ်ကူးရတာကြိုက်တယ်။｜နှစ်သစ်ရဲ့ ပထမနေ့က စည်ကားတယ်။,新年快乐 (xīnnián kuàilè) — နှစ်သစ်မှာပျော်ရွှင်ပါစေ｜过新年 (guò xīnnián) — နှစ်သစ်ကူးသည်｜新年假期 (xīnnián jiàqī) — နှစ်သစ်အားလပ်ရက်｜新年第一天 (xīnnián dì yī tiān) — နှစ်သစ်ပထမနေ့｜新年礼物 (xīnnián lǐwù) — နှစ်သစ်လက်ဆောင်
413,1,星期,xīngqī,week,အပတ်၊ ရက်သတ္တပတ်,今天是星期一。｜星期几有汉语课？｜我星期天不上班。｜我们每个星期学习汉语。｜星期六你有时间吗？,Jīntiān shì xīngqīyī.｜Xīngqī jǐ yǒu Hànyǔ kè?｜Wǒ xīngqītiān bù shàngbān.｜Wǒmen měi ge xīngqī xuéxí Hànyǔ.｜Xīngqíliù nǐ yǒu shíjiān ma?,Today is Monday.｜Which day of the week is Chinese class?｜I don't work on Sunday.｜We study Chinese every week.｜Do you have time on Saturday?,ဒီနေ့ တနင်္လာနေ့ပါ။｜တစ်ပတ်ရဲ့ ဘယ်နေ့မှာ တရုတ်စာအတန်းရှိလဲ။｜တနင်္ဂနွေနေ့မှာ အလုပ်မလုပ်ဘူး။｜ကျွန်တော်တို့ အပတ်တိုင်း တရုတ်စာလေ့လာတယ်။｜စနေနေ့မှာ မင်းအချိန်ရှိလား။,星期一 (xīngqīyī) — တနင်္လာနေ့｜星期二 (xīngqīèr) — အင်္ဂါနေ့｜星期六 (xīngqīliù) — စနေနေ့｜星期日 (xīngqīrì) — တနင်္ဂနွေနေ့｜星期天 (xīngqītiān) — တနင်္ဂနွေနေ့
414,1,星期日,xīng qī rì,Sunday,တနင်္ဂနွေနေ့,今天是星期日。｜星期日我不上课。｜星期日我们去公园。｜星期日商店也开门。｜下个星期日见。,Jīntiān shì xīngqīrì.｜Xīngqīrì wǒ bù shàngkè.｜Xīngqīrì wǒmen qù gōngyuán.｜Xīngqīrì shāngdiàn yě kāimén.｜Xià ge xīngqīrì jiàn.,Today is Sunday.｜I don't have class on Sunday.｜We go to the park on Sunday.｜The shop is also open on Sunday.｜See you next Sunday.,ဒီနေ့ တနင်္ဂနွေနေ့ပါ။｜တနင်္ဂနွေနေ့မှာ အတန်းမတက်ဘူး။｜တနင်္ဂနွေနေ့မှာ ကျွန်တော်တို့ ပန်းခြံသွားတယ်။｜တနင်္ဂနွေနေ့မှာ ဆိုင်လည်းဖွင့်တယ်။｜နောက်တနင်္ဂနွေနေ့ တွေ့မယ်။,星期天 (xīngqītiān) — တနင်္ဂနွေနေ့｜星期日 (xīngqīrì) — တနင်္ဂနွေနေ့｜周日 (zhōurì) — တနင်္ဂနွေနေ့｜星期几 (xīngqī jǐ) — ဘယ်နေ့｜下个星期日 (xià ge xīngqīrì) — နောက်တနင်္ဂနွေနေ့
415,1,星期天,xīng qī tiān,Sunday,တနင်္ဂနွေနေ့,星期天我不上班。｜星期天你想去哪儿？｜我们星期天一起吃饭。｜星期天我在家休息。｜星期天商场人很多。,Xīngqītiān wǒ bù shàngbān.｜Xīngqītiān nǐ xiǎng qù nǎr?｜Wǒmen xīngqītiān yìqǐ chīfàn.｜Xīngqītiān wǒ zài jiā xiūxi.｜Xīngqītiān shāngchǎng rén hěn duō.,I don't work on Sunday.｜Where do you want to go on Sunday?｜We eat together on Sunday.｜I rest at home on Sunday.｜There are many people at the shopping mall on Sunday.,တနင်္ဂနွေနေ့မှာ အလုပ်မလုပ်ဘူး။｜တနင်္ဂနွေနေ့မှာ မင်းဘယ်သွားချင်လဲ။｜တနင်္ဂနွေနေ့မှာ ကျွန်တော်တို့ အတူတူထမင်းစားတယ်။｜တနင်္ဂနွေနေ့မှာ အိမ်မှာ အနားယူတယ်။｜တနင်္ဂနွေနေ့မှာ စျေးဝယ်စင်တာမှာ လူအများကြီးရှိတယ်။,星期日 (xīngqīrì) — တနင်္ဂနွေနေ့｜星期天 (xīngqītiān) — တနင်္ဂနွေနေ့｜周末 (zhōumò) — သီတင်းပတ်ကုန်｜星期几 (xīngqī jǐ) — ဘယ်နေ့｜星期六 (xīngqīliù) — စနေနေ့
416,1,行,xíng,That’s ok,အဆင်ပြေသည်၊ ရသည်,这样行吗？｜明天去也行。｜你说什么都行。｜这个办法行不行？｜行，我们现在就走。,"Zhèyàng xíng ma?｜Míngtiān qù yě xíng.｜Nǐ shuō shénme dōu xíng.｜Zhège bànfǎ xíng bù xíng?｜Xíng, wǒmen xiànzài jiù zǒu.","Is this okay?｜Tomorrow is fine too.｜Anything you say is fine.｜Is this method okay?｜Okay, let's go now.",ဒီလိုဆို အဆင်ပြေလား။｜မနက်ဖြန်သွားလည်း အဆင်ပြေတယ်။｜မင်းပြောသလိုဆို ဘာမဆိုရတယ်။｜ဒီနည်းလမ်းက အဆင်ပြေလား။｜အိုကေ၊ အခုသွားကြမယ်။,行吗 (xíng ma) — အဆင်ပြေလား｜行不行 (xíng bù xíng) — ရလား/မရလား｜不行 (bù xíng) — မရဘူး｜行了 (xíng le) — ရပြီ/တော်ပြီ｜还行 (hái xíng) — အဆင်ပြေသေးတယ်
417,1,休息,xiūxi,Rest,အနားယူသည်,我每天晚上休息。｜累了就休息一下。｜周末我喜欢在家休息。｜吃完饭以后休息一会儿。｜老师让我们休息十分钟。,Wǒ měitiān wǎnshang xiūxi.｜Lèi le jiù xiūxi yíxià.｜Zhōumò wǒ xǐhuan zài jiā xiūxi.｜Chī wán fàn yǐhòu xiūxi yíhuìr.｜Lǎoshī ràng wǒmen xiūxi shí fēnzhōng.,I rest every evening.｜Rest for a while when you are tired.｜I like resting at home on weekends.｜I rest for a while after eating.｜The teacher lets us rest for ten minutes.,ကျွန်တော်/ကျွန်မ ညတိုင်း အနားယူတယ်။｜ပင်ပန်းရင် ခဏအနားယူပါ။｜အားလပ်ရက်မှာ အိမ်မှာအနားယူရတာ ကြိုက်တယ်။｜ထမင်းစားပြီး ခဏအနားယူတယ်။｜ဆရာ/ဆရာမက ကျွန်တော်တို့ကို ၁၀ မိနစ် အနားယူခိုင်းတယ်။,休息一下 (xiūxi yíxià) — ခဏအနားယူသည်｜休息时间 (xiūxi shíjiān) — အနားယူချိန်｜休息日 (xiūxi rì) — အနားယူရက်｜休息室 (xiūxishì) — အနားယူခန်း｜好好休息 (hǎohāo xiūxi) — ကောင်းကောင်းအနားယူသည်
418,1,学,xué,learn; study,လေ့လာသည်၊ သင်ယူသည်,我学习汉语。｜孩子正在学习。｜我想学中文。｜他每天学习两个小时。｜我们一起学习吧。,Wǒ xuéxí Hànyǔ.｜Háizi zhèngzài xuéxí.｜Wǒ xiǎng xué Zhōngwén.｜Tā měitiān xuéxí liǎng ge xiǎoshí.｜Wǒmen yìqǐ xuéxí ba.,I study Chinese.｜The child is studying.｜I want to learn Chinese.｜He studies for two hours every day.｜Let's study together.,ကျွန်တော်/ကျွန်မ တရုတ်စာလေ့လာတယ်။｜ကလေးက စာလေ့လာနေတယ်။｜ကျွန်တော်/ကျွန်မ တရုတ်စာသင်ချင်တယ်။｜သူ နေ့တိုင်း နှစ်နာရီ စာလေ့လာတယ်။｜အတူတူ စာလေ့လာကြရအောင်။,学习 (xuéxí) — လေ့လာသည်｜学会 (xuéhuì) — သင်ယူတတ်မြောက်သည်｜学中文 (xué Zhōngwén) — တရုတ်စာလေ့လာသည်｜学生 (xuéshēng) — ကျောင်းသား｜学校 (xuéxiào) — ကျောင်း
419,1,学生,xuésheng,Student,ကျောင်းသား,我是学生。｜那个学生在学习。｜学生们正在上课。｜我是大学生。｜老师喜欢认真学习的学生。,Wǒ shì xuéshēng.｜Nàge xuéshēng zài xuéxí.｜Xuéshēngmen zhèngzài shàngkè.｜Wǒ shì dàxuéshēng.｜Lǎoshī xǐhuan rènzhēn xuéxí de xuéshēng.,I am a student.｜That student is studying.｜The students are having class.｜I am a university student.｜The teacher likes students who study seriously.,ကျွန်တော်/ကျွန်မက ကျောင်းသားပါ။｜အဲဒီကျောင်းသားက စာလေ့လာနေတယ်။｜ကျောင်းသားတွေ အတန်းတက်နေကြတယ်။｜ကျွန်တော်/ကျွန်မက တက္ကသိုလ်ကျောင်းသားပါ။｜ဆရာ/ဆရာမက စာကိုအလေးအနက်ထားလေ့လာတဲ့ ကျောင်းသားတွေကို သဘောကျတယ်။,学校 (xuéxiào) — ကျောင်း｜大学生 (dàxuéshēng) — တက္ကသိုလ်ကျောင်းသား｜小学生 (xiǎoxuéshēng) — မူလတန်းကျောင်းသား｜中学生 (zhōngxuéshēng) — အလယ်တန်းကျောင်းသား｜同学 (tóngxué) — အတန်းဖော်
420,1,学习,xuéxí,Study,လေ့လာသည်၊ သင်ယူသည်,我每天学习汉语。｜她在学习中文。｜我们一起学习吧。｜我想学习英语。｜他认真学习。,Wǒ měitiān xuéxí Hànyǔ.｜Tā zài xuéxí Zhōngwén.｜Wǒmen yìqǐ xuéxí ba.｜Wǒ xiǎng xuéxí Yīngyǔ.｜Tā rènzhēn xuéxí.,I study Chinese every day.｜She is studying Chinese.｜Let's study together.｜I want to study English.｜He studies seriously.,ကျွန်တော်/ကျွန်မ နေ့တိုင်း တရုတ်စာလေ့လာတယ်။｜သူမ တရုတ်စာလေ့လာနေတယ်။｜အတူတူစာလေ့လာကြရအောင်။｜ကျွန်တော်/ကျွန်မ အင်္ဂလိပ်စာလေ့လာချင်တယ်။｜သူ စာကိုအလေးအနက်ထားလေ့လာတယ်။,学习 (xuéxí) — လေ့လာသည်｜学习中文 (xuéxí Zhōngwén) — တရုတ်စာလေ့လာသည်｜学习英语 (xuéxí Yīngyǔ) — အင်္ဂလိပ်စာလေ့လာသည်｜认真学习 (rènzhēn xuéxí) — အလေးအနက်ထားလေ့လာသည်｜学习汉语 (xuéxí Hànyǔ) — တရုတ်စာလေ့လာသည်
421,1,学校,xuéxiào,School,ကျောင်း,我在学校学习。｜这所学校很大。｜学校今天不上课。｜你在哪个学校？｜我每天去学校。,Wǒ zài xuéxiào xuéxí.｜Zhè suǒ xuéxiào hěn dà.｜Xuéxiào jīntiān bù shàngkè.｜Nǐ zài nǎ ge xuéxiào?｜Wǒ měitiān qù xuéxiào.,I study at school.｜This school is very big.｜There are no classes at school today.｜Which school are you at?｜I go to school every day.,ကျွန်တော်/ကျွန်မ ကျောင်းမှာ စာလေ့လာတယ်။｜ဒီကျောင်းက အရမ်းကြီးတယ်။｜ဒီနေ့ ကျောင်းမှာ အတန်းမရှိဘူး။｜မင်း ဘယ်ကျောင်းမှာလဲ။｜ကျွန်တော်/ကျွန်မ နေ့တိုင်းကျောင်းသွားတယ်။,学生 (xuéshēng) — ကျောင်းသား｜学校里 (xuéxiào lǐ) — ကျောင်းထဲမှာ｜上学 (shàngxué) — ကျောင်းတက်သည်｜放学 (fàngxué) — ကျောင်းဆင်းသည်｜学校生活 (xuéxiào shēnghuó) — ကျောင်းဘဝ
422,1,学院,xué yuàn,college; academy,ကောလိပ်၊ ဌာန,我在学院学习。｜这所学院有很多学生。｜他在医学院学习。｜学院里有很多老师。｜我姐姐在学院工作。,Wǒ zài xuéyuàn xuéxí.｜Zhè suǒ xuéyuàn yǒu hěn duō xuéshēng.｜Tā zài yīxuéyuàn xuéxí.｜Xuéyuàn lǐ yǒu hěn duō lǎoshī.｜Wǒ jiějie zài xuéyuàn gōngzuò.,I study at the college.｜This college has many students.｜He studies at a medical college.｜There are many teachers in the college.｜My older sister works at the college.,ကျွန်တော်/ကျွန်မ ကောလိပ်မှာ စာလေ့လာတယ်။｜ဒီကောလိပ်မှာ ကျောင်းသားအများကြီးရှိတယ်။｜သူ ဆေးဘက်ဆိုင်ရာကောလိပ်မှာ စာလေ့လာတယ်။｜ကောလိပ်မှာ ဆရာ/ဆရာမအများကြီးရှိတယ်။｜ကျွန်မအစ်မက ကောလိပ်မှာ အလုပ်လုပ်တယ်။,大学院 (dàxuéyuàn) — ဘွဲ့လွန်ကျောင်း｜医学院 (yīxuéyuàn) — ဆေးဘက်ဆိုင်ရာကောလိပ်｜学院里 (xuéyuàn lǐ) — ကောလိပ်ထဲမှာ｜学院学生 (xuéyuàn xuéshēng) — ကောလိပ်ကျောင်းသား｜学院老师 (xuéyuàn lǎoshī) — ကောလိပ်ဆရာ/ဆရာမ
423,1,要（动）,yào,want,လိုချင်သည်၊ လိုအပ်သည်,我要喝水。｜我要去学校。｜你要什么？｜我明天要上课。｜他不要这个。,Wǒ yào hē shuǐ.｜Wǒ yào qù xuéxiào.｜Nǐ yào shénme?｜Wǒ míngtiān yào shàngkè.｜Tā bú yào zhège.,I want to drink water.｜I want to go to school.｜What do you want?｜I have to attend class tomorrow.｜He doesn't want this.,ကျွန်တော်/ကျွန်မ ရေသောက်ချင်တယ်။｜ကျွန်တော်/ကျွန်မ ကျောင်းသွားချင်တယ်။｜မင်း ဘာလိုချင်လဲ။｜မနက်ဖြန် အတန်းတက်ရမယ်။｜သူ ဒါကို မလိုချင်ဘူး။,不要 (bú yào) — မလိုချင်ဘူး/မလုပ်နဲ့｜要不要 (yào bú yào) — လိုချင်လား/မလိုချင်ဘူးလား｜需要 (xūyào) — လိုအပ်သည်｜要去 (yào qù) — သွားတော့မယ်/သွားရမယ်｜要吃 (yào chī) — စားချင်သည်/စားရမယ်
424,1,爷爷,yéye,grandpa,အဘိုး,我爷爷今年七十岁。｜爷爷在家看电视。｜我和爷爷一起吃饭。｜爷爷喜欢喝茶。｜周末我去看爷爷。,Wǒ yéye jīnnián qīshí suì.｜Yéye zài jiā kàn diànshì.｜Wǒ hé yéye yìqǐ chīfàn.｜Yéye xǐhuan hē chá.｜Zhōumò wǒ qù kàn yéye.,My grandfather is seventy years old this year.｜Grandpa is watching TV at home.｜I eat with Grandpa.｜Grandpa likes drinking tea.｜I visit Grandpa on weekends.,ဒီနှစ် အဘိုးအသက် ၇၀ ရှိပြီ။｜အဘိုး အိမ်မှာ တီဗီကြည့်နေတယ်။｜ကျွန်တော်/ကျွန်မ အဘိုးနဲ့အတူ ထမင်းစားတယ်။｜အဘိုးက လက်ဖက်ရည်သောက်ရတာကြိုက်တယ်။｜အားလပ်ရက်မှာ အဘိုးဆီသွားတယ်။,奶奶 (nǎinai) — အဘွား｜爷爷奶奶 (yéye nǎinai) — အဘိုးအဘွား｜爷爷家 (yéye jiā) — အဘိုးအိမ်｜爷爷的 (yéye de) — အဘိုးရဲ့｜爷爷奶奶家 (yéye nǎinai jiā) — အဘိုးအဘွားအိမ်
425,1,也,yě,also,လည်း,我也喜欢汉语。｜他也是我的朋友。｜我也要去。｜今天我也很忙。｜她也在学习。,Wǒ yě xǐhuan Hànyǔ.｜Tā yě shì wǒ de péngyou.｜Wǒ yě yào qù.｜Jīntiān wǒ yě hěn máng.｜Tā yě zài xuéxí.,I also like Chinese.｜He is also my friend.｜I want to go too.｜I am also very busy today.｜She is also studying.,ကျွန်တော်/ကျွန်မလည်း တရုတ်စာကြိုက်တယ်။｜သူလည်း ကျွန်တော်/ကျွန်မရဲ့ သူငယ်ချင်းပါ။｜ကျွန်တော်/ကျွန်မလည်း သွားချင်တယ်။｜ဒီနေ့ ကျွန်တော်/ကျွန်မလည်း အရမ်းအလုပ်များတယ်။｜သူမလည်း စာလေ့လာနေတယ်။,也要 (yě yào) — လည်းလိုချင်သည်｜也有 (yě yǒu) — လည်းရှိသည်｜也是 (yě shì) — လည်းဖြစ်သည်｜也不 (yě bù) — လည်းမ...ဘူး｜也很 (yě hěn) — လည်းအရမ်း
426,1,页,yè,page,စာမျက်နှာ,这本书有一百页。｜请看第一页。｜我读了十页。｜这一页很重要。｜请翻到下一页。,Zhè běn shū yǒu yì bǎi yè.｜Qǐng kàn dì yī yè.｜Wǒ dú le shí yè.｜Zhè yí yè hěn zhòngyào.｜Qǐng fān dào xià yí yè.,This book has one hundred pages.｜Please look at the first page.｜I read ten pages.｜This page is very important.｜Please turn to the next page.,ဒီစာအုပ်မှာ စာမျက်နှာ ၁၀၀ ရှိတယ်။｜ပထမစာမျက်နှာကို ကြည့်ပါ။｜ကျွန်တော်/ကျွန်မ စာမျက်နှာ ၁၀ မျက်နှာ ဖတ်ခဲ့တယ်။｜ဒီစာမျက်နှာက အရမ်းအရေးကြီးတယ်။｜နောက်စာမျက်နှာကို လှန်ပါ။,页码 (yè mǎ) — စာမျက်နှာနံပါတ်｜第一页 (dì yī yè) — ပထမစာမျက်နှာ｜下一页 (xià yí yè) — နောက်စာမျက်နှာ｜上一页 (shàng yí yè) — အရှေ့စာမျက်နှာ｜页面 (yèmiàn) — စာမျက်နှာ
427,1,一,yī,One,တစ်၊ တစ်ခု,我有一个弟弟。｜今天是一号。｜我一天喝一次咖啡。｜我想买一本书。｜我们一起去。,Wǒ yǒu yí ge dìdi.｜Jīntiān shì yí hào.｜Wǒ yì tiān hē yí cì kāfēi.｜Wǒ xiǎng mǎi yì běn shū.｜Wǒmen yìqǐ qù.,I have a younger brother.｜Today is the first day of the month.｜I drink coffee once a day.｜I want to buy a book.｜Let's go together.,ကျွန်တော်/ကျွန်မမှာ ညီလေးတစ်ယောက်ရှိတယ်။｜ဒီနေ့ လတစ်ရက်နေ့ပါ။｜တစ်နေ့ ကော်ဖီတစ်ခါသောက်တယ်။｜ကျွန်တော်/ကျွန်မ စာအုပ်တစ်အုပ်ဝယ်ချင်တယ်။｜အတူတူသွားကြမယ်။,一个人 (yí ge rén) — လူတစ်ယောက်｜一天 (yì tiān) — တစ်ရက်｜一半 (yíbàn) — တစ်ဝက်｜一起 (yìqǐ) — အတူတူ｜一点儿 (yìdiǎnr) — နည်းနည်း
428,1,衣服,yīfu,clothes,အဝတ်အစား,我的衣服很新。｜我买了一件衣服。｜这件衣服很好看。｜请把衣服放这里。｜她喜欢这件衣服。,Wǒ de yīfu hěn xīn.｜Wǒ mǎi le yí jiàn yīfu.｜Zhè jiàn yīfu hěn hǎokàn.｜Qǐng bǎ yīfu fàng zhèlǐ.｜Tā xǐhuan zhè jiàn yīfu.,My clothes are new.｜I bought a piece of clothing.｜These clothes look very nice.｜Please put the clothes here.｜She likes these clothes.,ကျွန်တော်/ကျွန်မရဲ့ အဝတ်အစားက အသစ်ပါ။｜အဝတ်အစားတစ်ထည် ဝယ်ခဲ့တယ်။｜ဒီအဝတ်အစားက အရမ်းကြည့်ကောင်းတယ်။｜အဝတ်အစားကို ဒီမှာထားပါ။｜သူမ ဒီအဝတ်အစားကို ကြိုက်တယ်။,衣服 (yīfu) — အဝတ်အစား｜衣服店 (yīfu diàn) — အဝတ်အစားဆိုင်｜新衣服 (xīn yīfu) — အဝတ်အစားအသစ်｜衣柜 (yīguì) — အဝတ်ဗီရို｜买衣服 (mǎi yīfu) — အဝတ်အစားဝယ်သည်
429,1,医生,yīshēng,Doctor,ဆရာဝန်,我去医院看医生。｜医生正在工作。｜这个医生很好。｜我想成为医生。｜医生给他看病。,Wǒ qù yīyuàn kàn yīshēng.｜Yīshēng zhèngzài gōngzuò.｜Zhège yīshēng hěn hǎo.｜Wǒ xiǎng chéngwéi yīshēng.｜Yīshēng gěi tā kànbìng.,I am going to the hospital to see a doctor.｜The doctor is working.｜This doctor is very good.｜I want to become a doctor.｜The doctor is treating him.,ကျွန်တော်/ကျွန်မ ဆရာဝန်ပြဖို့ ဆေးရုံသွားမယ်။｜ဆရာဝန် အလုပ်လုပ်နေတယ်။｜ဒီဆရာဝန်က အရမ်းကောင်းတယ်။｜ကျွန်တော်/ကျွန်မ ဆရာဝန်ဖြစ်ချင်တယ်။｜ဆရာဝန်က သူ့ကို ဆေးကုသပေးနေတယ်။,医院 (yīyuàn) — ဆေးရုံ｜医生 (yīshēng) — ဆရာဝန်｜医学 (yīxué) — ဆေးပညာ｜医学院 (yīxuéyuàn) — ဆေးဘက်ဆိုင်ရာကောလိပ်｜看医生 (kàn yīshēng) — ဆရာဝန်ပြသည်
430,1,医院,yīyuàn,Hospital,ဆေးရုံ,我去医院看病。｜医院离我家很近。｜这家医院很大。｜他在医院工作。｜我们下午去医院。,Wǒ qù yīyuàn kànbìng.｜Yīyuàn lí wǒ jiā hěn jìn.｜Zhè jiā yīyuàn hěn dà.｜Tā zài yīyuàn gōngzuò.｜Wǒmen xiàwǔ qù yīyuàn.,I am going to the hospital to see a doctor.｜The hospital is very close to my home.｜This hospital is very big.｜He works at the hospital.｜We are going to the hospital this afternoon.,ကျွန်တော်/ကျွန်မ ဆေးရုံသွားမယ်။｜ဆေးရုံက ကျွန်တော်/ကျွန်မအိမ်နဲ့ အရမ်းနီးတယ်။｜ဒီဆေးရုံက အရမ်းကြီးတယ်။｜သူ ဆေးရုံမှာ အလုပ်လုပ်တယ်။｜ဒီနေ့နေ့လယ် ဆေးရုံသွားမယ်။,医生 (yīshēng) — ဆရာဝန်｜医院 (yīyuàn) — ဆေးရုံ｜看病 (kànbìng) — ဆရာဝန်ပြသည်｜看医生 (kàn yīshēng) — ဆရာဝန်ပြသည်｜病人 (bìngrén) — လူနာ
431,1,一半,yí bàn,half,တစ်ဝက်,我吃了一半。｜这本书我看了一半。｜蛋糕还有一半。｜我只喝了一半。｜一半人已经走了。,Wǒ chī le yíbàn.｜Zhè běn shū wǒ kàn le yíbàn.｜Dàngāo hái yǒu yíbàn.｜Wǒ zhǐ hē le yíbàn.｜Yíbàn rén yǐjīng zǒu le.,I ate half.｜I read half of this book.｜There is still half of the cake left.｜I only drank half.｜Half of the people have already left.,ကျွန်တော်/ကျွန်မ တစ်ဝက်စားခဲ့တယ်။｜ဒီစာအုပ်ကို တစ်ဝက်ဖတ်ပြီးပြီ။｜ကိတ်မုန့် တစ်ဝက်ကျန်သေးတယ်။｜ကျွန်တော်/ကျွန်မ တစ်ဝက်ပဲသောက်ခဲ့တယ်။｜လူတစ်ဝက်လောက် ထွက်သွားပြီ။,一半 (yíbàn) — တစ်ဝက်｜一半儿 (yíbànr) — တစ်ဝက်｜一半时间 (yíbàn shíjiān) — အချိန်တစ်ဝက်｜一半以上 (yíbàn yǐshàng) — တစ်ဝက်ကျော်｜一半以下 (yíbàn yǐxià) — တစ်ဝက်အောက်
432,1,一会儿,yíhuìr,A little while,ခဏ,请等我一会儿。｜我休息一会儿。｜一会儿见。｜我一会儿回来。｜你等我一会儿。,Qǐng děng wǒ yíhuìr.｜Wǒ xiūxi yíhuìr.｜Yíhuìr jiàn.｜Wǒ yíhuìr huílái.｜Nǐ děng wǒ yíhuìr.,Please wait for me for a while.｜I will rest for a while.｜See you in a while.｜I will come back in a while.｜Wait for me for a while.,ခဏလောက် ကျွန်တော့်ကို စောင့်ပါ။｜ကျွန်တော်/ကျွန်မ ခဏနားမယ်။｜ခဏနေတွေ့မယ်။｜ခဏနေ ပြန်လာမယ်။｜ခဏလောက် စောင့်ပါ။,一会儿 (yíhuìr) — ခဏ｜等一会儿 (děng yíhuìr) — ခဏစောင့်သည်｜过一会儿 (guò yíhuìr) — ခဏနေ｜一会儿见 (yíhuìr jiàn) — ခဏနေတွေ့မယ်｜一会儿回来 (yíhuìr huílái) — ခဏနေပြန်လာသည်
433,1,一块儿,yí kuàir,together,အတူတူ၊ အတူ,我们一块儿去吧。｜他们一块儿吃饭。｜我和朋友一块儿学习。｜我们一块儿回家。｜孩子们一块儿玩儿。,Wǒmen yíkuàir qù ba.｜Tāmen yíkuàir chīfàn.｜Wǒ hé péngyou yíkuàir xuéxí.｜Wǒmen yíkuàir huí jiā.｜Háizimen yíkuàir wánr.,Let's go together.｜They eat together.｜I study with my friend.｜We go home together.｜The children play together.,အတူတူသွားကြရအောင်။｜သူတို့ အတူတူထမင်းစားတယ်။｜ကျွန်တော်/ကျွန်မ သူငယ်ချင်းနဲ့အတူ စာလေ့လာတယ်။｜ကျွန်တော်တို့ အတူတူအိမ်ပြန်တယ်။｜ကလေးတွေ အတူတူကစားကြတယ်။,一块儿 (yíkuàir) — အတူတူ｜一块儿吃饭 (yíkuàir chīfàn) — အတူတူထမင်းစားသည်｜一块儿去 (yíkuàir qù) — အတူတူသွားသည်｜一块儿玩儿 (yíkuàir wánr) — အတူတူကစားသည်｜一块儿学习 (yíkuàir xuéxí) — အတူတူလေ့လာသည်
434,1,一下儿,yí xiàr,a little bit,ခဏလောက်,请等一下儿。｜你等我一下儿。｜我想休息一下儿。｜看一下儿这个。｜请说慢一点儿。,Qǐng děng yíxiàr.｜Nǐ děng wǒ yíxiàr.｜Wǒ xiǎng xiūxi yíxiàr.｜Kàn yíxiàr zhège.｜Qǐng shuō màn yìdiǎnr.,Please wait a moment.｜Wait for me a moment.｜I want to rest for a moment.｜Have a look at this.｜Please speak a little more slowly.,ခဏလောက် စောင့်ပါ။｜ကျွန်တော့်ကို ခဏစောင့်ပါ။｜ကျွန်တော်/ကျွန်မ ခဏလောက်နားချင်တယ်။｜ဒါကို ခဏကြည့်ပါ။｜နည်းနည်းဖြည်းဖြည်းပြောပါ။,一下 (yíxià) — ခဏ/တစ်ချက်｜等一下 (děng yíxià) — ခဏစောင့်သည်｜看一下 (kàn yíxià) — ခဏကြည့်သည်｜试一下 (shì yíxià) — စမ်းကြည့်သည်｜说一下 (shuō yíxià) — ခဏပြောသည်
435,1,一样,yíyàng,equally,တူညီသည်,我们一样高。｜这两个杯子一样。｜他们的衣服一样。｜我的想法和你一样。｜今天和昨天一样冷。,Wǒmen yíyàng gāo.｜Zhè liǎng ge bēizi yíyàng.｜Tāmen de yīfu yíyàng.｜Wǒ de xiǎngfǎ hé nǐ yíyàng.｜Jīntiān hé zuótiān yíyàng lěng.,We are the same height.｜These two cups are the same.｜Their clothes are the same.｜My idea is the same as yours.｜Today is as cold as yesterday.,ကျွန်တော်တို့ အရပ်အမြင့်တူတယ်။｜ဒီခွက်နှစ်ခွက်က တူတယ်။｜သူတို့ရဲ့ အဝတ်အစားတွေ တူတယ်။｜ကျွန်တော်/ကျွန်မရဲ့ အတွေးအမြင်က မင်းနဲ့တူတယ်။｜ဒီနေ့က မနေ့ကလိုပဲ အေးတယ်။,一样 (yíyàng) — တူညီသည်｜不一样 (bù yíyàng) — မတူဘူး｜一样大 (yíyàng dà) — အရွယ်တူသည်｜一样好 (yíyàng hǎo) — တူတူကောင်းသည်｜一样的 (yíyàng de) — တူညီသော
436,1,一边,yìbiān,One side,တစ်ဖက်၊ တစ်ဖက်မှာ,我一边吃饭，一边看电视。｜她一边走，一边说话。｜我喜欢一边听音乐，一边学习。｜他一边看书，一边喝茶。｜孩子一边玩儿，一边笑。,"Wǒ yìbiān chīfàn, yìbiān kàn diànshì.｜Tā yìbiān zǒu, yìbiān shuōhuà.｜Wǒ xǐhuan yìbiān tīng yīnyuè, yìbiān xuéxí.｜Tā yìbiān kàn shū, yìbiān hē chá.｜Háizi yìbiān wánr, yìbiān xiào.",I eat while watching TV.｜She walks while talking.｜I like studying while listening to music.｜He reads while drinking tea.｜The child plays while laughing.,ကျွန်တော်/ကျွန်မ ထမင်းစားရင်း တီဗီကြည့်တယ်။｜သူမ လမ်းလျှောက်ရင်း စကားပြောတယ်။｜ကျွန်တော်/ကျွန်မ သီချင်းနားထောင်ရင်း စာလေ့လာရတာကြိုက်တယ်။｜သူ စာဖတ်ရင်း လက်ဖက်ရည်သောက်တယ်။｜ကလေးက ကစားရင်း ရယ်တယ်။,一边 (yìbiān) — တစ်ဖက်｜一边…一边… (yìbiān…yìbiān…) — တစ်ခုလုပ်ရင်းတစ်ခုလုပ်သည်｜这边 (zhèbiān) — ဒီဘက်｜那边 (nàbiān) — အဲဒီဘက်｜一边走一边说 (yìbiān zǒu yìbiān shuō) — လမ်းလျှောက်ရင်း စကားပြောသည်
437,1,一点儿,yīdiǎnr,a little bit,နည်းနည်း,给我一点儿水。｜我会说一点儿汉语。｜请等我一点儿时间。｜这里还有一点儿饭。｜我想买一点儿水果。,Gěi wǒ yìdiǎnr shuǐ.｜Wǒ huì shuō yìdiǎnr Hànyǔ.｜Qǐng děng wǒ yìdiǎnr shíjiān.｜Zhèlǐ hái yǒu yìdiǎnr fàn.｜Wǒ xiǎng mǎi yìdiǎnr shuǐguǒ.,Give me a little water.｜I can speak a little Chinese.｜Please give me a little time.｜There is still a little rice here.｜I want to buy some fruit.,ကျွန်တော်/ကျွန်မကို ရေနည်းနည်းပေးပါ။｜ကျွန်တော်/ကျွန်မ တရုတ်စကားနည်းနည်း ပြောတတ်တယ်။｜ကျွန်တော်/ကျွန်မကို အချိန်နည်းနည်းပေးပါ။｜ဒီမှာ ထမင်းနည်းနည်းကျန်သေးတယ်။｜သစ်သီးနည်းနည်း ဝယ်ချင်တယ်။,一点儿 (yìdiǎnr) — နည်းနည်း｜一点时间 (yìdiǎn shíjiān) — အချိန်နည်းနည်း｜一点水 (yìdiǎn shuǐ) — ရေနည်းနည်း｜一点钱 (yìdiǎn qián) — ပိုက်ဆံနည်းနည်း｜一点东西 (yìdiǎn dōngxi) — ပစ္စည်းနည်းနည်း
438,1,一起,yìqǐ,together,အတူတူ,我们一起去学校。｜我和朋友一起吃饭。｜我们一起学习汉语。｜他们一起回家。｜一起看电影吧。,Wǒmen yìqǐ qù xuéxiào.｜Wǒ hé péngyou yìqǐ chīfàn.｜Wǒmen yìqǐ xuéxí Hànyǔ.｜Tāmen yìqǐ huí jiā.｜Yìqǐ kàn diànyǐng ba.,We go to school together.｜I eat with my friend.｜We study Chinese together.｜They go home together.｜Let's watch a movie together.,ကျွန်တော်တို့ ကျောင်းကိုအတူတူသွားတယ်။｜ကျွန်တော်/ကျွန်မ သူငယ်ချင်းနဲ့အတူ ထမင်းစားတယ်။｜ကျွန်တော်တို့ တရုတ်စာအတူတူလေ့လာတယ်။｜သူတို့ အတူတူအိမ်ပြန်တယ်။｜အတူတူ ရုပ်ရှင်ကြည့်ကြရအောင်။,一起 (yìqǐ) — အတူတူ｜一起去 (yìqǐ qù) — အတူတူသွားသည်｜一起吃饭 (yìqǐ chīfàn) — အတူတူထမင်းစားသည်｜一起学习 (yìqǐ xuéxí) — အတူတူလေ့လာသည်｜一起回家 (yìqǐ huí jiā) — အတူတူအိမ်ပြန်သည်
439,1,一些,yì xiē,some,အချို့,我买了一些水果。｜这里有一些书。｜我有一些问题。｜我想喝一些水。｜学校里有一些学生。,Wǒ mǎi le yìxiē shuǐguǒ.｜Zhèlǐ yǒu yìxiē shū.｜Wǒ yǒu yìxiē wèntí.｜Wǒ xiǎng hē yìxiē shuǐ.｜Xuéxiào lǐ yǒu yìxiē xuéshēng.,I bought some fruit.｜There are some books here.｜I have some questions.｜I want to drink some water.｜There are some students at school.,သစ်သီးအချို့ ဝယ်ခဲ့တယ်။｜ဒီမှာ စာအုပ်အချို့ရှိတယ်။｜ကျွန်တော်/ကျွန်မမှာ မေးခွန်းအချို့ရှိတယ်။｜ရေနည်းနည်းသောက်ချင်တယ်။｜ကျောင်းမှာ ကျောင်းသားအချို့ရှိတယ်။,一些 (yìxiē) — အချို့/အနည်းငယ်｜一些人 (yìxiē rén) — လူအချို့｜一些书 (yìxiē shū) — စာအုပ်အချို့｜一些问题 (yìxiē wèntí) — မေးခွန်းအချို့｜一些水果 (yìxiē shuǐguǒ) — သစ်သီးအချို့
440,1,用,yòng,use,အသုံးပြုသည်,我会用电脑。｜这个怎么用？｜我每天用手机学习。｜你会用这个软件吗？｜请用中文说。,Wǒ huì yòng diànnǎo.｜Zhège zěnme yòng?｜Wǒ měitiān yòng shǒujī xuéxí.｜Nǐ huì yòng zhège ruǎnjiàn ma?｜Qǐng yòng Zhōngwén shuō.,I know how to use a computer.｜How do you use this?｜I use my phone to study every day.｜Can you use this software?｜Please speak in Chinese.,ငါ နေ့တိုင်း ဖုန်းသုံးပြီး စာလေ့လာတယ်။｜ဒီခွက်ကို ဘယ်လိုသုံးရမလဲ။｜ဒါကို သုံးပါ။｜ငါ ကွန်ပျူတာသုံးတတ်တယ်။｜မင်း ဘယ်နည်းလမ်းနဲ့ တရုတ်စာလေ့လာလဲ။,用 (yòng) — အသုံးပြုသည်｜用电脑 (yòng diànnǎo) — ကွန်ပျူတာအသုံးပြုသည်｜使用 (shǐyòng) — အသုံးပြုသည်｜用手机 (yòng shǒujī) — ဖုန်းအသုံးပြုသည်｜用中文 (yòng Zhōngwén) — တရုတ်လိုအသုံးပြုသည်
441,1,有,yǒu,have,ရှိသည်၊ ပိုင်ဆိုင်သည်,我有一本书。｜我有时间。｜他有一个妹妹。｜你有钱吗？｜这里有很多学生。,Wǒ yǒu yì běn shū.｜Wǒ yǒu shíjiān.｜Tā yǒu yí gè mèimei.｜Nǐ yǒu qián ma?｜Zhèlǐ yǒu hěn duō xuéshēng.,I have a book.｜I have time.｜He has a younger sister.｜Do you have money?｜There are many students here.,ငါ့မှာ စာအုပ်တစ်အုပ်ရှိတယ်။｜ငါ့မှာ အချိန်ရှိတယ်။｜ဒီမှာ လူအများကြီးရှိတယ်။｜မင်းမှာ ပိုက်ဆံရှိလား။｜စားပွဲပေါ်မှာ ရေတစ်ခွက်ရှိတယ်။,有 (yǒu) — ရှိသည်｜没有 (méiyǒu) — မရှိဘူး｜有钱 (yǒu qián) — ပိုက်ဆံရှိသည်｜有时间 (yǒu shíjiān) — အချိန်ရှိသည်｜有空 (yǒu kòng) — အားသည်
442,1,有的,yǒu de,some,အချို့၊ တချို့,有的学生喜欢喝茶。｜有的东西很贵。｜有的人喜欢唱歌。｜有的书很有意思。｜这些水果有的很甜。,Yǒu de xuéshēng xǐhuan hē chá.｜Yǒu de dōngxi hěn guì.｜Yǒu de rén xǐhuan chànggē.｜Yǒu de shū hěn yǒu yìsi.｜Zhèxiē shuǐguǒ yǒu de hěn tián.,Some students like drinking tea.｜Some things are expensive.｜Some people like singing.｜Some books are very interesting.｜Some of these fruits are sweet.,ကျောင်းသားအချို့က တရုတ်စာလေ့လာရတာ ကြိုက်တယ်။｜အချို့ဟင်းတွေက အရမ်းစားကောင်းတယ်။｜လူအချို့က လက်ဖက်ရည်သောက်ရတာ ကြိုက်တယ်။｜စာအုပ်အချို့က အရမ်းစိတ်ဝင်စားဖို့ကောင်းတယ်။｜ဒီပစ္စည်းတွေထဲက အချို့က အရမ်းဈေးကြီးတယ်။,有的 (yǒu de) — အချို့｜有的人 (yǒu de rén) — လူအချို့｜有的学生 (yǒu de xuéshēng) — ကျောင်းသားအချို့｜有的书 (yǒu de shū) — စာအုပ်အချို့｜有的东西 (yǒu de dōngxi) — ပစ္စည်းအချို့
443,1,有名,yǒumíng,Famous,နာမည်ကြီးသည်,北京是一个有名的城市。｜他是一位有名的医生。｜这家饭店很有名。｜这个地方很有名。｜她是一位有名的老师。,Běijīng shì yí gè yǒumíng de chéngshì.｜Tā shì yí wèi yǒumíng de yīshēng.｜Zhè jiā fàndiàn hěn yǒumíng.｜Zhège dìfang hěn yǒumíng.｜Tā shì yí wèi yǒumíng de lǎoshī.,Beijing is a famous city.｜He is a famous doctor.｜This restaurant is very famous.｜This place is famous.｜She is a famous teacher.,ပေကျင်းက နာမည်ကြီးတဲ့မြို့တစ်မြို့ပါ။｜သူက နာမည်ကြီးတဲ့ဆရာတစ်ယောက်ပါ။｜ဒီဆိုင်က နာမည်ကြီးတယ်။｜ဒီသရုပ်ဆောင်က နာမည်ကြီးတယ်။｜ဒီမှာ နာမည်ကြီးတဲ့နေရာတွေ အများကြီးရှိတယ်။,有名 (yǒumíng) — နာမည်ကြီး｜有名的地方 (yǒumíng de dìfang) — နာမည်ကြီးနေရာ｜有名的医生 (yǒumíng de yīshēng) — နာမည်ကြီးဆရာဝန်｜有名的学校 (yǒumíng de xuéxiào) — နာမည်ကြီးကျောင်း｜有名的饭店 (yǒumíng de fàndiàn) — နာမည်ကြီးစားသောက်ဆိုင်
444,1,有时候｜有时,yǒu shí hòu ｜ yǒu shí,sometimes,တစ်ခါတလေ,我有时候很忙。｜他有时候喝咖啡。｜有时候我喜欢一个人学习。｜我们有时候一起吃饭。｜天气有时候很冷。,Wǒ yǒushíhou hěn máng.｜Tā yǒushíhou hē kāfēi.｜Yǒushíhou wǒ xǐhuan yí gè rén xuéxí.｜Wǒmen yǒushíhou yìqǐ chīfàn.｜Tiānqì yǒushíhou hěn lěng.,I am sometimes busy.｜He sometimes drinks coffee.｜Sometimes I like studying alone.｜We sometimes eat together.｜The weather is sometimes cold.,ငါ တစ်ခါတလေ ကော်ဖီသောက်တယ်။｜သူ တစ်ခါတလေ အရမ်းအလုပ်များတယ်။｜ငါ တစ်ခါတလေ စာကြည့်တိုက်သွားတယ်။｜သူမ တစ်ခါတလေ အိမ်မှာ စာလေ့လာတယ်။｜ရာသီဥတုက တစ်ခါတလေ အရမ်းအေးတယ်။,有时候 (yǒushíhou) — တစ်ခါတလေ｜有时 (yǒushí) — တစ်ခါတလေ｜有时候很忙 (yǒushíhou hěn máng) — တစ်ခါတလေ အရမ်းအလုပ်များသည်｜有时候下雨 (yǒushíhou xiàyǔ) — တစ်ခါတလေ မိုးရွာသည်｜有时候很冷 (yǒushíhou hěn lěng) — တစ်ခါတလေ အရမ်းအေးသည်
445,1,有（一）些,yǒu （ yì ） xiē,some,အချို့၊ တချို့,我买了一些水果。｜这里有一些学生。｜我还有一些钱。｜请给我一些水。｜我想买一些书。,Wǒ mǎi le yìxiē shuǐguǒ.｜Zhèlǐ yǒu yìxiē xuéshēng.｜Wǒ hái yǒu yìxiē qián.｜Qǐng gěi wǒ yìxiē shuǐ.｜Wǒ xiǎng mǎi yìxiē shū.,I bought some fruit.｜There are some students here.｜I still have some money.｜Please give me some water.｜I want to buy some books.,ငါ သစ်သီးအချို့ ဝယ်ခဲ့တယ်။｜ငါ ရေအနည်းငယ် သောက်ချင်တယ်။｜ဒီမှာ ကျောင်းသားအချို့ရှိတယ်။｜ငါ့မှာ မေးခွန်းအချို့ရှိတယ်။｜ကျေးဇူးပြုပြီး ငါ့ကို အချိန်နည်းနည်းပေးပါ။,一些 (yìxiē) — အချို့｜一些人 (yìxiē rén) — လူအချို့｜一些东西 (yìxiē dōngxi) — ပစ္စည်းအချို့｜一些钱 (yìxiē qián) — ပိုက်ဆံအချို့｜一些书 (yìxiē shū) — စာအုပ်အချို့
446,1,有用,yǒu yòng,useful,အသုံးဝင်သည်,这个手机很有用。｜学习汉语很有用。｜这个方法很有用。｜这本书对我很有用。｜电脑对我的工作很有用。,Zhège shǒujī hěn yǒuyòng.｜Xuéxí Hànyǔ hěn yǒuyòng.｜Zhège fāngfǎ hěn yǒuyòng.｜Zhè běn shū duì wǒ hěn yǒuyòng.｜Diànnǎo duì wǒ de gōngzuò hěn yǒuyòng.,This phone is very useful.｜Learning Chinese is very useful.｜This method is very useful.｜This book is very useful to me.｜A computer is very useful for my work.,ဒီဖုန်းက အရမ်းအသုံးဝင်တယ်။｜တရုတ်စာလေ့လာတာ အရမ်းအသုံးဝင်တယ်။｜ဒီစာအုပ်က ငါ့အတွက် အရမ်းအသုံးဝင်တယ်။｜မင်းရဲ့အကြံပြုချက်က အရမ်းအသုံးဝင်တယ်။｜ဒီကိရိယာက အရမ်းအသုံးဝင်တယ်။,有用 (yǒuyòng) — အသုံးဝင်သည်｜有用的东西 (yǒuyòng de dōngxi) — အသုံးဝင်သောပစ္စည်း｜有用的方法 (yǒuyòng de fāngfǎ) — အသုံးဝင်သောနည်းလမ်း｜很有用 (hěn yǒuyòng) — အရမ်းအသုံးဝင်သည်｜没有用 (méiyǒu yòng) — အသုံးမဝင်ဘူး
447,1,右,yòu,right,ညာဘက်,学校在右边。｜请往右走。｜我的房间在右边。｜商店在银行的右边。｜他坐在我的右边。,Xuéxiào zài yòubiān.｜Qǐng wǎng yòu zǒu.｜Wǒ de fángjiān zài yòubiān.｜Shāngdiàn zài yínháng de yòubiān.｜Tā zuò zài wǒ de yòubiān.,The school is on the right.｜Please go to the right.｜My room is on the right.｜The shop is to the right of the bank.｜He sits on my right.,ငါ့ညာလက် ထိခိုက်သွားတယ်။｜ဘဏ်က ညာဘက်မှာရှိတယ်။｜ညာဘက်ကို ကြည့်ပါ။｜သူက ငါ့ညာဘက်မှာ ထိုင်တယ်။｜ညာဘက်မှာ ဆိုင်တစ်ဆိုင်ရှိတယ်။,右 (yòu) — ညာဘက်｜右边 (yòubiān) — ညာဘက်ခြမ်း｜向右 (xiàng yòu) — ညာဘက်သို့｜右手 (yòushǒu) — ညာလက်｜右面 (yòumiàn) — ညာဘက်
448,1,右边,yòubian,Right,ညာဘက်ခြမ်း,银行在学校右边。｜请看右边。｜我的家在路的右边。｜右边有一家商店。｜他坐在我右边。,Yínháng zài xuéxiào yòubiān.｜Qǐng kàn yòubiān.｜Wǒ de jiā zài lù de yòubiān.｜Yòubiān yǒu yì jiā shāngdiàn.｜Tā zuò zài wǒ yòubiān.,The bank is to the right of the school.｜Please look to the right.｜My home is on the right side of the road.｜There is a shop on the right.｜He sits on my right.,ကျောင်းက ဘဏ်ရဲ့ ညာဘက်မှာရှိတယ်။｜ညာဘက်ကို ကြည့်ပါ။｜ညာဘက်မှာ လူတစ်ယောက်ရှိတယ်။｜ငါ့စာအုပ်က ညာဘက်မှာရှိတယ်။｜ဆိုင်က ညာဘက်မှာပဲရှိတယ်။,右边 (yòubiān) — ညာဘက်ခြမ်း｜右边的路 (yòubiān de lù) — ညာဘက်ကလမ်း｜在右边 (zài yòubiān) — ညာဘက်မှာရှိသည်｜右边有 (yòubiān yǒu) — ညာဘက်မှာရှိသည်｜左边和右边 (zuǒbian hé yòubiān) — ဘယ်ဘက်နှင့်ညာဘက်
449,1,雨,yǔ,rain,မိုး,今天下雨。｜外面正在下雨。｜我不喜欢下雨天。｜下雨的时候路很滑。｜明天下雨吗？,Jīntiān xiàyǔ.｜Wàimiàn zhèngzài xiàyǔ.｜Wǒ bù xǐhuan xiàyǔ tiān.｜Xiàyǔ de shíhou lù hěn huá.｜Míngtiān xiàyǔ ma?,It is raining today.｜It is raining outside.｜I don't like rainy days.｜The road is slippery when it rains.｜Will it rain tomorrow?,ဒီနေ့ မိုးရွာတယ်။｜ငါ မိုးရွာတဲ့ရာသီဥတုကို မကြိုက်ဘူး။｜အပြင်မှာ မိုးရွာနေတယ်။｜မိုးရွာတဲ့အခါ လမ်းက ချော်တယ်။｜မနက်ဖြန် မိုးရွာနိုင်တယ်။,下雨 (xiàyǔ) — မိုးရွာသည်｜雨水 (yǔshuǐ) — မိုးရေ｜雨天 (yǔtiān) — မိုးရွာသောနေ့｜大雨 (dàyǔ) — မိုးသည်းသည်｜小雨 (xiǎoyǔ) — မိုးဖွဲ
450,1,元,yuán,element; Yuan,ယွမ်၊ ငွေကြေးယူနစ်,这个多少钱？｜一共十元。｜我有二十元。｜这杯茶五元。｜一斤苹果十元。,Zhège duōshao qián?｜Yígòng shí yuán.｜Wǒ yǒu èrshí yuán.｜Zhè bēi chá wǔ yuán.｜Yì jīn píngguǒ shí yuán.,How much is this?｜It is ten yuan in total.｜I have twenty yuan.｜This cup of tea is five yuan.｜A kilogram of apples is ten yuan.,ဒီပန်းသီးက နှစ်ယွမ်ပါ။｜လက်ဖက်ရည်တစ်ခွက်က သုံးယွမ်ပါ။｜ငါ့မှာ ယွမ်ဆယ်ရှိတယ်။｜ဒါ ဘယ်လောက်ကျလဲ။｜ယွမ်တစ်ယွမ်နဲ့ ဘာဝယ်လို့ရလဲ။,元 (yuán) — ယွမ်｜一元 (yì yuán) — တစ်ယွမ်｜十元 (shí yuán) — ဆယ်ယွမ်｜元钱 (yuán qián) — ယွမ်ငွေ｜人民币 (rénmínbì) — တရုတ်ငွေ
451,1,远,yuǎn,far,ဝေးသည်,我家离学校很远。｜这里离商店很远。｜北京离这里很远。｜他住得很远。｜那个地方太远了。,Wǒ jiā lí xuéxiào hěn yuǎn.｜Zhèlǐ lí shāngdiàn hěn yuǎn.｜Běijīng lí zhèlǐ hěn yuǎn.｜Tā zhù de hěn yuǎn.｜Nàge dìfang tài yuǎn le.,My home is far from school.｜It is far from here to the shop.｜Beijing is far from here.｜He lives far away.｜That place is too far.,ငါ့အိမ်က ကျောင်းနဲ့ အရမ်းဝေးတယ်။｜ဒီကနေ ဘူတာအထိ အရမ်းဝေးတယ်။｜သူက အဝေးမှာ နေတယ်။｜ပေကျင်းက ဒီနေရာနဲ့ အရမ်းဝေးတယ်။｜အရမ်းဝေးဝေး မသွားနဲ့။,远 (yuǎn) — ဝေးသည်｜很远 (hěn yuǎn) — အရမ်းဝေးသည်｜远方 (yuǎnfāng) — အဝေးနေရာ｜远处 (yuǎnchù) — အဝေးတစ်နေရာ｜不远 (bù yuǎn) — မဝေးဘူး
452,1,月,yuè,month,လ,今天是八月十八日。｜我每个月都看电影。｜下个月我要考试。｜这个月很忙。｜一个月有四个星期。,Jīntiān shì bā yuè shíbā rì.｜Wǒ měi gè yuè dōu kàn diànyǐng.｜Xià gè yuè wǒ yào kǎoshì.｜Zhège yuè hěn máng.｜Yí gè yuè yǒu sì gè xīngqī.,Today is August 18th.｜I watch movies every month.｜I have an exam next month.｜I am very busy this month.｜There are four weeks in a month.,တစ်နှစ်မှာ ဆယ့်နှစ်လရှိတယ်။｜နောက်လမှာ စာမေးပွဲရှိတယ်။｜ဒီလမှာ အရမ်းအလုပ်များတယ်။｜အခု ဩဂုတ်လပါ။｜ဒီလရဲ့ ရာသီဥတုကို ငါကြိုက်တယ်။,月 (yuè) — လ｜月份 (yuèfèn) — လအမည်/လပိုင်း｜这个月 (zhège yuè) — ဒီလ｜下个月 (xià gè yuè) — နောက်လ｜上个月 (shàng gè yuè) — ပြီးခဲ့တဲ့လ
453,1,再,zài,again,ထပ်၍၊ နောက်တစ်ကြိမ်,请再说一遍。｜我想再看一次。｜明天再来吧。｜你再吃一点儿。｜我们下次再见。,Qǐng zài shuō yí biàn.｜Wǒ xiǎng zài kàn yí cì.｜Míngtiān zài lái ba.｜Nǐ zài chī yìdiǎnr.｜Wǒmen xià cì zàijiàn.,Please say it again.｜I want to look at it again.｜Come again tomorrow.｜Eat a little more.｜See you next time.,ကျေးဇူးပြုပြီး ထပ်ပြောပါ။｜မနက်ဖြန် ထပ်လာပါ။｜ငါ ထပ်ကြည့်ချင်တယ်။｜ကျေးဇူးပြုပြီး ရေတစ်ခွက် ထပ်ပေးပါ။｜ငါ နောက်တစ်ကြိမ် စမ်းမယ်။,再 (zài) — ထပ်၍｜再说 (zài shuō) — ထပ်ပြောသည်｜再来 (zài lái) — ထပ်လာသည်｜再看 (zài kàn) — ထပ်ကြည့်သည်｜再一次 (zài yí cì) — နောက်တစ်ကြိမ်
454,1,再见,zàijiàn,Bye,နောက်မှတွေ့မယ်,再见，明天见。｜老师，再见！｜我们下次再见。｜他跟我说再见。｜再见，路上小心。,"Zàijiàn, míngtiān jiàn.｜Lǎoshī, zàijiàn!｜Wǒmen xià cì zàijiàn.｜Tā gēn wǒ shuō zàijiàn.｜Zàijiàn, lùshang xiǎoxīn.","Goodbye, see you tomorrow.｜Goodbye, teacher!｜See you next time.｜He said goodbye to me.｜Goodbye, take care on the way.",နှုတ်ဆက်ပါတယ်၊ မနက်ဖြန်တွေ့မယ်။｜ဆရာ/ဆရာမက ကျွန်တော်တို့ကို နှုတ်ဆက်တယ်။｜ငါ သွားတော့မယ်၊ နှုတ်ဆက်ပါတယ်။｜အတန်းပြီးတော့ ငါတို့ နှုတ်ဆက်ခဲ့တယ်။｜သူငယ်ချင်းတွေ အချင်းချင်း နှုတ်ဆက်ကြတယ်။,再见 (zàijiàn) — နောက်မှတွေ့မယ်｜再见了 (zàijiàn le) — နောက်မှတွေ့မယ်｜明天再见 (míngtiān zàijiàn) — မနက်ဖြန်တွေ့မယ်｜下次再见 (xià cì zàijiàn) — နောက်တစ်ခါတွေ့မယ်｜说再见 (shuō zàijiàn) — နှုတ်ဆက်သည်
455,1,在,zài,stay; in process of,...မှာရှိသည်၊ ...နေသည်,我在学校。｜他在家。｜书在桌子上。｜你在哪里？｜妈妈在医院。,Wǒ zài xuéxiào.｜Tā zài jiā.｜Shū zài zhuōzi shàng.｜Nǐ zài nǎlǐ?｜Māma zài yīyuàn.,I am at school.｜He is at home.｜The book is on the table.｜Where are you?｜Mom is at the hospital.,ငါ ကျောင်းမှာရှိတယ်။｜သူ အိမ်မှာရှိတယ်။｜စာအုပ်က စားပွဲပေါ်မှာရှိတယ်။｜ငါ အခု စာလေ့လာနေတယ်။｜မင်း ဘယ်မှာရှိလဲ။,在 (zài) — ...မှာရှိသည်｜现在 (xiànzài) — အခု｜在哪里 (zài nǎlǐ) — ဘယ်မှာရှိသလဲ｜在学校 (zài xuéxiào) — ကျောင်းမှာ｜在家 (zài jiā) — အိမ်မှာ
456,1,在家,zài jiā,at home,အိမ်မှာရှိသည်,我今天在家。｜妈妈在家做饭。｜他周末在家学习。｜你晚上在家吗？｜我喜欢在家看书。,Wǒ jīntiān zài jiā.｜Māma zài jiā zuòfàn.｜Tā zhōumò zài jiā xuéxí.｜Nǐ wǎnshang zài jiā ma?｜Wǒ xǐhuan zài jiā kànshū.,I am at home today.｜Mom is cooking at home.｜He studies at home on weekends.｜Are you at home tonight?｜I like reading at home.,အမေ အိမ်မှာရှိတယ်။｜ငါ ဒီနေ့ အိမ်မှာ စာလေ့လာတယ်။｜သူက ပိတ်ရက်မှာ အိမ်မှာ အနားယူတယ်။｜မင်း ဒီည အိမ်မှာရှိလား။｜အဖေ အခု အိမ်မှာရှိတယ်။,在家 (zài jiā) — အိမ်မှာရှိသည်｜回家 (huí jiā) — အိမ်ပြန်သည်｜家里 (jiā lǐ) — အိမ်ထဲ/အိမ်မှာ｜在家里 (zài jiā lǐ) — အိမ်မှာ｜家人 (jiārén) — မိသားစု
457,1,早,zǎo,early,စောသည်၊ မနက်စောစော,今天很早。｜我每天早上六点起床。｜你怎么这么早？｜他很早就到了。｜我们明天早点儿出发。,Jīntiān hěn zǎo.｜Wǒ měitiān zǎoshang liù diǎn qǐchuáng.｜Nǐ zěnme zhème zǎo?｜Tā hěn zǎo jiù dào le.｜Wǒmen míngtiān zǎodiǎnr chūfā.,Today is early.｜I get up at six every morning.｜Why are you so early?｜He arrived very early.｜Let's leave a little earlier tomorrow.,ဒီနေ့ စောတယ်။｜ငါ နေ့တိုင်း မနက်စောစောထတယ်။｜သူ အရမ်းစောစော ရောက်လာတယ်။｜ငါတို့ မနက်ဖြန် နည်းနည်းစောပြီး ထွက်မယ်။｜အခု စောသေးတယ်။,早 (zǎo) — စောသည်｜早上 (zǎoshang) — မနက်ပိုင်း｜早饭 (zǎofàn) — မနက်စာ｜早起 (zǎoqǐ) — စောစောထသည်｜早一点儿 (zǎo yìdiǎnr) — နည်းနည်းစောစော
458,1,早饭,zǎo fàn,breakfast,မနက်စာ,我每天吃早饭。｜早饭吃什么？｜妈妈正在做早饭。｜我七点吃早饭。｜今天的早饭很好吃。,Wǒ měitiān chī zǎofàn.｜Zǎofàn chī shénme?｜Māma zhèngzài zuò zǎofàn.｜Wǒ qī diǎn chī zǎofàn.｜Jīntiān de zǎofàn hěn hǎochī.,I eat breakfast every day.｜What are we having for breakfast?｜Mom is making breakfast.｜I eat breakfast at seven.｜Today's breakfast is delicious.,ငါ နေ့တိုင်း မနက်စာစားတယ်။｜မနက်စာ အဆင်သင့်ဖြစ်ပြီ။｜မင်း မနက်စာစားပြီးပြီလား။｜ငါ မနက်စာအတွက် ပေါင်မုန့်စားရတာ ကြိုက်တယ်။｜အဖေ မနက်စာစားနေတယ်။,早饭 (zǎofàn) — မနက်စာ｜吃早饭 (chī zǎofàn) — မနက်စာစားသည်｜做早饭 (zuò zǎofàn) — မနက်စာချက်သည်｜早饭时间 (zǎofàn shíjiān) — မနက်စာစားချိန်｜早饭店 (zǎofàndiàn) — မနက်စာဆိုင်
459,1,早上,zǎoshang,Morning,မနက်ပိုင်း,我每天早上学习。｜早上天气很凉快。｜他早上去上班。｜我喜欢早上喝茶。｜明天早上见。,Wǒ měitiān zǎoshang xuéxí.｜Zǎoshang tiānqì hěn liángkuai.｜Tā zǎoshang qù shàngbān.｜Wǒ xǐhuan zǎoshang hē chá.｜Míngtiān zǎoshang jiàn.,I study every morning.｜The weather is cool in the morning.｜He goes to work in the morning.｜I like drinking tea in the morning.｜See you tomorrow morning.,ငါ နေ့တိုင်း မနက် ၇ နာရီမှာ အိပ်ရာထတယ်။｜မနက်ပိုင်း ရာသီဥတုက အေးမြတယ်။｜ငါ မနက်ပိုင်းမှာ ကျောင်းသွားတယ်။｜သူ နေ့တိုင်း မနက်ပိုင်းမှာ ပြေးတယ်။｜ငါ မနက်ပိုင်းမှာ လက်ဖက်ရည်သောက်ရတာ ကြိုက်တယ်။,早上 (zǎoshang) — မနက်ပိုင်း｜今天早上 (jīntiān zǎoshang) — ဒီနေ့မနက်｜明天早上 (míngtiān zǎoshang) — မနက်ဖြန်မနက်｜早上好 (zǎoshang hǎo) — မင်္ဂလာနံနက်ခင်းပါ｜早上起床 (zǎoshang qǐchuáng) — မနက်အိပ်ရာထသည်
460,1,怎么,zěnme,How,ဘယ်လို၊ ဘယ်လိုလုပ်,你怎么去学校？｜这个怎么吃？｜你怎么了？｜我不知道怎么说。｜这个字怎么读？,Nǐ zěnme qù xuéxiào?｜Zhège zěnme chī?｜Nǐ zěnme le?｜Wǒ bù zhīdào zěnme shuō.｜Zhège zì zěnme dú?,How do you go to school?｜How do you eat this?｜What happened to you?｜I don't know how to say it.｜How do you pronounce this character?,မင်း ကျောင်းကို ဘယ်လိုသွားလဲ။｜ဒါကို ဘယ်လိုစားရမလဲ။｜မင်း ဘာဖြစ်တာလဲ။｜ဘယ်လိုပြောရမလဲ မသိဘူး။｜ဒီစာလုံးကို ဘယ်လိုဖတ်လဲ။,怎么办 (zěnme bàn) — ဘယ်လိုလုပ်မလဲ｜怎么样 (zěnmeyàng) — ဘယ်လိုလဲ｜怎么说 (zěnme shuō) — ဘယ်လိုပြောမလဲ｜怎么做 (zěnme zuò) — ဘယ်လိုလုပ်မလဲ｜怎么回事 (zěnme huí shì) — ဘာဖြစ်တာလဲ
461,1,站（名）,zhàn,station,ဘူတာ၊ ရပ်နေရာ,我在车站等你。｜火车站在哪里？｜我们在站里买票。｜下一站是北京。｜他在公交车站下车。,Wǒ zài chēzhàn děng nǐ.｜Huǒchēzhàn zài nǎlǐ?｜Wǒmen zài zhàn lǐ mǎi piào.｜Xià yí zhàn shì Běijīng.｜Tā zài gōngjiāo chēzhàn xiàchē.,I am waiting for you at the station.｜Where is the train station?｜We buy tickets at the station.｜The next stop is Beijing.｜He gets off at the bus station.,ငါ ဘူတာမှာ မင်းကို စောင့်နေတယ်။｜ရထားဘူတာက ဘယ်မှာလဲ။｜ငါတို့ ဘူတာမှာ လက်မှတ်ဝယ်တယ်။｜နောက်ဘူတာက ပေကျင်းပါ။｜သူ ဘတ်စ်ကားမှတ်တိုင်မှာ ဆင်းတယ်။,车站 (chēzhàn) — ဘူတာ｜火车站 (huǒchēzhàn) — ရထားဘူတာ｜站台 (zhàntái) — ပလက်ဖောင်း｜站长 (zhànzhǎng) — ဘူတာမှူး｜下一站 (xià yí zhàn) — နောက်ဘူတာ
462,1,找,zhǎo,look for,ရှာသည်,我在找我的手机。｜你在找什么？｜我找不到我的书。｜她正在找工作。｜我们一起找吧。,Wǒ zài zhǎo wǒ de shǒujī.｜Nǐ zài zhǎo shénme?｜Wǒ zhǎo bú dào wǒ de shū.｜Tā zhèngzài zhǎo gōngzuò.｜Wǒmen yìqǐ zhǎo ba.,I am looking for my phone.｜What are you looking for?｜I can't find my book.｜She is looking for a job.｜Let's look for it together.,ငါ့ဖုန်းကို ရှာနေတယ်။｜မင်း ဘာရှာနေတာလဲ။｜ငါ့စာအုပ်ကို ရှာမတွေ့ဘူး။｜သူမ အလုပ်ရှာနေတယ်။｜ငါတို့ အတူတူရှာကြမယ်။,寻找 (xúnzhǎo) — ရှာဖွေသည်｜找人 (zhǎo rén) — လူရှာသည်｜找工作 (zhǎo gōngzuò) — အလုပ်ရှာသည်｜找东西 (zhǎo dōngxi) — ပစ္စည်းရှာသည်｜找不到 (zhǎo bú dào) — ရှာမတွေ့ဘူး
463,1,找到,zhǎo dào,find,ရှာတွေ့သည်,我找到我的手机了。｜你找到工作了吗？｜我终于找到他了。｜他找到了一家好吃的饭店。｜我们找到学校了。,Wǒ zhǎodào wǒ de shǒujī le.｜Nǐ zhǎodào gōngzuò le ma?｜Wǒ zhōngyú zhǎodào tā le.｜Tā zhǎodào le yì jiā hǎochī de fàndiàn.｜Wǒmen zhǎodào xuéxiào le.,I found my phone.｜Did you find a job?｜I finally found him.｜He found a delicious restaurant.｜We found the school.,ငါ့ဖုန်းကို ရှာတွေ့ပြီ။｜အလုပ်ရှာတွေ့ပြီလား။｜နောက်ဆုံးတော့ သူ့ကို ရှာတွေ့ပြီ။｜သူ စားကောင်းတဲ့စားသောက်ဆိုင်တစ်ဆိုင်ကို ရှာတွေ့တယ်။｜ငါတို့ ကျောင်းကို ရှာတွေ့ပြီ။,找到 (zhǎodào) — ရှာတွေ့သည်｜找不到 (zhǎo bú dào) — ရှာမတွေ့ဘူး｜找到工作 (zhǎodào gōngzuò) — အလုပ်ရှာတွေ့သည်｜找到家 (zhǎodào jiā) — အိမ်ကိုရှာတွေ့သည်｜终于找到 (zhōngyú zhǎodào) — နောက်ဆုံးတော့ ရှာတွေ့သည်
464,1,这,zhè,Here (here),ဒီ၊ ဤ,这是我的书。｜这个很好吃。｜我喜欢这件衣服。｜这是你的手机吗？｜这是什么？,Zhè shì wǒ de shū.｜Zhège hěn hǎochī.｜Wǒ xǐhuan zhè jiàn yīfu.｜Zhè shì nǐ de shǒujī ma?｜Zhè shì shénme?,This is my book.｜This is delicious.｜I like this piece of clothing.｜Is this your phone?｜What is this?,ဒါက ငါ့စာအုပ်ပါ။｜ဒါက အရမ်းစားကောင်းတယ်။｜ဒီအဝတ်အစားကို ငါကြိုက်တယ်။｜ဒါ မင်းဖုန်းလား။｜ဒါ ဘာလဲ။,这个 (zhège) — ဒီဟာ｜这本 (zhè běn) — ဒီစာအုပ်｜这件 (zhè jiàn) — ဒီအဝတ်အစား/ဒီပစ္စည်း｜这次 (zhè cì) — ဒီတစ်ခါ｜这些 (zhèxiē) — ဒီအရာတွေ
465,1,这边,zhè biān,here,ဒီဘက်,你在这边坐吧。｜这边有一家商店。｜请到这边来。｜这边比较安静。｜他住在这边。,Nǐ zài zhèbiān zuò ba.｜Zhèbiān yǒu yì jiā shāngdiàn.｜Qǐng dào zhèbiān lái.｜Zhèbiān bǐjiào ānjìng.｜Tā zhù zài zhèbiān.,You can sit over here.｜There is a shop over here.｜Please come over here.｜It is quieter over here.｜He lives around here.,ဒီဘက်မှာ ထိုင်ပါ။｜ဒီဘက်မှာ ဆိုင်တစ်ဆိုင်ရှိတယ်။｜ဒီဘက်ကို လာပါ။｜ဒီဘက်က ပိုတိတ်ဆိတ်တယ်။｜သူ ဒီဘက်မှာ နေတယ်။,这边 (zhèbiān) — ဒီဘက်｜那边 (nàbiān) — ဟိုဘက်｜这边儿 (zhèbiānr) — ဒီဘက်｜过来 (guòlái) — ဒီဘက်လာသည်｜到这边 (dào zhèbiān) — ဒီဘက်ကိုလာသည်
466,1,这里,zhè lǐ,here,ဒီနေရာ,我在这里等你。｜这里很漂亮。｜你可以坐这里。｜这里有很多人。｜我住在这里。,Wǒ zài zhèlǐ děng nǐ.｜Zhèlǐ hěn piàoliang.｜Nǐ kěyǐ zuò zhèlǐ.｜Zhèlǐ yǒu hěn duō rén.｜Wǒ zhù zài zhèlǐ.,I am waiting for you here.｜It is beautiful here.｜You can sit here.｜There are many people here.｜I live here.,ငါ ဒီမှာ မင်းကိုစောင့်နေတယ်။｜ဒီမှာ အရမ်းလှတယ်။｜မင်း ဒီမှာထိုင်လို့ရတယ်။｜ဒီမှာ လူအများကြီးရှိတယ်။｜ငါ ဒီမှာနေတယ်။,这里 (zhèlǐ) — ဒီနေရာ｜那里 (nàlǐ) — ဟိုနေရာ｜这里面 (zhèlǐmiàn) — ဒီအထဲ｜这里有 (zhèlǐ yǒu) — ဒီမှာရှိသည်｜从这里 (cóng zhèlǐ) — ဒီနေရာကနေ
467,1,这儿,zhèr,here,ဒီမှာ၊ ဒီနေရာမှာ,我在这儿学习。｜你来这儿吧。｜这儿有一家饭店。｜请坐这儿。｜我昨天来过这儿。,Wǒ zài zhèr xuéxí.｜Nǐ lái zhèr ba.｜Zhèr yǒu yì jiā fàndiàn.｜Qǐng zuò zhèr.｜Wǒ zuótiān lái guo zhèr.,I study here.｜Come here.｜There is a restaurant here.｜Please sit here.｜I came here yesterday.,ငါ ဒီမှာ စာလေ့လာတယ်။｜ဒီကိုလာပါ။｜ဒီမှာ စားသောက်ဆိုင်တစ်ဆိုင်ရှိတယ်။｜ဒီမှာထိုင်ပါ။｜မနေ့က ဒီကိုလာဖူးတယ်။,这儿 (zhèr) — ဒီမှာ｜那儿 (nàr) — ဟိုမှာ｜这儿有 (zhèr yǒu) — ဒီမှာရှိသည်｜来这儿 (lái zhèr) — ဒီကိုလာသည်｜在这儿 (zài zhèr) — ဒီမှာရှိသည်
468,1,这些,zhè xiē,these,ဒီအရာတွေ၊ ဒါတွေ,这些书是我的。｜这些东西很便宜。｜我喜欢这些衣服。｜这些学生都是我的朋友。｜这些是什么？,Zhèxiē shū shì wǒ de.｜Zhèxiē dōngxi hěn piányi.｜Wǒ xǐhuan zhèxiē yīfu.｜Zhèxiē xuéshēng dōu shì wǒ de péngyou.｜Zhèxiē shì shénme?,These books are mine.｜These things are cheap.｜I like these clothes.｜These students are all my friends.｜What are these?,ဒီစာအုပ်တွေက ငါ့ဟာတွေ။｜ဒီပစ္စည်းတွေက ဈေးသက်သာတယ်။｜ဒီအဝတ်အစားတွေကို ငါကြိုက်တယ်။｜ဒီကျောင်းသားတွေက ငါ့သူငယ်ချင်းတွေအားလုံးပါ။｜ဒါတွေက ဘာတွေလဲ။,这些 (zhèxiē) — ဒီအရာတွေ｜这些人 (zhèxiē rén) — ဒီလူတွေ｜这些书 (zhèxiē shū) — ဒီစာအုပ်တွေ｜这些东西 (zhèxiē dōngxi) — ဒီပစ္စည်းတွေ｜这些天 (zhèxiē tiān) — ဒီရက်ပိုင်း
469,1,着,zhe,in process of,…နေသည်၊ …ထားသည်,他正在看书。｜门开着。｜墙上挂着一张照片。｜他穿着一件白衣服。｜桌子上放着一本书。,Tā zhèngzài kàn shū.｜Mén kāizhe.｜Qiáng shàng guàzhe yì zhāng zhàopiàn.｜Tā chuānzhe yí jiàn báiyīfu.｜Zhuōzi shàng fàngzhe yì běn shū.,He is reading a book.｜The door is open.｜There is a picture hanging on the wall.｜He is wearing a white shirt.｜There is a book placed on the table.,သူ စာဖတ်နေတယ်။｜တံခါးဖွင့်ထားတယ်။｜နံရံပေါ်မှာ ဓာတ်ပုံတစ်ပုံ ချိတ်ထားတယ်။｜သူ အဖြူရောင်အင်္ကျီ ဝတ်ထားတယ်။｜စားပွဲပေါ်မှာ စာအုပ်တစ်အုပ် တင်ထားတယ်။,开着 (kāizhe) — ဖွင့်ထားသည်｜坐着 (zuòzhe) — ထိုင်နေသည်｜站着 (zhànzhe) — ရပ်နေသည်｜穿着 (chuānzhe) — ဝတ်ထားသည်｜放着 (fàngzhe) — တင်ထားသည်
470,1,真,zhēn,really,တကယ်၊ အမှန်,他真的很高兴。｜这是真的。｜我真的喜欢中文。｜你真的不去吗？｜今天真的很冷。,Tā zhēnde hěn gāoxìng.｜Zhè shì zhēn de.｜Wǒ zhēnde xǐhuan Zhōngwén.｜Nǐ zhēnde bú qù ma?｜Jīntiān zhēnde hěn lěng.,He is really happy.｜This is true.｜I really like Chinese.｜Are you really not going?｜It is really cold today.,သူ တကယ်ပျော်နေတယ်။｜ဒါက အမှန်ပါ။｜ကျွန်တော်/ကျွန်မ တရုတ်စာကို တကယ်ကြိုက်တယ်။｜မင်း တကယ်မသွားဘူးလား။｜ဒီနေ့ တကယ်အရမ်းအေးတယ်။,真正 (zhēnzhèng) — အမှန်တကယ်｜真心 (zhēnxīn) — စိတ်ရင်းမှန်｜真相 (zhēnxiàng) — အမှန်တရား｜真好 (zhēn hǎo) — တကယ်ကောင်းတယ်｜真棒 (zhēn bàng) — တကယ်တော်တယ်
471,1,真的,zhēn de,really,တကယ်ပဲ၊ အမှန်တကယ်,你说的是真的吗？｜我真的不知道。｜这件事是真的。｜他真的很喜欢中国。｜我真的很累。,Nǐ shuō de shì zhēn de ma?｜Wǒ zhēnde bù zhīdào.｜Zhè jiàn shì shì zhēn de.｜Tā zhēnde hěn xǐhuan Zhōngguó.｜Wǒ zhēnde hěn lèi.,Is what you said true?｜I really don't know.｜This matter is true.｜He really likes China.｜I am really tired.,မင်းပြောတာ အမှန်လား။｜ကျွန်တော်/ကျွန်မ တကယ်မသိဘူး။｜ဒီကိစ္စက အမှန်ပါ။｜သူ တရုတ်နိုင်ငံကို တကယ်ကြိုက်တယ်။｜ကျွန်တော်/ကျွန်မ တကယ်ပင်ပန်းတယ်။,真的 (zhēnde) — တကယ်ပဲ｜真的很 (zhēnde hěn) — တကယ်အရမ်း...｜是真的 (shì zhēn de) — အမှန်ဖြစ်သည်｜真的是 (zhēn de shì) — တကယ်ပဲဖြစ်သည်｜真的啊 (zhēnde a) — တကယ်လား/တကယ်ပဲ
472,1,正（副）,zhèng,just; exactly,တိတိကျကျ၊ အခု,他正在学习。｜她正看电视。｜我正要出去。｜老师正给学生上课。｜他们正吃饭。,Tā zhèngzài xuéxí.｜Tā zhèng kàn diànshì.｜Wǒ zhèng yào chūqù.｜Lǎoshī zhèng gěi xuéshēng shàngkè.｜Tāmen zhèng chīfàn.,He is studying.｜She is watching TV.｜I am about to go out.｜The teacher is teaching the students.｜They are eating.,သူ စာလေ့လာနေတယ်။｜သူမ တီဗီကြည့်နေတယ်။｜ကျွန်တော်/ကျွန်မ အပြင်ထွက်တော့မယ်။｜ဆရာ/ဆရာမက ကျောင်းသားတွေကို စာသင်နေတယ်။｜သူတို့ ထမင်းစားနေတယ်။,正在 (zhèngzài) — ...နေတယ်｜正好 (zhènghǎo) — အတော်တည့်တည့်｜正是 (zhèngshì) — တကယ်ပဲ...ဖြစ်သည်｜正要 (zhèngyào) — ...တော့မည်｜正中间 (zhèng zhōngjiān) — တည့်တည့်အလယ်
473,1,正在,zhèngzài,in process of,…နေတယ်,我正在学习中文。｜他正在看书。｜妈妈正在做饭。｜我们正在上课。｜他们正在开会。,Wǒ zhèngzài xuéxí Zhōngwén.｜Tā zhèngzài kàn shū.｜Māma zhèngzài zuò fàn.｜Wǒmen zhèngzài shàngkè.｜Tāmen zhèngzài kāihuì.,I am studying Chinese.｜He is reading a book.｜Mom is cooking.｜We are having class.｜They are having a meeting.,ကျွန်တော်/ကျွန်မ တရုတ်စာလေ့လာနေတယ်။｜သူ စာအုပ်ဖတ်နေတယ်။｜အမေ ထမင်းချက်နေတယ်။｜ကျွန်တော်တို့ အတန်းတက်နေတယ်။｜သူတို့ အစည်းအဝေးလုပ်နေတယ်။,正在学习 (zhèngzài xuéxí) — စာလေ့လာနေသည်｜正在吃饭 (zhèngzài chīfàn) — ထမင်းစားနေသည်｜正在工作 (zhèngzài gōngzuò) — အလုပ်လုပ်နေသည်｜正在看 (zhèngzài kàn) — ကြည့်နေသည်｜正在下雨 (zhèngzài xiàyǔ) — မိုးရွာနေသည်
474,1,知道,zhīdào,know,သိသည်,我知道他的名字。｜你知道这件事吗？｜我不知道他在哪里。｜我知道怎么做。｜她知道这个消息。,Wǒ zhīdào tā de míngzi.｜Nǐ zhīdào zhè jiàn shì ma?｜Wǒ bù zhīdào tā zài nǎlǐ.｜Wǒ zhīdào zěnme zuò.｜Tā zhīdào zhège xiāoxi.,I know his name.｜Do you know about this matter?｜I don't know where he is.｜I know how to do it.｜She knows this news.,သူ့နာမည်ကို ကျွန်တော်/ကျွန်မ သိတယ်။｜ဒီကိစ္စကို မင်းသိလား။｜သူ ဘယ်မှာရှိလဲဆိုတာ ကျွန်တော်/ကျွန်မ မသိဘူး။｜ဘယ်လိုလုပ်ရမလဲဆိုတာ ကျွန်တော်/ကျွန်မ သိတယ်။｜သူမ ဒီသတင်းကို သိတယ်။,知道了 (zhīdào le) — သိပြီ｜不知道 (bù zhīdào) — မသိဘူး｜知道吗 (zhīdào ma) — သိလား｜知道怎么做 (zhīdào zěnme zuò) — ဘယ်လိုလုပ်ရမလဲ သိသည်｜知道消息 (zhīdào xiāoxi) — သတင်းကို သိသည်
475,1,知识,zhīshi,knowledge,ဗဟုသုတ၊ အသိပညာ,学习知识很重要。｜我喜欢学习新知识。｜这些知识很有用。｜他有很多历史知识。｜我们应该学习更多知识。,Xuéxí zhīshi hěn zhòngyào.｜Wǒ xǐhuan xuéxí xīn zhīshi.｜Zhèxiē zhīshi hěn yǒuyòng.｜Tā yǒu hěn duō lìshǐ zhīshi.｜Wǒmen yīnggāi xuéxí gèng duō zhīshi.,Learning knowledge is important.｜I like learning new knowledge.｜This knowledge is useful.｜He has a lot of historical knowledge.｜We should learn more knowledge.,ဗဟုသုတလေ့လာတာ အရေးကြီးတယ်။｜ကျွန်တော်/ကျွန်မ ဗဟုသုတအသစ်တွေ လေ့လာရတာကြိုက်တယ်။｜ဒီဗဟုသုတတွေက အသုံးဝင်တယ်။｜သူ့မှာ သမိုင်းဗဟုသုတ အများကြီးရှိတယ်။｜ကျွန်တော်တို့ ဗဟုသုတပိုပြီး လေ့လာသင့်တယ်။,知识点 (zhīshí diǎn) — ဗဟုသုတအချက်｜知识面 (zhīshímiàn) — ဗဟုသုတနယ်ပယ်｜知识丰富 (zhīshi fēngfù) — ဗဟုသုတကြွယ်ဝသည်｜知识学习 (zhīshi xuéxí) — ဗဟုသုတလေ့လာခြင်း｜专业知识 (zhuānyè zhīshi) — အထူးပြုဗဟုသုတ
476,1,中,zhōng,middle; in,အလယ်၊ အတွင်း,我在教室中学习。｜他在两个人中间。｜水在杯子中。｜她坐在我们中间。｜学校在商店中。,Wǒ zài jiàoshì zhōng xuéxí.｜Tā zài liǎng gè rén zhōngjiān.｜Shuǐ zài bēizi zhōng.｜Tā zuò zài wǒmen zhōngjiān.｜Xuéxiào zài shāngdiàn zhōng.,I study in the classroom.｜He is between two people.｜The water is in the cup.｜She sits between us.｜The school is inside the shop.,ကျွန်တော်/ကျွန်မ စာသင်ခန်းထဲမှာ စာလေ့လာတယ်။｜သူ လူနှစ်ယောက်ကြားမှာ ရှိတယ်။｜ရေက ခွက်ထဲမှာ ရှိတယ်။｜သူမ ကျွန်တော်တို့ကြားမှာ ထိုင်တယ်။｜ကျောင်းက ဆိုင်ထဲမှာ ရှိတယ်။,中间 (zhōngjiān) — အလယ်｜中心 (zhōngxīn) — ဗဟို｜中间人 (zhōngjiānrén) — ကြားခံလူ｜其中 (qízhōng) — အဲဒီထဲက｜中部 (zhōngbù) — အလယ်ပိုင်း
477,1,中国,zhōngguó,China,တရုတ်နိုင်ငံ,中国很大。｜我想去中国。｜他是中国人。｜中国的天气很好。｜我喜欢中国菜。,Zhōngguó hěn dà.｜Wǒ xiǎng qù Zhōngguó.｜Tā shì Zhōngguó rén.｜Zhōngguó de tiānqì hěn hǎo.｜Wǒ xǐhuan Zhōngguó cài.,China is big.｜I want to go to China.｜He is Chinese.｜The weather in China is good.｜I like Chinese food.,တရုတ်နိုင်ငံက ကြီးမားတယ်။｜ကျွန်တော်/ကျွန်မ တရုတ်နိုင်ငံကို သွားချင်တယ်။｜သူက တရုတ်လူမျိုးပါ။｜တရုတ်နိုင်ငံရဲ့ ရာသီဥတုက ကောင်းတယ်။｜ကျွန်တော်/ကျွန်မ တရုတ်အစားအစာ ကြိုက်တယ်။,中国 (Zhōngguó) — တရုတ်နိုင်ငံ｜中国人 (Zhōngguórén) — တရုတ်လူမျိုး｜中国菜 (Zhōngguócài) — တရုတ်အစားအစာ｜中国话 (Zhōngguóhuà) — တရုတ်စကား｜中国文化 (Zhōngguó wénhuà) — တရုတ်ယဉ်ကျေးမှု
478,1,中间,zhōngjiān,Middle,အလယ်မှာ,我坐在你中间。｜学校在商店和医院中间。｜桌子在房间中间。｜他站在我们中间。｜中间有一张桌子。,Wǒ zuò zài nǐ zhōngjiān.｜Xuéxiào zài shāngdiàn hé yīyuàn zhōngjiān.｜Zhuōzi zài fángjiān zhōngjiān.｜Tā zhàn zài wǒmen zhōngjiān.｜Zhōngjiān yǒu yì zhāng zhuōzi.,I sit between you.｜The school is between the shop and the hospital.｜The table is in the middle of the room.｜He stands between us.｜There is a table in the middle.,ကျွန်တော်/ကျွန်မ မင်းနဲ့ သူ့ကြားမှာ ထိုင်တယ်။｜ကျောင်းက ဆိုင်နဲ့ ဆေးရုံကြားမှာ ရှိတယ်။｜စားပွဲက အခန်းအလယ်မှာ ရှိတယ်။｜သူ ကျွန်တော်တို့ကြားမှာ ရပ်နေတယ်။｜အလယ်မှာ စားပွဲတစ်လုံးရှိတယ်။,中间 (zhōngjiān) — အလယ်｜中间部分 (zhōngjiān bùfen) — အလယ်ပိုင်း｜中间位置 (zhōngjiān wèizhì) — အလယ်နေရာ｜正中间 (zhèng zhōngjiān) — တည့်တည့်အလယ်｜中间人 (zhōngjiānrén) — ကြားခံလူ
479,1,中文,zhōngwén,Chinese,တရုတ်ဘာသာ,我学习中文。｜中文很有意思。｜你会说中文吗？｜我喜欢看中文书。｜她的中文很好。,Wǒ xuéxí Zhōngwén.｜Zhōngwén hěn yǒu yìsi.｜Nǐ huì shuō Zhōngwén ma?｜Wǒ xǐhuan kàn Zhōngwén shū.｜Tā de Zhōngwén hěn hǎo.,I study Chinese.｜Chinese is interesting.｜Can you speak Chinese?｜I like reading Chinese books.｜Her Chinese is very good.,ကျွန်တော်/ကျွန်မ တရုတ်စာလေ့လာတယ်။｜တရုတ်စာက စိတ်ဝင်စားဖို့ကောင်းတယ်။｜မင်း တရုတ်လိုပြောတတ်လား။｜ကျွန်တော်/ကျွန်မ တရုတ်စာအုပ်ဖတ်ရတာကြိုက်တယ်။｜သူမရဲ့ တရုတ်စာက အရမ်းကောင်းတယ်။,中文 (Zhōngwén) — တရုတ်ဘာသာ｜中文课 (Zhōngwén kè) — တရုတ်စာအတန်း｜中文书 (Zhōngwén shū) — တရုတ်စာအုပ်｜中文老师 (Zhōngwén lǎoshī) — တရုတ်စာဆရာ/ဆရာမ｜学中文 (xué Zhōngwén) — တရုတ်စာလေ့လာသည်
480,1,中午,zhōngwǔ,Noon,နေ့လယ်,我中午吃米饭。｜中午十二点吃饭。｜我们中午一起吃饭。｜他中午在家休息。｜今天中午很热。,Wǒ zhōngwǔ chī mǐfàn.｜Zhōngwǔ shí’èr diǎn chīfàn.｜Wǒmen zhōngwǔ yìqǐ chīfàn.｜Tā zhōngwǔ zài jiā xiūxi.｜Jīntiān zhōngwǔ hěn rè.,I eat rice at noon.｜We eat at twelve noon.｜We eat together at noon.｜He rests at home at noon.｜It is very hot at noon today.,ကျွန်တော်/ကျွန်မ နေ့လယ်မှာ ထမင်းစားတယ်။｜နေ့လယ် ၁၂ နာရီမှာ ထမင်းစားတယ်။｜ကျွန်တော်တို့ နေ့လယ်မှာ အတူတူထမင်းစားတယ်။｜သူ နေ့လယ်မှာ အိမ်မှာ အနားယူတယ်။｜ဒီနေ့ နေ့လယ်မှာ အရမ်းပူတယ်။,中午 (zhōngwǔ) — နေ့လယ်｜中午饭 (zhōngwǔfàn) — နေ့လယ်စာ｜中午十二点 (zhōngwǔ shí'èr diǎn) — နေ့လယ် ၁၂ နာရီ｜中午休息 (zhōngwǔ xiūxi) — နေ့လယ်အနားယူသည်｜今天中午 (jīntiān zhōngwǔ) — ဒီနေ့နေ့လယ်
481,1,中学,zhōng xué,middle school,အလယ်တန်းကျောင်း,他在中学学习。｜这是一所中学。｜我姐姐在中学教书。｜中学离我家很近。｜他明年上中学。,Tā zài zhōngxué xuéxí.｜Zhè shì yì suǒ zhōngxué.｜Wǒ jiějie zài zhōngxué jiāoshū.｜Zhōngxué lí wǒ jiā hěn jìn.｜Tā míngnián shàng zhōngxué.,He studies at a middle school.｜This is a middle school.｜My older sister teaches at a middle school.｜The middle school is close to my home.｜He will start middle school next year.,သူ အလယ်တန်းကျောင်းမှာ စာသင်တယ်။｜ဒါက အလယ်တန်းကျောင်းတစ်ကျောင်းပါ။｜ကျွန်တော့်အစ်မက အလယ်တန်းကျောင်းမှာ စာသင်တယ်။｜အလယ်တန်းကျောင်းက ကျွန်တော့်အိမ်နဲ့ နီးတယ်။｜သူ နောက်နှစ် အလယ်တန်းကျောင်းတက်မယ်။,中学生 (zhōngxuéshēng) — အလယ်တန်းကျောင်းသား｜中学校 (zhōngxué xiào) — အလယ်တန်းကျောင်း｜上中学 (shàng zhōngxué) — အလယ်တန်းကျောင်းတက်သည်｜中学老师 (zhōngxué lǎoshī) — အလယ်တန်းဆရာ/ဆရာမ｜中学生活 (zhōngxué shēnghuó) — အလယ်တန်းကျောင်းဘဝ
482,1,中学生,zhōng xué shēng,middle School student,အလယ်တန်းကျောင်းသား,他是中学生。｜这个中学生学习很好。｜很多中学生喜欢运动。｜她是一名中学生。｜中学生每天都要上课。,Tā shì zhōngxuéshēng.｜Zhège zhōngxuéshēng xuéxí hěn hǎo.｜Hěn duō zhōngxuéshēng xǐhuan yùndòng.｜Tā shì yì míng zhōngxuéshēng.｜Zhōngxuéshēng měitiān dōu yào shàngkè.,He is a middle school student.｜This middle school student studies well.｜Many middle school students like sports.｜She is a middle school student.｜Middle school students have classes every day.,သူက အလယ်တန်းကျောင်းသားပါ။｜ဒီအလယ်တန်းကျောင်းသားက စာတော်တယ်။｜အလယ်တန်းကျောင်းသားအများကြီးက အားကစားလုပ်ရတာကြိုက်တယ်။｜သူမက အလယ်တန်းကျောင်းသူပါ။｜အလယ်တန်းကျောင်းသားတွေ နေ့တိုင်း အတန်းတက်ရတယ်။,中学生 (zhōngxuéshēng) — အလယ်တန်းကျောင်းသား｜中学 (zhōngxué) — အလယ်တန်းကျောင်း｜学生 (xuéshēng) — ကျောင်းသား｜高中生 (gāozhōngshēng) — အထက်တန်းကျောင်းသား｜初中生 (chūzhōngshēng) — အလယ်တန်းကျောင်းသား
483,1,重,zhòng,heavy,လေးသည်၊ အလေးချိန်များသည်,这个箱子很重。｜这本书很重。｜我的书包太重了。｜这个桌子很重。｜这件东西很重。,Zhège xiāngzi hěn zhòng.｜Zhè běn shū hěn zhòng.｜Wǒ de shūbāo tài zhòng le.｜Zhège zhuōzi hěn zhòng.｜Zhè jiàn dōngxi hěn zhòng.,This box is heavy.｜This book is heavy.｜My schoolbag is too heavy.｜This table is heavy.｜This thing is heavy.,ဒီသေတ္တာက အရမ်းလေးတယ်။｜ဒီစာအုပ်က အရမ်းလေးတယ်။｜ကျွန်တော့်စာအိတ်က အရမ်းလေးနေပြီ။｜ဒီစားပွဲက အရမ်းလေးတယ်။｜ဒီပစ္စည်းက အရမ်းလေးတယ်။,重量 (zhòngliàng) — အလေးချိန်｜很重 (hěn zhòng) — အရမ်းလေးသည်｜重东西 (zhòng dōngxi) — လေးသောပစ္စည်း｜太重 (tài zhòng) — အရမ်းလေးသည်｜重一点 (zhòng yìdiǎn) — နည်းနည်းပိုလေးသည်
484,1,重要,zhòngyào,important,အရေးကြီးသည်,学习中文很重要。｜健康很重要。｜这个问题很重要。｜时间很重要。｜家人对我很重要。,Xuéxí Zhōngwén hěn zhòngyào.｜Jiànkāng hěn zhòngyào.｜Zhège wèntí hěn zhòngyào.｜Shíjiān hěn zhòngyào.｜Jiārén duì wǒ hěn zhòngyào.,Studying Chinese is important.｜Health is important.｜This problem is important.｜Time is important.｜Family is important to me.,တရုတ်စာလေ့လာတာ အရေးကြီးတယ်။｜ကျန်းမာရေးက အရေးကြီးတယ်။｜ဒီပြဿနာက အရေးကြီးတယ်။｜အချိန်က အရေးကြီးတယ်။｜မိသားစုက ကျွန်တော့်အတွက် အရေးကြီးတယ်။,重要性 (zhòngyàoxìng) — အရေးကြီးမှု｜重要的事 (zhòngyào de shì) — အရေးကြီးသောကိစ္စ｜重要问题 (zhòngyào wèntí) — အရေးကြီးသောပြဿနာ｜非常重要 (fēicháng zhòngyào) — အလွန်အရေးကြီးသည်｜重要信息 (zhòngyào xìnxī) — အရေးကြီးသောအချက်အလက်
485,1,住,zhù,live,နေသည်၊ တည်းခိုသည်,我住在北京。｜你住在哪里？｜我住在学校附近。｜他住在我家。｜我们住在酒店。,Wǒ zhù zài Běijīng.｜Nǐ zhù zài nǎlǐ?｜Wǒ zhù zài xuéxiào fùjìn.｜Tā zhù zài wǒ jiā.｜Wǒmen zhù zài jiǔdiàn.,I live in Beijing.｜Where do you live?｜I live near the school.｜He lives at my house.｜We are staying at a hotel.,ကျွန်တော်/ကျွန်မ ပေကျင်းမှာ နေတယ်။｜မင်း ဘယ်မှာနေလဲ။｜ကျွန်တော်/ကျွန်မ ကျောင်းအနီးမှာ နေတယ်။｜သူ ကျွန်တော့်အိမ်မှာ နေတယ်။｜ကျွန်တော်တို့ ဟိုတယ်မှာ တည်းတယ်။,住处 (zhùchù) — နေထိုင်ရာ｜住房 (zhùfáng) — အိမ်ရာ｜住院 (zhùyuàn) — ဆေးရုံတက်သည်｜住宿 (zhùsù) — တည်းခိုနေထိုင်ခြင်း｜住家 (zhùjiā) — အိမ်မှာနေသည်
486,1,准备,zhǔnbèi,Get ready,ပြင်ဆင်သည်,我准备考试。｜你准备好了吗？｜我正在准备晚饭。｜他准备去中国。｜我们要准备明天的课。,Wǒ zhǔnbèi kǎoshì.｜Nǐ zhǔnbèi hǎo le ma?｜Wǒ zhèngzài zhǔnbèi wǎnfàn.｜Tā zhǔnbèi qù Zhōngguó.｜Wǒmen yào zhǔnbèi míngtiān de kè.,I am preparing for the exam.｜Are you ready?｜I am preparing dinner.｜He is preparing to go to China.｜We need to prepare tomorrow's lesson.,ကျွန်တော်/ကျွန်မ စာမေးပွဲအတွက် ပြင်ဆင်နေတယ်။｜မင်း အဆင်သင့်ဖြစ်ပြီလား။｜ကျွန်တော်/ကျွန်မ ညစာပြင်ဆင်နေတယ်။｜သူ တရုတ်နိုင်ငံကို သွားဖို့ ပြင်ဆင်နေတယ်။｜ကျွန်တော်တို့ မနက်ဖြန်အတန်းအတွက် ပြင်ဆင်ရမယ်။,准备好 (zhǔnbèi hǎo) — အဆင်သင့်ပြင်ဆင်သည်｜准备考试 (zhǔnbèi kǎoshì) — စာမေးပွဲအတွက်ပြင်ဆင်သည်｜准备工作 (zhǔnbèi gōngzuò) — အလုပ်အတွက်ပြင်ဆင်သည်｜准备饭 (zhǔnbèi fàn) — ထမင်း/အစားအစာပြင်ဆင်သည်｜准备出发 (zhǔnbèi chūfā) — ထွက်ခွာရန်ပြင်ဆင်သည်
487,1,桌子,zhuōzi,Table,စားပွဲ,桌子上有一本书。｜我的桌子很大。｜请把书放在桌子上。｜房间里有一张桌子。｜这张桌子很干净。,Zhuōzi shàng yǒu yì běn shū.｜Wǒ de zhuōzi hěn dà.｜Qǐng bǎ shū fàng zài zhuōzi shàng.｜Fángjiān lǐ yǒu yì zhāng zhuōzi.｜Zhè zhāng zhuōzi hěn gānjìng.,There is a book on the table.｜My table is big.｜Please put the book on the table.｜There is a table in the room.｜This table is very clean.,စားပွဲပေါ်မှာ စာအုပ်တစ်အုပ်ရှိတယ်။｜ကျွန်တော့်စားပွဲက ကြီးတယ်။｜စာအုပ်ကို စားပွဲပေါ်တင်ပေးပါ။｜အခန်းထဲမှာ စားပွဲတစ်လုံးရှိတယ်။｜ဒီစားပွဲက သန့်တယ်။,桌面 (zhuōmiàn) — စားပွဲမျက်နှာပြင်｜桌椅 (zhuōyǐ) — စားပွဲနှင့်ကုလားထိုင်｜书桌 (shūzhuō) — စာရေးစားပွဲ｜餐桌 (cānzhuō) — ထမင်းစားစားပွဲ｜桌子上 (zhuōzi shàng) — စားပွဲပေါ်မှာ
488,1,字,zì,"word, character",စာလုံး,这个字怎么读？｜我会写这个字。｜这个字很难。｜请写你的名字和字。｜我不认识这个字。,Zhège zì zěnme dú?｜Wǒ huì xiě zhège zì.｜Zhège zì hěn nán.｜Qǐng xiě nǐ de míngzi hé zì.｜Wǒ bù rènshi zhège zì.,How do you pronounce this character?｜I can write this character.｜This character is difficult.｜Please write your name and character.｜I don't recognize this character.,ဒီစာလုံးကို ဘယ်လိုဖတ်လဲ။｜ဒီစာလုံးကို ရေးတတ်တယ်။｜ဒီစာလုံးက ခက်တယ်။｜မင်းနာမည်နဲ့ စာလုံးရေးပါ။｜ဒီစာလုံးကို မသိဘူး။,汉字 (Hànzì) — တရုတ်စာလုံး｜名字 (míngzi) — နာမည်｜生字 (shēngzì) — မရင်းနှီးသေးသောစာလုံး｜写字 (xiězì) — စာရေးသည်｜字典 (zìdiǎn) — အဘိဓာန်
489,1,子（桌子）,zi （ zhuō zi ）,noun suffix (table),စကားလုံးဖွဲ့ရာ နောက်ဆက်,桌子｜椅子｜房子｜杯子｜车子,Zhuōzi｜Yǐzi｜Fángzi｜Bēizi｜Chēzi,Table｜Chair｜House｜Cup｜Car,စားပွဲ｜ကုလားထိုင်｜အိမ်｜ခွက်｜ကား,桌子 (zhuōzi) — စားပွဲ｜椅子 (yǐzi) — ကုလားထိုင်｜房子 (fángzi) — အိမ်｜杯子 (bēizi) — ခွက်｜车子 (chēzi) — ကား
490,1,走,zǒu,"go, walk",လမ်းလျှောက်/သွားသည်,我们走吧。｜他走得很快。｜我每天走路上学。｜她已经走了。｜请慢慢走。,Wǒmen zǒu ba.｜Tā zǒu de hěn kuài.｜Wǒ měitiān zǒulù shàngxué.｜Tā yǐjīng zǒu le.｜Qǐng mànmàn zǒu.,Let's go.｜He walks very fast.｜I walk to school every day.｜She has already left.｜Please walk slowly.,သွားကြစို့။｜သူ အရမ်းမြန်မြန်သွားတယ်။｜ကျွန်တော်/ကျွန်မ နေ့တိုင်း လမ်းလျှောက်ပြီး ကျောင်းသွားတယ်။｜သူ သွားပြီးပြီ။｜ဖြည်းဖြည်းသွားပါ။,走路 (zǒulù) — လမ်းလျှောက်သည်｜走开 (zǒukāi) — ဖယ်သွားသည်｜走进 (zǒujìn) — လမ်းလျှောက်ဝင်သည်｜走出 (zǒuchū) — လမ်းလျှောက်ထွက်သည်｜走过 (zǒuguò) — ဖြတ်လျှောက်သည်
491,1,走路,zǒu lù,walk,လမ်းလျှောက်သည်,我喜欢走路。｜我每天走路去学校。｜走路对身体很好。｜他正在走路。｜我们一起走路回家。,Wǒ xǐhuan zǒulù.｜Wǒ měitiān zǒulù qù xuéxiào.｜Zǒulù duì shēntǐ hěn hǎo.｜Tā zhèngzài zǒulù.｜Wǒmen yìqǐ zǒulù huí jiā.,I like walking.｜I walk to school every day.｜Walking is good for your health.｜He is walking.｜We walk home together.,ကျွန်တော်/ကျွန်မ လမ်းလျှောက်ရတာကြိုက်တယ်။｜ကျွန်တော်/ကျွန်မ နေ့တိုင်း လမ်းလျှောက်ပြီး ကျောင်းသွားတယ်။｜လမ်းလျှောက်တာ ကျန်းမာရေးအတွက် ကောင်းတယ်။｜သူ လမ်းလျှောက်နေတယ်။｜ကျွန်တော်တို့ အတူတူ လမ်းလျှောက်ပြီး အိမ်ပြန်တယ်။,走路 (zǒulù) — လမ်းလျှောက်သည်｜散步 (sànbù) — လမ်းလျှောက်အပန်းဖြေသည်｜走路去 (zǒulù qù) — လမ်းလျှောက်ပြီးသွားသည်｜走路回家 (zǒulù huí jiā) — လမ်းလျှောက်ပြီးအိမ်ပြန်သည်｜步行 (bùxíng) — လမ်းလျှောက်သွားခြင်း
492,1,最,zuì,most,အ…ဆုံး,这是最好的办法。｜他跑得最快。｜我最喜欢中文。｜今天是最冷的一天。｜这个最好吃。,Zhè shì zuì hǎo de bànfǎ.｜Tā pǎo de zuì kuài.｜Wǒ zuì xǐhuan Zhōngwén.｜Jīntiān shì zuì lěng de yì tiān.｜Zhège zuì hǎochī.,This is the best way.｜He runs the fastest.｜I like Chinese the most.｜Today is the coldest day.｜This tastes the best.,ဒါက အကောင်းဆုံးနည်းလမ်းပါ။｜သူ အမြန်ဆုံးပြေးတယ်။｜ကျွန်တော်/ကျွန်မ တရုတ်စာကို အကြိုက်ဆုံးပဲ။｜ဒီနေ့က အအေးဆုံးနေ့ပဲ။｜ဒါက အစားအသောက်အရသာအကောင်းဆုံးပဲ။,最好 (zuìhǎo) — အကောင်းဆုံး｜最后 (zuìhòu) — နောက်ဆုံး｜最多 (zuìduō) — အများဆုံး｜最快 (zuìkuài) — အမြန်ဆုံး｜最喜欢 (zuì xǐhuan) — အကြိုက်ဆုံး
493,1,最好,zuìhǎo,Best,အကောင်းဆုံး,你最好早点睡觉。｜这个办法最好。｜我们最好明天去。｜你最好先吃饭。｜这是我最好的朋友。,Nǐ zuìhǎo zǎodiǎn shuìjiào.｜Zhège bànfǎ zuìhǎo.｜Wǒmen zuìhǎo míngtiān qù.｜Nǐ zuìhǎo xiān chīfàn.｜Zhè shì wǒ zuìhǎo de péngyou.,You'd better go to sleep early.｜This method is the best.｜We'd better go tomorrow.｜You'd better eat first.｜This is my best friend.,မင်း စောစောအိပ်တာ ပိုကောင်းမယ်။｜ဒီနည်းလမ်းက အကောင်းဆုံးပဲ။｜ငါတို့ မနက်ဖြန်သွားတာ ပိုကောင်းမယ်။｜မင်း အရင်ထမင်းစားတာ ပိုကောင်းမယ်။｜ဒါက ငါ့အကောင်းဆုံးသူငယ်ချင်းပါ။,最好 (zuìhǎo) — အကောင်းဆုံး｜最好吃 (zuì hǎochī) — အစားကောင်းဆုံး｜最好看 (zuì hǎokàn) — အလှဆုံး/ကြည့်ကောင်းဆုံး｜最好听 (zuì hǎotīng) — နားထောင်လို့အကောင်းဆုံး｜最好玩 (zuì hǎowán) — အပျော်ဆုံး
494,1,最后,zuìhòu,Last,နောက်ဆုံး,最后一个是谁？｜他最后回来了。｜我最后决定学习中文。｜最后我们一起回家。｜请最后检查一下。,Zuìhòu yí ge shì shéi?｜Tā zuìhòu huílái le.｜Wǒ zuìhòu juédìng xuéxí Zhōngwén.｜Zuìhòu wǒmen yìqǐ huí jiā.｜Qǐng zuìhòu jiǎnchá yíxià.,"Who is the last one?｜He came back last.｜I finally decided to study Chinese.｜Finally, we went home together.｜Please check it one last time.",နောက်ဆုံးတစ်ယောက်က ဘယ်သူလဲ။｜သူ နောက်ဆုံးမှ ပြန်လာတယ်။｜နောက်ဆုံးတော့ တရုတ်စာလေ့လာဖို့ ဆုံးဖြတ်လိုက်တယ်။｜နောက်ဆုံးမှာ ငါတို့အတူတူ အိမ်ပြန်တယ်။｜နောက်ဆုံးတစ်ခါ စစ်ဆေးပေးပါ။,最后 (zuìhòu) — နောက်ဆုံး｜最后一天 (zuìhòu yì tiān) — နောက်ဆုံးနေ့｜最后一次 (zuìhòu yí cì) — နောက်ဆုံးအကြိမ်｜最后一个 (zuìhòu yí ge) — နောက်ဆုံးတစ်ခု/တစ်ယောက်｜最后决定 (zuìhòu juédìng) — နောက်ဆုံးဆုံးဖြတ်သည်
495,1,昨天,zuótiān,Yesterday,မနေ့က,昨天我很忙。｜我昨天去了学校。｜昨天是星期一。｜你昨天在哪里？｜我昨天看见老师了。,Zuótiān wǒ hěn máng.｜Wǒ zuótiān qù le xuéxiào.｜Zuótiān shì xīngqīyī.｜Nǐ zuótiān zài nǎlǐ?｜Wǒ zuótiān kànjiàn lǎoshī le.,I was very busy yesterday.｜I went to school yesterday.｜Yesterday was Monday.｜Where were you yesterday?｜I saw the teacher yesterday.,မနေ့က ကျွန်တော်/ကျွန်မ အရမ်းအလုပ်များတယ်။｜မနေ့က ကျောင်းသွားတယ်။｜မနေ့က တနင်္လာနေ့ပါ။｜မနေ့က မင်း ဘယ်မှာလဲ။｜မနေ့က ဆရာ/ဆရာမကို တွေ့ခဲ့တယ်။,昨天 (zuótiān) — မနေ့က｜今天 (jīntiān) — ဒီနေ့｜明天 (míngtiān) — မနက်ဖြန်｜昨天晚上 (zuótiān wǎnshang) — မနေ့ည｜昨天早上 (zuótiān zǎoshang) — မနေ့မနက်
496,1,左,zuǒ,left,ဘယ်ဘက်,我的家在左边。｜请向左走。｜商店在左边。｜他坐在我的左边。｜左边有一家饭店。,Wǒ de jiā zài zuǒbiān.｜Qǐng xiàng zuǒ zǒu.｜Shāngdiàn zài zuǒbiān.｜Tā zuò zài wǒ de zuǒbiān.｜Zuǒbiān yǒu yì jiā fàndiàn.,My home is on the left.｜Please go left.｜The shop is on the left.｜He sits on my left.｜There is a restaurant on the left.,ကျွန်တော့်အိမ်က ဘယ်ဘက်မှာရှိတယ်။｜ဘယ်ဘက်ကို သွားပါ။｜ဆိုင်က ဘယ်ဘက်မှာရှိတယ်။｜သူ ကျွန်တော့်ဘယ်ဘက်မှာ ထိုင်တယ်။｜ဘယ်ဘက်မှာ စားသောက်ဆိုင်တစ်ဆိုင်ရှိတယ်။,左边 (zuǒbiān) — ဘယ်ဘက်｜左手 (zuǒshǒu) — ဘယ်လက်｜左边走 (zuǒbiān zǒu) — ဘယ်ဘက်ကိုသွားသည်｜向左 (xiàng zuǒ) — ဘယ်ဘက်သို့｜左右 (zuǒyòu) — ဘယ်ညာ
497,1,左边,zuǒbian,left,ဘယ်ဘက်မှာ,学校在银行左边。｜请坐在我左边。｜左边是商店。｜往左边走。｜我的房间在左边。,Xuéxiào zài yínháng zuǒbiān.｜Qǐng zuò zài wǒ zuǒbiān.｜Zuǒbiān shì shāngdiàn.｜Wǎng zuǒbiān zǒu.｜Wǒ de fángjiān zài zuǒbiān.,The school is to the left of the bank.｜Please sit on my left.｜The shop is on the left.｜Go toward the left.｜My room is on the left.,ကျောင်းက ဘဏ်ရဲ့ ဘယ်ဘက်မှာရှိတယ်။｜ကျွန်တော့်ဘယ်ဘက်မှာ ထိုင်ပါ။｜ဘယ်ဘက်မှာ ဆိုင်ရှိတယ်။｜ဘယ်ဘက်ကို သွားပါ။｜ကျွန်တော့်အခန်းက ဘယ်ဘက်မှာရှိတယ်။,左边 (zuǒbiān) — ဘယ်ဘက်｜左手边 (zuǒshǒubiān) — ဘယ်လက်ဘက်｜左边的 (zuǒbiān de) — ဘယ်ဘက်က｜向左边 (xiàng zuǒbiān) — ဘယ်ဘက်သို့｜左边有 (zuǒbiān yǒu) — ဘယ်ဘက်မှာရှိသည်
498,1,坐,zuò,sit,ထိုင်သည်,请坐。｜我坐在椅子上。｜他坐在我旁边。｜我们坐下来聊天。｜你坐在哪里？,Qǐng zuò.｜Wǒ zuò zài yǐzi shàng.｜Tā zuò zài wǒ pángbiān.｜Wǒmen zuò xiàlái liáotiān.｜Nǐ zuò zài nǎlǐ?,Please sit down.｜I am sitting on the chair.｜He sits beside me.｜We sit down and chat.｜Where are you sitting?,ထိုင်ပါ။｜ကျွန်တော်/ကျွန်မ ကုလားထိုင်ပေါ်မှာ ထိုင်နေတယ်။｜သူ ကျွန်တော့်ဘေးမှာ ထိုင်တယ်။｜ကျွန်တော်တို့ ထိုင်ပြီး စကားပြောတယ်။｜မင်း ဘယ်မှာထိုင်နေတာလဲ။,坐下 (zuòxià) — ထိုင်ချသည်｜坐车 (zuò chē) — ကားစီးသည်｜坐飞机 (zuò fēijī) — လေယာဉ်စီးသည်｜坐在 (zuò zài) — ထိုင်နေသည်｜坐好 (zuò hǎo) — ကောင်းကောင်းထိုင်သည်
499,1,坐下,zuò xià,sit down,ထိုင်ချသည်,请坐下。｜他坐下了。｜大家请坐下。｜我坐下来休息。｜她坐下来看书。,Qǐng zuòxià.｜Tā zuòxià le.｜Dàjiā qǐng zuòxià.｜Wǒ zuò xiàlái xiūxi.｜Tā zuòxià lái kàn shū.,"Please sit down.｜He sat down.｜Everyone, please sit down.｜I sit down to rest.｜She sits down to read.",ထိုင်ပါ။｜သူ ထိုင်လိုက်တယ်။｜အားလုံး ထိုင်ကြပါ။｜ကျွန်တော်/ကျွန်မ ထိုင်ပြီး အနားယူတယ်။｜သူ ထိုင်ပြီး စာဖတ်တယ်။,坐下 (zuòxià) — ထိုင်ချသည်｜坐下来 (zuò xiàlái) — ထိုင်ချလာသည်｜请坐下 (qǐng zuòxià) — ထိုင်ပါ｜坐下休息 (zuòxià xiūxi) — ထိုင်ပြီးအနားယူသည်｜坐下看书 (zuòxià kàn shū) — ထိုင်ပြီးစာဖတ်သည်
500,1,做,zuò,do,လုပ်သည်,我在做作业。｜你在做什么？｜我做饭。｜他做得很好。｜我们一起做吧。,Wǒ zài zuò zuòyè.｜Nǐ zài zuò shénme?｜Wǒ zuò fàn.｜Tā zuò de hěn hǎo.｜Wǒmen yìqǐ zuò ba.,I am doing my homework.｜What are you doing?｜I am cooking.｜He does it very well.｜Let's do it together.,ကျွန်တော်/ကျွန်မ အိမ်စာလုပ်နေတယ်။｜မင်းဘာလုပ်နေတာလဲ။｜ကျွန်တော်/ကျွန်မ ထမင်းချက်တယ်။｜သူလုပ်တာ အရမ်းကောင်းတယ်။｜အတူတူလုပ်ကြရအောင်။,做 (zuò) — လုပ်သည်｜做作业 (zuò zuòyè) — အိမ်စာလုပ်သည်｜做饭 (zuò fàn) — ထမင်းချက်သည်｜做事 (zuò shì) — အလုပ်လုပ်သည်｜做好 (zuò hǎo) — ကောင်းကောင်းလုပ်သည်
501,2,啊,a,auxiliary word,အာ၊ ဟုတ်လား၊ အံ့ဩမှု/အသံထွက်အဆုံးသတ်စကားလုံး,你好吗？啊？｜啊，我知道了。｜真的吗？啊！｜好啊，我们一起去。｜原来是你啊。,"Nǐ hǎo ma? A?｜A, wǒ zhīdào le.｜Zhēn de ma? A!｜Hǎo a, wǒmen yìqǐ qù.｜Yuánlái shì nǐ a.","How are you?｜Oh, I know now.｜Really? Ah!｜Sure, let's go together.｜Oh, so it was you.",နေကောင်းလား။｜အော်၊ သိပြီ။｜တကယ်လား။｜ကောင်းပြီလေ၊ အတူတူသွားကြမယ်။｜အော်၊ မင်းကိုး။,啊 (a) — အာ/နော်｜好啊 (hǎo a) — ကောင်းပြီလေ｜是啊 (shì a) — ဟုတ်တယ်လေ｜对啊 (duì a) — ဟုတ်တယ်လေ｜真的吗 (zhēn de ma) — တကယ်လား
502,2,爱情,àiqíng,Love,အချစ်၊ အချစ်ရေး,我相信爱情。｜他们的爱情很美。｜爱情需要时间。｜她正在谈爱情。｜爱情不是游戏。,Wǒ xiāngxìn àiqíng.｜Tāmen de àiqíng hěn měi.｜Àiqíng xūyào shíjiān.｜Tā zhèngzài tán àiqíng.｜Àiqíng bú shì yóuxì.,I believe in love.｜Their love is beautiful.｜Love needs time.｜She is talking about love.｜Love is not a game.,ကျွန်တော်/ကျွန်မ အချစ်ကိုယုံတယ်။｜သူတို့ရဲ့အချစ်က လှပတယ်။｜အချစ်မှာ အချိန်လိုတယ်။｜သူ အချစ်အကြောင်းပြောနေတယ်။｜အချစ်က ဂိမ်းမဟုတ်ဘူး။,爱 (ài) — ချစ်သည်｜爱情故事 (àiqíng gùshi) — အချစ်ဇာတ်လမ်း｜谈恋爱 (tán liàn’ài) — ချစ်သူထားသည်｜恋爱 (liàn’ài) — အချစ်ရေး｜爱情电影 (àiqíng diànyǐng) — အချစ်ဇာတ်ကား
503,2,爱人,ài rén,lover,ချစ်သူ၊ အိမ်ထောင်ဖက်,他是我的爱人。｜她和爱人一起生活。｜他的爱人很支持他。｜他们是多年的爱人。｜爱人之间应该互相尊重。,Tā shì wǒ de àirén.｜Tā hé àirén yìqǐ shēnghuó.｜Tā de àirén hěn zhīchí tā.｜Tāmen shì duōnián de àirén.｜Àirén zhījiān yīnggāi hùxiāng zūnzhòng.,He is my partner.｜She lives with her partner.｜His partner supports him very much.｜They have been partners for many years.｜Partners should respect each other.,သူက ကျွန်တော်/ကျွန်မရဲ့ ချစ်သူ/အိမ်ထောင်ဖက်ပါ။｜သူက ချစ်သူနဲ့အတူနေတယ်။｜သူ့ချစ်သူက သူ့ကို အရမ်းအားပေးတယ်။｜သူတို့ နှစ်ပေါင်းများစွာ ချစ်သူတွေဖြစ်ကြတယ်။｜ချစ်သူတွေဟာ တစ်ယောက်နဲ့တစ်ယောက် လေးစားသင့်တယ်။,爱 (ài) — ချစ်သည်｜爱人 (àirén) — ချစ်သူ/အိမ်ထောင်ဖက်｜恋人 (liànrén) — ချစ်သူ｜男朋友 (nán péngyou) — ရည်းစားကောင်လေး｜女朋友 (nǚ péngyou) — ရည်းစားကောင်မလေး
504,2,安静,ānjìng,Be quiet,တိတ်ဆိတ်သည်၊ ငြိမ်သက်သည်,请安静。｜教室里很安静。｜孩子们安静地看书。｜这里晚上很安静。｜请大家安静一点。,Qǐng ānjìng.｜Jiàoshì lǐ hěn ānjìng.｜Háizimen ānjìng de kànshū.｜Zhèlǐ wǎnshang hěn ānjìng.｜Qǐng dàjiā ānjìng yìdiǎn.,"Please be quiet.｜The classroom is quiet.｜The children are reading quietly.｜It is very quiet here at night.｜Everyone, please be a little quieter.",တိတ်တိတ်နေပါ။｜စာသင်ခန်းထဲမှာ တိတ်ဆိတ်တယ်။｜ကလေးတွေ တိတ်တိတ်လေး စာဖတ်နေကြတယ်။｜ဒီနေရာက ညဘက်ဆို အရမ်းငြိမ်တယ်။｜အားလုံး နည်းနည်းတိတ်တိတ်နေကြပါ။,安静 (ānjìng) — ငြိမ်သက်သည်｜安静地 (ānjìng de) — တိတ်တိတ်လေး｜安静下来 (ānjìng xiàlái) — ငြိမ်သွားသည်｜安静一点 (ānjìng yìdiǎn) — နည်းနည်းတိတ်တိတ်နေ｜安静的地方 (ānjìng de dìfang) — ငြိမ်သက်သောနေရာ
505,2,安全,ānquán,security,လုံခြုံသည်,这里很安全。｜晚上一个人回家要注意安全。｜这个地方很安全。｜请注意交通安全。｜孩子在这里玩很安全。,Zhèlǐ hěn ānquán.｜Wǎnshang yí gè rén huí jiā yào zhùyì ānquán.｜Zhège dìfang hěn ānquán.｜Qǐng zhùyì jiāotōng ānquán.｜Háizi zài zhèlǐ wán hěn ānquán.,It is safe here.｜Be careful about safety when going home alone at night.｜This place is safe.｜Please pay attention to traffic safety.｜It is safe for children to play here.,ဒီနေရာက လုံခြုံတယ်။｜ညဘက် တစ်ယောက်တည်းအိမ်ပြန်ရင် လုံခြုံရေးကိုဂရုစိုက်ပါ။｜ဒီနေရာက လုံခြုံတယ်။｜ယာဉ်အန္တရာယ်ကင်းရှင်းရေးကို ဂရုစိုက်ပါ။｜ကလေးတွေ ဒီမှာကစားရင် လုံခြုံတယ်။,安全 (ānquán) — လုံခြုံရေး/လုံခြုံသည်｜安全感 (ānquán gǎn) — လုံခြုံတယ်လို့ခံစားချက်｜安全带 (ānquán dài) — ထိုင်ခုံခါးပတ်｜交通安全 (jiāotōng ānquán) — ယာဉ်အန္တရာယ်ကင်းရှင်းရေး｜安全问题 (ānquán wèntí) — လုံခြုံရေးပြဿနာ
506,2,白色,bái sè,white,အဖြူရောင်,我喜欢白色。｜她穿了一件白色的衣服。｜这是一张白色的纸。｜我的猫是白色的。｜白色的花很漂亮。,Wǒ xǐhuan báisè.｜Tā chuān le yí jiàn báisè de yīfu.｜Zhè shì yì zhāng báisè de zhǐ.｜Wǒ de māo shì báisè de.｜Báisè de huā hěn piàoliang.,I like white.｜She is wearing white clothes.｜This is a piece of white paper.｜My cat is white.｜White flowers are beautiful.,ကျွန်တော်/ကျွန်မ အဖြူရောင်ကြိုက်တယ်။｜သူ အဖြူရောင်အင်္ကျီဝတ်ထားတယ်။｜ဒါ အဖြူရောင်စာရွက်တစ်ရွက်ပါ။｜ကျွန်တော်/ကျွန်မရဲ့ကြောင်က အဖြူရောင်ပါ။｜အဖြူရောင်ပန်းတွေက လှတယ်။,白 (bái) — အဖြူ｜白色 (báisè) — အဖြူရောင်｜白天 (báitiān) — နေ့ခင်း｜白纸 (báizhǐ) — အဖြူရောင်စာရွက်｜白衣服 (bái yīfu) — အဖြူရောင်အဝတ်အစား
507,2,班长,bān zhǎng,monitor; squad leader,အတန်းခေါင်းဆောင်,他是我们班的班长。｜班长正在开会。｜班长帮助同学。｜我们的班长很认真。｜老师让班长收作业。,Tā shì wǒmen bān de bānzhǎng.｜Bānzhǎng zhèngzài kāihuì.｜Bānzhǎng bāngzhù tóngxué.｜Wǒmen de bānzhǎng hěn rènzhēn.｜Lǎoshī ràng bānzhǎng shōu zuòyè.,He is our class monitor.｜The class monitor is having a meeting.｜The class monitor helps classmates.｜Our class monitor is very serious.｜The teacher asked the class monitor to collect the homework.,သူက ကျွန်တော်တို့အတန်းရဲ့ အတန်းခေါင်းဆောင်ပါ။｜အတန်းခေါင်းဆောင် အစည်းအဝေးလုပ်နေတယ်။｜အတန်းခေါင်းဆောင်က အတန်းဖော်တွေကို ကူညီတယ်။｜ကျွန်တော်တို့အတန်းခေါင်းဆောင်က အရမ်းအလေးအနက်ထားတယ်။｜ဆရာ/ဆရာမက အတန်းခေါင်းဆောင်ကို အိမ်စာတွေသိမ်းခိုင်းတယ်။,班 (bān) — အတန်း｜同学 (tóngxué) — အတန်းဖော်｜班级 (bānjí) — အတန်း/အတန်းအဖွဲ့｜老师 (lǎoshī) — ဆရာ/ဆရာမ｜班主任 (bānzhǔrèn) — အတန်းတာဝန်ခံဆရာ/ဆရာမ
508,2,办,bàn,do,လုပ်သည်၊ ဆောင်ရွက်သည်၊ ဖြေရှင်းသည်,我不会办这件事。｜你能帮我办吗？｜这件事很难办。｜他正在办理手续。｜我去办公室办事情。,Wǒ bú huì bàn zhè jiàn shì.｜Nǐ néng bāng wǒ bàn ma?｜Zhè jiàn shì hěn nán bàn.｜Tā zhèngzài bànlǐ shǒuxù.｜Wǒ qù bàngōngshì bàn shìqing.,I don't know how to handle this.｜Can you help me handle it?｜This matter is difficult to handle.｜He is handling the procedures.｜I am going to the office to deal with something.,ဒီကိစ္စကို ဘယ်လိုလုပ်ရမလဲ မသိဘူး။｜မင်း ငါ့ကို ကူပြီးလုပ်ပေးနိုင်လား။｜ဒီကိစ္စက လုပ်ဖို့ခက်တယ်။｜သူ လုပ်ထုံးလုပ်နည်းတွေ ဆောင်ရွက်နေတယ်။｜ကျွန်တော်/ကျွန်မ ရုံးခန်းကို ကိစ္စတစ်ခုလုပ်ဖို့သွားတယ်။,办法 (bànfǎ) — နည်းလမ်း｜办理 (bànlǐ) — ဆောင်ရွက်သည်｜办事 (bànshì) — ကိစ္စဆောင်ရွက်သည်｜办公室 (bàngōngshì) — ရုံးခန်း｜办好 (bànhǎo) — ကောင်းကောင်းဆောင်ရွက်ပြီးစီးသည်
509,2,办法,bànfǎ,Way,နည်းလမ်း,你有什么办法？｜我们要想办法。｜这个办法很好。｜我没有别的办法。｜他想到了一个好办法。,Nǐ yǒu shénme bànfǎ?｜Wǒmen yào xiǎng bànfǎ.｜Zhège bànfǎ hěn hǎo.｜Wǒ méiyǒu bié de bànfǎ.｜Tā xiǎngdào le yí ge hǎo bànfǎ.,What solution do you have?｜We need to think of a way.｜This method is very good.｜I have no other way.｜He thought of a good solution.,မင်းမှာ ဘာနည်းလမ်းရှိလဲ။｜ကျွန်တော်တို့ နည်းလမ်းစဉ်းစားရမယ်။｜ဒီနည်းလမ်းက အရမ်းကောင်းတယ်။｜တခြားနည်းလမ်း မရှိဘူး။｜သူ နည်းလမ်းကောင်းတစ်ခု စဉ်းစားမိတယ်။,方法 (fāngfǎ) — နည်းလမ်း｜办法 (bànfǎ) — နည်းလမ်း｜想办法 (xiǎng bànfǎ) — နည်းလမ်းစဉ်းစားသည်｜好办法 (hǎo bànfǎ) — နည်းလမ်းကောင်း｜没有办法 (méiyǒu bànfǎ) — နည်းလမ်းမရှိ
510,2,办公室,bàngōngshì,Office,ရုံးခန်း,老师在办公室。｜我的办公室在二楼。｜他每天去办公室工作。｜办公室里有很多人。｜请到办公室来。,Lǎoshī zài bàngōngshì.｜Wǒ de bàngōngshì zài èr lóu.｜Tā měitiān qù bàngōngshì gōngzuò.｜Bàngōngshì lǐ yǒu hěn duō rén.｜Qǐng dào bàngōngshì lái.,The teacher is in the office.｜My office is on the second floor.｜He goes to the office to work every day.｜There are many people in the office.｜Please come to the office.,ဆရာ/ဆရာမက ရုံးခန်းမှာရှိတယ်။｜ကျွန်တော်/ကျွန်မရဲ့ ရုံးခန်းက ဒုတိယထပ်မှာရှိတယ်။｜သူ နေ့တိုင်း ရုံးခန်းကို အလုပ်လုပ်ဖို့သွားတယ်။｜ရုံးခန်းထဲမှာ လူအများကြီးရှိတယ်။｜ရုံးခန်းကို လာပါ။,工作 (gōngzuò) — အလုပ်｜公司 (gōngsī) — ကုမ္ပဏီ｜办公室 (bàngōngshì) — ရုံးခန်း｜办公桌 (bàngōngzhuō) — ရုံးစားပွဲ｜办公室里 (bàngōngshì lǐ) — ရုံးခန်းထဲမှာ
511,2,半夜,bàn yè,midnight,ညသန်းခေါင်,他半夜才回家。｜我半夜醒了。｜半夜不要大声说话。｜她半夜还在学习。｜外面半夜很安静。,Tā bànyè cái huí jiā.｜Wǒ bànyè xǐng le.｜Bànyè bú yào dàshēng shuōhuà.｜Tā bànyè hái zài xuéxí.｜Wàimiàn bànyè hěn ānjìng.,He didn't get home until midnight.｜I woke up at midnight.｜Don't speak loudly at midnight.｜She is still studying at midnight.｜It is very quiet outside at midnight.,သူ ညသန်းခေါင်မှ အိမ်ပြန်ရောက်တယ်။｜ကျွန်တော်/ကျွန်မ ညသန်းခေါင်မှာ နိုးလာတယ်။｜ညသန်းခေါင်မှာ အသံကျယ်ကျယ်မပြောနဲ့။｜သူ ညသန်းခေါင်တောင် စာလေ့လာနေတုန်းပဲ။｜အပြင်မှာ ညသန်းခေါင်ဆို အရမ်းတိတ်တယ်။,夜 (yè) — ည｜晚上 (wǎnshang) — ညနေ/ည｜半夜 (bànyè) — ညသန်းခေါင်｜深夜 (shēnyè) — ညနက်｜夜里 (yèlǐ) — ညအချိန်
512,2,帮助,bāngzhù,Help,ကူညီသည်,谢谢你的帮助。｜我需要你的帮助。｜他帮助了我很多。｜我们应该互相帮助。｜老师帮助学生学习。,Xièxie nǐ de bāngzhù.｜Wǒ xūyào nǐ de bāngzhù.｜Tā bāngzhù le wǒ hěn duō.｜Wǒmen yīnggāi hùxiāng bāngzhù.｜Lǎoshī bāngzhù xuéshēng xuéxí.,Thank you for your help.｜I need your help.｜He helped me a lot.｜We should help each other.｜The teacher helps students study.,ကူညီပေးလို့ ကျေးဇူးတင်ပါတယ်။｜မင်းရဲ့အကူအညီလိုတယ်။｜သူ ကျွန်တော်/ကျွန်မကို အများကြီးကူညီပေးခဲ့တယ်။｜ကျွန်တော်တို့ တစ်ယောက်နဲ့တစ်ယောက် ကူညီသင့်တယ်။｜ဆရာ/ဆရာမက ကျောင်းသားတွေကို စာလေ့လာဖို့ ကူညီတယ်။,帮 (bāng) — ကူညီသည်｜帮助 (bāngzhù) — အကူအညီ/ကူညီသည်｜帮忙 (bāngmáng) — ကူညီသည်｜帮我 (bāng wǒ) — ငါ့ကိုကူညီပါ｜互相帮助 (hùxiāng bāngzhù) — အပြန်အလှန်ကူညီသည်
513,2,饱,bǎo,full,ဗိုက်ပြည့်သည်,我吃饱了。｜你吃饱了吗？｜孩子已经吃饱了。｜这顿饭让我很饱。｜吃得太多会很饱。,Wǒ chī bǎo le.｜Nǐ chī bǎo le ma?｜Háizi yǐjīng chī bǎo le.｜Zhè dùn fàn ràng wǒ hěn bǎo.｜Chī de tài duō huì hěn bǎo.,I am full.｜Are you full?｜The child is already full.｜This meal made me very full.｜Eating too much will make you very full.,ကျွန်တော်/ကျွန်မ ဗိုက်ပြည့်ပြီ။｜မင်း ဗိုက်ပြည့်ပြီလား။｜ကလေးက ဗိုက်ပြည့်ပြီးပြီ။｜ဒီထမင်းက ကျွန်တော်/ကျွန်မကို ဗိုက်အရမ်းပြည့်စေတယ်။｜အများကြီးစားရင် ဗိုက်အရမ်းပြည့်သွားမယ်။,饱了 (bǎo le) — ဗိုက်ပြည့်ပြီ｜吃饱 (chī bǎo) — စားပြီးဗိုက်ပြည့်သည်｜吃饱了 (chī bǎo le) — စားပြီးပြီ｜很饱 (hěn bǎo) — အရမ်းဗိုက်ပြည့်သည်｜不饱 (bù bǎo) — ဗိုက်မပြည့်သေး
514,2,报名,bàomíng,sign up,စာရင်းပေးသည်,我要报名学汉语。｜你报名了吗？｜我已经报名了。｜学生正在报名。｜报名时间是今天。,Wǒ yào bàomíng xué Hànyǔ.｜Nǐ bàomíng le ma?｜Wǒ yǐjīng bàomíng le.｜Xuéshēng zhèngzài bàomíng.｜Bàomíng shíjiān shì jīntiān.,I want to register to study Chinese.｜Have you registered?｜I have already registered.｜The students are registering.｜The registration time is today.,ကျွန်တော်/ကျွန်မ တရုတ်စာသင်ဖို့ စာရင်းပေးမယ်။｜မင်း စာရင်းပေးပြီးပြီလား။｜ကျွန်တော်/ကျွန်မ စာရင်းပေးပြီးပြီ။｜ကျောင်းသားတွေ စာရင်းပေးနေကြတယ်။｜စာရင်းပေးရမယ့်အချိန်က ဒီနေ့ပါ။,报名表 (bàomíngbiǎo) — စာရင်းပေးဖောင်｜报名费 (bàomíngfèi) — စာရင်းပေးခ｜报名时间 (bàomíng shíjiān) — စာရင်းပေးချိန်｜报名参加 (bàomíng cānjiā) — ပါဝင်ရန်စာရင်းပေးသည်｜网上报名 (wǎngshàng bàomíng) — အွန်လိုင်းမှစာရင်းပေးသည်
515,2,报纸,bàozhǐ,Newspaper,သတင်းစာ,我每天看报纸。｜爸爸喜欢看报纸。｜今天的报纸很有意思。｜我在网上看报纸。｜他买了一份报纸。,Wǒ měitiān kàn bàozhǐ.｜Bàba xǐhuan kàn bàozhǐ.｜Jīntiān de bàozhǐ hěn yǒu yìsi.｜Wǒ zài wǎngshàng kàn bàozhǐ.｜Tā mǎi le yí fèn bàozhǐ.,I read the newspaper every day.｜Dad likes reading newspapers.｜Today's newspaper is interesting.｜I read newspapers online.｜He bought a newspaper.,ကျွန်တော်/ကျွန်မ နေ့တိုင်း သတင်းစာဖတ်တယ်။｜အဖေက သတင်းစာဖတ်ရတာကြိုက်တယ်။｜ဒီနေ့သတင်းစာက စိတ်ဝင်စားဖို့ကောင်းတယ်။｜ကျွန်တော်/ကျွန်မ အွန်လိုင်းမှာ သတင်းစာဖတ်တယ်။｜သူ သတင်းစာတစ်စောင်ဝယ်တယ်။,报纸 (bàozhǐ) — သတင်းစာ｜日报 (rìbào) — နေ့စဉ်သတင်းစာ｜新闻 (xīnwén) — သတင်း｜报纸上 (bàozhǐ shàng) — သတင်းစာပေါ်တွင်｜看报纸 (kàn bàozhǐ) — သတင်းစာဖတ်သည်
516,2,北方,běifāng,north,မြောက်ပိုင်း၊ မြောက်ဘက်,中国北方冬天很冷。｜他来自北方。｜北方的天气比较冷。｜我想去北方旅行。｜北方有很多漂亮的城市。,Zhōngguó běifāng dōngtiān hěn lěng.｜Tā láizì běifāng.｜Běifāng de tiānqì bǐjiào lěng.｜Wǒ xiǎng qù běifāng lǚxíng.｜Běifāng yǒu hěn duō piàoliang de chéngshì.,Winters are cold in northern China.｜He is from the north.｜The weather in the north is relatively cold.｜I want to travel to the north.｜There are many beautiful cities in the north.,တရုတ်နိုင်ငံမြောက်ပိုင်းမှာ ဆောင်းရာသီက အရမ်းအေးတယ်။｜သူက မြောက်ပိုင်းကလာတာ။｜မြောက်ပိုင်းရာသီဥတုက ပိုအေးတယ်။｜ကျွန်တော်/ကျွန်မ မြောက်ပိုင်းကို ခရီးသွားချင်တယ်။｜မြောက်ပိုင်းမှာ လှပတဲ့မြို့တွေ အများကြီးရှိတယ်။,北边 (běibiān) — မြောက်ဘက်｜北方 (běifāng) — မြောက်ပိုင်း｜北京 (Běijīng) — ပေကျင်း｜东北 (dōngběi) — အရှေ့မြောက်｜西北 (xīběi) — အနောက်မြောက်
517,2,背（动）,bēi,carry on the back; shoulder,အလွတ်မှတ်ထားသည်,我每天背十个汉字。｜学生正在背课文。｜我已经背下来了。｜她喜欢背单词。｜请把这句话背下来。,Wǒ měitiān bèi shí ge Hànzì.｜Xuéshēng zhèngzài bèi kèwén.｜Wǒ yǐjīng bèi xiàlái le.｜Tā xǐhuan bèi dāncí.｜Qǐng bǎ zhè jù huà bèi xiàlái.,I memorize ten Chinese characters every day.｜The student is memorizing the text.｜I have memorized it.｜She likes memorizing vocabulary.｜Please memorize this sentence.,ကျွန်တော်/ကျွန်မ နေ့တိုင်း တရုတ်စာလုံး ၁၀ လုံး အလွတ်ကျက်တယ်။｜ကျောင်းသားက သင်ခန်းစာကို အလွတ်ကျက်နေတယ်။｜ကျွန်တော်/ကျွန်မ အလွတ်ကျက်ပြီးပြီ။｜သူက ဝေါဟာရတွေ အလွတ်ကျက်ရတာကြိုက်တယ်။｜ဒီစာကြောင်းကို အလွတ်ကျက်ပါ။,背书 (bèi shū) — စာအလွတ်ကျက်သည်｜背课文 (bèi kèwén) — သင်ခန်းစာအလွတ်ကျက်သည်｜背单词 (bèi dāncí) — ဝေါဟာရအလွတ်ကျက်သည်｜背下来 (bèi xiàlái) — အလွတ်ကျက်ထားသည်｜背诵 (bèisòng) — အလွတ်ရွတ်ဆိုသည်
518,2,比如,bǐrú,such as,ဥပမာ,我喜欢很多水果，比如苹果和香蕉。｜我有很多爱好，比如看书。｜比如，你可以坐公交车去。｜中国有很多城市，比如北京。｜比如说，我们明天可以去。,"Wǒ xǐhuan hěn duō shuǐguǒ, bǐrú píngguǒ hé xiāngjiāo.｜Wǒ yǒu hěn duō àihào, bǐrú kànshū.｜Bǐrú, nǐ kěyǐ zuò gōngjiāochē qù.｜Zhōngguó yǒu hěn duō chéngshì, bǐrú Běijīng.｜Bǐrú shuō, wǒmen míngtiān kěyǐ qù.","I like many fruits, such as apples and bananas.｜I have many hobbies, such as reading.｜For example, you can take the bus.｜China has many cities, such as Beijing.｜For example, we can go tomorrow.",ကျွန်တော်/ကျွန်မ သစ်သီးအများကြီးကြိုက်တယ်၊ ဥပမာ ပန်းသီးနဲ့ ငှက်ပျောသီး။｜ကျွန်တော်/ကျွန်မမှာ ဝါသနာအများကြီးရှိတယ်၊ ဥပမာ စာဖတ်တာ။｜ဥပမာ မင်းဘတ်စ်ကားစီးပြီး သွားလို့ရတယ်။｜တရုတ်မှာ မြို့တွေအများကြီးရှိတယ်၊ ဥပမာ ပေကျင်း။｜ဥပမာပြောရရင် မနက်ဖြန် သွားလို့ရတယ်။,例如 (lìrú) — ဥပမာ｜比如说 (bǐrú shuō) — ဥပမာပြောရရင်｜比如 (bǐrú) — ဥပမာ｜举例 (jǔlì) — ဥပမာပေးသည်｜例子 (lìzi) — ဥပမာ
519,2,比如说,bǐ rú shuō,for example,ဥပမာပြောရရင်,比如说，你喜欢什么？｜比如说，我喜欢看电影。｜比如说，我们可以一起学习。｜比如说，北京冬天很冷。｜比如说，你可以先休息。,"Bǐrú shuō, nǐ xǐhuan shénme?｜Bǐrú shuō, wǒ xǐhuan kàn diànyǐng.｜Bǐrú shuō, wǒmen kěyǐ yìqǐ xuéxí.｜Bǐrú shuō, Běijīng dōngtiān hěn lěng.｜Bǐrú shuō, nǐ kěyǐ xiān xiūxi.","For example, what do you like?｜For example, I like watching movies.｜For example, we can study together.｜For example, Beijing is cold in winter.｜For example, you can rest first.",ဥပမာပြောရရင် မင်းဘာကြိုက်လဲ။｜ဥပမာပြောရရင် ကျွန်တော်/ကျွန်မ ရုပ်ရှင်ကြည့်ရတာကြိုက်တယ်။｜ဥပမာပြောရရင် ကျွန်တော်တို့ အတူတူစာလေ့လာလို့ရတယ်။｜ဥပမာပြောရရင် ပေကျင်းက ဆောင်းရာသီမှာ အရမ်းအေးတယ်။｜ဥပမာပြောရရင် မင်းအရင်နားလို့ရတယ်။,比如 (bǐrú) — ဥပမာ｜例如 (lìrú) — ဥပမာ｜举例来说 (jǔlì lái shuō) — ဥပမာပြောရရင်｜举个例子 (jǔ ge lìzi) — ဥပမာတစ်ခုပေးရရင်｜例子 (lìzi) — ဥပမာ
520,2,笔,bǐ,pen,ဘောပင်၊ ခဲတံ,我用笔写字。｜这支笔很好写。｜我的笔在桌子上。｜请给我一支笔。｜他的笔是黑色的。,Wǒ yòng bǐ xiězì.｜Zhè zhī bǐ hěn hǎo xiě.｜Wǒ de bǐ zài zhuōzi shàng.｜Qǐng gěi wǒ yì zhī bǐ.｜Tā de bǐ shì hēisè de.,I write with a pen.｜This pen writes well.｜My pen is on the table.｜Please give me a pen.｜His pen is black.,ကျွန်တော်/ကျွန်မ ဘောပင်နဲ့ စာရေးတယ်။｜ဒီဘောပင်က ရေးလို့ကောင်းတယ်။｜ကျွန်တော်/ကျွန်မရဲ့ ဘောပင်က စားပွဲပေါ်မှာရှိတယ်။｜ကျွန်တော်/ကျွန်မကို ဘောပင်တစ်ချောင်းပေးပါ။｜သူ့ဘောပင်က အနက်ရောင်ပါ။,铅笔 (qiānbǐ) — ခဲတံ｜钢笔 (gāngbǐ) — ဖောင်တိန်｜圆珠笔 (yuánzhūbǐ) — ဘောပင်｜彩笔 (cǎibǐ) — ရောင်စုံဘောပင်｜毛笔 (máobǐ) — တရုတ်စုတ်တံ
521,2,笔记,bǐ jì,note; notes,မှတ်စု,我正在写笔记。｜我喜欢做课堂笔记。｜这些笔记很重要。｜请看一下我的笔记。｜我把老师说的话记在笔记里。,Wǒ zhèngzài xiě bǐjì.｜Wǒ xǐhuan zuò kètáng bǐjì.｜Zhèxiē bǐjì hěn zhòngyào.｜Qǐng kàn yíxià wǒ de bǐjì.｜Wǒ bǎ lǎoshī shuō de huà jì zài bǐjì lǐ.,I am taking notes.｜I like taking class notes.｜These notes are important.｜Please look at my notes.｜I wrote what the teacher said in my notes.,ကျွန်တော်/ကျွန်မ မှတ်စုရေးနေတယ်။｜ကျွန်တော်/ကျွန်မ စာသင်ချိန်မှတ်စုရေးရတာကြိုက်တယ်။｜ဒီမှတ်စုတွေက အရေးကြီးတယ်။｜ကျွန်တော်/ကျွန်မရဲ့ မှတ်စုကို ကြည့်ပါ။｜ဆရာ/ဆရာမ ပြောတာတွေကို မှတ်စုထဲရေးထားတယ်။,笔记本 (bǐjìběn) — မှတ်စုစာအုပ်｜做笔记 (zuò bǐjì) — မှတ်စုရေးသည်｜课堂笔记 (kètáng bǐjì) — အတန်းမှတ်စု｜读书笔记 (dúshū bǐjì) — စာဖတ်မှတ်စု｜笔记内容 (bǐjì nèiróng) — မှတ်စုအကြောင်းအရာ
522,2,笔记本,bǐjìběn,Notebook,မှတ်စုစာအုပ်,我的笔记本在书包里。｜我买了一个新笔记本。｜请把名字写在笔记本上。｜这个笔记本很好用。｜我的笔记本已经写满了。,Wǒ de bǐjìběn zài shūbāo lǐ.｜Wǒ mǎi le yí ge xīn bǐjìběn.｜Qǐng bǎ míngzi xiě zài bǐjìběn shàng.｜Zhège bǐjìběn hěn hǎo yòng.｜Wǒ de bǐjìběn yǐjīng xiě mǎn le.,My notebook is in my schoolbag.｜I bought a new notebook.｜Please write your name in the notebook.｜This notebook is very useful.｜My notebook is already full.,ကျွန်တော်/ကျွန်မရဲ့ မှတ်စုစာအုပ်က လွယ်အိတ်ထဲမှာရှိတယ်။｜ကျွန်တော်/ကျွန်မ မှတ်စုစာအုပ်အသစ်တစ်အုပ်ဝယ်တယ်။｜မှတ်စုစာအုပ်ပေါ်မှာ နာမည်ရေးပါ။｜ဒီမှတ်စုစာအုပ်က သုံးရတာအရမ်းကောင်းတယ်။｜ကျွန်တော်/ကျွန်မရဲ့ မှတ်စုစာအုပ်က ရေးပြည့်သွားပြီ။,本子 (běnzi) — စာအုပ်ငယ်｜笔记本 (bǐjìběn) — မှတ်စုစာအုပ်｜练习本 (liànxíběn) — လေ့ကျင့်ခန်းစာအုပ်｜作业本 (zuòyèběn) — အိမ်စာစာအုပ်｜日记本 (rìjìběn) — ဒိုင်ယာရီစာအုပ်
523,2,必须,bìxū,Must,မဖြစ်မနေ၊ လုပ်ရမည်,你必须早点睡觉。｜学生必须认真学习。｜我们必须按时到学校。｜你必须告诉我。｜做作业必须认真。,Nǐ bìxū zǎodiǎn shuìjiào.｜Xuéshēng bìxū rènzhēn xuéxí.｜Wǒmen bìxū ànshí dào xuéxiào.｜Nǐ bìxū gàosu wǒ.｜Zuò zuòyè bìxū rènzhēn.,You must go to bed early.｜Students must study seriously.｜We must arrive at school on time.｜You must tell me.｜You must do your homework carefully.,မင်း စောစောအိပ်ရမယ်။｜ကျောင်းသားတွေ စာကို အလေးအနက်ထားပြီး လေ့လာရမယ်။｜ကျွန်တော်တို့ ကျောင်းကို အချိန်မီရောက်ရမယ်။｜မင်း ကျွန်တော့်/ကျွန်မကို ပြောရမယ်။｜အိမ်စာကို သေချာလုပ်ရမယ်။,必要 (bìyào) — လိုအပ်သည်｜必须要 (bìxū yào) — မဖြစ်မနေလိုသည်｜必须做 (bìxū zuò) — မဖြစ်မနေလုပ်ရသည်｜必须去 (bìxū qù) — မဖြစ်မနေသွားရသည်｜不必 (bú bì) — မလိုအပ်
524,2,边,biān,side,အစွန်း၊ ဘက်,请坐在我这边。｜学校在路边。｜桌子边有一把椅子。｜我站在门边。｜他坐在我旁边。,Qǐng zuò zài wǒ zhèbiān.｜Xuéxiào zài lùbiān.｜Zhuōzi biān yǒu yì bǎ yǐzi.｜Wǒ zhàn zài ménbiān.｜Tā zuò zài wǒ pángbiān.,Please sit on my side.｜The school is beside the road.｜There is a chair beside the table.｜I am standing beside the door.｜He sits beside me.,ဒီဘက်မှာ ထိုင်ပါ။｜ကျောင်းက လမ်းဘေးမှာရှိတယ်။｜စားပွဲဘေးမှာ ထိုင်ခုံတစ်လုံးရှိတယ်။｜ကျွန်တော်/ကျွန်မ တံခါးဘေးမှာ ရပ်နေတယ်။｜သူက ကျွန်တော့်/ကျွန်မဘေးမှာ ထိုင်တယ်။,旁边 (pángbiān) — ဘေးနား｜里面 (lǐmiàn) — အတွင်းဘက်｜外边 (wàibiān) — အပြင်ဘက်｜路边 (lùbiān) — လမ်းဘေး｜一边 (yìbiān) — တစ်ဖက်/တစ်ပြိုင်နက်
525,2,变,biàn,change,ပြောင်းလဲသည်,天气变冷了。｜他的脸变红了。｜事情发生了变化。｜生活变得越来越好。｜请不要改变这个计划。,Tiānqì biàn lěng le.｜Tā de liǎn biàn hóng le.｜Shìqing fāshēng le biànhuà.｜Shēnghuó biàn de yuèláiyuè hǎo.｜Qǐng bú yào gǎibiàn zhège jìhuà.,The weather has become cold.｜His face turned red.｜Things have changed.｜Life is getting better and better.｜Please don't change this plan.,ရာသီဥတု အေးလာပြီ။｜သူ့မျက်နှာ နီလာတယ်။｜အခြေအနေတွေ ပြောင်းလဲသွားတယ်။｜ဘဝက ပိုပိုကောင်းလာတယ်။｜ဒီအစီအစဉ်ကို မပြောင်းပါနဲ့။,变化 (biànhuà) — ပြောင်းလဲမှု｜改变 (gǎibiàn) — ပြောင်းလဲသည်｜变得 (biàn de) — ဖြစ်လာသည်｜变大 (biàn dà) — ကြီးလာသည်｜变小 (biàn xiǎo) — သေးလာသည်
526,2,变成,biàn chéng,become; change into,...အဖြစ် ပြောင်းလဲသည်,水变成冰了。｜他变成了一名老师。｜春天来了，雪变成水。｜这个小孩长大后变成了医生。｜这个地方变成了一个公园。,"Shuǐ biànchéng bīng le.｜Tā biànchéng le yì míng lǎoshī.｜Chūntiān lái le, xuě biànchéng shuǐ.｜Zhège xiǎohái zhǎngdà hòu biànchéng le yīshēng.｜Zhège dìfang biànchéng le yí ge gōngyuán.","The water turned into ice.｜He became a teacher.｜Spring came, and the snow turned into water.｜The child became a doctor when he grew up.｜This place became a park.",ရေက ရေခဲအဖြစ် ပြောင်းသွားတယ်။｜သူက ဆရာတစ်ယောက်ဖြစ်လာတယ်။｜နွေဦးရောက်လာတော့ နှင်းတွေက ရေအဖြစ်ပြောင်းသွားတယ်။｜ဒီကလေး ကြီးလာတော့ ဆရာဝန်ဖြစ်လာတယ်။｜ဒီနေရာက ပန်းခြံတစ်ခုဖြစ်လာတယ်။,变成 (biànchéng) — ...အဖြစ်ပြောင်းလဲသည်｜成为 (chéngwéi) — ...ဖြစ်လာသည်｜变为 (biàn wéi) — ...အဖြစ်ပြောင်းသည်｜变成了 (biànchéng le) — ...အဖြစ်ပြောင်းသွားသည်｜变化 (biànhuà) — ပြောင်းလဲမှု
527,2,遍,biàn,Times,အကြိမ်,请再说一遍。｜这本书我看了三遍。｜老师让我读三遍。｜这句话我已经听了两遍。｜请写一遍给我看看。,Qǐng zài shuō yí biàn.｜Zhè běn shū wǒ kàn le sān biàn.｜Lǎoshī ràng wǒ dú sān biàn.｜Zhè jù huà wǒ yǐjīng tīng le liǎng biàn.｜Qǐng xiě yí biàn gěi wǒ kànkan.,Please say it again.｜I read this book three times.｜The teacher asked me to read it three times.｜I have heard this sentence twice.｜Please write it once for me to see.,ထပ်ပြောပါ။｜ဒီစာအုပ်ကို သုံးကြိမ်ဖတ်တယ်။｜ဆရာ/ဆရာမက သုံးကြိမ်ဖတ်ခိုင်းတယ်။｜ဒီစာကြောင်းကို နှစ်ကြိမ်ကြားဖူးတယ်။｜တစ်ကြိမ်ရေးပြပါ။,一遍 (yí biàn) — တစ်ကြိမ်｜两遍 (liǎng biàn) — နှစ်ကြိမ်｜再一遍 (zài yí biàn) — နောက်တစ်ကြိမ်｜第一遍 (dì yí biàn) — ပထမအကြိမ်｜遍数 (biànshù) — အကြိမ်ရေ
528,2,表,biǎo,watch,စားပွဲ၊ နာရီ၊ ဇယား,我的表在桌子上。｜现在几点？看一下表。｜我买了一块新手表。｜这个表很漂亮。｜请看一下时间表。,Wǒ de biǎo zài zhuōzi shàng.｜Xiànzài jǐ diǎn? Kàn yíxià biǎo.｜Wǒ mǎi le yí kuài xīn shǒubiǎo.｜Zhège biǎo hěn piàoliang.｜Qǐng kàn yíxià shíjiānbiǎo.,My watch is on the table.｜What time is it now? Look at the watch.｜I bought a new watch.｜This watch is beautiful.｜Please look at the timetable.,ကျွန်တော်/ကျွန်မရဲ့ နာရီက စားပွဲပေါ်မှာရှိတယ်။｜အခုဘယ်နှနာရီလဲ။ နာရီကိုကြည့်ပါ။｜ကျွန်တော်/ကျွန်မ နာရီအသစ်တစ်လုံးဝယ်တယ်။｜ဒီနာရီက လှတယ်။｜အချိန်ဇယားကို ကြည့်ပါ။,手表 (shǒubiǎo) — လက်ပတ်နာရီ｜手表店 (shǒubiǎo diàn) — နာရီဆိုင်｜表格 (biǎogé) — ဇယား/ဖောင်｜时间表 (shíjiānbiǎo) — အချိန်ဇယား｜电表 (diànbiǎo) — လျှပ်စစ်မီတာ
529,2,表示,biǎoshì,Express,ဖော်ပြသည်၊ ဆိုလိုသည်,这个词表示什么意思？｜红色表示危险。｜他的表情表示他很开心。｜这个符号表示什么？｜微笑表示友好。,Zhège cí biǎoshì shénme yìsi?｜Hóngsè biǎoshì wēixiǎn.｜Tā de biǎoqíng biǎoshì tā hěn kāixīn.｜Zhège fúhào biǎoshì shénme?｜Wéixiào biǎoshì yǒuhǎo.,What does this word mean?｜Red means danger.｜His expression shows that he is happy.｜What does this symbol mean?｜A smile shows friendliness.,ဒီစကားလုံးက ဘာအဓိပ္ပါယ်လဲ။｜အနီရောင်က အန္တရာယ်ကို ဖော်ပြတယ်။｜သူ့မျက်နှာအမူအရာက သူပျော်နေတယ်ဆိုတာ ဖော်ပြတယ်။｜ဒီသင်္ကေတက ဘာကိုဆိုလိုတာလဲ။｜ပြုံးတာက ခင်မင်ရင်းနှီးမှုကို ဖော်ပြတယ်။,表达 (biǎodá) — ဖော်ပြသည်｜表示 (biǎoshì) — ဖော်ပြ/ဆိုလိုသည်｜表情 (biǎoqíng) — မျက်နှာအမူအရာ｜表明 (biǎomíng) — ရှင်းလင်းဖော်ပြသည်｜代表 (dàibiǎo) — ကိုယ်စားပြုသည်
530,2,不错,bú cuò,not bad; pretty good,မဆိုးဘူး၊ ကောင်းတယ်,这家饭店不错。｜你的中文说得不错。｜今天的天气不错。,Zhè jiā fàndiàn búcuò.｜Nǐ de Zhōngwén shuō de búcuò.｜Jīntiān de tiānqì búcuò.,This restaurant is pretty good.｜Your Chinese is pretty good.｜The weather is nice today.,ဒီစားသောက်ဆိုင်က မဆိုးဘူး။｜မင်းရဲ့တရုတ်စကားပြောတာ ကောင်းတယ်။｜ဒီနေ့ ရာသီဥတုက ကောင်းတယ်။,不错 (búcuò) — မဆိုးဘူး｜好 (hǎo) — ကောင်းသည်｜很好 (hěn hǎo) — အရမ်းကောင်းသည်｜不错的 (búcuò de) — မဆိုးသော｜不错啊 (búcuò a) — ကောင်းသားပဲ
531,2,不但,bú dàn,not only,...သာမက,他不但会说中文，还会说英语。｜她不但聪明，而且很努力。｜这家店不但便宜，而且很好吃。,"Tā búdàn huì shuō Zhōngwén, hái huì shuō Yīngyǔ.｜Tā búdàn cōngming, érqiě hěn nǔlì.｜Zhè jiā diàn búdàn piányi, érqiě hěn hǎochī.","He can not only speak Chinese, but also English.｜She is not only smart but also hardworking.｜This shop is not only cheap but also delicious.",သူက တရုတ်စကားပြောတတ်ရုံသာမက အင်္ဂလိပ်စကားလည်း ပြောတတ်တယ်။｜သူမက ဉာဏ်ကောင်းရုံသာမက အရမ်းကြိုးစားတယ်။｜ဒီဆိုင်က စျေးသက်သာရုံသာမက စားလို့လည်းကောင်းတယ်။,不但 (búdàn) — သာမက｜而且 (érqiě) — ထို့အပြင်｜不仅 (bùjǐn) — သာမက｜不但...而且... (búdàn...érqiě...) — ...သာမက...ပါ
532,2,不够,bú gòu,not enough,မလုံလောက်,这个房间不够大。｜钱不够。｜时间不够了。,Zhège fángjiān bú gòu dà.｜Qián bú gòu.｜Shíjiān bú gòu le.,This room is not big enough.｜There isn't enough money.｜There isn't enough time.,ဒီအခန်းက မကျယ်လောက်ဘူး။｜ပိုက်ဆံမလောက်ဘူး။｜အချိန်မလောက်တော့ဘူး။,足够 (zúgòu) — လုံလောက်သည်｜够 (gòu) — လောက်သည်｜不够用 (bú gòu yòng) — အသုံးပြုရန် မလောက်｜够多 (gòu duō) — လုံလောက်အောင်များ
533,2,不过,búguò,However,ဒါပေမယ့်,我想去，不过今天没时间。｜这件衣服不错，不过有点贵。｜他很聪明，不过不太认真。,"Wǒ xiǎng qù, búguò jīntiān méi shíjiān.｜Zhè jiàn yīfu búcuò, búguò yǒudiǎn guì.｜Tā hěn cōngming, búguò bú tài rènzhēn.","I want to go, but I don't have time today.｜These clothes are nice, but they are a little expensive.｜He is smart, but he isn't very serious.",ကျွန်တော်/ကျွန်မ သွားချင်တယ်၊ ဒါပေမယ့် ဒီနေ့ အချိန်မရှိဘူး။｜ဒီအဝတ်အစားက ကောင်းတယ်၊ ဒါပေမယ့် နည်းနည်းစျေးကြီးတယ်။｜သူက ဉာဏ်ကောင်းတယ်၊ ဒါပေမယ့် သိပ်မလေးနက်ဘူး။,不过 (búguò) — ဒါပေမယ့်｜但是 (dànshì) — ဒါပေမယ့်｜可是 (kěshì) — သို့သော်｜然而 (rán'ér) — သို့သော်လည်း
534,2,不太,bú tài,not too; not very much,သိပ်မ...,我不太喜欢喝咖啡。｜今天不太冷。｜我不太明白。,Wǒ bú tài xǐhuan hē kāfēi.｜Jīntiān bú tài lěng.｜Wǒ bú tài míngbai.,I don't really like drinking coffee.｜It isn't very cold today.｜I don't really understand.,ကျွန်တော်/ကျွန်မ ကော်ဖီသောက်ရတာ သိပ်မကြိုက်ဘူး။｜ဒီနေ့ သိပ်မအေးဘူး။｜ကျွန်တော်/ကျွန်မ သိပ်နားမလည်ဘူး။,太 (tài) — အရမ်း｜不太好 (bú tài hǎo) — သိပ်မကောင်း｜不太清楚 (bú tài qīngchu) — သိပ်မရှင်း｜不太喜欢 (bú tài xǐhuan) — သိပ်မကြိုက်
535,2,不要,bú yào,don’t,မ...နဲ့,不要说话。｜不要忘记带书。｜晚上不要出去。,Bú yào shuōhuà.｜Bú yào wàngjì dài shū.｜Wǎnshang bú yào chūqù.,Don't talk.｜Don't forget to bring the book.｜Don't go out at night.,စကားမပြောနဲ့။｜စာအုပ်ယူလာဖို့ မမေ့နဲ့။｜ညဘက် အပြင်မထွက်နဲ့။,不用 (bú yòng) — မလိုဘူး｜不要 (bú yào) — မလုပ်နဲ့｜别 (bié) — မ...နဲ့｜不必 (búbì) — မလိုအပ်
536,2,不好意思,bù hǎo yì sī,sorry; feel embarrassed,အားနာပါတယ်,不好意思，我来晚了。｜不好意思，请问厕所在哪里？｜不好意思，我听不懂。,"Bù hǎoyìsi, wǒ lái wǎn le.｜Bù hǎoyìsi, qǐngwèn cèsuǒ zài nǎlǐ?｜Bù hǎoyìsi, wǒ tīngbudǒng.","Sorry, I came late.｜Excuse me, where is the restroom?｜Sorry, I don't understand what I hear.",အားနာပါတယ်၊ ကျွန်တော်/ကျွန်မ နောက်ကျသွားတယ်။｜အားနာပါတယ်၊ အိမ်သာဘယ်မှာလဲ။｜အားနာပါတယ်၊ ကြားတာကို နားမလည်ဘူး။,对不起 (duìbuqǐ) — တောင်းပန်ပါတယ်｜抱歉 (bàoqiàn) — အားနာပါတယ်｜不好意思 (bù hǎoyìsi) — အားနာပါတယ်｜没关系 (méi guānxi) — ကိစ္စမရှိဘူး
537,2,不久,bù jiǔ,soon,မကြာခင်,我们不久就到了。｜他不久就回来了。｜不久以后，他找到了工作。,"Wǒmen bùjiǔ jiù dào le.｜Tā bùjiǔ jiù huílái le.｜Bùjiǔ yǐhòu, tā zhǎodào le gōngzuò.","We arrived soon.｜He came back soon.｜Not long afterward, he found a job.",ကျွန်တော်တို့ မကြာခင် ရောက်သွားတယ်။｜သူ မကြာခင် ပြန်လာတယ်။｜မကြာခင်မှာ သူ အလုပ်ရှာတွေ့သွားတယ်။,很快 (hěn kuài) — အရမ်းမြန်｜很久 (hěn jiǔ) — အချိန်ကြာကြာ｜不久以后 (bùjiǔ yǐhòu) — မကြာခင်မှာ｜马上 (mǎshàng) — ချက်ချင်း
538,2,不满,bù mǎn,dissatisfied,မကျေနပ်,我对这个结果不满意。｜他对服务不满。｜不要对自己不满。,Wǒ duì zhège jiéguǒ bù mǎnyì.｜Tā duì fúwù bùmǎn.｜Bú yào duì zìjǐ bùmǎn.,I am not satisfied with this result.｜He is dissatisfied with the service.｜Don't be dissatisfied with yourself.,ဒီရလဒ်ကို ကျွန်တော်/ကျွန်မ မကျေနပ်ဘူး။｜သူက ဝန်ဆောင်မှုကို မကျေနပ်ဘူး။｜ကိုယ့်ကိုယ်ကို မကျေနပ်မဖြစ်နဲ့။,满意 (mǎnyì) — ကျေနပ်သည်｜满足 (mǎnzú) — ကျေနပ်သည်｜不满意 (bù mǎnyì) — မကျေနပ်｜满意度 (mǎnyìdù) — ကျေနပ်မှုအဆင့်
539,2,不如,bùrú,not as good as,...လောက်မကောင်း,今天不如昨天冷。｜这个没有那个好。｜坐车不如走路快。,Jīntiān bùrú zuótiān lěng.｜Zhège méiyǒu nàge hǎo.｜Zuò chē bùrú zǒulù kuài.,Today is not as cold as yesterday.｜This one isn't as good as that one.｜Taking a car is not as fast as walking.,ဒီနေ့က မနေ့ကလောက် မအေးဘူး။｜ဒီဟာက အဲဒီဟာလောက် မကောင်းဘူး။｜ကားစီးတာက လမ်းလျှောက်တာလောက် မမြန်ဘူး။,不如 (bùrú) — ...လောက်မကောင်း｜比 (bǐ) — နှိုင်းယှဉ်သည်｜一样 (yíyàng) — တူသည်｜更好 (gèng hǎo) — ပိုကောင်းသည်
540,2,不少,bù shǎo,not a few; a lot,မနည်းဘူး၊ အတော်များ,这里有不少学生。｜我认识不少中国朋友。｜他买了不少书。,Zhèlǐ yǒu bù shǎo xuésheng.｜Wǒ rènshi bù shǎo Zhōngguó péngyou.｜Tā mǎi le bù shǎo shū.,There are quite a few students here.｜I know quite a few Chinese friends.｜He bought quite a few books.,ဒီမှာ ကျောင်းသားတွေ အတော်များတယ်။｜ကျွန်တော်/ကျွန်မ တရုတ်သူငယ်ချင်းတွေ အတော်များများ သိတယ်။｜သူ စာအုပ်အတော်များများ ဝယ်ခဲ့တယ်။,很多 (hěn duō) — အများကြီး｜不少 (bù shǎo) — မနည်းဘူး｜少 (shǎo) — နည်းသည်｜多少 (duōshao) — ဘယ်လောက်
541,2,不同,bù tóng,different,မတူ,我们的想法不同。｜这两个词意思不同。｜每个人都有不同的想法。,Wǒmen de xiǎngfa bùtóng.｜Zhè liǎng ge cí yìsi bùtóng.｜Měi ge rén dōu yǒu bùtóng de xiǎngfa.,Our ideas are different.｜The meanings of these two words are different.｜Everyone has different ideas.,ကျွန်တော်တို့ရဲ့ အတွေးအမြင်တွေ မတူဘူး။｜ဒီစကားလုံးနှစ်လုံးရဲ့ အဓိပ္ပာယ် မတူဘူး။｜လူတိုင်းမှာ မတူညီတဲ့ အတွေးအမြင်တွေ ရှိတယ်။,一样 (yíyàng) — တူသည်｜不同 (bùtóng) — မတူ｜区别 (qūbié) — ကွာခြားချက်｜相同 (xiāngtóng) — တူညီသည်
542,2,不行,bù xíng,no way; be out of the question,မရဘူး၊ မဖြစ်ဘူး,这样做不行。｜今天我不行，明天再去吧。｜这个方法不行。,"Zhèyàng zuò bùxíng.｜Jīntiān wǒ bùxíng, míngtiān zài qù ba.｜Zhège fāngfǎ bùxíng.",This won't work.｜I can't today; let's go tomorrow.｜This method won't work.,ဒီလိုလုပ်လို့ မရဘူး။｜ဒီနေ့ ကျွန်တော်/ကျွန်မ မရဘူး၊ မနက်ဖြန်မှ သွားရအောင်။｜ဒီနည်းလမ်းက အလုပ်မဖြစ်ဘူး။,可以 (kěyǐ) — ရသည်｜行 (xíng) — ရသည်｜不行 (bùxíng) — မရ｜没问题 (méi wèntí) — ပြဿနာမရှိ
543,2,不一定,bù yī dìng,not necessarily; uncertain,သေချာပေါက်မဟုတ်,明天不一定下雨。｜他不一定会来。｜贵的不一定好。,Míngtiān bù yídìng xiàyǔ.｜Tā bù yídìng huì lái.｜Guì de bù yídìng hǎo.,It may not rain tomorrow.｜He may not come.｜Expensive things are not necessarily good.,မနက်ဖြန် မိုးရွာမယ်လို့ သေချာမပြောနိုင်ဘူး။｜သူ လာမယ်လို့ သေချာမပြောနိုင်ဘူး။｜စျေးကြီးတာတိုင်း ကောင်းတာမဟုတ်ဘူး။,一定 (yídìng) — သေချာပေါက်｜不一定 (bù yídìng) — သေချာပေါက်မဟုတ်｜可能 (kěnéng) — ဖြစ်နိုင်သည်｜一定会 (yídìng huì) — သေချာပေါက်ဖြစ်မယ်
544,2,不一会儿,bù yī huìr,in a moment; in a little while; soon,ခဏအကြာမှာ,我等了一会儿，他不一会儿就来了。｜她不一会儿就睡着了。｜不一会儿，老师回来了。,"Wǒ děng le yíhuǐr, tā bù yíhuìr jiù lái le.｜Tā bù yíhuìr jiù shuìzháo le.｜Bù yíhuìr, lǎoshī huílái le.","I waited for a while, and he came shortly afterward.｜She fell asleep shortly afterward.｜The teacher came back shortly afterward.",ကျွန်တော်/ကျွန်မ ခဏစောင့်ပြီးတော့ သူလည်း မကြာခင် ရောက်လာတယ်။｜သူမ ခဏအကြာမှာ အိပ်ပျော်သွားတယ်။｜ခဏအကြာမှာ ဆရာ/ဆရာမ ပြန်လာတယ်။,一会儿 (yíhuìr) — ခဏ｜马上 (mǎshàng) — ချက်ချင်း｜很快 (hěn kuài) — မကြာခင်｜过一会儿 (guò yíhuìr) — ခဏကြာပြီးနောက်
545,2,部分,bùfen,Part,အပိုင်း၊ တစ်စိတ်တစ်ပိုင်း,我只看了一部分。｜这只是问题的一部分。｜这本书有三部分。,Wǒ zhǐ kàn le yí bùfen.｜Zhè zhǐshì wèntí de yí bùfen.｜Zhè běn shū yǒu sān bùfen.,I only looked at one part.｜This is only part of the problem.｜This book has three parts.,ကျွန်တော်/ကျွန်မ တစ်စိတ်တစ်ပိုင်းပဲ ကြည့်ခဲ့တယ်။｜ဒါက ပြဿနာရဲ့ တစ်စိတ်တစ်ပိုင်းပဲ။｜ဒီစာအုပ်မှာ အပိုင်းသုံးပိုင်းရှိတယ်။,部 (bù) — အပိုင်း｜部分 (bùfen) — တစ်စိတ်တစ်ပိုင်း｜一部分 (yí bùfen) — တစ်စိတ်တစ်ပိုင်း｜大部分 (dà bùfen) — အများစု
546,2,才（副）,cái,only; just,မှ...မှ၊ အခုမှ,我才到家。｜他才十岁。｜我昨天才知道。,Wǒ cái dào jiā.｜Tā cái shí suì.｜Wǒ zuótiān cái zhīdào.,I just got home.｜He is only ten years old.｜I only found out yesterday.,ကျွန်တော်/ကျွန်မ အခုမှ အိမ်ရောက်တယ်။｜သူ့အသက်က ၁၀ နှစ်ပဲ ရှိသေးတယ်။｜မနေ့ကမှ ကျွန်တော်/ကျွန်မ သိခဲ့တယ်။,才能 (cáinéng) — မှသာ လုပ်နိုင်သည်｜刚才 (gāngcái) — ခုနက｜刚刚 (gānggāng) — ခုလေးတင်｜才知道 (cái zhīdào) — အခုမှသိသည်
547,2,菜单,càidān,menu,မီနူး,请给我看看菜单。｜服务员拿来了菜单。｜这个菜单上有很多菜。,Qǐng gěi wǒ kànkan càidān.｜Fúwùyuán nálái le càidān.｜Zhège càidān shàng yǒu hěn duō cài.,Please let me see the menu.｜The waiter brought the menu.｜There are many dishes on this menu.,မီနူးကို ကြည့်ပါရစေ။｜စားပွဲထိုးက မီနူးယူလာပေးတယ်။｜ဒီမီနူးမှာ ဟင်းတွေ အများကြီးရှိတယ်။,菜 (cài) — ဟင်း｜菜单 (càidān) — မီနူး｜点菜 (diǎn cài) — ဟင်းမှာသည်｜菜名 (càimíng) — ဟင်းအမည်
548,2,参观,cānguān,visit,လေ့လာလည်ပတ်သည်,我们明天去参观博物馆。｜学生们参观了学校。｜我想去参观北京。,Wǒmen míngtiān qù cānguān bówùguǎn.｜Xuéshengmen cānguān le xuéxiào.｜Wǒ xiǎng qù cānguān Běijīng.,We will visit the museum tomorrow.｜The students visited the school.｜I want to visit Beijing.,မနက်ဖြန် ကျွန်တော်တို့ ပြတိုက်ကို လေ့လာလည်ပတ်မယ်။｜ကျောင်းသားတွေ ကျောင်းကို လေ့လာလည်ပတ်ခဲ့တယ်။｜ကျွန်တော်/ကျွန်မ ပေကျင်းကို သွားလည်ချင်တယ်။,参观 (cānguān) — လေ့လာလည်ပတ်သည်｜访问 (fǎngwèn) — သွားရောက်တွေ့ဆုံသည်｜参观者 (cānguānzhě) — လာရောက်လည်ပတ်သူ｜博物馆 (bówùguǎn) — ပြတိုက်
549,2,参加,cānjiā,participate in,ပါဝင်သည်၊ တက်ရောက်သည်,我想参加汉语考试。｜你要参加这个活动吗？｜很多学生参加了比赛。,Wǒ xiǎng cānjiā Hànyǔ kǎoshì.｜Nǐ yào cānjiā zhège huódòng ma?｜Hěn duō xuésheng cānjiā le bǐsài.,I want to take the Chinese exam.｜Do you want to participate in this activity?｜Many students participated in the competition.,ကျွန်တော်/ကျွန်မ တရုတ်စာစာမေးပွဲ ဝင်ဖြေချင်တယ်။｜ဒီလှုပ်ရှားမှုမှာ မင်းပါဝင်ချင်လား။｜ကျောင်းသားအများကြီး ပြိုင်ပွဲမှာ ပါဝင်ခဲ့တယ်။,参加 (cānjiā) — ပါဝင်သည်｜参与 (cānyù) — ပါဝင်ဆောင်ရွက်သည်｜活动 (huódòng) — လှုပ်ရှားမှု｜比赛 (bǐsài) — ပြိုင်ပွဲ
550,2,草,cǎo,grass,မြက်၊ မြက်ပင်,草很绿。｜地上有很多草。｜牛在吃草。｜孩子们喜欢在草地上玩。｜我看到一只小鸟站在草上。,Cǎo hěn lǜ.｜Dìshàng yǒu hěn duō cǎo.｜Niú zài chī cǎo.｜Háizimen xǐhuan zài cǎodì shàng wán.｜Wǒ kàn dào yì zhī xiǎoniǎo zhàn zài cǎo shàng.,The grass is very green.｜There is a lot of grass on the ground.｜The cow is eating grass.｜The children like playing on the grass.｜I saw a little bird standing on the grass.,မြက်က စိမ်းစိမ်းလေးဖြစ်တယ်။｜မြေကြီးပေါ်မှာ မြက်တွေအများကြီးရှိတယ်။｜နွားက မြက်စားနေတယ်။｜ကလေးတွေက မြက်ခင်းပေါ်မှာ ကစားရတာကြိုက်တယ်။｜မြက်ပေါ်မှာ ငှက်ကလေးတစ်ကောင် ရပ်နေတာတွေ့တယ်။,草 (cǎo) — မြက်၊ မြက်ပင်｜青草 (qīngcǎo) — မြက်စိမ်း｜小草 (xiǎocǎo) — မြက်ပင်ငယ်｜草坪 (cǎopíng) — မြက်ခင်း｜草原 (cǎoyuán) — မြက်ခင်းပြင်
551,2,草地,cǎo dì,grass; lawn,မြက်ခင်း,孩子们在草地上玩。｜这片草地很漂亮。｜我们坐在草地上聊天。｜请不要踩草地。｜公园里有一大片草地。,Háizimen zài cǎodì shàng wán.｜Zhè piàn cǎodì hěn piàoliang.｜Wǒmen zuò zài cǎodì shàng liáotiān.｜Qǐng bú yào cǎi cǎodì.｜Gōngyuán lǐ yǒu yí dà piàn cǎodì.,The children are playing on the grass.｜This lawn is very beautiful.｜We sit on the grass and chat.｜Please don't step on the grass.｜There is a large lawn in the park.,ကလေးတွေ မြက်ခင်းပေါ်မှာ ကစားနေကြတယ်။｜ဒီမြက်ခင်းက အရမ်းလှတယ်။｜ကျွန်တော်တို့ မြက်ခင်းပေါ်မှာထိုင်ပြီး စကားပြောကြတယ်။｜မြက်ခင်းကို မနင်းပါနဲ့။｜ပန်းခြံထဲမှာ မြက်ခင်းကျယ်ကြီးတစ်ခုရှိတယ်။,草地 (cǎodì) — မြက်ခင်း｜草坪 (cǎopíng) — မြက်ခင်း｜草原 (cǎoyuán) — မြက်ခင်းပြင်｜绿草 (lǜcǎo) — မြက်စိမ်း｜草地上 (cǎodì shàng) — မြက်ခင်းပေါ်
552,2,层,céng,layer,အထပ်၊ အလွှာ,我家住在三层。｜这座楼有十层。｜书在桌子上面一层。｜他住在五层。｜这栋楼有很多层。,Wǒ jiā zhù zài sān céng.｜Zhè zuò lóu yǒu shí céng.｜Shū zài zhuōzi shàngmiàn yì céng.｜Tā zhù zài wǔ céng.｜Zhè dòng lóu yǒu hěn duō céng.,I live on the third floor.｜This building has ten floors.｜The book is one level above the table.｜He lives on the fifth floor.｜This building has many floors.,ကျွန်တော်/ကျွန်မ အိမ်က သုံးထပ်မှာရှိတယ်။｜ဒီအဆောက်အအုံမှာ ဆယ်ထပ်ရှိတယ်။｜စာအုပ်က စားပွဲအပေါ် တစ်ဆင့်မှာရှိတယ်။｜သူ ငါးထပ်မှာနေတယ်။｜ဒီအဆောက်အအုံမှာ အထပ်တွေအများကြီးရှိတယ်။,楼层 (lóucéng) — အဆောက်အအုံအထပ်｜一层 (yì céng) — ပထမထပ်/တစ်လွှာ｜二层 (èr céng) — ဒုတိယထပ်｜上层 (shàngcéng) — အပေါ်လွှာ｜下层 (xiàcéng) — အောက်လွှာ
553,2,查,chá,search; check,စစ်ဆေးသည်၊ ရှာဖွေကြည့်သည်,我查一下。｜我在网上查资料。｜老师正在查学生的作业。｜你可以查一下电话号码。｜我查到了他的地址。,Wǒ chá yíxià.｜Wǒ zài wǎngshàng chá zīliào.｜Lǎoshī zhèngzài chá xuéshēng de zuòyè.｜Nǐ kěyǐ chá yíxià diànhuà hàomǎ.｜Wǒ chá dào le tā de dìzhǐ.,Let me check.｜I look up information online.｜The teacher is checking the students' homework.｜You can look up the phone number.｜I found his address.,ခဏစစ်ကြည့်မယ်။｜အင်တာနက်ပေါ်မှာ အချက်အလက်ရှာတယ်။｜ဆရာ/ဆရာမက ကျောင်းသားတွေရဲ့ အိမ်စာကို စစ်နေတယ်။｜ဖုန်းနံပါတ်ကို ရှာကြည့်လို့ရတယ်။｜သူ့လိပ်စာကို ရှာတွေ့ပြီ။,检查 (jiǎnchá) — စစ်ဆေးသည်｜调查 (diàochá) — စုံစမ်းသည်｜查找 (cházhǎo) — ရှာဖွေသည်｜查看 (chákàn) — ကြည့်ရှုစစ်ဆေးသည်｜查资料 (chá zīliào) — အချက်အလက်ရှာသည်
554,2,差不多,chàbuduō,Almost,များသောအားဖြင့်တူသည်၊ နီးပါး,他们两个差不多高。｜现在差不多八点了。｜这两个东西差不多。｜我们差不多到了。｜今天的天气和昨天差不多。,Tāmen liǎng ge chàbuduō gāo.｜Xiànzài chàbuduō bā diǎn le.｜Zhè liǎng ge dōngxi chàbuduō.｜Wǒmen chàbuduō dào le.｜Jīntiān de tiānqì hé zuótiān chàbuduō.,The two of them are about the same height.｜It is almost eight o'clock now.｜These two things are almost the same.｜We have almost arrived.｜Today's weather is about the same as yesterday's.,သူတို့နှစ်ယောက်က အရပ်အမြင့်နီးပါးတူတယ်။｜အခု ရှစ်နာရီလောက်ရှိပြီ။｜ဒီနှစ်ခုက အတော်လေးတူတယ်။｜ကျွန်တော်တို့ ရောက်ခါနီးပြီ။｜ဒီနေ့ရာသီဥတုက မနေ့ကနဲ့ အတော်လေးတူတယ်။,差不多 (chàbuduō) — နီးပါးတူသည်｜差不多了 (chàbuduō le) — နီးပါးပြီ｜差不多一样 (chàbuduō yíyàng) — အတော်လေးတူသည်｜差一点 (chà yìdiǎn) — နည်းနည်းလိုသည်｜相差不多 (xiāngchā bù duō) — ကွာခြားမှုမများ
555,2,长,cháng,long,ရှည်သည်,这条路很长。｜我的头发很长。｜这张桌子很长。｜长大以后，我想去中国。｜这条河很长。,"Zhè tiáo lù hěn cháng.｜Wǒ de tóufa hěn cháng.｜Zhè zhāng zhuōzi hěn cháng.｜Zhǎngdà yǐhòu, wǒ xiǎng qù Zhōngguó.｜Zhè tiáo hé hěn cháng.","This road is very long.｜My hair is long.｜This table is long.｜When I grow up, I want to go to China.｜This river is very long.",ဒီလမ်းက အရမ်းရှည်တယ်။｜ကျွန်တော့်/ကျွန်မ ဆံပင်ရှည်တယ်။｜ဒီစားပွဲက ရှည်တယ်။｜အရွယ်ရောက်လာရင် တရုတ်နိုင်ငံကို သွားချင်တယ်။｜ဒီမြစ်က အရမ်းရှည်တယ်။,长大 (zhǎngdà) — ကြီးပြင်းလာသည်｜长短 (chángduǎn) — အရှည်အတို｜长时间 (cháng shíjiān) — အချိန်ကြာကြာ｜长发 (chángfà) — ဆံပင်ရှည်｜长路 (chánglù) — ရှည်လျားသောလမ်း
556,2,常见,cháng jiàn,common,အများအားဖြင့်တွေ့ရသည်,这种问题很常见。｜感冒是很常见的病。｜这种情况在学校很常见。｜这是一个很常见的名字。｜这种错误很常见。,Zhè zhǒng wèntí hěn chángjiàn.｜Gǎnmào shì hěn chángjiàn de bìng.｜Zhè zhǒng qíngkuàng zài xuéxiào hěn chángjiàn.｜Zhè shì yí ge hěn chángjiàn de míngzi.｜Zhè zhǒng cuòwù hěn chángjiàn.,This kind of problem is very common.｜A cold is a very common illness.｜This situation is very common at school.｜This is a very common name.｜This kind of mistake is very common.,ဒီလိုပြဿနာမျိုးက အဖြစ်များတယ်။｜အအေးမိတာက အဖြစ်များတဲ့ရောဂါတစ်ခုပါ။｜ဒီလိုအခြေအနေက ကျောင်းမှာ အဖြစ်များတယ်။｜ဒါက အရမ်းတွေ့ရများတဲ့ နာမည်တစ်ခုပါ။｜ဒီလိုအမှားမျိုးက အဖြစ်များတယ်။,常常 (chángcháng) — မကြာခဏ｜经常 (jīngcháng) — မကြာခဏ｜常用 (chángyòng) — အသုံးများသည်｜常见问题 (chángjiàn wèntí) — အဖြစ်များသောပြဿနာ｜日常 (rìcháng) — နေ့စဉ်
557,2,常用,cháng yòng,in common use,မကြာခဏအသုံးပြုသည်၊ အသုံးများသည်,这个词很常用。｜这是一个常用的汉字。｜手机是很常用的工具。｜这个软件有很多常用功能。｜这些词在日常生活中很常用。,Zhè ge cí hěn chángyòng.｜Zhè shì yí ge chángyòng de Hànzì.｜Shǒujī shì hěn chángyòng de gōngjù.｜Zhè ge ruǎnjiàn yǒu hěn duō chángyòng gōngnéng.｜Zhèxiē cí zài rìcháng shēnghuó zhōng hěn chángyòng.,This word is commonly used.｜This is a commonly used Chinese character.｜A mobile phone is a commonly used tool.｜This software has many commonly used functions.｜These words are commonly used in daily life.,ဒီစကားလုံးက အသုံးများတယ်။｜ဒါက အသုံးများတဲ့ တရုတ်စာလုံးတစ်လုံးပါ။｜ဖုန်းက အသုံးများတဲ့ ကိရိယာတစ်ခုပါ။｜ဒီဆော့ဖ်ဝဲမှာ အသုံးများတဲ့လုပ်ဆောင်ချက်တွေ အများကြီးရှိတယ်။｜ဒီစကားလုံးတွေက နေ့စဉ်ဘဝမှာ အသုံးများတယ်။,常见 (chángjiàn) — အဖြစ်များသည်｜常常 (chángcháng) — မကြာခဏ｜使用 (shǐyòng) — အသုံးပြုသည်｜常用词 (chángyòng cí) — အသုံးများသောစကားလုံး｜日常使用 (rìcháng shǐyòng) — နေ့စဉ်အသုံးပြုမှု
558,2,场,chǎng,site,နေရာ၊ ကွင်း၊ အခမ်းအနား,今天学校有一场比赛。｜我们去看足球比赛。｜这个地方可以举办活动。｜运动场上有很多学生。｜昨天有一场音乐会。,Jīntiān xuéxiào yǒu yì chǎng bǐsài.｜Wǒmen qù kàn zúqiú bǐsài.｜Zhè ge dìfang kěyǐ jǔbàn huódòng.｜Yùndòngchǎng shàng yǒu hěn duō xuéshēng.｜Zuótiān yǒu yì chǎng yīnyuèhuì.,There is a competition at school today.｜We are going to watch a football match.｜This place can hold events.｜There are many students on the sports field.｜There was a concert yesterday.,ဒီနေ့ ကျောင်းမှာ ပြိုင်ပွဲတစ်ခုရှိတယ်။｜ကျွန်တော်တို့ ဘောလုံးပွဲသွားကြည့်မယ်။｜ဒီနေရာမှာ ပွဲတွေကျင်းပလို့ရတယ်။｜အားကစားကွင်းမှာ ကျောင်းသားတွေအများကြီးရှိတယ်။｜မနေ့က ဂီတဖျော်ဖြေပွဲတစ်ခုရှိတယ်။,场地 (chǎngdì) — ပွဲနေရာ｜运动场 (yùndòngchǎng) — အားကစားကွင်း｜市场 (shìchǎng) — ဈေးကွက်｜广场 (guǎngchǎng) — ရင်ပြင်｜会场 (huìchǎng) — အစည်းအဝေး/ပွဲနေရာ
559,2,超过,chāoguò,Exceed,ကျော်လွန်သည်,这家商店超过十点才关门。｜今天的温度超过三十度。｜他跑步超过了我。｜这本书超过三百页。｜学生人数超过了一百人。,Zhè jiā shāngdiàn chāoguò shí diǎn cái guānmén.｜Jīntiān de wēndù chāoguò sānshí dù.｜Tā pǎobù chāoguò le wǒ.｜Zhè běn shū chāoguò sān bǎi yè.｜Xuéshēng rénshù chāoguò le yì bǎi rén.,This shop doesn't close until after ten o'clock.｜Today's temperature is over thirty degrees.｜He ran faster than me.｜This book has more than 300 pages.｜The number of students exceeded one hundred.,ဒီဆိုင်က ဆယ်နာရီကျော်မှ ပိတ်တယ်။｜ဒီနေ့အပူချိန်က ၃၀ ဒီဂရီကျော်တယ်။｜သူက ကျွန်တော့်ထက် အပြေးပိုမြန်တယ်။｜ဒီစာအုပ်မှာ စာမျက်နှာ ၃၀၀ ကျော်ရှိတယ်။｜ကျောင်းသားအရေအတွက်က ၁၀၀ ကျော်သွားပြီ။,超过 (chāoguò) — ကျော်လွန်သည်｜超出 (chāochū) — ကျော်လွန်ထွက်သည်｜超市 (chāoshì) — စူပါမားကတ်｜超过时间 (chāoguò shíjiān) — အချိန်ကျော်သည်｜超过一百 (chāoguò yì bǎi) — ၁၀၀ ကျော်သည်
560,2,超市,chāoshì,Supermarket,စူပါမားကတ်,我去超市买东西。｜这家超市很大。｜超市里有很多水果。｜妈妈在超市买菜。｜附近有一家超市。,Wǒ qù chāoshì mǎi dōngxi.｜Zhè jiā chāoshì hěn dà.｜Chāoshì lǐ yǒu hěn duō shuǐguǒ.｜Māma zài chāoshì mǎi cài.｜Fùjìn yǒu yì jiā chāoshì.,I go to the supermarket to buy things.｜This supermarket is very big.｜There are many fruits in the supermarket.｜Mom is buying vegetables at the supermarket.｜There is a supermarket nearby.,ကျွန်တော်/ကျွန်မ စူပါမားကတ်ကို ပစ္စည်းဝယ်ဖို့ သွားတယ်။｜ဒီစူပါမားကတ်က အရမ်းကြီးတယ်။｜စူပါမားကတ်ထဲမှာ သစ်သီးတွေအများကြီးရှိတယ်။｜အမေက စူပါမားကတ်မှာ ဟင်းသီးဟင်းရွက်ဝယ်နေတယ်။｜အနီးအနားမှာ စူပါမားကတ်တစ်ခုရှိတယ်။,超市 (chāoshì) — စူပါမားကတ်｜市场 (shìchǎng) — ဈေးကွက်｜商店 (shāngdiàn) — ဆိုင်｜购物 (gòuwù) — ဈေးဝယ်ခြင်း｜超市里 (chāoshì lǐ) — စူပါမားကတ်ထဲ
561,2,车辆,chē liàng,car; vehicle,ယာဉ်၊ ကားများ,路上有很多车辆。｜这些车辆不能停在这里。｜道路上的车辆很多。｜警察正在检查车辆。｜晚上车辆比较少。,Lùshàng yǒu hěn duō chēliàng.｜Zhèxiē chēliàng bù néng tíng zài zhèlǐ.｜Dàolù shàng de chēliàng hěn duō.｜Jǐngchá zhèngzài jiǎnchá chēliàng.｜Wǎnshang chēliàng bǐjiào shǎo.,There are many vehicles on the road.｜These vehicles cannot park here.｜There are many vehicles on the road.｜The police are checking the vehicles.｜There are fewer vehicles at night.,လမ်းပေါ်မှာ ယာဉ်တွေအများကြီးရှိတယ်။｜ဒီယာဉ်တွေ ဒီမှာရပ်လို့မရဘူး။｜လမ်းပေါ်မှာ ယာဉ်တွေအများကြီးရှိတယ်။｜ရဲက ယာဉ်တွေကို စစ်ဆေးနေတယ်။｜ညဘက်မှာ ယာဉ်နည်းတယ်။,车辆 (chēliàng) — ယာဉ်｜汽车 (qìchē) — ကား｜车子 (chēzi) — ကား｜公交车 (gōngjiāochē) — ဘတ်စ်ကား｜车辆管理 (chēliàng guǎnlǐ) — ယာဉ်စီမံခန့်ခွဲမှု
562,2,称¹（动）,chēng,call; say,ချိန်တွယ်သည်,我去市场称一下水果。｜请称一下这条鱼。｜老板正在称苹果。｜这袋米要称一下。｜妈妈把菜称好了。,Wǒ qù shìchǎng chēng yíxià shuǐguǒ.｜Qǐng chēng yíxià zhè tiáo yú.｜Lǎobǎn zhèngzài chēng píngguǒ.｜Zhè dài mǐ yào chēng yíxià.｜Māma bǎ cài chēng hǎo le.,I will weigh the fruit at the market.｜Please weigh this fish.｜The shopkeeper is weighing the apples.｜This bag of rice needs to be weighed.｜Mom has finished weighing the vegetables.,ကျွန်တော်/ကျွန်မ ဈေးမှာ သစ်သီးကို ချိန်မယ်။｜ဒီငါးကို ချိန်ပေးပါ။｜ဆိုင်ရှင်က ပန်းသီးတွေကို ချိန်နေတယ်။｜ဒီဆန်အိတ်ကို ချိန်ရမယ်။｜အမေက ဟင်းသီးဟင်းရွက်တွေကို ချိန်ပြီးပြီ။,称重 (chēngzhòng) — အလေးချိန်ချိန်သည်｜电子秤 (diànzǐchèng) — အီလက်ထရောနစ်ချိန်ခွင်｜秤 (chèng) — ချိန်ခွင်｜称一下 (chēng yíxià) — ချိန်ကြည့်သည်｜重量 (zhòngliàng) — အလေးချိန်
563,2,成（动）,chéng,become; finish,ဖြစ်လာသည်၊ အောင်မြင်ပြီးဖြစ်လာသည်,他成了一名老师。｜她长大后成为医生。｜他希望成为一名作家。｜努力学习可以成为优秀的学生。｜这件事成为大家关注的话题。,Tā chéng le yì míng lǎoshī.｜Tā zhǎngdà hòu chéngwéi yīshēng.｜Tā xīwàng chéngwéi yì míng zuòjiā.｜Nǔlì xuéxí kěyǐ chéngwéi yōuxiù de xuéshēng.｜Zhè jiàn shì chéngwéi dàjiā guānzhù de huàtí.,He became a teacher.｜She became a doctor when she grew up.｜He hopes to become a writer.｜Studying hard can help you become an excellent student.｜This matter became a topic of everyone's attention.,သူ ဆရာတစ်ယောက်ဖြစ်လာတယ်။｜သူမ အရွယ်ရောက်လာတော့ ဆရာဝန်ဖြစ်လာတယ်။｜သူ စာရေးဆရာတစ်ယောက် ဖြစ်လာချင်တယ်။｜ကြိုးစားလေ့လာရင် ထူးချွန်တဲ့ကျောင်းသားဖြစ်လာနိုင်တယ်။｜ဒီကိစ္စက လူတိုင်းအာရုံစိုက်တဲ့ အကြောင်းအရာဖြစ်လာတယ်။,成为 (chéngwéi) — ဖြစ်လာသည်｜成功 (chénggōng) — အောင်မြင်သည်｜成长 (chéngzhǎng) — ကြီးပြင်းတိုးတက်သည်｜完成 (wánchéng) — ပြီးမြောက်သည်｜成为朋友 (chéngwéi péngyou) — သူငယ်ချင်းဖြစ်လာသည်
564,2,成绩,chéngjì,achievement,ရမှတ်၊ အောင်စာရင်း,我的考试成绩很好。｜你这次成绩怎么样？｜老师公布了考试成绩。｜他的中文成绩提高了。｜我对自己的成绩很满意。,Wǒ de kǎoshì chéngjì hěn hǎo.｜Nǐ zhè cì chéngjì zěnmeyàng?｜Lǎoshī gōngbù le kǎoshì chéngjì.｜Tā de Zhōngwén chéngjì tígāo le.｜Wǒ duì zìjǐ de chéngjì hěn mǎnyì.,My exam results are very good.｜How were your results this time?｜The teacher announced the exam results.｜His Chinese grades improved.｜I am very satisfied with my results.,ကျွန်တော်/ကျွန်မရဲ့ စာမေးပွဲရလဒ်က အရမ်းကောင်းတယ်။｜ဒီတစ်ခါ မင်းရဲ့ရမှတ် ဘယ်လိုလဲ။｜ဆရာ/ဆရာမက စာမေးပွဲရလဒ်ကို ကြေညာတယ်။｜သူ့ရဲ့တရုတ်စာရမှတ် တိုးတက်လာတယ်။｜ကိုယ့်ရလဒ်ကို အရမ်းကျေနပ်တယ်။,成绩 (chéngjì) — ရမှတ်၊ ရလဒ်｜成绩单 (chéngjìdān) — အမှတ်စာရင်း｜考试成绩 (kǎoshì chéngjì) — စာမေးပွဲရလဒ်｜成绩好 (chéngjì hǎo) — ရလဒ်ကောင်းသည်｜成绩提高 (chéngjì tígāo) — ရလဒ်တိုးတက်သည်
565,2,成为,chéngwéi,Become,ဖြစ်လာသည်,我想成为一名老师。｜她成为了我的朋友。｜他长大后想成为医生。｜努力学习以后，他成为了优秀的学生。｜这个城市正在成为旅游城市。,"Wǒ xiǎng chéngwéi yì míng lǎoshī.｜Tā chéngwéi le wǒ de péngyou.｜Tā zhǎngdà hòu xiǎng chéngwéi yīshēng.｜Nǔlì xuéxí yǐhòu, tā chéngwéi le yōuxiù de xuéshēng.｜Zhè ge chéngshì zhèngzài chéngwéi lǚyóu chéngshì.","I want to become a teacher.｜She became my friend.｜He wants to become a doctor when he grows up.｜After studying hard, he became an excellent student.｜This city is becoming a tourist city.",ကျွန်တော်/ကျွန်မ ဆရာတစ်ယောက်ဖြစ်ချင်တယ်။｜သူမက ကျွန်တော့်/ကျွန်မရဲ့ သူငယ်ချင်းဖြစ်လာတယ်။｜သူ အရွယ်ရောက်လာရင် ဆရာဝန်ဖြစ်ချင်တယ်။｜ကြိုးစားလေ့လာပြီးနောက် သူ ထူးချွန်တဲ့ကျောင်းသားဖြစ်လာတယ်။｜ဒီမြို့က ခရီးသွားမြို့တစ်မြို့ ဖြစ်လာနေတယ်။,成为 (chéngwéi) — ဖြစ်လာသည်｜成为老师 (chéngwéi lǎoshī) — ဆရာဖြစ်လာသည်｜成为朋友 (chéngwéi péngyou) — သူငယ်ချင်းဖြစ်လာသည်｜成为医生 (chéngwéi yīshēng) — ဆရာဝန်ဖြစ်လာသည်｜成功 (chénggōng) — အောင်မြင်သည်
566,2,重复,chóngfù,repeat,ထပ်လုပ်သည်၊ ထပ်ပြောသည်,请不要重复这句话。｜老师让我重复一遍。｜他说的话我不想重复。｜请把问题重复一次。｜他重复了我的答案。,Qǐng bú yào chóngfù zhè jù huà.｜Lǎoshī ràng wǒ chóngfù yí biàn.｜Tā shuō de huà wǒ bù xiǎng chóngfù.｜Qǐng bǎ wèntí chóngfù yí cì.｜Tā chóngfù le wǒ de dá'àn.,Please don't repeat this sentence.｜The teacher asked me to repeat it once.｜I don't want to repeat what he said.｜Please repeat the question once.｜He repeated my answer.,ဒီစာကြောင်းကို ထပ်မပြောပါနဲ့။｜ဆရာ/ဆရာမက ကျွန်တော့်ကို တစ်ခါထပ်ပြောခိုင်းတယ်။｜သူပြောတာကို ကျွန်တော်/ကျွန်မ မထပ်ပြောချင်ဘူး။｜မေးခွန်းကို တစ်ခါထပ်ပြောပေးပါ။｜သူက ကျွန်တော့်အဖြေကို ထပ်ပြောတယ်။,重复 (chóngfù) — ထပ်လုပ်သည်｜重复说 (chóngfù shuō) — ထပ်ပြောသည်｜重复一次 (chóngfù yí cì) — တစ်ခါထပ်လုပ်သည်｜反复 (fǎnfù) — ထပ်ခါထပ်ခါ｜重复使用 (chóngfù shǐyòng) — ပြန်လည်အသုံးပြုသည်
567,2,重新,chóngxīn,again,ပြန်လည်လုပ်သည်၊ အသစ်ပြန်လုပ်သည်,请重新写一遍。｜我们重新开始吧。｜我需要重新检查。｜他重新打开了电脑。｜这道题做错了，要重新做。,"Qǐng chóngxīn xiě yí biàn.｜Wǒmen chóngxīn kāishǐ ba.｜Wǒ xūyào chóngxīn jiǎnchá.｜Tā chóngxīn dǎkāi le diànnǎo.｜Zhè dào tí zuò cuò le, yào chóngxīn zuò.","Please write it again.｜Let's start again.｜I need to check again.｜He reopened the computer.｜This question was done incorrectly, so do it again.",တစ်ခါထပ်ရေးပေးပါ။｜ပြန်စကြရအောင်။｜ကျွန်တော်/ကျွန်မ ထပ်စစ်ဖို့လိုတယ်။｜သူ ကွန်ပျူတာကို ပြန်ဖွင့်တယ်။｜ဒီမေးခွန်းကို မှားလုပ်ထားလို့ ပြန်လုပ်ရမယ်။,重新 (chóngxīn) — ပြန်လည်｜重新开始 (chóngxīn kāishǐ) — ပြန်စသည်｜重新做 (chóngxīn zuò) — ပြန်လုပ်သည်｜重新检查 (chóngxīn jiǎnchá) — ပြန်စစ်သည်｜重新学习 (chóngxīn xuéxí) — ပြန်လေ့လာသည်
568,2,出发,chūfā,Set out,ထွက်ခွာသည်,我们明天早上出发。｜火车八点出发。｜他们已经出发了。｜我们什么时候出发？｜吃完饭以后就出发。,Wǒmen míngtiān zǎoshang chūfā.｜Huǒchē bā diǎn chūfā.｜Tāmen yǐjīng chūfā le.｜Wǒmen shénme shíhou chūfā?｜Chī wán fàn yǐhòu jiù chūfā.,We will leave tomorrow morning.｜The train leaves at eight.｜They have already left.｜When will we leave?｜We will leave after eating.,မနက်ဖြန်မနက် ကျွန်တော်တို့ ထွက်ခွာမယ်။｜ရထားက ရှစ်နာရီမှာ ထွက်တယ်။｜သူတို့ ထွက်သွားပြီးပြီ။｜ဘယ်အချိန် ထွက်ကြမလဲ။｜ထမင်းစားပြီးရင် ထွက်မယ်။,出发 (chūfā) — ထွက်ခွာသည်｜出发点 (chūfādiǎn) — စတင်ထွက်ခွာရာနေရာ｜出发时间 (chūfā shíjiān) — ထွက်ခွာချိန်｜马上出发 (mǎshàng chūfā) — ချက်ချင်းထွက်ခွာသည်｜出发了 (chūfā le) — ထွက်ခွာပြီ
569,2,出国,chū guó,go abroad,နိုင်ငံခြားသို့ထွက်သည်,我想明年出国。｜他去美国出国留学。｜很多学生想出国学习。｜她第一次出国。｜出国以前要准备很多东西。,Wǒ xiǎng míngnián chūguó.｜Tā qù Měiguó chūguó liúxué.｜Hěn duō xuéshēng xiǎng chūguó xuéxí.｜Tā dì yī cì chūguó.｜Chūguó yǐqián yào zhǔnbèi hěn duō dōngxi.,I want to go abroad next year.｜He went to America to study abroad.｜Many students want to study abroad.｜It was her first time going abroad.｜You need to prepare many things before going abroad.,နောက်နှစ် နိုင်ငံခြားသွားချင်တယ်။｜သူ အမေရိကန်ကို နိုင်ငံခြားပညာသင်သွားတယ်။｜ကျောင်းသားအများကြီး နိုင်ငံခြားမှာ ပညာသင်ချင်ကြတယ်။｜သူမ ပထမဆုံးအကြိမ် နိုင်ငံခြားသွားတာပါ။｜နိုင်ငံခြားမသွားခင် ပစ္စည်းအများကြီး ပြင်ဆင်ရတယ်။,出国 (chūguó) — နိုင်ငံခြားထွက်သည်｜外国 (wàiguó) — နိုင်ငံခြား｜国外 (guówài) — နိုင်ငံခြား｜留学 (liúxué) — နိုင်ငံခြားပညာသင်သည်｜出国留学 (chūguó liúxué) — နိုင်ငံခြားပညာသင်သွားသည်
570,2,出口（名）,chū kǒu,export,ထွက်ပေါက်,出口在右边。｜请从这个出口出去。｜地铁出口在哪里？｜这里是紧急出口。｜请不要堵住出口。,Chūkǒu zài yòubiān.｜Qǐng cóng zhège chūkǒu chūqù.｜Dìtiě chūkǒu zài nǎlǐ?｜Zhèlǐ shì jǐnjí chūkǒu.｜Qǐng bú yào dǔ zhù chūkǒu.,The exit is on the right.｜Please go out through this exit.｜Where is the subway exit?｜This is an emergency exit.｜Please don't block the exit.,ထွက်ပေါက်က ညာဘက်မှာရှိတယ်။｜ဒီထွက်ပေါက်ကနေ ထွက်ပါ။｜မြေအောက်ရထားထွက်ပေါက် ဘယ်မှာလဲ။｜ဒါ အရေးပေါ်ထွက်ပေါက်ပါ။｜ထွက်ပေါက်ကို မပိတ်ထားပါနဲ့။,出口 (chūkǒu) — ထွက်ပေါက်｜入口 (rùkǒu) — ဝင်ပေါက်｜出口处 (chūkǒu chù) — ထွက်ပေါက်နေရာ｜紧急出口 (jǐnjí chūkǒu) — အရေးပေါ်ထွက်ပေါက်｜出口在哪里 (chūkǒu zài nǎlǐ) — ထွက်ပေါက်ဘယ်မှာလဲ
571,2,出门,chū mén,go out,အပြင်ထွက်သည်,我要出门了。｜天气很好，我们出去吧。｜妈妈出门买东西了。｜出门以前别忘了带手机。｜他每天早上八点出门。,"Wǒ yào chūmén le.｜Tiānqì hěn hǎo, wǒmen chūqù ba.｜Māma chūmén mǎi dōngxi le.｜Chūmén yǐqián bié wàng le dài shǒujī.｜Tā měitiān zǎoshang bā diǎn chūmén.","I am going out.｜The weather is nice, let's go out.｜Mom went out to buy things.｜Don't forget to bring your phone before going out.｜He goes out at eight every morning.",ကျွန်တော်/ကျွန်မ အပြင်ထွက်တော့မယ်။｜ရာသီဥတုကောင်းတယ်၊ အပြင်ထွက်ကြရအောင်။｜အမေက ပစ္စည်းဝယ်ဖို့ အပြင်ထွက်သွားတယ်။｜အပြင်မထွက်ခင် ဖုန်းယူဖို့ မမေ့နဲ့။｜သူ မနက်တိုင်း ရှစ်နာရီမှာ အပြင်ထွက်တယ်။,出门 (chūmén) — အပြင်ထွက်သည်｜出门前 (chūmén qián) — အပြင်မထွက်ခင်｜出门买东西 (chūmén mǎi dōngxi) — အပြင်ထွက်ပြီး ပစ္စည်းဝယ်သည်｜出门了 (chūmén le) — အပြင်ထွက်ပြီ｜关门 (guānmén) — တံခါးပိတ်သည်
572,2,出生,chūshēng,Birth,မွေးဖွားသည်,我出生在中国。｜弟弟是去年出生的。｜她出生于北京。｜孩子出生以后很健康。｜我想知道他什么时候出生。,Wǒ chūshēng zài Zhōngguó.｜Dìdi shì qùnián chūshēng de.｜Tā chūshēng yú Běijīng.｜Háizi chūshēng yǐhòu hěn jiànkāng.｜Wǒ xiǎng zhīdào tā shénme shíhou chūshēng.,I was born in China.｜My younger brother was born last year.｜She was born in Beijing.｜The baby is healthy after being born.｜I want to know when he was born.,ကျွန်တော်/ကျွန်မ တရုတ်နိုင်ငံမှာ မွေးတယ်။｜ညီလေးက မနှစ်က မွေးတယ်။｜သူမ ဘေဂျင်းမှာ မွေးတယ်။｜ကလေးက မွေးပြီးနောက် ကျန်းမာတယ်။｜သူ ဘယ်အချိန်မွေးလဲဆိုတာ သိချင်တယ်။,出生 (chūshēng) — မွေးဖွားသည်｜出生地 (chūshēngdì) — မွေးရပ်နေရာ｜出生日期 (chūshēng rìqī) — မွေးသက္ကရာဇ်｜出生证明 (chūshēng zhèngmíng) — မွေးစာရင်းအထောက်အထား｜刚出生 (gāng chūshēng) — မွေးခါစ
573,2,出现,chūxiàn,Appear,ပေါ်လာသည်၊ ဖြစ်ပေါ်လာသည်,天上出现了一只鸟。｜他突然出现了。｜问题已经出现了。｜昨天晚上出现了大雨。｜手机上出现了一个新消息。,Tiānshàng chūxiàn le yì zhī niǎo.｜Tā tūrán chūxiàn le.｜Wèntí yǐjīng chūxiàn le.｜Zuótiān wǎnshang chūxiàn le dà yǔ.｜Shǒujī shàng chūxiàn le yí ge xīn xiāoxi.,A bird appeared in the sky.｜He suddenly appeared.｜A problem has appeared.｜Heavy rain appeared last night.｜A new message appeared on the phone.,ကောင်းကင်မှာ ငှက်တစ်ကောင် ပေါ်လာတယ်။｜သူ ရုတ်တရက် ပေါ်လာတယ်။｜ပြဿနာတစ်ခု ပေါ်လာပြီ။｜မနေ့ညက မိုးအကြီးအကျယ် ရွာလာတယ်။｜ဖုန်းပေါ်မှာ မက်ဆေ့ခ်ျအသစ်တစ်ခု ပေါ်လာတယ်။,出现 (chūxiàn) — ပေါ်လာသည်｜出现问题 (chūxiàn wèntí) — ပြဿနာပေါ်လာသည်｜突然出现 (tūrán chūxiàn) — ရုတ်တရက်ပေါ်လာသည်｜出现了 (chūxiàn le) — ပေါ်လာပြီ｜消失 (xiāoshī) — ပျောက်ကွယ်သွားသည်
574,2,出院,chū yuàn,discharged; leave hospital,ဆေးရုံမှ ဆင်းသည်,医生说我明天可以出院。｜他已经出院了。｜出院以后要好好休息。｜妈妈今天出院回家。｜病人什么时候可以出院？,Yīshēng shuō wǒ míngtiān kěyǐ chūyuàn.｜Tā yǐjīng chūyuàn le.｜Chūyuàn yǐhòu yào hǎohāo xiūxi.｜Māma jīntiān chūyuàn huí jiā.｜Bìngrén shénme shíhou kěyǐ chūyuàn?,The doctor said I can leave the hospital tomorrow.｜He has already been discharged.｜You should rest well after leaving the hospital.｜Mom is leaving the hospital and going home today.｜When can the patient leave the hospital?,ဆရာဝန်က မနက်ဖြန် ဆေးရုံဆင်းလို့ရပြီလို့ ပြောတယ်။｜သူ ဆေးရုံဆင်းပြီးပြီ။｜ဆေးရုံဆင်းပြီးရင် ကောင်းကောင်းအနားယူရမယ်။｜အမေ ဒီနေ့ ဆေးရုံဆင်းပြီး အိမ်ပြန်တယ်။｜လူနာ ဘယ်တော့ ဆေးရုံဆင်းလို့ရမလဲ။,出院 (chūyuàn) — ဆေးရုံဆင်းသည်｜住院 (zhùyuàn) — ဆေးရုံတက်သည်｜医院 (yīyuàn) — ဆေးရုံ｜出院以后 (chūyuàn yǐhòu) — ဆေးရုံဆင်းပြီးနောက်｜出院手续 (chūyuàn shǒuxù) — ဆေးရုံဆင်းလုပ်ထုံးလုပ်နည်း
575,2,出租,chū zū,rent,ငှားသည်,这家公司出租房子。｜这里可以出租吗？｜他们出租汽车。｜这个房间准备出租。｜我想把房子出租出去。,Zhè jiā gōngsī chūzū fángzi.｜Zhèlǐ kěyǐ chūzū ma?｜Tāmen chūzū qìchē.｜Zhège fángjiān zhǔnbèi chūzū.｜Wǒ xiǎng bǎ fángzi chūzū chūqù.,This company rents out houses.｜Can this place be rented?｜They rent out cars.｜This room is ready to be rented.｜I want to rent out the house.,ဒီကုမ္ပဏီက အိမ်ငှားပေးတယ်။｜ဒီနေရာ ငှားလို့ရလား။｜သူတို့ ကားငှားပေးတယ်။｜ဒီအခန်းကို ငှားဖို့ပြင်ထားတယ်။｜ကျွန်တော်/ကျွန်မ အိမ်ကို ငှားထုတ်ချင်တယ်။,出租 (chūzū) — ငှားထုတ်သည်｜租房 (zū fáng) — အိမ်ငှားသည်｜出租房 (chūzū fáng) — ငှားရန်အိမ်｜租金 (zūjīn) — အိမ်ငှားခ｜出租车 (chūzūchē) — တက္ကစီ
576,2,出租车,chūzūchē,Taxi,တက္ကစီ,我坐出租车去学校。｜出租车来了。｜我们打了一辆出租车。｜机场门口有很多出租车。｜他每天坐出租车上班。,Wǒ zuò chūzūchē qù xuéxiào.｜Chūzūchē lái le.｜Wǒmen dǎ le yí liàng chūzūchē.｜Jīchǎng ménkǒu yǒu hěn duō chūzūchē.｜Tā měitiān zuò chūzūchē shàngbān.,I take a taxi to school.｜The taxi has arrived.｜We took a taxi.｜There are many taxis at the airport entrance.｜He takes a taxi to work every day.,ကျွန်တော်/ကျွန်မ တက္ကစီစီးပြီး ကျောင်းသွားတယ်။｜တက္ကစီရောက်လာပြီ။｜ကျွန်တော်တို့ တက္ကစီတစ်စီးငှားစီးတယ်။｜လေဆိပ်ဝမှာ တက္ကစီတွေအများကြီးရှိတယ်။｜သူ နေ့တိုင်း တက္ကစီစီးပြီး အလုပ်သွားတယ်။,出租车 (chūzūchē) — တက္ကစီ｜打车 (dǎchē) — တက္ကစီငှားစီးသည်｜出租车司机 (chūzūchē sījī) — တက္ကစီယာဉ်မောင်း｜坐出租车 (zuò chūzūchē) — တက္ကစီစီးသည်｜车站 (chēzhàn) — ကားဂိတ်
577,2,船,chuán,ship,လှေ၊ သင်္ဘော,我们坐船去那个小岛。｜河上有一条船。｜这条船很大。｜他们正在船上吃饭。｜船慢慢地开走了。,Wǒmen zuò chuán qù nà ge xiǎodǎo.｜Hé shàng yǒu yì tiáo chuán.｜Zhè tiáo chuán hěn dà.｜Tāmen zhèngzài chuán shàng chīfàn.｜Chuán mànmàn de kāi zǒu le.,We take a boat to that island.｜There is a boat on the river.｜This boat is very big.｜They are eating on the boat.｜The boat slowly sailed away.,ကျွန်တော်တို့ လှေစီးပြီး အဲဒီကျွန်းကို သွားမယ်။｜မြစ်ပေါ်မှာ လှေတစ်စီးရှိတယ်။｜ဒီလှေက အရမ်းကြီးတယ်။｜သူတို့ လှေပေါ်မှာ ထမင်းစားနေကြတယ်။｜လှေက ဖြည်းဖြည်းနဲ့ ထွက်သွားတယ်။,船 (chuán) — လှေ၊ သင်္ဘော｜坐船 (zuò chuán) — လှေစီးသည်｜船上 (chuán shàng) — လှေပေါ်｜小船 (xiǎochuán) — လှေငယ်｜大船 (dàchuán) — သင်္ဘောကြီး
578,2,吹,chuī,blow,လေမှုတ်သည်,外面在吹风。｜请不要吹蜡烛。｜风把树叶吹走了。｜他吹了一口气。｜孩子正在吹气球。,Wàimiàn zài chuīfēng.｜Qǐng bú yào chuī làzhú.｜Fēng bǎ shùyè chuī zǒu le.｜Tā chuī le yì kǒu qì.｜Háizi zhèngzài chuī qìqiú.,It is windy outside.｜Please don't blow out the candles.｜The wind blew the leaves away.｜He blew a breath.｜The child is blowing up a balloon.,အပြင်မှာ လေတိုက်နေတယ်။｜ဖယောင်းတိုင်ကို မမှုတ်ပါနဲ့။｜လေက သစ်ရွက်တွေကို လွင့်သွားစေတယ်။｜သူ လေတစ်ချက်မှုတ်တယ်။｜ကလေးက ပူဖောင်းကို မှုတ်နေတယ်။,吹风 (chuīfēng) — လေတိုက်သည်｜吹气球 (chuī qìqiú) — ပူဖောင်းမှုတ်သည်｜吹风机 (chuīfēngjī) — ဆံပင်မှုတ်စက်｜吹牛 (chuīniú) — ကြွားပြောသည်｜风吹 (fēng chuī) — လေတိုက်သည်
579,2,春节,chūn jié,Spring Festival; Chinese New Year,တရုတ်နှစ်သစ်ကူးပွဲတော်,春节是中国的重要节日。｜春节的时候我们回家。｜春节期间很多人旅行。｜我喜欢春节的气氛。｜今年春节我们一起吃饭。,Chūnjié shì Zhōngguó de zhòngyào jiérì.｜Chūnjié de shíhou wǒmen huí jiā.｜Chūnjié qījiān hěn duō rén lǚxíng.｜Wǒ xǐhuan Chūnjié de qìfēn.｜Jīnnián Chūnjié wǒmen yìqǐ chīfàn.,Spring Festival is an important Chinese festival.｜We go home during Spring Festival.｜Many people travel during Spring Festival.｜I like the atmosphere of Spring Festival.｜We will eat together this Spring Festival.,တရုတ်နှစ်သစ်ကူးပွဲတော်က တရုတ်နိုင်ငံရဲ့ အရေးကြီးတဲ့ပွဲတော်တစ်ခုပါ။｜တရုတ်နှစ်သစ်ကူးမှာ အိမ်ပြန်ကြတယ်။｜တရုတ်နှစ်သစ်ကူးကာလမှာ လူအများကြီး ခရီးသွားကြတယ်။｜တရုတ်နှစ်သစ်ကူးရဲ့ အငွေ့အသက်ကို ကြိုက်တယ်။｜ဒီနှစ် တရုတ်နှစ်သစ်ကူးမှာ အတူတူထမင်းစားကြမယ်။,春节 (Chūnjié) — တရုတ်နှစ်သစ်ကူး｜春节期间 (Chūnjié qījiān) — တရုတ်နှစ်သစ်ကူးကာလ｜春节快乐 (Chūnjié kuàilè) — တရုတ်နှစ်သစ်ကူးပျော်ရွှင်ပါစေ｜过春节 (guò Chūnjié) — တရုတ်နှစ်သစ်ကူးကျင်းပသည်｜春节假期 (Chūnjié jiàqī) — တရုတ်နှစ်သစ်ကူးအားလပ်ရက်
580,2,春天,chūn tiān,spring,နွေဦး၊ နွေဦးရာသီ,春天来了，天气暖和了。｜我喜欢春天。｜春天的花很漂亮。｜春天是我最喜欢的季节。｜我们春天去公园玩。,"Chūntiān lái le, tiānqì nuǎnhuo le.｜Wǒ xǐhuan chūntiān.｜Chūntiān de huā hěn piàoliang.｜Chūntiān shì wǒ zuì xǐhuan de jìjié.｜Wǒmen chūntiān qù gōngyuán wán.","Spring has arrived, and the weather has become warm.｜I like spring.｜The flowers in spring are beautiful.｜Spring is my favorite season.｜We go to the park in spring.",နွေဦးရောက်လာပြီ၊ ရာသီဥတုပူနွေးလာပြီ။｜ကျွန်တော်/ကျွန်မ နွေဦးရာသီကို ကြိုက်တယ်။｜နွေဦးရာသီမှာ ပန်းတွေက အရမ်းလှတယ်။｜နွေဦးရာသီက ကျွန်တော်/ကျွန်မ အကြိုက်ဆုံးရာသီပါ။｜ကျွန်တော်တို့ နွေဦးမှာ ပန်းခြံသွားကစားတယ်။,春天 (chūntiān) — နွေဦးရာသီ｜春季 (chūnjì) — နွေဦးရာသီ｜春天里 (chūntiān lǐ) — နွေဦးရာသီအတွင်း｜春天到了 (chūntiān dào le) — နွေဦးရောက်လာပြီ｜春暖花开 (chūn nuǎn huā kāi) — နွေဦးမှာ ရာသီဥတုပူနွေးပြီး ပန်းပွင့်သည်
581,2,词,cí,word,စကားလုံး၊ ဝေါဟာရ,这个词是什么意思？｜我不认识这个词。｜这个词很常用。｜请把这个词写下来。｜我今天学了一个新词。,Zhège cí shì shénme yìsi?｜Wǒ bù rènshi zhège cí.｜Zhège cí hěn chángyòng.｜Qǐng bǎ zhège cí xiě xiàlái.｜Wǒ jīntiān xué le yí ge xīn cí.,What does this word mean?｜I don't know this word.｜This word is commonly used.｜Please write down this word.｜I learned a new word today.,ဒီစကားလုံးက ဘာအဓိပ္ပာယ်လဲ။｜ဒီစကားလုံးကို ကျွန်တော်/ကျွန်မ မသိဘူး။｜ဒီစကားလုံးကို အသုံးများတယ်။｜ဒီစကားလုံးကို ချရေးပေးပါ။｜ဒီနေ့ စကားလုံးအသစ်တစ်လုံး သင်ခဲ့တယ်။,词语 (cíyǔ) — စကားလုံး/ဝေါဟာရ｜词典 (cídiǎn) — အဘိဓာန်｜生词 (shēngcí) — ဝေါဟာရအသစ်｜单词 (dāncí) — စကားလုံးတစ်လုံး｜词汇 (cíhuì) — ဝေါဟာရ
582,2,词典,cídiǎn,Dictionary,အဘိဓာန်,我查了词典。｜这本词典很好用。｜请把这个词放在词典里查一下。｜我的桌子上有一本词典。｜这本词典有很多词。,Wǒ chá le cídiǎn.｜Zhè běn cídiǎn hěn hǎo yòng.｜Qǐng bǎ zhège cí fàng zài cídiǎn lǐ chá yíxià.｜Wǒ de zhuōzi shàng yǒu yì běn cídiǎn.｜Zhè běn cídiǎn yǒu hěn duō cí.,I looked it up in the dictionary.｜This dictionary is very useful.｜Please look up this word in the dictionary.｜There is a dictionary on my desk.｜This dictionary has many words.,အဘိဓာန်ထဲမှာ ရှာကြည့်ခဲ့တယ်။｜ဒီအဘိဓာန်က အသုံးဝင်တယ်။｜ဒီစကားလုံးကို အဘိဓာန်ထဲမှာ ရှာကြည့်ပါ။｜ကျွန်တော်/ကျွန်မ စားပွဲပေါ်မှာ အဘိဓာန်တစ်အုပ်ရှိတယ်။｜ဒီအဘိဓာန်မှာ စကားလုံးတွေအများကြီးရှိတယ်။,词典 (cídiǎn) — အဘိဓာန်｜字典 (zìdiǎn) — တရုတ်စာလုံးအဘိဓာန်｜电子词典 (diànzǐ cídiǎn) — အီလက်ထရွန်နစ်အဘိဓာန်｜汉语词典 (Hànyǔ cídiǎn) — တရုတ်ဘာသာအဘိဓာန်｜查词典 (chá cídiǎn) — အဘိဓာန်ကြည့်သည်
583,2,词语,cíyǔ,terms,စကားလုံး၊ ဝေါဟာရ,这个词语很常见。｜老师教了我们很多词语。｜我不明白这个词语的意思。｜请用这个词语造句。｜这些词语很有用。,Zhège cíyǔ hěn chángjiàn.｜Lǎoshī jiāo le wǒmen hěn duō cíyǔ.｜Wǒ bù míngbai zhège cíyǔ de yìsi.｜Qǐng yòng zhège cíyǔ zàojù.｜Zhèxiē cíyǔ hěn yǒuyòng.,This word is very common.｜The teacher taught us many words.｜I don't understand the meaning of this word.｜Please make a sentence with this word.｜These words are very useful.,ဒီစကားလုံးက အရမ်းတွေ့ရများတယ်။｜ဆရာ/ဆရာမက ကျွန်တော်တို့ကို စကားလုံးတွေအများကြီး သင်ပေးတယ်။｜ဒီစကားလုံးရဲ့ အဓိပ္ပာယ်ကို နားမလည်ဘူး။｜ဒီစကားလုံးကိုသုံးပြီး စာကြောင်းဖွဲ့ပါ။｜ဒီစကားလုံးတွေက အရမ်းအသုံးဝင်တယ်။,词 (cí) — စကားလုံး｜词语 (cíyǔ) — ဝေါဟာရ｜单词 (dāncí) — စကားလုံး｜词汇 (cíhuì) — ဝေါဟာရ｜生词 (shēngcí) — ဝေါဟာရအသစ်
584,2,从小,cóng xiǎo,from childhood,ငယ်ငယ်ကတည်းက,我从小就喜欢音乐。｜她从小学习汉语。｜他从小住在这里。｜我从小就认识他。｜孩子从小要养成好习惯。,Wǒ cóngxiǎo jiù xǐhuan yīnyuè.｜Tā cóngxiǎo xuéxí Hànyǔ.｜Tā cóngxiǎo zhù zài zhèlǐ.｜Wǒ cóngxiǎo jiù rènshi tā.｜Háizi cóngxiǎo yào yǎngchéng hǎo xíguàn.,I have liked music since I was little.｜She has studied Chinese since she was little.｜He has lived here since he was little.｜I have known him since childhood.｜Children should develop good habits from a young age.,ငယ်ငယ်ကတည်းက သီချင်းနားထောင်ရတာကြိုက်တယ်။｜သူမ ငယ်ငယ်ကတည်းက တရုတ်စာလေ့လာတယ်။｜သူ ငယ်ငယ်ကတည်းက ဒီမှာနေတယ်။｜ငယ်ငယ်ကတည်းက သူ့ကိုသိတယ်။｜ကလေးတွေ ငယ်ငယ်ကတည်းက အကျင့်ကောင်းတွေ မွေးမြူသင့်တယ်။,从小 (cóngxiǎo) — ငယ်ငယ်ကတည်းက｜从小到大 (cóngxiǎo dào dà) — ငယ်ငယ်ကနေ အခုထိ｜小时候 (xiǎoshíhou) — ကလေးဘဝတုန်းက｜从小学习 (cóngxiǎo xuéxí) — ငယ်ငယ်ကတည်းက လေ့လာသည်｜从小就 (cóngxiǎo jiù) — ငယ်ငယ်ကတည်းကပင်
585,2,答应,dāying,promise,သဘောတူသည်၊ ကတိပေးသည်,我答应你。｜他答应明天来。｜爸爸答应给我买书。｜她答应帮助我。｜老师答应给我们一天假。,Wǒ dāying nǐ.｜Tā dāying míngtiān lái.｜Bàba dāying gěi wǒ mǎi shū.｜Tā dāying bāngzhù wǒ.｜Lǎoshī dāying gěi wǒmen yì tiān jià.,I promise you.｜He agreed to come tomorrow.｜Dad promised to buy me a book.｜She agreed to help me.｜The teacher agreed to give us a day off.,မင်းကို ကတိပေးတယ်။｜သူ မနက်ဖြန်လာဖို့ သဘောတူတယ်။｜အဖေက ကျွန်တော့်/ကျွန်မကို စာအုပ်ဝယ်ပေးမယ်လို့ ကတိပေးတယ်။｜သူမက ကျွန်တော်/ကျွန်မကို ကူညီဖို့ သဘောတူတယ်။｜ဆရာ/ဆရာမက ကျွန်တော်တို့ကို တစ်ရက်နားရက်ပေးဖို့ သဘောတူတယ်။,答案 (dá'àn) — အဖြေ｜回答 (huídá) — ဖြေကြားသည်｜同意 (tóngyì) — သဘောတူသည်｜答复 (dáfù) — ပြန်လည်ဖြေကြားသည်｜答题 (dátí) — မေးခွန်းဖြေသည်
586,2,打工,dǎgōng,Work,အလုပ်လုပ်သည်၊ အလုပ်ဝင်လုပ်သည်,我暑假去打工。｜他周末喜欢打工。｜姐姐在饭店打工。｜我想找一份工作打工。｜很多学生假期去打工。,Wǒ shǔjià qù dǎgōng.｜Tā zhōumò xǐhuan dǎgōng.｜Jiějie zài fàndiàn dǎgōng.｜Wǒ xiǎng zhǎo yí fèn gōngzuò dǎgōng.｜Hěn duō xuéshēng jiàqī qù dǎgōng.,I work part-time during summer vacation.｜He likes working on weekends.｜My older sister works at a restaurant.｜I want to find a job.｜Many students work during their vacations.,နွေရာသီအားလပ်ရက်မှာ အလုပ်လုပ်တယ်။｜သူ စနေ၊ တနင်္ဂနွေမှာ အလုပ်လုပ်ရတာကြိုက်တယ်။｜အစ်မက စားသောက်ဆိုင်မှာ အလုပ်လုပ်တယ်။｜အလုပ်တစ်ခုရှာပြီး လုပ်ချင်တယ်။｜ကျောင်းသားအများကြီးက အားလပ်ရက်မှာ အလုပ်လုပ်ကြတယ်။,工作 (gōngzuò) — အလုပ်｜工人 (gōngrén) — အလုပ်သမား｜上班 (shàngbān) — အလုပ်သွားသည်｜下班 (xiàbān) — အလုပ်ဆင်းသည်｜兼职 (jiānzhí) — အချိန်ပိုင်းအလုပ်
587,2,打算,dǎsuàn,Plan,အစီအစဉ်လုပ်သည်၊ စိတ်ကူးထားသည်,我打算明天去学校。｜你打算什么时候回家？｜我打算学习汉语。｜他们打算买一辆车。｜周末我打算在家休息。,Wǒ dǎsuàn míngtiān qù xuéxiào.｜Nǐ dǎsuàn shénme shíhou huí jiā?｜Wǒ dǎsuàn xuéxí Hànyǔ.｜Tāmen dǎsuàn mǎi yí liàng chē.｜Zhōumò wǒ dǎsuàn zài jiā xiūxi.,I plan to go to school tomorrow.｜When do you plan to go home?｜I plan to study Chinese.｜They plan to buy a car.｜I plan to rest at home this weekend.,မနက်ဖြန် ကျောင်းသွားဖို့ စီစဉ်ထားတယ်။｜မင်း ဘယ်အချိန်အိမ်ပြန်ဖို့ စီစဉ်ထားလဲ။｜တရုတ်စာလေ့လာဖို့ စီစဉ်ထားတယ်။｜သူတို့ ကားတစ်စီးဝယ်ဖို့ စီစဉ်ထားတယ်။｜ဒီအပတ်ကုန်မှာ အိမ်မှာနားဖို့ စီစဉ်ထားတယ်။,计划 (jìhuà) — အစီအစဉ်｜打算 (dǎsuàn) — ရည်ရွယ်သည်｜准备 (zhǔnbèi) — ပြင်ဆင်သည်｜计划好 (jìhuà hǎo) — အစီအစဉ်ချပြီးသည်｜打算去 (dǎsuàn qù) — သွားရန်ရည်ရွယ်သည်
588,2,打印,dǎyìn,Print,ပုံနှိပ်သည်,请帮我打印这份文件。｜我需要打印一张照片。｜办公室里有一台打印机。｜老师让我打印这张表。｜我已经打印好了。,Qǐng bāng wǒ dǎyìn zhè fèn wénjiàn.｜Wǒ xūyào dǎyìn yì zhāng zhàopiàn.｜Bàngōngshì lǐ yǒu yì tái dǎyìnjī.｜Lǎoshī ràng wǒ dǎyìn zhè zhāng biǎo.｜Wǒ yǐjīng dǎyìn hǎo le.,Please help me print this document.｜I need to print a photo.｜There is a printer in the office.｜The teacher asked me to print this form.｜I have already printed it.,ဒီစာရွက်စာတမ်းကို ပရင့်ထုတ်ပေးပါ။｜ဓာတ်ပုံတစ်ပုံ ပရင့်ထုတ်ဖို့လိုတယ်။｜ရုံးခန်းထဲမှာ ပရင်တာတစ်လုံးရှိတယ်။｜ဆရာ/ဆရာမက ဒီဖောင်ကို ပရင့်ထုတ်ခိုင်းတယ်။｜ပရင့်ထုတ်ပြီးပြီ။,打印机 (dǎyìnjī) — ပရင်တာ｜打印纸 (dǎyìnzhǐ) — ပရင့်ထုတ်စက္ကူ｜打印文件 (dǎyìn wénjiàn) — ဖိုင်ပရင့်ထုတ်သည်｜打印出来 (dǎyìn chūlái) — ပရင့်ထုတ်လိုက်သည်｜打印店 (dǎyìn diàn) — ပရင့်ဆိုင်
589,2,大部分,dà bù fèn,most,အများစု,大部分学生都来了。｜大部分时间我在学习。｜大部分人喜欢这个电影。｜这里的大部分商店都关门了。｜大部分工作已经完成了。,Dàbùfen xuéshēng dōu lái le.｜Dàbùfen shíjiān wǒ zài xuéxí.｜Dàbùfen rén xǐhuan zhège diànyǐng.｜Zhèlǐ de dàbùfen shāngdiàn dōu guānmén le.｜Dàbùfen gōngzuò yǐjīng wánchéng le.,Most students have arrived.｜I spend most of my time studying.｜Most people like this movie.｜Most shops here are closed.｜Most of the work has already been completed.,ကျောင်းသားအများစု ရောက်လာပြီ။｜အချိန်အများစုကို စာလေ့လာရင်းကုန်တယ်။｜လူအများစု ဒီရုပ်ရှင်ကို ကြိုက်ကြတယ်။｜ဒီမှာရှိတဲ့ ဆိုင်အများစု ပိတ်ထားတယ်။｜အလုပ်အများစု ပြီးသွားပြီ။,大多数 (dàduōshù) — အများစု｜小部分 (xiǎo bùfen) — အနည်းစု｜一部分 (yí bùfen) — အစိတ်အပိုင်းတစ်ခု｜大部分人 (dà bùfen rén) — လူအများစု｜部分 (bùfen) — အစိတ်အပိုင်း
590,2,大大,dà dà,greatly; enormously,အလွန်၊ သိသိသာသာ,他的中文大大提高了。｜这次活动大大提高了大家的兴趣。｜这件事大大影响了我们的生活。｜新方法大大提高了效率。｜天气变暖以后，花大大增加了。,"Tā de Zhōngwén dàdà tígāo le.｜Zhè cì huódòng dàdà tígāo le dàjiā de xìngqù.｜Zhè jiàn shì dàdà yǐngxiǎng le wǒmen de shēnghuó.｜Xīn fāngfǎ dàdà tígāo le xiàolǜ.｜Tiānqì biàn nuǎn yǐhòu, huā dàdà zēngjiā le.","His Chinese has improved greatly.｜This activity greatly increased everyone's interest.｜This matter greatly affected our lives.｜The new method greatly improved efficiency.｜After the weather became warmer, the number of flowers increased greatly.",သူ့တရုတ်စာ အများကြီးတိုးတက်လာတယ်။｜ဒီလှုပ်ရှားမှုက လူတိုင်းရဲ့ စိတ်ဝင်စားမှုကို အများကြီးတိုးစေတယ်။｜ဒီကိစ္စက ကျွန်တော်တို့ဘဝကို အများကြီးသက်ရောက်စေတယ်။｜နည်းလမ်းအသစ်က ထိရောက်မှုကို အများကြီးတိုးစေတယ်။｜ရာသီဥတုပူနွေးလာပြီးနောက် ပန်းအရေအတွက် အများကြီးတိုးလာတယ်။,大大提高 (dàdà tígāo) — သိသိသာသာ မြှင့်တင်သည်｜大大增加 (dàdà zēngjiā) — သိသိသာသာ တိုးလာသည်｜大大减少 (dàdà jiǎnshǎo) — သိသိသာသာ လျော့ကျသည်｜大大改善 (dàdà gǎishàn) — သိသိသာသာ ကောင်းမွန်လာသည်｜大大帮助 (dàdà bāngzhù) — အများကြီး ကူညီသည်
591,2,大多数,dà duō shù,most; great majority,အများစု,大多数学生喜欢中文。｜大多数人都同意。｜大多数孩子喜欢玩游戏。｜大多数商店晚上关门。｜大多数问题已经解决了。,Dàduōshù xuéshēng xǐhuan Zhōngwén.｜Dàduōshù rén dōu tóngyì.｜Dàduōshù háizi xǐhuan wán yóuxì.｜Dàduōshù shāngdiàn wǎnshang guānmén.｜Dàduōshù wèntí yǐjīng jiějué le.,Most students like Chinese.｜Most people agree.｜Most children like playing games.｜Most shops close at night.｜Most problems have already been solved.,ကျောင်းသားအများစု တရုတ်စာကိုကြိုက်တယ်။｜လူအများစု သဘောတူကြတယ်။｜ကလေးအများစု ဂိမ်းကစားရတာကြိုက်တယ်။｜ဆိုင်အများစု ညဘက်ပိတ်တယ်။｜ပြဿနာအများစု ဖြေရှင်းပြီးပြီ။,大部分 (dà bùfen) — အများစု｜多数 (duōshù) — အများစု｜少数 (shǎoshù) — အနည်းစု｜大多数人 (dàduōshù rén) — လူအများစု｜大多数时候 (dàduōshù shíhou) — အချိန်အများစု
592,2,大海,dà hǎi,sea,ပင်လယ်ကြီး,我喜欢看大海。｜大海非常漂亮。｜我们站在大海边。｜他第一次看到了大海。｜大海的颜色很美。,Wǒ xǐhuan kàn dàhǎi.｜Dàhǎi fēicháng piàoliang.｜Wǒmen zhàn zài dàhǎi biān.｜Tā dì yī cì kàn dào le dàhǎi.｜Dàhǎi de yánsè hěn měi.,I like looking at the sea.｜The sea is very beautiful.｜We are standing by the sea.｜He saw the sea for the first time.｜The sea is very beautiful in color.,ပင်လယ်ကြီးကို ကြည့်ရတာကြိုက်တယ်။｜ပင်လယ်ကြီးက အရမ်းလှတယ်။｜ကျွန်တော်တို့ ပင်လယ်ကမ်းနားမှာ ရပ်နေတယ်။｜သူ ပင်လယ်ကြီးကို ပထမဆုံးအကြိမ်မြင်ဖူးတယ်။｜ပင်လယ်ကြီးရဲ့ အရောင်က အရမ်းလှတယ်။,海 (hǎi) — ပင်လယ်｜大海 (dàhǎi) — ပင်လယ်ကြီး｜海边 (hǎibiān) — ပင်လယ်ကမ်း｜海水 (hǎishuǐ) — ပင်လယ်ရေ｜海上 (hǎishàng) — ပင်လယ်ပေါ်
593,2,大家,dàjiā,everybody,လူတိုင်း,大家好！｜大家都在学习。｜大家一起吃饭吧。｜谢谢大家的帮助。｜大家都喜欢这个地方。,Dàjiā hǎo!｜Dàjiā dōu zài xuéxí.｜Dàjiā yìqǐ chīfàn ba.｜Xièxie dàjiā de bāngzhù.｜Dàjiā dōu xǐhuan zhège dìfang.,"Hello, everyone!｜Everyone is studying.｜Let's eat together, everyone.｜Thank you all for your help.｜Everyone likes this place.",အားလုံးမင်္ဂလာပါ။｜အားလုံး စာလေ့လာနေကြတယ်။｜အားလုံးအတူတူ ထမင်းစားကြရအောင်။｜အားလုံးရဲ့ အကူအညီအတွက် ကျေးဇူးတင်ပါတယ်။｜အားလုံး ဒီနေရာကိုကြိုက်ကြတယ်။,大家 (dàjiā) — အားလုံး｜大家好 (dàjiā hǎo) — အားလုံးမင်္ဂလာပါ｜大家一起 (dàjiā yìqǐ) — အားလုံးအတူ｜大家都 (dàjiā dōu) — အားလုံးပဲ｜大家伙儿 (dàjiāhuǒr) — လူအားလုံး
594,2,大量,dà liàng,a lot of; lots of,အမြောက်အမြား၊ များပြားသော,这里有大量的书。｜这个工厂生产大量的产品。｜我们需要大量的时间。｜他收集了大量资料。｜网上有大量的信息。,Zhèlǐ yǒu dàliàng de shū.｜Zhège gōngchǎng shēngchǎn dàliàng de chǎnpǐn.｜Wǒmen xūyào dàliàng de shíjiān.｜Tā shōují le dàliàng zīliào.｜Wǎngshàng yǒu dàliàng de xìnxī.,There are a large number of books here.｜This factory produces a large number of products.｜We need a lot of time.｜He collected a large amount of information.｜There is a large amount of information online.,ဒီမှာ စာအုပ်အမြောက်အမြားရှိတယ်။｜ဒီစက်ရုံက ကုန်ပစ္စည်းအမြောက်အမြား ထုတ်လုပ်တယ်။｜ကျွန်တော်တို့ အချိန်အများကြီးလိုတယ်။｜သူ အချက်အလက်အမြောက်အမြား စုဆောင်းထားတယ်။｜အင်တာနက်ပေါ်မှာ အချက်အလက်အများကြီးရှိတယ်။,大量 (dàliàng) — အမြောက်အမြား｜大量的 (dàliàng de) — အမြောက်အမြားသော｜大量生产 (dàliàng shēngchǎn) — အမြောက်အမြားထုတ်လုပ်သည်｜大量增加 (dàliàng zēngjiā) — အမြောက်အမြားတိုးလာသည်｜大量使用 (dàliàng shǐyòng) — အမြောက်အမြားအသုံးပြုသည်
595,2,大门,dà mén,door; gate,အဓိကတံခါး၊ တံခါးကြီး,学校的大门开着。｜请在大门口等我。｜这座房子有一扇大门。｜他站在大门外。｜学校的大门很漂亮。,Xuéxiào de dàmén kāizhe.｜Qǐng zài dàménkǒu děng wǒ.｜Zhè zuò fángzi yǒu yì shàn dàmén.｜Tā zhàn zài dàmén wài.｜Xuéxiào de dàmén hěn piàoliang.,The school gate is open.｜Please wait for me at the main gate.｜This house has a large gate.｜He is standing outside the main gate.｜The school gate is very beautiful.,ကျောင်းရဲ့ အဓိကတံခါး ဖွင့်ထားတယ်။｜အဓိကတံခါးနားမှာ ကျွန်တော့်/ကျွန်မကို စောင့်ပါ။｜ဒီအိမ်မှာ တံခါးကြီးတစ်ချပ်ရှိတယ်။｜သူ အဓိကတံခါးအပြင်မှာ ရပ်နေတယ်။｜ကျောင်းရဲ့ အဓိကတံခါးက အရမ်းလှတယ်။,大门 (dàmén) — အဓိကတံခါး｜门口 (ménkǒu) — တံခါးဝ｜开门 (kāimén) — တံခါးဖွင့်သည်｜关门 (guānmén) — တံခါးပိတ်သည်｜门外 (ménwài) — တံခါးအပြင်
596,2,大人,dà rén,adult,လူကြီး၊ အရွယ်ရောက်သူ,大人不能说谎。｜这个地方只有大人可以进去。｜孩子和大人都喜欢这个公园。｜大人应该照顾孩子。｜这里有很多大人。,Dàrén bù néng shuōhuǎng.｜Zhège dìfang zhǐyǒu dàrén kěyǐ jìnqù.｜Háizi hé dàrén dōu xǐhuan zhège gōngyuán.｜Dàrén yīnggāi zhàogù háizi.｜Zhèlǐ yǒu hěn duō dàrén.,Adults should not lie.｜Only adults can enter this place.｜Both children and adults like this park.｜Adults should take care of children.｜There are many adults here.,လူကြီးတွေ မလိမ်သင့်ဘူး။｜ဒီနေရာကို လူကြီးတွေပဲ ဝင်လို့ရတယ်။｜ကလေးတွေရော လူကြီးတွေရော ဒီပန်းခြံကို ကြိုက်ကြတယ်။｜လူကြီးတွေက ကလေးတွေကို စောင့်ရှောက်သင့်တယ်။｜ဒီမှာ လူကြီးတွေအများကြီးရှိတယ်။,大人 (dàrén) — လူကြီး｜成人 (chéngrén) — အရွယ်ရောက်သူ｜老人 (lǎorén) — အသက်ကြီးသူ｜小孩 (xiǎohái) — ကလေး｜大人们 (dàrénmen) — လူကြီးများ
597,2,大声,dà shēng,loud,အသံကျယ်ကျယ်,请不要大声说话。｜他说话的声音很大。｜孩子们在大声唱歌。｜你可以大声一点吗？｜教室里不能大声说话。,Qǐng bú yào dàshēng shuōhuà.｜Tā shuōhuà de shēngyīn hěn dà.｜Háizimen zài dàshēng chànggē.｜Nǐ kěyǐ dàshēng yìdiǎn ma?｜Jiàoshì lǐ bù néng dàshēng shuōhuà.,Please don't speak loudly.｜His voice is very loud.｜The children are singing loudly.｜Can you speak a little louder?｜You cannot speak loudly in the classroom.,ကျေးဇူးပြုပြီး အသံကျယ်ကျယ်မပြောပါနဲ့။｜သူ့အသံက အရမ်းကျယ်တယ်။｜ကလေးတွေ အသံကျယ်ကျယ်နဲ့ သီချင်းဆိုနေကြတယ်။｜နည်းနည်းပိုကျယ်ကျယ် ပြောလို့ရလား။｜စာသင်ခန်းထဲမှာ အသံကျယ်ကျယ်မပြောရဘူး။,大声 (dàshēng) — အသံကျယ်ကျယ်｜大声说 (dàshēng shuō) — အသံကျယ်ကျယ်ပြောသည်｜小声 (xiǎoshēng) — အသံတိုးတိုး｜大声叫 (dàshēng jiào) — အသံကျယ်ကျယ်အော်သည်｜声音 (shēngyīn) — အသံ
598,2,大小,dà xiǎo,size,အရွယ်အစား,这个房子的大小怎么样？｜我不知道这件衣服的大小。｜两个房间的大小不一样。｜请告诉我鞋子的大小。｜这个箱子的大小正好。,Zhège fángzi de dàxiǎo zěnmeyàng?｜Wǒ bù zhīdào zhè jiàn yīfu de dàxiǎo.｜Liǎng ge fángjiān de dàxiǎo bù yíyàng.｜Qǐng gàosu wǒ xiézi de dàxiǎo.｜Zhège xiāngzi de dàxiǎo zhènghǎo.,How big is this house?｜I don't know the size of these clothes.｜The two rooms are different in size.｜Please tell me the shoe size.｜The size of this box is just right.,ဒီအိမ်ရဲ့ အရွယ်အစားက ဘယ်လိုလဲ။｜ဒီအဝတ်အစားရဲ့ အရွယ်အစားကို မသိဘူး။｜အခန်းနှစ်ခန်းရဲ့ အရွယ်အစားမတူဘူး။｜ဖိနပ်အရွယ်အစားကို ပြောပြပါ။｜ဒီသေတ္တာရဲ့ အရွယ်အစားက အတော်ပဲ။,大小 (dàxiǎo) — အရွယ်အစား｜大小一样 (dàxiǎo yíyàng) — အရွယ်အစားတူသည်｜大小不同 (dàxiǎo bùtóng) — အရွယ်အစားမတူသည်｜大小号 (dàxiǎohào) — အရွယ်အစား｜大小合适 (dàxiǎo héshì) — အရွယ်အစားတော်သည်
599,2,大衣,dà yī,overcoat,ဆောင်းကုတ်အင်္ကျီ,冬天很冷，我穿大衣。｜这件大衣很好看。｜妈妈给我买了一件大衣。｜我的大衣在房间里。｜出门前别忘了穿大衣。,"Dōngtiān hěn lěng, wǒ chuān dàyī.｜Zhè jiàn dàyī hěn hǎokàn.｜Māma gěi wǒ mǎi le yí jiàn dàyī.｜Wǒ de dàyī zài fángjiān lǐ.｜Chūmén qián bié wàng le chuān dàyī.","It is cold in winter, so I wear a coat.｜This coat looks very nice.｜Mom bought me a coat.｜My coat is in the room.｜Don't forget to wear a coat before going out",ဆောင်းရာသီမှာ အရမ်းအေးလို့ ဆောင်းကုတ်အင်္ကျီဝတ်တယ်။｜ဒီဆောင်းကုတ်အင်္ကျီက အရမ်းလှတယ်။｜အမေက ကျွန်တော်/ကျွန်မကို ဆောင်းကုတ်အင်္ကျီတစ်ထည် ဝယ်ပေးတယ်။｜ကျွန်တော်/ကျွန်မရဲ့ ဆောင်းကုတ်အင်္ကျီက အခန်းထဲမှာရှိတယ်။｜အပြင်မထွက်ခင် ဆောင်းကုတ်အင်္ကျီဝတ်ဖို့ မမေ့နဲ့။,大衣 (dàyī) — အပေါ်အင်္ကျီထူ｜衣服 (yīfu) — အဝတ်အစား｜外套 (wàitào) — အပြင်ဝတ်အင်္ကျီ｜毛衣 (máoyī) — သိုးမွေးအင်္ကျီ｜冬衣 (dōngyī) — ဆောင်းရာသီအဝတ်အစား
600,2,大自然,dà zì rán,nature,သဘာဝတရား,我喜欢大自然。｜大自然很美。｜我们应该保护大自然。｜孩子喜欢接近大自然。｜春天的大自然很漂亮。,Wǒ xǐhuan dàzìrán.｜Dàzìrán hěn měi.｜Wǒmen yīnggāi bǎohù dàzìrán.｜Háizi xǐhuan jiējìn dàzìrán.｜Chūntiān de dàzìrán hěn piàoliang.,I like nature.｜Nature is beautiful.｜We should protect nature.｜Children like getting close to nature.｜Nature is beautiful in spring.,ကျွန်တော်/ကျွန်မ သဘာဝတရားကို ကြိုက်တယ်။｜သဘာဝတရားက လှပတယ်။｜ကျွန်တော်တို့ သဘာဝတရားကို ကာကွယ်သင့်တယ်။｜ကလေးတွေ သဘာဝနဲ့နီးကပ်ရတာ ကြိုက်တယ်။｜နွေဦးရာသီမှာ သဘာဝက အရမ်းလှတယ်။,大自然 (dàzìrán) — သဘာဝတရား｜自然 (zìrán) — သဘာဝ｜自然环境 (zìrán huánjìng) — သဘာဝပတ်ဝန်းကျင်｜保护自然 (bǎohù zìrán) — သဘာဝကိုကာကွယ်သည်｜自然风光 (zìrán fēngguāng) — သဘာဝရှုခင်း
601,2,带,dài,belt,ယူသည်၊ သယ်သည်,请带上你的书。｜我带了一个朋友。｜妈妈带孩子去学校。｜别忘了带手机。｜他带着雨伞出门。,Qǐng dài shàng nǐ de shū.｜Wǒ dài le yí ge péngyou.｜Māma dài háizi qù xuéxiào.｜Bié wàngle dài shǒujī.｜Tā dàizhe yǔsǎn chūmén.,Please bring your book.｜I brought a friend.｜Mom takes the child to school.｜Don't forget to bring your phone.｜He went out carrying an umbrella.,မင်းရဲ့စာအုပ်ကို ယူလာပေးပါ။｜ကျွန်တော်/ကျွန်မ သူငယ်ချင်းတစ်ယောက်ကို ခေါ်လာခဲ့တယ်။｜အမေက ကလေးကို ကျောင်းခေါ်သွားတယ်။｜ဖုန်းယူလာဖို့ မမေ့နဲ့။｜သူ ထီးယူပြီး အပြင်ထွက်သွားတယ်။,带来 (dàilái) — ယူလာသည်｜带走 (dàizǒu) — ယူသွားသည်｜带上 (dàishàng) — ယူဆောင်သည်｜带着 (dàizhe) — ကိုင်ဆောင်ထားသည်｜携带 (xiédài) — သယ်ဆောင်သည်
602,2,带来,dài lái,bring,ယူလာသည်၊ ဖြစ်ပေါ်စေသည်,这本书给我带来了快乐。｜春天带来了温暖。｜他给我们带来了好消息。｜运动能带来健康。｜旅行给我带来了很多回忆。,Zhè běn shū gěi wǒ dàilái le kuàilè.｜Chūntiān dàilái le wēnnuǎn.｜Tā gěi wǒmen dàilái le hǎo xiāoxi.｜Yùndòng néng dàilái jiànkāng.｜Lǚxíng gěi wǒ dàilái le hěn duō huíyì.,This book brought me happiness.｜Spring brought warmth.｜He brought us good news.｜Exercise can bring health.｜Travel brought me many memories.,ဒီစာအုပ်က ကျွန်တော်/ကျွန်မကို ပျော်ရွှင်မှုယူဆောင်လာပေးတယ်။｜နွေဦးက နွေးထွေးမှုကို ယူဆောင်လာတယ်။｜သူ ကျွန်တော်တို့အတွက် သတင်းကောင်းယူလာတယ်။｜လေ့ကျင့်ခန်းက ကျန်းမာရေးကို ဖြစ်ပေါ်စေနိုင်တယ်။｜ခရီးသွားခြင်းက အမှတ်တရတွေ အများကြီးယူလာပေးတယ်။,带 (dài) — ယူသည်/သယ်သည်｜带走 (dàizǒu) — ယူသွားသည်｜带来 (dàilái) — ယူလာသည်｜带给 (dàigěi) — ပေးယူလာသည်｜带回 (dàihuí) — ပြန်ယူလာသည်
603,2,单位,dānwèi,Company,ယူနစ်၊ အဖွဲ့အစည်း,这个单位有很多员工。｜我在这个单位工作。｜这个单位离学校很近。｜每个单位都有自己的规定。｜他是我们单位的老师。,Zhè ge dānwèi yǒu hěn duō yuángōng.｜Wǒ zài zhège dānwèi gōngzuò.｜Zhège dānwèi lí xuéxiào hěn jìn.｜Měi ge dānwèi dōu yǒu zìjǐ de guīdìng.｜Tā shì wǒmen dānwèi de lǎoshī.,This organization has many employees.｜I work at this organization.｜This organization is close to the school.｜Every organization has its own rules.｜He is a teacher in our organization.,ဒီအဖွဲ့အစည်းမှာ ဝန်ထမ်းအများကြီးရှိတယ်။｜ကျွန်တော်/ကျွန်မ ဒီအဖွဲ့အစည်းမှာ အလုပ်လုပ်တယ်။｜ဒီအဖွဲ့အစည်းက ကျောင်းနဲ့နီးတယ်။｜အဖွဲ့အစည်းတိုင်းမှာ ကိုယ်ပိုင်စည်းမျဉ်းရှိတယ်။｜သူက ကျွန်တော်တို့အဖွဲ့အစည်းက ဆရာတစ်ယောက်ပါ။,单位 (dānwèi) — ယူနစ်/အဖွဲ့အစည်း｜单位员工 (dānwèi yuángōng) — အဖွဲ့အစည်းဝန်ထမ်း｜工作单位 (gōngzuò dānwèi) — အလုပ်လုပ်ရာအဖွဲ့အစည်း｜单位领导 (dānwèi lǐngdǎo) — အဖွဲ့အစည်းခေါင်းဆောင်｜单位名称 (dānwèi míngchēng) — အဖွဲ့အစည်းအမည်
604,2,但,dàn,but; however,သို့သော်,我很累，但我还要学习。｜他很忙，但还是来了。｜天气很冷，但我不怕。｜我喜欢这个，但没有钱买。｜他年纪小，但很聪明。,"Wǒ hěn lèi, dàn wǒ hái yào xuéxí.｜Tā hěn máng, dàn háishì lái le.｜Tiānqì hěn lěng, dàn wǒ bù pà.｜Wǒ xǐhuan zhège, dàn méiyǒu qián mǎi.｜Tā niánjì xiǎo, dàn hěn cōngming.","I am tired, but I still have to study.｜He is busy, but he still came.｜The weather is cold, but I am not afraid.｜I like this, but I don't have money to buy it.｜He is young, but very smart.",ကျွန်တော်/ကျွန်မ ပင်ပန်းတယ်၊ ဒါပေမယ့် ဆက်လေ့လာရမယ်။｜သူ အလုပ်များတယ်၊ ဒါပေမယ့် လာခဲ့တယ်။｜ရာသီဥတုအေးတယ်၊ ဒါပေမယ့် ကျွန်တော်/ကျွန်မ မကြောက်ဘူး။｜ဒါကိုကြိုက်တယ်၊ ဒါပေမယ့် ဝယ်ဖို့ပိုက်ဆံမရှိဘူး။｜သူ အသက်ငယ်ပေမယ့် အရမ်းတော်တယ်။,但是 (dànshì) — သို့သော်｜不过 (búguò) — ဒါပေမယ့်｜可是 (kěshì) — သို့သော်｜然而 (rán'ér) — သို့သော်လည်း｜虽然 (suīrán) — ...ပေမယ့်
605,2,但是,dàn shì,but; however,သို့သော်,我想去，但是今天下雨。｜他很忙，但是帮助了我。｜这件衣服很好，但是太贵了。｜我喜欢吃，但是不能吃太多。｜她想去，但是没有时间。,"Wǒ xiǎng qù, dànshì jīntiān xiàyǔ.｜Tā hěn máng, dànshì bāngzhù le wǒ.｜Zhè jiàn yīfu hěn hǎo, dànshì tài guì.｜Wǒ xǐhuan chī, dànshì bù néng chī tài duō.｜Tā xiǎng qù, dànshì méiyǒu shíjiān.","I want to go, but it is raining today.｜He is busy, but he helped me.｜These clothes are good, but too expensive.｜I like eating, but I cannot eat too much.｜She wants to go, but she has no time.",ကျွန်တော်/ကျွန်မ သွားချင်တယ်၊ ဒါပေမယ့် ဒီနေ့မိုးရွာတယ်။｜သူ အလုပ်များပေမယ့် ကျွန်တော်/ကျွန်မကို ကူညီခဲ့တယ်။｜ဒီအဝတ်အစားက ကောင်းတယ်၊ ဒါပေမယ့် အရမ်းဈေးကြီးတယ်။｜ကျွန်တော်/ကျွန်မ စားရတာကြိုက်ပေမယ့် အများကြီးမစားနိုင်ဘူး။｜သူမ သွားချင်ပေမယ့် အချိန်မရှိဘူး။,但 (dàn) — သို့သော်｜不过 (búguò) — ဒါပေမယ့်｜可是 (kěshì) — သို့သော်｜然而 (rán'ér) — သို့သော်လည်း｜虽然 (suīrán) — ...ပေမယ့်
606,2,蛋,dàn,egg,ဥ,我早上吃了一个鸡蛋。｜这个蛋很好吃。｜妈妈给我煮了两个鸡蛋。｜我不喜欢吃生蛋。｜桌子上有一个鸡蛋。,Wǒ zǎoshang chī le yí ge jīdàn.｜Zhège dàn hěn hǎochī.｜Māma gěi wǒ zhǔ le liǎng ge jīdàn.｜Wǒ bù xǐhuan chī shēng dàn.｜Zhuōzi shàng yǒu yí ge jīdàn.,I ate an egg in the morning.｜This egg is delicious.｜Mom boiled two eggs for me.｜I don't like eating raw eggs.｜There is an egg on the table.,မနက်က ကြက်ဥတစ်လုံးစားခဲ့တယ်။｜ဒီကြက်ဥက စားလို့ကောင်းတယ်။｜အမေက ကျွန်တော်/ကျွန်မအတွက် ကြက်ဥနှစ်လုံးပြုတ်ပေးတယ်။｜ကြက်ဥအစိမ်းစားရတာ မကြိုက်ဘူး။｜စားပွဲပေါ်မှာ ကြက်ဥတစ်လုံးရှိတယ်။,鸡蛋 (jīdàn) — ကြက်ဥ｜蛋糕 (dàngāo) — ကိတ်မုန့်｜蛋黄 (dànhuáng) — ကြက်ဥအနှစ်｜蛋白 (dànbái) — ကြက်ဥအကာ｜鸭蛋 (yādàn) — ဘဲဥ
607,2,当,dāng,When,ဖြစ်သည်၊ အဖြစ်လုပ်သည်,他当老师很多年了。｜我当他是朋友。｜我们应该当真。｜他想当医生。｜她小时候想当老师。,Tā dāng lǎoshī hěn duō nián le.｜Wǒ dāng tā shì péngyou.｜Wǒmen yīnggāi dāngzhēn.｜Tā xiǎng dāng yīshēng.｜Tā xiǎoshíhou xiǎng dāng lǎoshī.,He has been a teacher for many years.｜I treat him as a friend.｜We should take it seriously.｜He wants to become a doctor.｜She wanted to become a teacher when she was young.,သူ ဆရာလုပ်လာတာ နှစ်ပေါင်းများစွာရှိပြီ။｜ကျွန်တော်/ကျွန်မ သူ့ကို သူငယ်ချင်းတစ်ယောက်လို သဘောထားတယ်။｜ကျွန်တော်တို့ အလေးအနက်ထားသင့်တယ်။｜သူ ဆရာဝန်ဖြစ်ချင်တယ်။｜သူမ ငယ်ငယ်တုန်းက ဆရာမဖြစ်ချင်ခဲ့တယ်။,当时 (dāngshí) — အဲဒီအချိန်တုန်းက｜当年 (dāngnián) — အဲဒီနှစ်တုန်းက｜当初 (dāngchū) — အစတုန်းက｜当老师 (dāng lǎoshī) — ဆရာလုပ်သည်｜当医生 (dāng yīshēng) — ဆရာဝန်လုပ်သည်
608,2,当时,dāngshí,at that time,အဲဒီအချိန်တုန်းက,当时我还在上学。｜我当时不知道。｜他当时很忙。｜我们当时住在北京。｜当时天气很冷。,Dāngshí wǒ hái zài shàngxué.｜Wǒ dāngshí bù zhīdào.｜Tā dāngshí hěn máng.｜Wǒmen dāngshí zhù zài Běijīng.｜Dāngshí tiānqì hěn lěng.,I was still studying at that time.｜I didn't know at that time.｜He was very busy then.｜We lived in Beijing at that time.｜The weather was very cold then.,အဲဒီအချိန်တုန်းက ကျွန်တော်/ကျွန်မ ကျောင်းတက်နေတုန်းပဲ။｜အဲဒီအချိန်တုန်းက ကျွန်တော်/ကျွန်မ မသိဘူး။｜အဲဒီတုန်းက သူအရမ်းအလုပ်များတယ်။｜အဲဒီအချိန်တုန်းက ကျွန်တော်တို့ ပေကျင်းမှာနေခဲ့တယ်။｜အဲဒီတုန်းက ရာသီဥတုအရမ်းအေးတယ်။,当 (dāng) — ဖြစ်သည်/အဖြစ်လုပ်သည်｜当时 (dāngshí) — အဲဒီအချိန်တုန်းက｜当初 (dāngchū) — အစတုန်းက｜当年 (dāngnián) — အဲဒီနှစ်တုန်းက｜当老师 (dāng lǎoshī) — ဆရာလုပ်သည်
609,2,倒,dǎo,"fall, topple, fail",လဲကျသည်၊ ပြောင်းပြန်,他不小心倒了。｜请把水倒进杯子里。｜杯子倒了。｜他把茶倒出来了。｜这张照片倒过来了。,Tā bù xiǎoxīn dǎo le.｜Qǐng bǎ shuǐ dào jìn bēizi lǐ.｜Bēizi dǎo le.｜Tā bǎ chá dào chūlái le.｜Zhè zhāng zhàopiàn dào guòlái le.,He accidentally fell over.｜Please pour the water into the cup.｜The cup fell over.｜He poured the tea out.｜This photo is upside down.,သူ မတော်တဆ လဲကျသွားတယ်။｜ရေကို ခွက်ထဲလောင်းထည့်ပါ။｜ခွက်လဲကျသွားတယ်။｜သူ လက်ဖက်ရည်ကို လောင်းထုတ်လိုက်တယ်။｜ဒီဓာတ်ပုံက ဇောက်ထိုးဖြစ်နေတယ်။,倒掉 (dǎodiào) — လောင်းထုတ်သည်｜倒水 (dào shuǐ) — ရေလောင်းသည်｜倒茶 (dào chá) — လက်ဖက်ရည်လောင်းသည်｜倒下 (dǎoxià) — လဲကျသည်｜倒过来 (dào guòlái) — ပြောင်းပြန်လုပ်သည်
610,2,到处,dàochù,everywhere,နေရာတိုင်း,街上到处都是人。｜这里到处都很漂亮。｜我到处找我的手机。｜春节时到处都很热闹。｜房间里到处都是书。,Jiē shàng dàochù dōu shì rén.｜Zhèlǐ dàochù dōu hěn piàoliang.｜Wǒ dàochù zhǎo wǒ de shǒujī.｜Chūnjié shí dàochù dōu hěn rènào.｜Fángjiān lǐ dàochù dōu shì shū.,There are people everywhere on the street.｜It is beautiful everywhere here.｜I looked everywhere for my phone.｜Everywhere is lively during the Spring Festival.｜There are books everywhere in the room.,လမ်းပေါ်မှာ လူတွေ နေရာတိုင်းရှိတယ်။｜ဒီနေရာက နေရာတိုင်းလှတယ်။｜ကျွန်တော်/ကျွန်မ ဖုန်းကို နေရာတိုင်းရှာခဲ့တယ်။｜တရုတ်နှစ်သစ်ကူးအချိန်မှာ နေရာတိုင်းစည်ကားတယ်။｜အခန်းထဲမှာ စာအုပ်တွေ နေရာတိုင်းရှိတယ်။,到处 (dàochù) — နေရာတိုင်း｜到处走 (dàochù zǒu) — နေရာတိုင်းလှည့်သွားသည်｜到处找 (dàochù zhǎo) — နေရာတိုင်းရှာသည်｜到处都是 (dàochù dōu shì) — နေရာတိုင်းမှာရှိသည်｜各处 (gèchù) — နေရာအမျိုးမျိုး
611,2,倒,dào,inverted,လောင်းသည်၊ လဲသည်,他走路时倒了。｜杯子倒了。｜请把水倒进杯子里。｜他把牛奶倒出来了。｜这张图片倒过来了。,Tā zǒulù shí dǎo le.｜Bēizi dǎo le.｜Qǐng bǎ shuǐ dào jìn bēizi lǐ.｜Tā bǎ niúnǎi dào chūlái le.｜Zhè zhāng túpiàn dào guòlái le.,He fell while walking.｜The cup fell over.｜Please pour the water into the cup.｜He poured the milk out.｜This picture is upside down.,လမ်းလျှောက်ရင်း သူလဲကျသွားတယ်။｜ခွက်လဲကျသွားတယ်။｜ရေကို ခွက်ထဲလောင်းထည့်ပါ။｜သူ နို့ကို လောင်းထုတ်လိုက်တယ်။｜ဒီပုံက ဇောက်ထိုးဖြစ်နေတယ်။,倒下 (dǎoxià) — လဲကျသည်｜倒水 (dào shuǐ) — ရေလောင်းသည်｜倒掉 (dǎodiào) — လောင်းထုတ်သည်｜倒车 (dǎochē) — ကားနောက်ဆုတ်သည်｜倒过来 (dào guòlái) — ပြောင်းပြန်ဖြစ်သည်
612,2,道,dào,road; way; path,လမ်း၊ နည်းလမ်း,这是一条很长的道路。｜我们要找到正确的道路。｜这道菜很好吃。｜我不知道其中的道理。｜这道题很难。,Zhè shì yì tiáo hěn cháng de dàolù.｜Wǒmen yào zhǎodào zhèngquè de dàolù.｜Zhè dào cài hěn hǎochī.｜Wǒ bù zhīdào qízhōng de dàolǐ.｜Zhè dào tí hěn nán.,This is a very long road.｜We need to find the right path.｜This dish is delicious.｜I don't know the reason behind it.｜This question is difficult.,ဒါက အရမ်းရှည်တဲ့လမ်းတစ်လမ်းပါ။｜မှန်ကန်တဲ့လမ်းကို ရှာရမယ်။｜ဒီဟင်းက အရမ်းစားကောင်းတယ်။｜ဒီအကြောင်းရဲ့ သဘောတရားကို ကျွန်တော်/ကျွန်မ မသိဘူး။｜ဒီမေးခွန်းက ခက်တယ်။,道路 (dàolù) — လမ်း｜道理 (dàolǐ) — သဘောတရား｜道歉 (dàoqiàn) — တောင်းပန်သည်｜知道 (zhīdào) — သိသည်｜味道 (wèidào) — အရသာ
613,2,道理,dàolǐ,truth,အကြောင်းပြချက်၊ သဘောတရား,你说得很有道理。｜他说的道理很简单。｜我明白这个道理了。｜这个道理很重要。｜老师给我们讲了一个道理。,Nǐ shuō de hěn yǒu dàolǐ.｜Tā shuō de dàolǐ hěn jiǎndān.｜Wǒ míngbai zhège dàolǐ le.｜Zhège dàolǐ hěn zhòngyào.｜Lǎoshī gěi wǒmen jiǎng le yí ge dàolǐ.,What you said makes sense.｜What he said is simple.｜I understand this principle now.｜This principle is important.｜The teacher explained a principle to us.,မင်းပြောတာ အကြောင်းပြချက်ရှိတယ်။｜သူပြောတဲ့ သဘောတရားက ရိုးရှင်းတယ်။｜ဒီသဘောတရားကို နားလည်ပြီ။｜ဒီသဘောတရားက အရေးကြီးတယ်။｜ဆရာက ကျွန်တော်တို့ကို သဘောတရားတစ်ခုရှင်းပြတယ်။,道理 (dàolǐ) — သဘောတရား/အကြောင်းပြချက်｜有道理 (yǒu dàolǐ) — အကြောင်းပြချက်ရှိသည်｜讲道理 (jiǎng dàolǐ) — အကြောင်းပြချက်ရှင်းပြသည်｜道理很简单 (dàolǐ hěn jiǎndān) — သဘောတရားရိုးရှင်းသည်｜明白道理 (míngbai dàolǐ) — သဘောတရားနားလည်သည်
614,2,道路,dào lù,road; way; path,လမ်း၊ လမ်းကြောင်း,这条道路很宽。｜我们沿着道路走。｜这条道路通向学校。｜这条道路很安全。｜前面的道路还很长。,Zhè tiáo dàolù hěn kuān.｜Wǒmen yánzhe dàolù zǒu.｜Zhè tiáo dàolù tōng xiàng xuéxiào.｜Zhè tiáo dàolù hěn ānquán.｜Qiánmiàn de dàolù hái hěn cháng.,This road is wide.｜We walk along the road.｜This road leads to the school.｜This road is safe.｜The road ahead is still long.,ဒီလမ်းက ကျယ်တယ်။｜ကျွန်တော်တို့ လမ်းအတိုင်းလျှောက်တယ်။｜ဒီလမ်းက ကျောင်းကို ဦးတည်သွားတယ်။｜ဒီလမ်းက လုံခြုံတယ်။｜ရှေ့ကလမ်းက ရှည်နေသေးတယ်။,道路 (dàolù) — လမ်း｜公路 (gōnglù) — အဝေးပြေးလမ်း｜马路 (mǎlù) — လမ်းမ｜道路安全 (dàolù ānquán) — လမ်းပန်းဆိုင်ရာလုံခြုံရေး｜道路交通 (dàolù jiāotōng) — လမ်းပန်းသွားလာရေး
615,2,得,dé,get,ရသည် / ရှိသည် / ရမည်,我得早点回家。｜我得走了。｜他得去上班。,Wǒ děi zǎodiǎn huí jiā.｜Wǒ děi zǒu le.｜Tā děi qù shàngbān.,I have to go home earlier.｜I have to go.｜He has to go to work.,ကျွန်တော်/ကျွန်မ စောစောအိမ်ပြန်ရမယ်။｜ကျွန်တော်/ကျွန်မ သွားရတော့မယ်။｜သူ အလုပ်သွားရမယ်။,得到 (dédào) — ရရှိသည်｜得到机会 (dédào jīhuì) — အခွင့်အရေးရသည်｜得了 (dé le) — ရရှိပြီ
616,2,得出,dé chū,obtain results; reach conclusion,ကောက်ချက်ချသည်၊ ရလဒ်ထုတ်သည်,我们得出了一个结论。｜老师得出了正确的答案。｜经过讨论，我们得出了结果。,"Wǒmen déchū le yí ge jiélùn.｜Lǎoshī déchū le zhèngquè de dá'àn.｜Jīngguò tǎolùn, wǒmen déchū le jiéguǒ.","We reached a conclusion.｜The teacher reached the correct answer.｜After discussion, we reached a result.",ကျွန်တော်တို့ ကောက်ချက်တစ်ခု ချနိုင်ခဲ့တယ်။｜ဆရာ/ဆရာမက မှန်ကန်တဲ့အဖြေကို ရခဲ့တယ်။｜ဆွေးနွေးပြီးနောက် ရလဒ်တစ်ခု ရခဲ့တယ်။,结论 (jiélùn) — ကောက်ချက်｜结果 (jiéguǒ) — ရလဒ်｜得出结论 (déchū jiélùn) — ကောက်ချက်ချသည်
617,2,的话,de huà,if,…ဆိုရင် / …အကြောင်းပြောရရင်,你有时间的话，我们一起去。｜你喜欢的话，就拿去吧。｜有问题的话，可以问我。,"Nǐ yǒu shíjiān dehuà, wǒmen yìqǐ qù.｜Nǐ xǐhuan dehuà, jiù ná qù ba.｜Yǒu wèntí dehuà, kěyǐ wèn wǒ.","If you have time, let's go together.｜If you like it, you can take it.｜If there is a problem, you can ask me.",မင်းအချိန်ရှိရင် အတူတူသွားကြမယ်။｜မင်းကြိုက်ရင် ယူသွားလို့ရတယ်။｜ပြဿနာရှိရင် ငါ့ကိုမေးလို့ရတယ်။,如果 (rúguǒ) — အကယ်၍｜有的话 (yǒu dehuà) — ရှိရင်｜好的话 (hǎo dehuà) — ကောင်းရင်
618,2,得,de,auxiliary verb,ရမည်၊ လိုအပ်သည်,我得去学校。｜你得早点睡觉。｜明天我得考试。,Wǒ děi qù xuéxiào.｜Nǐ děi zǎodiǎn shuìjiào.｜Míngtiān wǒ děi kǎoshì.,I have to go to school.｜You have to go to bed early.｜I have to take an exam tomorrow.,ကျွန်တော်/ကျွန်မ ကျောင်းသွားရမယ်။｜မင်း စောစောအိပ်ရမယ်။｜မနက်ဖြန် ကျွန်တော်/ကျွန်မ စာမေးပွဲဖြေရမယ်။,必须 (bìxū) — မဖြစ်မနေ｜需要 (xūyào) — လိုအပ်သည်｜应该 (yīnggāi) — သင့်သည်
619,2,灯,dēng,lamp,မီးအိမ်၊ မီးလုံး,房间里有一盏灯。｜请把灯打开。｜这盏灯很亮。,Fángjiān lǐ yǒu yì zhǎn dēng.｜Qǐng bǎ dēng dǎkāi.｜Zhè zhǎn dēng hěn liàng.,There is a lamp in the room.｜Please turn on the light.｜This lamp is very bright.,အခန်းထဲမှာ မီးလုံးတစ်လုံးရှိတယ်။｜မီးဖွင့်ပေးပါ။｜ဒီမီးလုံးက အရမ်းလင်းတယ်။,开灯 (kāi dēng) — မီးဖွင့်သည်｜关灯 (guān dēng) — မီးပိတ်သည်｜灯光 (dēngguāng) — မီးအလင်းရောင်
620,2,等（助、名）,děng,etc.; and so on,စောင့်သည် / အဆင့်၊ တန်း,请等我一下。｜我在等朋友。｜他们在排队等车。,Qǐng děng wǒ yíxià.｜Wǒ zài děng péngyou.｜Tāmen zài páiduì děng chē.,Please wait for me a moment.｜I am waiting for my friend.｜They are waiting in line for the bus.,ခဏလောက် ကျွန်တော့်/ကျွန်မကို စောင့်ပါ။｜ကျွန်တော်/ကျွန်မ သူငယ်ချင်းကို စောင့်နေတယ်။｜သူတို့ ဘတ်စ်ကားစောင့်ပြီး တန်းစီနေကြတယ်။,等待 (děngdài) — စောင့်ဆိုင်းသည်｜等一下 (děng yíxià) — ခဏစောင့်ပါ｜等人 (děng rén) — လူတစ်ယောက်ကို စောင့်သည်
621,2,等到,děng dào,wait until; by the time,…အထိ စောင့်သည်,等到下雨的时候，我们再走。｜等到他回来再说。｜我等到晚上才回家。,"Děngdào xiàyǔ de shíhou, wǒmen zài zǒu.｜Děngdào tā huílái zài shuō.｜Wǒ děngdào wǎnshang cái huí jiā.",We will leave when it rains.｜We will talk when he comes back.｜I waited until evening before going home.,မိုးရွာတဲ့အချိန်အထိ စောင့်ပြီးမှ သွားမယ်။｜သူပြန်လာတဲ့အထိ စောင့်ပြီးမှ ပြောမယ်။｜ညနေအထိ စောင့်ပြီးမှ အိမ်ပြန်တယ်။,等候 (děnghòu) — စောင့်ဆိုင်းသည်｜等到 (děngdào) — …အထိစောင့်သည်｜等以后 (děng yǐhòu) — နောက်မှစောင့်
622,2,等于,děngyú,Be equal to,…နှင့် တူညီသည်,一加一等于二。｜这两个东西不等于一样。｜价格等于质量吗？,Yī jiā yī děngyú èr.｜Zhè liǎng ge dōngxi bù děngyú yíyàng.｜Jiàgé děngyú zhìliàng ma?,One plus one equals two.｜These two things are not equal to being the same.｜Does the price equal the quality?,တစ်ပေါင်းတစ်က နှစ်နဲ့ညီတယ်။｜ဒီနှစ်ခုက တူညီတာမဟုတ်ဘူး။｜ဈေးနှုန်းက အရည်အသွေးနဲ့ညီမျှလား။,相等 (xiāngděng) — တန်းတူညီမျှသည်｜平等 (píngděng) — တန်းတူညီမျှမှု｜等号 (děnghào) — ညီမျှခြင်းသင်္ကေတ
623,2,低,dī,low,နိမ့်သည်,这个桌子太低了。｜他的声音很低。｜飞机飞得很低。,Zhège zhuōzi tài dī le.｜Tā de shēngyīn hěn dī.｜Fēijī fēi de hěn dī.,This table is too low.｜His voice is low.｜The plane is flying low.,ဒီစားပွဲက အရမ်းနိမ့်တယ်။｜သူ့အသံက အရမ်းတိုးတယ်။｜လေယာဉ်က အနိမ့်ပျံနေတယ်။,高 (gāo) — မြင့်သည်｜低头 (dītóu) — ခေါင်းငုံ့သည်｜低价 (dījià) — ဈေးနှုန်းနိမ့်
624,2,地球,dìqiú,earth,ကမ္ဘာမြေ,地球是我们的家。｜地球围着太阳转。｜我们生活在地球上。,Dìqiú shì wǒmen de jiā.｜Dìqiú wéirào tàiyáng zhuàn.｜Wǒmen shēnghuó zài dìqiú shàng.,Earth is our home.｜The Earth revolves around the sun.｜We live on Earth.,ကမ္ဘာမြေက ကျွန်တော်တို့ရဲ့အိမ်ပါ။｜ကမ္ဘာမြေက နေကိုပတ်နေတယ်။｜ကျွန်တော်တို့ ကမ္ဘာမြေပေါ်မှာ နေထိုင်တယ်။,世界 (shìjiè) — ကမ္ဘာ｜地面 (dìmiàn) — မြေပြင်｜地球仪 (dìqiúyí) — ကမ္ဘာလုံး
625,2,地铁,dìtiě,metro,မြေအောက်ရထား,我每天坐地铁上学。｜地铁很方便。｜我们坐地铁去市中心。,Wǒ měitiān zuò dìtiě shàngxué.｜Dìtiě hěn fāngbiàn.｜Wǒmen zuò dìtiě qù shìzhōngxīn.,I take the subway to school every day.｜The subway is convenient.｜We take the subway to the city center.,ကျွန်တော်/ကျွန်မ နေ့တိုင်း မြေအောက်ရထားစီးပြီး ကျောင်းသွားတယ်။｜မြေအောက်ရထားက အရမ်းအဆင်ပြေတယ်။｜ကျွန်တော်တို့ မြေအောက်ရထားစီးပြီး မြို့လယ်ကိုသွားတယ်။,地铁站 (dìtiězhàn) — မြေအောက်ရထားဘူတာ｜地铁线 (dìtiěxiàn) — မြေအောက်ရထားလိုင်း｜坐地铁 (zuò dìtiě) — မြေအောက်ရထားစီးသည်
626,2,地铁站,dì tiě zhàn,subway station,မြေအောက်ရထားဘူတာ,我在地铁站等你。｜这个地铁站很大。｜地铁站就在前面。,Wǒ zài dìtiězhàn děng nǐ.｜Zhège dìtiězhàn hěn dà.｜Dìtiězhàn jiù zài qiánmiàn.,I am waiting for you at the subway station.｜This subway station is very big.｜The subway station is just ahead.,ကျွန်တော်/ကျွန်မ မြေအောက်ရထားဘူတာမှာ မင်းကိုစောင့်နေတယ်။｜ဒီမြေအောက်ရထားဘူတာက အရမ်းကြီးတယ်။｜မြေအောက်ရထားဘူတာက ရှေ့မှာပဲရှိတယ်။,地铁 (dìtiě) — မြေအောက်ရထား｜车站 (chēzhàn) — ဘူတာ｜站台 (zhàntái) — ရထားစင်္ကြံ
627,2,点头,diǎn tóu,nod,ခေါင်းညိတ်သည်,他点了点头。｜老师点头表示同意。｜她听完以后点头了。,Tā diǎn le diǎn tóu.｜Lǎoshī diǎntóu biǎoshì tóngyì.｜Tā tīng wán yǐhòu diǎntóu le.,He nodded.｜The teacher nodded to show agreement.｜She nodded after listening.,သူ ခေါင်းညိတ်လိုက်တယ်။｜ဆရာ/ဆရာမက သဘောတူကြောင်းပြဖို့ ခေါင်းညိတ်တယ်။｜သူ နားထောင်ပြီးတဲ့နောက် ခေါင်းညိတ်တယ်။,摇头 (yáotóu) — ခေါင်းခါသည်｜点头同意 (diǎntóu tóngyì) — ခေါင်းညိတ်၍ သဘောတူသည်｜点头表示 (diǎntóu biǎoshì) — ခေါင်းညိတ်၍ ဖော်ပြသည်
628,2,店,diàn,shop; store,ဆိုင်,我在商店买东西。｜这家店很大。｜那家店几点关门？,Wǒ zài shāngdiàn mǎi dōngxi.｜Zhè jiā diàn hěn dà.｜Nà jiā diàn jǐ diǎn guānmén?,I buy things at the shop.｜This shop is very big.｜What time does that shop close?,ကျွန်တော်/ကျွန်မ ဆိုင်မှာ ပစ္စည်းဝယ်တယ်။｜ဒီဆိုင်က အရမ်းကြီးတယ်။｜အဲဒီဆိုင် ဘယ်အချိန်ပိတ်လဲ။,商店 (shāngdiàn) — ဆိုင်｜店员 (diànyuán) — ဆိုင်ဝန်ထမ်း｜开店 (kāidiàn) — ဆိုင်ဖွင့်သည်
629,2,掉,diào,fall,ကျသည်၊ ပျောက်ကျသည်,我的手机掉了。｜杯子掉在地上了。｜他不小心把书掉了。,Wǒ de shǒujī diào le.｜Bēizi diào zài dìshàng le.｜Tā bù xiǎoxīn bǎ shū diào le.,My phone fell.｜The cup fell onto the floor.｜He accidentally dropped the book.,ကျွန်တော့်/ကျွန်မ ဖုန်းကျသွားတယ်။｜ခွက်က ကြမ်းပြင်ပေါ်ကျသွားတယ်။｜သူ စာအုပ်ကို မတော်တဆ ချလိုက်တယ်။,掉下来 (diào xiàlái) — ကျလာသည်｜掉下去 (diào xiàqù) — ကျသွားသည်｜掉东西 (diào dōngxi) — ပစ္စည်းကျသည်
630,2,东北,dōng běi,northeast,အရှေ့မြောက်,东北冬天很冷。｜我家在东北。｜东北有很多漂亮的地方。｜他来自东北。｜东北的菜很好吃。,Dōngběi dōngtiān hěn lěng.｜Wǒ jiā zài Dōngběi.｜Dōngběi yǒu hěn duō piàoliang de dìfang.｜Tā láizì Dōngběi.｜Dōngběi de cài hěn hǎochī.,It is very cold in Northeast China in winter.｜My home is in Northeast China.｜There are many beautiful places in the northeast.｜He is from the northeast.｜Northeastern food is delicious.,ဆောင်းရာသီမှာ အရှေ့မြောက်ဒေသက အရမ်းအေးတယ်။｜ငါ့အိမ်က အရှေ့မြောက်ဘက်မှာရှိတယ်။｜အရှေ့မြောက်ဘက်မှာ လှပတဲ့နေရာတွေ အများကြီးရှိတယ်။｜သူက အရှေ့မြောက်ဒေသကလာတာ။｜အရှေ့မြောက်အစားအစာတွေ အရမ်းစားကောင်းတယ်။,东北方 (dōngběifāng) — အရှေ့မြောက်ဘက်｜东北地区 (dōngběi dìqū) — အရှေ့မြောက်ဒေသ｜东北菜 (dōngběi cài) — အရှေ့မြောက်အစားအစာ
631,2,东方,dōng fāng,east,အရှေ့ဘက်၊ အရှေ့တိုင်း,太阳从东方升起。｜东方是太阳升起的地方。｜他住在城市的东方。｜东方文化很有意思。｜我们向东方走。,Tàiyáng cóng dōngfāng shēngqǐ.｜Dōngfāng shì tàiyáng shēngqǐ de dìfang.｜Tā zhù zài chéngshì de dōngfāng.｜Dōngfāng wénhuà hěn yǒuyìsi.｜Wǒmen xiàng dōngfāng zǒu.,The sun rises in the east.｜The east is where the sun rises.｜He lives east of the city.｜Eastern culture is very interesting.｜We walk toward the east.,နေက အရှေ့ဘက်ကနေ ထွက်တယ်။｜အရှေ့ဘက်က နေထွက်တဲ့နေရာပါ။｜သူက မြို့ရဲ့အရှေ့ဘက်မှာ နေတယ်။｜အရှေ့တိုင်းယဉ်ကျေးမှုက စိတ်ဝင်စားဖို့ကောင်းတယ်။｜ကျွန်တော်တို့ အရှေ့ဘက်ကို လျှောက်သွားတယ်။,东方 (dōngfāng) — အရှေ့ဘက်｜东方文化 (dōngfāng wénhuà) — အရှေ့တိုင်းယဉ်ကျေးမှု｜东方国家 (dōngfāng guójiā) — အရှေ့တိုင်းနိုင်ငံများ
632,2,东南,dōng nán,southeast,အရှေ့တောင်,我家在城市的东南边。｜东南的天气比较暖和。｜他住在东南方。｜我们往东南方向走。｜东南地区有很多城市。,Wǒ jiā zài chéngshì de dōngnánbiān.｜Dōngnán de tiānqì bǐjiào nuǎnhuo.｜Tā zhù zài dōngnánfāng.｜Wǒmen wǎng dōngnán fāngxiàng zǒu.｜Dōngnán dìqū yǒu hěn duō chéngshì.,My home is in the southeast of the city.｜The weather in the southeast is relatively warm.｜He lives in the southeast.｜We walk toward the southeast.｜There are many cities in the southeast.,ငါ့အိမ်က မြို့ရဲ့အရှေ့တောင်ဘက်မှာရှိတယ်။｜အရှေ့တောင်ဘက်မှာ ရာသီဥတုက ပိုနွေးတယ်။｜သူက အရှေ့တောင်ဘက်မှာ နေတယ်။｜ကျွန်တော်တို့ အရှေ့တောင်ဘက်ကို သွားတယ်။｜အရှေ့တောင်ဒေသမှာ မြို့တွေ အများကြီးရှိတယ်။,东南方 (dōngnánfāng) — အရှေ့တောင်ဘက်｜东南部 (dōngnánbù) — အရှေ့တောင်ပိုင်း｜东南亚 (dōngnányà) — အရှေ့တောင်အာရှ
633,2,冬天,dōng tiān,winter,ဆောင်းရာသီ,我不喜欢冬天。｜冬天很冷。｜冬天我们喜欢喝热茶。｜冬天常常下雪。｜冬天白天比较短。,Wǒ bù xǐhuan dōngtiān.｜Dōngtiān hěn lěng.｜Dōngtiān wǒmen xǐhuan hē rè chá.｜Dōngtiān chángcháng xiàxuě.｜Dōngtiān báitiān bǐjiào duǎn.,I don't like winter.｜Winter is cold.｜We like drinking hot tea in winter.｜It often snows in winter.｜Winter days are relatively short.,ကျွန်တော်/ကျွန်မ ဆောင်းရာသီကို မကြိုက်ဘူး။｜ဆောင်းရာသီက အရမ်းအေးတယ်။｜ဆောင်းရာသီမှာ လက်ဖက်ရည်ပူပူ သောက်ရတာကြိုက်တယ်။｜ဆောင်းရာသီမှာ နှင်းမကြာခဏကျတယ်။｜ဆောင်းရာသီမှာ နေ့ခင်းဘက် ပိုတိုတယ်။,冬季 (dōngjì) — ဆောင်းရာသီ｜冬天里 (dōngtiān lǐ) — ဆောင်းရာသီအတွင်း｜过冬 (guò dōng) — ဆောင်းရာသီဖြတ်သန်းသည်
634,2,懂,dǒng,understand,နားလည်သည်,我懂你的意思。｜你听懂了吗？｜我不懂这个问题。｜现在我懂了。｜他很快就懂了。,Wǒ dǒng nǐ de yìsi.｜Nǐ tīng dǒng le ma?｜Wǒ bù dǒng zhège wèntí.｜Xiànzài wǒ dǒng le.｜Tā hěn kuài jiù dǒng le.,I understand what you mean.｜Did you understand?｜I don't understand this question.｜Now I understand.｜He understood very quickly.,မင်းပြောတာကို ငါနားလည်တယ်။｜မင်းနားလည်လား။｜ဒီမေးခွန်းကို ငါနားမလည်ဘူး။｜အခုတော့ ငါနားလည်ပြီ။｜သူ အရမ်းမြန်မြန်နားလည်သွားတယ်။,明白 (míngbai) — နားလည်သည်｜听懂 (tīngdǒng) — နားထောင်ပြီးနားလည်သည်｜看懂 (kàndǒng) — ဖတ်/ကြည့်ပြီးနားလည်သည်
635,2,懂得,dǒng de,know; understand; comprehend,နားလည်တတ်သည်၊ သိနားလည်သည်,我懂得要珍惜时间。｜他懂得很多知识。｜我懂得你的心情。｜孩子慢慢懂得了道理。｜我们应该懂得帮助别人。,Wǒ dǒngde yào zhēnxī shíjiān.｜Tā dǒngde hěn duō zhīshi.｜Wǒ dǒngde nǐ de xīnqíng.｜Háizi mànmàn dǒngde le dàolǐ.｜Wǒmen yīnggāi dǒngde bāngzhù biérén.,I understand that I should cherish time.｜He understands a lot of knowledge.｜I understand how you feel.｜The child gradually understood the reason.｜We should know how to help others.,အချိန်ကို တန်ဖိုးထားရမယ်ဆိုတာ ငါနားလည်တယ်။｜သူ ဗဟုသုတအများကြီး နားလည်တယ်။｜မင်းခံစားချက်ကို ငါနားလည်တယ်။｜ကလေးက အကြောင်းအရင်းကို တဖြည်းဖြည်းနားလည်လာတယ်။｜သူများကို ကူညီတတ်ဖို့ နားလည်ထားသင့်တယ်။,懂事 (dǒngshì) — နားလည်တတ်သည်｜懂得珍惜 (dǒngde zhēnxī) — တန်ဖိုးထားတတ်သည်｜懂道理 (dǒng dàolǐ) — အကြောင်းအရင်းနားလည်သည်
636,2,动物,dòngwù,Animal,တိရစ္ဆာန်,我喜欢小动物。｜猫是一种动物。｜动物需要我们的保护。｜这里有很多动物。｜他很喜欢动物。,Wǒ xǐhuan xiǎo dòngwù.｜Māo shì yì zhǒng dòngwù.｜Dòngwù xūyào wǒmen de bǎohù.｜Zhèlǐ yǒu hěn duō dòngwù.｜Tā hěn xǐhuan dòngwù.,I like small animals.｜A cat is an animal.｜Animals need our protection.｜There are many animals here.｜He really likes animals.,ငါ တိရစ္ဆာန်လေးတွေကို ကြိုက်တယ်။｜ကြောင်က တိရစ္ဆာန်တစ်မျိုးပါ။｜တိရစ္ဆာန်တွေက ကျွန်တော်တို့ရဲ့ ကာကွယ်မှုလိုတယ်။｜ဒီမှာ တိရစ္ဆာန်တွေ အများကြီးရှိတယ်။｜သူ တိရစ္ဆာန်တွေကို အရမ်းကြိုက်တယ်။,小动物 (xiǎo dòngwù) — တိရစ္ဆာန်လေး｜野生动物 (yěshēng dòngwù) — တောရိုင်းတိရစ္ဆာန်｜动物保护 (dòngwù bǎohù) — တိရစ္ဆာန်ကာကွယ်ရေး
637,2,动物园,dòng wù yuán,zoo,တိရစ္ဆာန်ရုံ,我们周末去动物园。｜动物园里有很多动物。｜孩子们喜欢动物园。｜这个动物园很大。｜动物园今天人很多。,Wǒmen zhōumò qù dòngwùyuán.｜Dòngwùyuán lǐ yǒu hěn duō dòngwù.｜Háizimen xǐhuan dòngwùyuán.｜Zhège dòngwùyuán hěn dà.｜Dòngwùyuán jīntiān rén hěn duō.,We are going to the zoo this weekend.｜There are many animals in the zoo.｜Children like the zoo.｜This zoo is very big.｜There are many people at the zoo today.,ဒီအပတ်ကုန်မှာ တိရစ္ဆာန်ရုံသွားမယ်။｜တိရစ္ဆာန်ရုံထဲမှာ တိရစ္ဆာန်တွေ အများကြီးရှိတယ်။｜ကလေးတွေက တိရစ္ဆာန်ရုံကို ကြိုက်တယ်။｜ဒီတိရစ္ဆာန်ရုံက အရမ်းကြီးတယ်။｜ဒီနေ့ တိရစ္ဆာန်ရုံမှာ လူအများကြီးရှိတယ်။,动物 (dòngwù) — တိရစ္ဆာန်｜动物园门票 (dòngwùyuán ménpiào) — တိရစ္ဆာန်ရုံလက်မှတ်｜动物园里 (dòngwùyuán lǐ) — တိရစ္ဆာန်ရုံထဲ
638,2,读音,dú yīn,pronunciation,အသံထွက်,这个字的读音是什么？｜请告诉我这个词的读音。｜这个汉字有两个读音。｜老师教我们正确的读音。｜他的读音很标准。,Zhège zì de dúyīn shì shénme?｜Qǐng gàosu wǒ zhège cí de dúyīn.｜Zhège Hànzì yǒu liǎng ge dúyīn.｜Lǎoshī jiāo wǒmen zhèngquè de dúyīn.｜Tā de dúyīn hěn biāozhǔn.,What is the pronunciation of this character?｜Please tell me the pronunciation of this word.｜This Chinese character has two pronunciations.｜The teacher teaches us the correct pronunciation.｜His pronunciation is very standard.,ဒီစာလုံးရဲ့ အသံထွက်က ဘာလဲ။｜ဒီစကားလုံးရဲ့ အသံထွက်ကို ပြောပြပါ။｜ဒီတရုတ်စာလုံးမှာ အသံထွက်နှစ်မျိုးရှိတယ်။｜ဆရာ/ဆရာမက မှန်ကန်တဲ့အသံထွက်ကို သင်ပေးတယ်။｜သူ့အသံထွက်က အရမ်းစံကျတယ်။,发音 (fāyīn) — အသံထွက်｜拼音 (pīnyīn) — ပင်ယင်｜标准读音 (biāozhǔn dúyīn) — စံအသံထွက်
639,2,度,dù,degree; limit,ဒီဂရီ၊ အတိုင်းအတာ,今天的温度是三十度。｜水的温度是多少度？｜这个房间有二十度。｜今天很热，有三十五度。｜我的手机转了九十度。,"Jīntiān de wēndù shì sānshí dù.｜Shuǐ de wēndù shì duōshao dù?｜Zhège fángjiān yǒu èrshí dù.｜Jīntiān hěn rè, yǒu sānshíwǔ dù.｜Wǒ de shǒujī zhuǎn le jiǔshí dù.","Today's temperature is 30 degrees.｜What is the temperature of the water?｜This room is 20 degrees.｜It is very hot today, 35 degrees.｜I rotated my phone 90 degrees.",ဒီနေ့ အပူချိန် ၃၀ ဒီဂရီရှိတယ်။｜ရေရဲ့အပူချိန် ဘယ်လောက်ဒီဂရီရှိလဲ။｜ဒီအခန်းက ၂၀ ဒီဂရီရှိတယ်။｜ဒီနေ့အရမ်းပူပြီး ၃၅ ဒီဂရီရှိတယ်။｜ငါ့ဖုန်းကို ၉၀ ဒီဂရီလှည့်လိုက်တယ်။,温度 (wēndù) — အပူချိန်｜高度 (gāodù) — အမြင့်｜程度 (chéngdù) — အတိုင်းအတာ
640,2,短,duǎn,short,တိုသည်,这条裙子太短了。｜我的头发很短。｜这条路很短。｜他的回答很短。｜这篇文章不长，很短。,"Zhè tiáo qúnzi tài duǎn le.｜Wǒ de tóufa hěn duǎn.｜Zhè tiáo lù hěn duǎn.｜Tā de huídá hěn duǎn.｜Zhè piān wénzhāng bù cháng, hěn duǎn.",This skirt is too short.｜My hair is short.｜This road is short.｜His answer is short.｜This article isn't long; it is short.,ဒီစကတ်က အရမ်းတိုတယ်။｜ငါ့ဆံပင်က တိုတယ်။｜ဒီလမ်းက တိုတယ်။｜သူ့အဖြေက တိုတယ်။｜ဒီဆောင်းပါးက မရှည်ဘူး၊ တိုတယ်။,长 (cháng) — ရှည်သည်｜短时间 (duǎn shíjiān) — အချိန်တို｜长短 (chángduǎn) — အရှည်အတို
641,2,短信,duǎnxìn,message,စာတိုမက်ဆေ့ချ်,我给你发短信。｜他刚刚给我发了一条短信。｜我没有看到你的短信。｜请给我发短信。｜她每天给妈妈发短信。,Wǒ gěi nǐ fā duǎnxìn.｜Tā gānggāng gěi wǒ fā le yì tiáo duǎnxìn.｜Wǒ méiyǒu kàndào nǐ de duǎnxìn.｜Qǐng gěi wǒ fā duǎnxìn.｜Tā měitiān gěi māma fā duǎnxìn.,I'll send you a text message.｜He just sent me a text message.｜I didn't see your text message.｜Please text me.｜She sends her mother text messages every day.,ငါ မင်းဆီ စာတိုပို့မယ်။｜သူ ခုနက ငါ့ဆီ စာတိုတစ်စောင်ပို့တယ်။｜မင်းပို့တဲ့စာတိုကို ငါမတွေ့ဘူး။｜ငါ့ဆီ စာတိုပို့ပါ။｜သူက အမေ့ဆီ နေ့တိုင်းစာတိုပို့တယ်။,短消息 (duǎn xiāoxi) — စာတို｜发短信 (fā duǎnxìn) — စာတိုပို့သည်｜短信通知 (duǎnxìn tōngzhī) — စာတိုအသိပေးချက်
642,2,段,duàn,paragraph,အပိုင်း၊ အပိုဒ်,这是一段很有意思的故事。｜请读第一段。｜我看了三段文字。｜这段路很长。｜他写了一段话。,Zhè shì yí duàn hěn yǒuyìsi de gùshi.｜Qǐng dú dì yī duàn.｜Wǒ kàn le sān duàn wénzì.｜Zhè duàn lù hěn cháng.｜Tā xiě le yí duàn huà.,This is a very interesting part of the story.｜Please read the first paragraph.｜I read three sections of text.｜This section of the road is long.｜He wrote a paragraph.,ဒါက အရမ်းစိတ်ဝင်စားစရာကောင်းတဲ့ ဇာတ်လမ်းအပိုင်းတစ်ပိုင်းပါ။｜ပထမအပိုဒ်ကို ဖတ်ပါ။｜စာသုံးပိုင်း ဖတ်ခဲ့တယ်။｜ဒီလမ်းအပိုင်းက ရှည်တယ်။｜သူ စာပိုဒ်တစ်ပိုဒ် ရေးခဲ့တယ်။,一段 (yí duàn) — အပိုင်းတစ်ပိုင်း｜段落 (duànluò) — စာပိုဒ်｜一段时间 (yí duàn shíjiān) — အချိန်ကာလတစ်ခု
643,2,队,duì,team,အဖွဲ့၊ တန်းစီအဖွဲ့,我们排成一队。｜这一队有十个人。｜请大家站好队。｜他们正在排队。｜队里有很多学生。,Wǒmen pá chéng yí duì.｜Zhè yí duì yǒu shí ge rén.｜Qǐng dàjiā zhàn hǎo duì.｜Tāmen zhèngzài páiduì.｜Duì lǐ yǒu hěn duō xuéshēng.,"We formed a line.｜There are ten people in this group.｜Everyone, please stand in line.｜They are lining up.｜There are many students in the group.",ကျွန်တော်တို့ တန်းစီလိုက်တယ်။｜ဒီအဖွဲ့မှာ လူ ၁၀ ယောက်ရှိတယ်။｜အားလုံး တန်းစီကြပါ။｜သူတို့ တန်းစီနေကြတယ်။｜အဖွဲ့ထဲမှာ ကျောင်းသားတွေအများကြီးရှိတယ်။,排队 (páiduì) — တန်းစီသည်｜队伍 (duìwu) — အဖွဲ့/တန်း｜一队人 (yí duì rén) — လူတစ်ဖွဲ့
644,2,队长,duì zhǎng,team leader; captain,အဖွဲ့ခေါင်းဆောင်,他是我们的队长。｜队长带我们训练。｜队长正在说话。｜我们的队长很认真。｜大家都听队长的话。,Tā shì wǒmen de duìzhǎng.｜Duìzhǎng dài wǒmen xùnliàn.｜Duìzhǎng zhèngzài shuōhuà.｜Wǒmen de duìzhǎng hěn rènzhēn.｜Dàjiā dōu tīng duìzhǎng de huà.,He is our team captain.｜The captain trains us.｜The captain is speaking.｜Our captain is very serious.｜Everyone listens to the captain.,သူက ငါတို့အဖွဲ့ခေါင်းဆောင်ပါ။｜အဖွဲ့ခေါင်းဆောင်က ငါတို့ကို လေ့ကျင့်ပေးတယ်။｜အဖွဲ့ခေါင်းဆောင် စကားပြောနေတယ်။｜ငါတို့အဖွဲ့ခေါင်းဆောင်က အရမ်းအလေးအနက်ထားတယ်။｜အားလုံးက အဖွဲ့ခေါင်းဆောင်စကားကို နားထောင်ကြတယ်။,队员 (duìyuán) — အဖွဲ့ဝင်｜球队 (qiúduì) — အားကစားအဖွဲ့｜队伍 (duìwu) — အဖွဲ့
645,2,对（介、动）,duì,to; at; face; be opposite; answer,…အပေါ် / သဘောတူသည်၊ ဆက်ဆံသည်,这个问题很难，我不同意。｜我对他说了一句话。｜我对中国文化很感兴趣。｜老师对我们很好。｜他说得对。,"Zhège wèntí hěn nán, wǒ bù tóngyì.｜Wǒ duì tā shuō le yí jù huà.｜Wǒ duì Zhōngguó wénhuà hěn gǎn xìngqù.｜Lǎoshī duì wǒmen hěn hǎo.｜Tā shuō de duì.",This question is difficult; I disagree.｜I said something to him.｜I am very interested in Chinese culture.｜The teacher is very good to us.｜What he said is correct.,ဒီမေးခွန်းက ခက်တယ်၊ ငါ သဘောမတူဘူး။｜ငါ သူ့ကို စကားတစ်ခွန်းပြောခဲ့တယ်။｜တရုတ်ယဉ်ကျေးမှုကို ငါအရမ်းစိတ်ဝင်စားတယ်။｜ဆရာ/ဆရာမက ငါတို့အပေါ် အရမ်းကောင်းတယ်။｜သူပြောတာ မှန်တယ်။,对待 (duìdài) — ဆက်ဆံသည်｜对不起 (duìbuqǐ) — တောင်းပန်ပါတယ်｜正确 (zhèngquè) — မှန်ကန်သည်
646,2,对话,duìhuà,dialogue,စကားပြောဆိုမှု,我们正在对话。｜他们进行了长时间的对话。｜我喜欢和朋友对话。｜老师和学生正在对话。｜他们的对话很有意思。,Wǒmen zhèngzài duìhuà.｜Tāmen jìnxíng le cháng shíjiān de duìhuà.｜Wǒ xǐhuan hé péngyou duìhuà.｜Lǎoshī hé xuéshēng zhèngzài duìhuà.｜Tāmen de duìhuà hěn yǒuyìsi.,We are having a conversation.｜They had a long conversation.｜I like talking with friends.｜The teacher and students are talking.｜Their conversation is very interesting.,ကျွန်တော်တို့ စကားပြောနေကြတယ်။｜သူတို့ အချိန်ကြာကြာ စကားပြောခဲ့ကြတယ်။｜သူငယ်ချင်းတွေနဲ့ စကားပြောရတာ ကြိုက်တယ်။｜ဆရာ/ဆရာမနဲ့ ကျောင်းသားတွေ စကားပြောနေကြတယ်။｜သူတို့ရဲ့ စကားပြောဆိုမှုက စိတ်ဝင်စားဖို့ကောင်းတယ်။,交流 (jiāoliú) — အပြန်အလှန်ဆက်သွယ်ပြောဆိုသည်｜谈话 (tánhuà) — စကားပြောဆိုသည်｜对话框 (duìhuàkuàng) — စကားပြောဘောက်စ်
647,2,对面,duìmiàn,Opposite side,မျက်နှာချင်းဆိုင်ဘက်,银行就在学校对面。｜我家在商店对面。｜他坐在我对面。｜医院就在学校对面。｜对面有一家饭店。,Yínháng jiù zài xuéxiào duìmiàn.｜Wǒ jiā zài shāngdiàn duìmiàn.｜Tā zuò zài wǒ duìmiàn.｜Yīyuàn jiù zài xuéxiào duìmiàn.｜Duìmiàn yǒu yì jiā fàndiàn.,The bank is opposite the school.｜My house is opposite the shop.｜He is sitting opposite me.｜The hospital is opposite the school.｜There is a restaurant opposite.,ဘဏ်က ကျောင်းရဲ့မျက်နှာချင်းဆိုင်မှာရှိတယ်။｜ငါ့အိမ်က ဆိုင်ရဲ့မျက်နှာချင်းဆိုင်မှာရှိတယ်။｜သူ ငါ့မျက်နှာချင်းဆိုင်မှာ ထိုင်နေတယ်။｜ဆေးရုံက ကျောင်းမျက်နှာချင်းဆိုင်မှာရှိတယ်။｜မျက်နှာချင်းဆိုင်မှာ စားသောက်ဆိုင်တစ်ဆိုင်ရှိတယ်။,对面的人 (duìmiàn de rén) — မျက်နှာချင်းဆိုင်ကလူ｜对面房间 (duìmiàn fángjiān) — မျက်နှာချင်းဆိုင်အခန်း｜正对面 (zhèng duìmiàn) — တည့်တည့်မျက်နှာချင်းဆိုင်
648,2,多（副）,duō,much more; far more,အလွန်၊ ပို၍,我很喜欢中国菜。｜这里有很多人。｜今天来了很多学生。｜他跑得很快。｜我有很多事情要做。,Wǒ hěn xǐhuan Zhōngguó cài.｜Zhèlǐ yǒu hěn duō rén.｜Jīntiān lái le hěn duō xuéshēng.｜Tā pǎo de hěn kuài.｜Wǒ yǒu hěn duō shìqing yào zuò.,I really like Chinese food.｜There are many people here.｜Many students came today.｜He runs very fast.｜I have many things to do.,တရုတ်အစားအစာကို ငါအရမ်းကြိုက်တယ်။｜ဒီမှာ လူအများကြီးရှိတယ်။｜ဒီနေ့ ကျောင်းသားအများကြီးလာတယ်။｜သူ အရမ်းမြန်မြန်ပြေးတယ်။｜ငါလုပ်စရာတွေ အများကြီးရှိတယ်။,很多 (hěn duō) — အများကြီး｜多少 (duōshao) — ဘယ်လောက်｜多一点 (duō yìdiǎn) — နည်းနည်းပို
649,2,多久,duō jiǔ,how long,ဘယ်လောက်ကြာ,你等了多久？｜你学习汉语多久了？｜从这里到学校要多久？｜你多久回一次家？｜我们要等多久？,Nǐ děng le duōjiǔ?｜Nǐ xuéxí Hànyǔ duōjiǔ le?｜Cóng zhèlǐ dào xuéxiào yào duōjiǔ?｜Nǐ duōjiǔ huí yí cì jiā?｜Wǒmen yào děng duōjiǔ?,How long did you wait?｜How long have you studied Chinese?｜How long does it take to get from here to school?｜How often do you go home?｜How long do we have to wait?,မင်းဘယ်လောက်ကြာကြာ စောင့်ခဲ့လဲ။｜မင်း တရုတ်စာလေ့လာလာတာ ဘယ်လောက်ကြာပြီလဲ။｜ဒီကနေ ကျောင်းအထိ ဘယ်လောက်ကြာလဲ။｜မင်း ဘယ်လောက်ကြာတစ်ခါ အိမ်ပြန်လဲ။｜ငါတို့ ဘယ်လောက်ကြာ စောင့်ရမလဲ။,多长时间 (duō cháng shíjiān) — ဘယ်လောက်ကြာ｜多久以后 (duōjiǔ yǐhòu) — ဘယ်လောက်ကြာပြီးနောက်｜多长 (duō cháng) — ဘယ်လောက်ရှည်
650,2,多么,duōme,what,ဘယ်လောက်တောင်၊ အလွန်,你看她多么漂亮！｜这里的风景多么美啊！｜我多么想去中国！｜这本书多么有意思啊！｜孩子们多么开心！,Nǐ kàn tā duōme piàoliang!｜Zhèlǐ de fēngjǐng duōme měi a!｜Wǒ duōme xiǎng qù Zhōngguó!｜Zhè běn shū duōme yǒu yìsi a!｜Háizimen duōme kāixīn!,How beautiful she is!｜How beautiful the scenery here is!｜How much I want to go to China!｜How interesting this book is!｜How happy the children are!,ဒီလောက်တောင် လှလိုက်တာ။｜ဒီနေရာရဲ့ရှုခင်းက ဘယ်လောက်တောင်လှလိုက်သလဲ။｜တရုတ်နိုင်ငံကို ဘယ်လောက်တောင် သွားချင်လိုက်သလဲ။｜ဒီစာအုပ်က ဘယ်လောက်တောင် စိတ်ဝင်စားဖို့ကောင်းလိုက်သလဲ။｜ကလေးတွေ ဘယ်လောက်တောင် ပျော်နေကြသလဲ။,多么（duōme）— ဘယ်လောက်တောင်｜多么好（duōme hǎo）— ဘယ်လောက်ကောင်းလိုက်သလဲ｜多么漂亮（duōme piàoliang）— ဘယ်လောက်လှလိုက်သလဲ｜多么重要（duōme zhòngyào）— ဘယ်လောက်အရေးကြီးလိုက်သလဲ｜多么有意思（duōme yǒu yìsi）— ဘယ်လောက်စိတ်ဝင်စားဖို့ကောင်းသလဲ
651,2,多数,duō shù,most; majority,အများစု,多数学生喜欢学习汉语。｜多数人都同意这个办法。｜这里多数是年轻人。｜多数孩子喜欢玩儿。｜多数商店八点开门。,Duōshù xuéshēng xǐhuan xuéxí Hànyǔ.｜Duōshù rén dōu tóngyì zhège bànfǎ.｜Zhèlǐ duōshù shì niánqīngrén.｜Duōshù háizi xǐhuan wánr.｜Duōshù shāngdiàn bā diǎn kāimén.,Most students like studying Chinese.｜Most people agree with this method.｜Most people here are young.｜Most children like playing.｜Most shops open at eight.,ကျောင်းသားအများစုက တရုတ်စာလေ့လာရတာ ကြိုက်ကြတယ်။｜လူအများစုက ဒီနည်းလမ်းကို သဘောတူကြတယ်။｜ဒီမှာ လူအများစုက လူငယ်တွေပါ။｜ကလေးအများစုက ကစားရတာကြိုက်တယ်။｜ဆိုင်အများစုက ၈ နာရီမှာ ဖွင့်တယ်။,多数人（duōshù rén）— လူအများစု｜大多数（dà duōshù）— အများစု｜少数（shǎoshù）— အနည်းစု｜多数学生（duōshù xuéshēng）— ကျောင်းသားအများစု｜多数情况下（duōshù qíngkuàng xià）— အများအားဖြင့်
652,2,多云,duō yún,cloudy,တိမ်ထူသည်,今天多云。｜明天是多云天气。｜今天上午多云。｜外面多云，不太热。｜天气预报说明天多云。,"Jīntiān duōyún.｜Míngtiān shì duōyún tiānqì.｜Jīntiān shàngwǔ duōyún.｜Wàimiàn duōyún, bú tài rè.｜Tiānqì yùbào shuō míngtiān duōyún.",It is cloudy today.｜It will be cloudy tomorrow.｜It is cloudy this morning.｜It is cloudy outside and not very hot.｜The weather forecast says it will be cloudy tomorrow.,ဒီနေ့ တိမ်ထူတယ်။｜မနက်ဖြန် တိမ်ထူမယ်။｜ဒီနေ့မနက် တိမ်ထူတယ်။｜အပြင်မှာ တိမ်ထူပြီး သိပ်မပူဘူး။｜မိုးလေဝသခန့်မှန်းချက်အရ မနက်ဖြန် တိမ်ထူမယ်။,多云（duōyún）— တိမ်ထူသော｜阴天（yīntiān）— မိုးအုံ့သောနေ့｜天气（tiānqì）— ရာသီဥတု｜晴天（qíngtiān）— နေသာသောနေ့｜下雨（xiàyǔ）— မိုးရွာသည်
653,2,而且,ér qiě,and,ထို့အပြင်၊ ထပ်ပြီး,他会说汉语，而且说得很好。｜这里很方便，而且很安静。｜她喜欢唱歌，而且喜欢跳舞。｜这个方法简单，而且有效。｜他聪明，而且很认真。,"Tā huì shuō Hànyǔ, érqiě shuō de hěn hǎo.｜Zhèlǐ hěn fāngbiàn, érqiě hěn ānjìng.｜Tā xǐhuan chànggē, érqiě xǐhuan tiàowǔ.｜Zhège fāngfǎ jiǎndān, érqiě yǒuxiào.｜Tā cōngming, érqiě hěn rènzhēn.","He can speak Chinese, and he speaks it very well.｜It is convenient here, and it is quiet.｜She likes singing, and she also likes dancing.｜This method is simple and effective.｜He is smart and serious.",သူ တရုတ်စကားပြောတတ်ပြီး ကောင်းကောင်းလည်း ပြောတတ်တယ်။｜ဒီနေရာက အဆင်ပြေပြီး တိတ်ဆိတ်တယ်။｜သူမ သီချင်းဆိုရတာကြိုက်ပြီး ကတာလည်းကြိုက်တယ်။｜ဒီနည်းလမ်းက ရိုးရှင်းပြီး ထိရောက်တယ်။｜သူက ဉာဏ်ကောင်းပြီး အလေးအနက်ထားတတ်တယ်။,而且（érqiě）— ထို့အပြင်｜而且还（érqiě hái）— ထို့အပြင်လည်း｜不仅（bùjǐn）— ...သာမက｜但是（dànshì）— ဒါပေမယ့်｜也（yě）— လည်း
654,2,发,fā,send out,ပို့သည်၊ ထုတ်လွှင့်သည်,请发邮件给我。｜妈妈给我发了一条短信。｜他每天发很多消息。｜请把照片发给我。｜老师发给我们一本书。,Qǐng fā yóujiàn gěi wǒ.｜Māma gěi wǒ fā le yì tiáo duǎnxìn.｜Tā měitiān fā hěn duō xiāoxi.｜Qǐng bǎ zhàopiàn fā gěi wǒ.｜Lǎoshī fā gěi wǒmen yì běn shū.,Please send me an email.｜Mom sent me a text message.｜He sends many messages every day.｜Please send the photos to me.｜The teacher gave us a book.,ကျွန်တော်/ကျွန်မဆီ အီးမေးလ်ပို့ပေးပါ။｜အမေက ကျွန်တော်/ကျွန်မဆီ စာတိုတစ်စောင်ပို့တယ်။｜သူက နေ့တိုင်း စာတွေအများကြီးပို့တယ်။｜ဓာတ်ပုံတွေကို ကျွန်တော်/ကျွန်မဆီ ပို့ပေးပါ။｜ဆရာ/ဆရာမက ကျွန်တော်တို့ကို စာအုပ်တစ်အုပ်ပေးတယ်။,发消息（fā xiāoxi）— စာပို့သည်｜发邮件（fā yóujiàn）— အီးမေးလ်ပို့သည်｜发短信（fā duǎnxìn）— စာတိုပို့သည်｜发给（fā gěi）— ...ဆီပို့သည်｜发送（fāsòng）— ပို့သည်
655,2,发现,fāxiàn,find,ရှာဖွေတွေ့ရှိသည်,我发现他不在家。｜我发现一个问题。｜她发现了一家新饭馆。｜我发现我的手机不见了。｜他发现自己忘了带书。,Wǒ fāxiàn tā bú zài jiā.｜Wǒ fāxiàn yí ge wèntí.｜Tā fāxiàn le yì jiā xīn fànguǎn.｜Wǒ fāxiàn wǒ de shǒujī bú jiàn le.｜Tā fāxiàn zìjǐ wàng le dài shū.,I discovered that he was not at home.｜I found a problem.｜She discovered a new restaurant.｜I found that my phone was missing.｜He realized that he forgot to bring his book.,သူ အိမ်မှာမရှိတာကို ကျွန်တော်/ကျွန်မ သိလိုက်တယ်။｜ပြဿနာတစ်ခုကို ရှာတွေ့ခဲ့တယ်။｜သူမ စားသောက်ဆိုင်အသစ်တစ်ဆိုင်ကို ရှာတွေ့တယ်။｜ကျွန်တော်/ကျွန်မ ဖုန်းပျောက်နေတာကို သိလိုက်တယ်။｜သူ စာအုပ်ယူလာဖို့ မေ့သွားတာကို သိလိုက်တယ်။,发现问题（fāxiàn wèntí）— ပြဿနာရှာတွေ့သည်｜发现错误（fāxiàn cuòwù）— အမှားရှာတွေ့သည်｜发现自己（fāxiàn zìjǐ）— မိမိကိုယ်တိုင် သိလာသည်｜找到（zhǎodào）— ရှာတွေ့သည်｜发现新东西（fāxiàn xīn dōngxi）— အရာအသစ်ရှာတွေ့သည်
656,2,饭馆,fàn guǎn,restaurant,စားသောက်ဆိုင်,我们晚上去饭馆吃饭。｜这家饭馆很好吃。｜附近有一家中国饭馆。｜那家饭馆每天都很忙。｜我们在饭馆见面吧。,Wǒmen wǎnshang qù fànguǎn chīfàn.｜Zhè jiā fànguǎn hěn hǎochī.｜Fùjìn yǒu yì jiā Zhōngguó fànguǎn.｜Nà jiā fànguǎn měitiān dōu hěn máng.｜Wǒmen zài fànguǎn jiànmiàn ba.,We are going to the restaurant for dinner tonight.｜This restaurant is delicious.｜There is a Chinese restaurant nearby.｜That restaurant is very busy every day.｜Let's meet at the restaurant.,ဒီည ကျွန်တော်တို့ စားသောက်ဆိုင်သွားပြီး ညစာစားမယ်။｜ဒီစားသောက်ဆိုင်က အစားအသောက်အရမ်းကောင်းတယ်။｜အနီးအနားမှာ တရုတ်စားသောက်ဆိုင်တစ်ဆိုင်ရှိတယ်။｜အဲဒီစားသောက်ဆိုင်က နေ့တိုင်း အရမ်းအလုပ်များတယ်။｜စားသောက်ဆိုင်မှာ တွေ့ကြရအောင်။,饭店（fàndiàn）— စားသောက်ဆိုင်｜餐厅（cāntīng）— စားသောက်ဆိုင်｜饭馆儿（fànguǎnr）— စားသောက်ဆိုင်｜吃饭（chīfàn）— ထမင်းစားသည်｜餐馆（cānguǎn）— စားသောက်ဆိုင်
657,2,方便,fāngbiàn,convenient,အဆင်ပြေသည်၊ လွယ်ကူသည်,坐地铁很方便。｜这里买东西很方便。｜这个方法很方便。｜网上学习很方便。｜这个地方交通很方便。,Zuò dìtiě hěn fāngbiàn.｜Zhèlǐ mǎi dōngxi hěn fāngbiàn.｜Zhège fāngfǎ hěn fāngbiàn.｜Wǎngshàng xuéxí hěn fāngbiàn.｜Zhège dìfang jiāotōng hěn fāngbiàn.,Taking the subway is convenient.｜It is convenient to shop here.｜This method is convenient.｜Studying online is convenient.｜Transportation here is very convenient.,မြေအောက်ရထားစီးတာ အရမ်းအဆင်ပြေတယ်။｜ဒီမှာ ဈေးဝယ်ရတာ အရမ်းအဆင်ပြေတယ်။｜ဒီနည်းလမ်းက အဆင်ပြေတယ်။｜အွန်လိုင်းကနေ စာလေ့လာရတာ အဆင်ပြေတယ်။｜ဒီနေရာက သွားလာရေး အရမ်းအဆင်ပြေတယ်။,方便（fāngbiàn）— အဆင်ပြေသည်｜方便面（fāngbiànmiàn）— အမြန်စားခေါက်ဆွဲ｜方便的（fāngbiàn de）— အဆင်ပြေသော｜方便快捷（fāngbiàn kuàijié）— အဆင်ပြေမြန်ဆန်သော｜不方便（bù fāngbiàn）— အဆင်မပြေ
658,2,方便面,fāng biàn miàn,Instant noodles,အမြန်စားခေါက်ဆွဲ,我喜欢吃方便面。｜晚上我吃了一碗方便面。｜方便面很容易做。｜他常常买方便面。｜我今天不想做饭，吃方便面吧。,"Wǒ xǐhuan chī fāngbiànmiàn.｜Wǎnshang wǒ chī le yì wǎn fāngbiànmiàn.｜Fāngbiànmiàn hěn róngyì zuò.｜Tā chángcháng mǎi fāngbiànmiàn.｜Wǒ jīntiān bù xiǎng zuòfàn, chī fāngbiànmiàn ba.","I like eating instant noodles.｜I ate a bowl of instant noodles tonight.｜Instant noodles are easy to make.｜He often buys instant noodles.｜I don't want to cook today, so let's eat instant noodles.",ကျွန်တော်/ကျွန်မ အမြန်စားခေါက်ဆွဲစားရတာ ကြိုက်တယ်။｜ဒီည အမြန်စားခေါက်ဆွဲတစ်ပန်းကန်စားတယ်။｜အမြန်စားခေါက်ဆွဲက လုပ်ရလွယ်တယ်။｜သူ အမြန်စားခေါက်ဆွဲ မကြာခဏဝယ်တယ်။｜ဒီနေ့ ဟင်းမချက်ချင်လို့ အမြန်စားခေါက်ဆွဲစားရအောင်။,方便面（fāngbiànmiàn）— အမြန်စားခေါက်ဆွဲ｜面条（miàntiáo）— ခေါက်ဆွဲ｜泡面（pàomiàn）— အမြန်စားခေါက်ဆွဲ｜方便食品（fāngbiàn shípǐn）— အဆင်သင့်စားအစားအစာ｜面（miàn）— ခေါက်ဆွဲ/ဂျုံ
659,2,方法,fāngfǎ,Method,နည်းလမ်း,这个方法很好。｜你有什么好方法吗？｜我们要想一个方法。｜这个方法很简单。｜学习汉语有很多方法。,Zhège fāngfǎ hěn hǎo.｜Nǐ yǒu shénme hǎo fāngfǎ ma?｜Wǒmen yào xiǎng yí ge fāngfǎ.｜Zhège fāngfǎ hěn jiǎndān.｜Xuéxí Hànyǔ yǒu hěn duō fāngfǎ.,This method is good.｜Do you have a good method?｜We need to think of a method.｜This method is very simple.｜There are many ways to learn Chinese.,ဒီနည်းလမ်းက ကောင်းတယ်။｜မင်းမှာ ကောင်းတဲ့နည်းလမ်းရှိလား။｜ငါတို့ နည်းလမ်းတစ်ခု စဉ်းစားရမယ်။｜ဒီနည်းလမ်းက အရမ်းရိုးရှင်းတယ်။｜တရုတ်စာလေ့လာဖို့ နည်းလမ်းတွေအများကြီးရှိတယ်။,方法（fāngfǎ）— နည်းလမ်း｜办法（bànfǎ）— ဖြေရှင်းနည်း｜做法（zuòfǎ）— လုပ်ပုံလုပ်နည်း｜想办法（xiǎng bànfǎ）— နည်းလမ်းစဉ်းစားသည်｜好方法（hǎo fāngfǎ）— နည်းလမ်းကောင်း
660,2,方面,fāngmiàn,Aspect,ကဏ္ဍ၊ အပိုင်း,这个方面很重要。｜我们从几个方面来考虑。｜这个问题有很多方面。｜学习语言有很多方面。｜安全方面也很重要。,Zhège fāngmiàn hěn zhòngyào.｜Wǒmen cóng jǐ ge fāngmiàn lái kǎolǜ.｜Zhège wèntí yǒu hěn duō fāngmiàn.｜Xuéxí yǔyán yǒu hěn duō fāngmiàn.｜Ānquán fāngmiàn yě hěn zhòngyào.,This aspect is important.｜We consider it from several aspects.｜This problem has many aspects.｜Learning a language has many aspects.｜Safety is also an important aspect.,ဒီကဏ္ဍက အရေးကြီးတယ်။｜ငါတို့ ကဏ္ဍအတော်များများကနေ စဉ်းစားတယ်။｜ဒီပြဿနာမှာ အပိုင်းအများကြီးရှိတယ်။｜ဘာသာစကားလေ့လာတာမှာ ကဏ္ဍအများကြီးရှိတယ်။｜လုံခြုံရေးကဏ္ဍကလည်း အရေးကြီးတယ်။,方面（fāngmiàn）— ကဏ္ဍ｜各方面（gè fāngmiàn）— ကဏ္ဍအသီးသီး｜方面问题（fāngmiàn wèntí）— ကဏ္ဍဆိုင်ရာပြဿနာ｜安全方面（ānquán fāngmiàn）— လုံခြုံရေးကဏ္ဍ｜生活方面（shēnghuó fāngmiàn）— နေထိုင်မှုကဏ္ဍ
661,2,方向,fāngxiàng,direction,ဦးတည်ရာ၊ လမ်းကြောင်း,你知道去学校的方向吗？｜我们走错方向了。｜这个方向是医院。｜请告诉我正确的方向。｜他向北方走去。,Nǐ zhīdào qù xuéxiào de fāngxiàng ma?｜Wǒmen zǒu cuò fāngxiàng le.｜Zhège fāngxiàng shì yīyuàn.｜Qǐng gàosu wǒ zhèngquè de fāngxiàng.｜Tā xiàng běifāng zǒu qù.,Do you know the direction to the school?｜We went in the wrong direction.｜This direction is the hospital.｜Please tell me the correct direction.｜He walked toward the north.,ကျောင်းကိုသွားတဲ့ လမ်းကြောင်းကို သိလား။｜ငါတို့ လမ်းကြောင်းမှားသွားတယ်။｜ဒီဘက်လမ်းကြောင်းက ဆေးရုံဘက်ပါ။｜မှန်ကန်တဲ့ဦးတည်ရာကို ပြောပြပေးပါ။｜သူ မြောက်ဘက်ကို လျှောက်သွားတယ်။,方向（fāngxiàng）— ဦးတည်ရာ｜方向感（fāngxiàng gǎn）— လမ်းကြောင်းအာရုံ｜方向盘（fāngxiàngpán）— စတီယာရင်｜北方（běifāng）— မြောက်ဘက်｜南方（nánfāng）— တောင်ဘက်
662,2,放下,fàng xià,put down; lay down; drop,ချထားသည်၊ လွှတ်ချသည်,请把书放下。｜他放下手机开始学习。｜请把东西放下。｜她放下包就去做饭了。｜我先把书放下。,Qǐng bǎ shū fàngxià.｜Tā fàngxià shǒujī kāishǐ xuéxí.｜Qǐng bǎ dōngxi fàngxià.｜Tā fàngxià bāo jiù qù zuòfàn le.｜Wǒ xiān bǎ shū fàngxià.,Please put the book down.｜He put down his phone and started studying.｜Please put the things down.｜She put down her bag and went to cook.｜I will put the book down first.,စာအုပ်ကို ချထားလိုက်ပါ။｜သူ ဖုန်းကိုချပြီး စာစလေ့လာတယ်။｜ပစ္စည်းတွေကို ချထားလိုက်ပါ။｜သူ အိတ်ကိုချပြီး ဟင်းသွားချက်တယ်။｜အရင် စာအုပ်ကို ချထားလိုက်မယ်။,放下（fàngxià）— ချထားသည်｜放在（fàng zài）— ...မှာထားသည်｜放开（fàngkāi）— လွှတ်သည်｜放好（fàng hǎo）— သေချာထားသည်｜放回（fànghuí）— ပြန်ထားသည်
663,2,放心,fàngxīn,Don’t worry,စိတ်ချပါ၊ စိတ်မပူပါနဲ့,你放心吧。｜妈妈让我放心。｜事情已经解决了，你放心吧。｜请放心，我会帮助你。｜你可以放心地使用这个方法。,"Nǐ fàngxīn ba.｜Māma ràng wǒ fàngxīn.｜Shìqing yǐjīng jiějué le, nǐ fàngxīn ba.｜Qǐng fàngxīn, wǒ huì bāngzhù nǐ.｜Nǐ kěyǐ fàngxīn de shǐyòng zhège fāngfǎ.","Don't worry.｜Mom told me not to worry.｜The matter has been solved, so don't worry.｜Don't worry, I will help you.｜You can safely use this method.",စိတ်မပူပါနဲ့။｜အမေက စိတ်မပူဖို့ ပြောတယ်။｜ကိစ္စက ဖြေရှင်းပြီးပြီ၊ စိတ်ချပါ။｜စိတ်မပူပါနဲ့၊ ကျွန်တော်/ကျွန်မ ကူညီပေးမယ်။｜ဒီနည်းလမ်းကို စိတ်ချလက်ချ အသုံးပြုနိုင်တယ်။,放心（fàngxīn）— စိတ်ချသည်｜放心吧（fàngxīn ba）— စိတ်ချပါ｜不放心（bù fàngxīn）— စိတ်မချ｜放心使用（fàngxīn shǐyòng）— စိတ်ချလက်ချအသုံးပြုသည်｜放心不下（fàngxīn bù xià）— စိတ်မချနိုင်
664,2,分（动）,fēn,divide; part; distribute,ခွဲသည်၊ ဖြန့်သည်,请把这些书分给大家。｜老师把学生分成两组。｜我们分三组学习。｜请把蛋糕分给孩子们。｜他把钱分给了朋友。,Qǐng bǎ zhèxiē shū fēn gěi dàjiā.｜Lǎoshī bǎ xuéshēng fēn chéng liǎng zǔ.｜Wǒmen fēn sān zǔ xuéxí.｜Qǐng bǎ dàngāo fēn gěi háizimen.｜Tā bǎ qián fēn gěi le péngyou.,Please distribute these books to everyone.｜The teacher divided the students into two groups.｜We study in three groups.｜Please divide the cake among the children.｜He divided the money among his friends.,ဒီစာအုပ်တွေကို လူတိုင်းဆီ ဝေပေးပါ။｜ဆရာ/ဆရာမက ကျောင်းသားတွေကို အုပ်စုနှစ်စုခွဲတယ်။｜ကျွန်တော်တို့ သုံးအုပ်စုခွဲပြီး လေ့လာတယ်။｜ကိတ်မုန့်ကို ကလေးတွေဆီ ဝေပေးပါ။｜သူ ပိုက်ဆံကို သူငယ်ချင်းတွေဆီ ခွဲဝေပေးတယ်။,分给（fēn gěi）— ခွဲဝေပေးသည်｜分成（fēn chéng）— ...အဖြစ်ခွဲသည်｜分组（fēnzǔ）— အုပ်စုခွဲသည်｜分配（fēnpèi）— ခွဲဝေသည်｜分开（fēnkāi）— ခွဲထွက်သည်
665,2,分开,fēn kāi,separate; part,ခွဲထွက်သည်,我们分开以后很少见面。｜他们从学校门口分开了。｜我们在这里分开吧。｜两个人走了一会儿就分开了。｜不要分开走。,Wǒmen fēnkāi yǐhòu hěn shǎo jiànmiàn.｜Tāmen cóng xuéxiào ménkǒu fēnkāi le.｜Wǒmen zài zhèlǐ fēnkāi ba.｜Liǎng ge rén zǒu le yíhuìr jiù fēnkāi le.｜Bú yào fēnkāi zǒu.,We rarely saw each other after separating.｜They separated at the school gate.｜Let's separate here.｜The two people separated after walking for a while.｜Don't walk separately.,ခွဲပြီးနောက် တစ်ယောက်နဲ့တစ်ယောက် တွေ့တာနည်းသွားတယ်။｜သူတို့ ကျောင်းဝင်ပေါက်မှာ ခွဲသွားကြတယ်။｜ဒီမှာပဲ ခွဲကြရအောင်။｜သူတို့နှစ်ယောက် ခဏလျှောက်ပြီးတော့ ခွဲသွားကြတယ်။｜တစ်ယောက်တည်းစီ မသွားနဲ့။,分开（fēnkāi）— ခွဲထွက်သည်｜分手（fēnshǒu）— လမ်းခွဲသည်｜分离（fēnlí）— ခွဲခွာသည်｜分散（fēnsàn）— ပြန့်ကျဲသည်｜分别（fēnbié）— သီးခြားစီ
666,2,分数,fēn shù,score; mark; fraction,အမှတ်၊ ရမှတ်,我的汉语考试分数很高。｜他的分数是九十分。｜你这次考试分数怎么样？｜老师公布了考试分数。｜我的数学分数提高了。,Wǒ de Hànyǔ kǎoshì fēnshù hěn gāo.｜Tā de fēnshù shì jiǔshí fēn.｜Nǐ zhè cì kǎoshì fēnshù zěnmeyàng?｜Lǎoshī gōngbù le kǎoshì fēnshù.｜Wǒ de shùxué fēnshù tígāo le.,My Chinese exam score is high.｜His score is 90 points.｜How was your exam score this time?｜The teacher announced the exam scores.｜My math score improved.,ကျွန်တော်/ကျွန်မရဲ့ တရုတ်စာစာမေးပွဲအမှတ်က မြင့်တယ်။｜သူ့အမှတ်က ၉၀ ပါ။｜ဒီတစ်ခါ စာမေးပွဲအမှတ် ဘယ်လိုလဲ။｜ဆရာ/ဆရာမက စာမေးပွဲအမှတ်တွေ ကြေညာတယ်။｜ကျွန်တော်/ကျွန်မ သင်္ချာအမှတ် တိုးလာတယ်။,分数（fēnshù）— အမှတ်｜考试分数（kǎoshì fēnshù）— စာမေးပွဲအမှတ်｜成绩（chéngjì）— ရလဒ်/အမှတ်｜高分（gāofēn）— အမှတ်မြင့်｜低分（dīfēn）— အမှတ်နိမ့်
667,2,分钟,fēnzhōng,Minute,မိနစ်,我等你十分钟。｜会议还有五分钟。｜我每天学习三十分钟。｜他十分钟以后回来。｜请等我一分钟。,Wǒ děng nǐ shí fēnzhōng.｜Huìyì hái yǒu wǔ fēnzhōng.｜Wǒ měitiān xuéxí sānshí fēnzhōng.｜Tā shí fēnzhōng yǐhòu huílái.｜Qǐng děng wǒ yì fēnzhōng.,I will wait for you for ten minutes.｜There are five minutes left for the meeting.｜I study for thirty minutes every day.｜He will come back in ten minutes.｜Please wait for me for one minute.,မင်းကို ၁၀ မိနစ်စောင့်မယ်။｜အစည်းအဝေးစဖို့ ၅ မိနစ်လိုသေးတယ်။｜ကျွန်တော်/ကျွန်မ နေ့တိုင်း မိနစ် ၃၀ စာလေ့လာတယ်။｜သူ ၁၀ မိနစ်ကြာရင် ပြန်လာမယ်။｜ကျွန်တော်/ကျွန်မကို ၁ မိနစ်စောင့်ပါ။,分钟（fēnzhōng）— မိနစ်｜一分钟（yì fēnzhōng）— ၁ မိနစ်｜十分钟（shí fēnzhōng）— ၁၀ မိနစ်｜半小时（bàn xiǎoshí）— နာရီဝက်｜小时（xiǎoshí）— နာရီ
668,2,份,fèn,share,အပိုင်း၊ ဝေစု,请给我一份菜单。｜我要一份米饭。｜老师给了我一份资料。｜我们每人有一份。｜我买了一份礼物。,Qǐng gěi wǒ yí fèn càidān.｜Wǒ yào yí fèn mǐfàn.｜Lǎoshī gěi le wǒ yí fèn zīliào.｜Wǒmen měi rén yǒu yí fèn.｜Wǒ mǎi le yí fèn lǐwù.,Please give me a menu.｜I want one serving of rice.｜The teacher gave me a set/copy of the materials.｜Each of us has one share.｜I bought one gift.,မီနူးတစ်စောင် ပေးပါ။｜ထမင်းတစ်ပန်းကန် လိုချင်တယ်။｜ဆရာ/ဆရာမက ကျွန်တော်/ကျွန်မကို စာရွက်စာတမ်းတစ်စုံ ပေးတယ်။｜ကျွန်တော်တို့ တစ်ယောက်စီ တစ်份စီရှိတယ်။｜လက်ဆောင်တစ်ခု ဝယ်ခဲ့တယ်။,一份（yí fèn）— တစ်份/တစ်စုံ｜一份饭（yí fèn fàn）— ထမင်းတစ်ပွဲ｜一份工作（yí fèn gōngzuò）— အလုပ်တစ်ခု｜一份资料（yí fèn zīliào）— စာရွက်စာတမ်းတစ်စုံ｜一份礼物（yí fèn lǐwù）— လက်ဆောင်တစ်ခု
669,2,封（量）,fēng,(measure word),စာ (စာတစ်စောင်ကိုရေတွက်),我给朋友写了一封信。｜他收到了一封信。｜妈妈发来一封邮件。｜我昨天写了一封中文信。｜老师给我寄了一封信。,Wǒ gěi péngyou xiě le yì fēng xìn.｜Tā shōu dào le yì fēng xìn.｜Māma fā lái yì fēng yóujiàn.｜Wǒ zuótiān xiě le yì fēng Zhōngwén xìn.｜Lǎoshī gěi wǒ jì le yì fēng xìn.,I wrote a letter to my friend.｜He received a letter.｜Mom sent an email.｜I wrote a Chinese letter yesterday.｜The teacher sent me a letter.,သူငယ်ချင်းဆီ စာတစ်စောင် ရေးပို့ခဲ့တယ်။｜သူ စာတစ်စောင် ရတယ်။｜အမေက အီးမေးလ်တစ်စောင် ပို့တယ်။｜မနေ့က တရုတ်လို စာတစ်စောင် ရေးခဲ့တယ်။｜ဆရာ/ဆရာမက ကျွန်တော်/ကျွန်မဆီ စာတစ်စောင် ပို့တယ်။,一封信（yì fēng xìn）— စာတစ်စောင်｜信封（xìnfēng）— စာအိတ်｜一封邮件（yì fēng yóujiàn）— အီးမေးလ်တစ်စောင်｜写信（xiě xìn）— စာရေးသည်｜寄信（jì xìn）— စာပို့သည်
670,2,服务,fú wù,service,ဝန်ဆောင်မှုပေးသည်,这家酒店的服务很好。｜这家餐厅服务很好。｜服务员很热情。｜这里的服务很周到。｜我对他们的服务很满意。,Zhè jiā jiǔdiàn de fúwù hěn hǎo.｜Zhè jiā cāntīng fúwù hěn hǎo.｜Fúwùyuán hěn rèqíng.｜Zhèlǐ de fúwù hěn zhōudào.｜Wǒ duì tāmen de fúwù hěn mǎnyì.,The service at this hotel is very good.｜The service at this restaurant is very good.｜The waiter is very friendly.｜The service here is very thoughtful.｜I am very satisfied with their service.,ဒီဟိုတယ်ရဲ့ ဝန်ဆောင်မှုက အရမ်းကောင်းတယ်။｜ဒီစားသောက်ဆိုင်ရဲ့ ဝန်ဆောင်မှုက အရမ်းကောင်းတယ်။｜ဝန်ဆောင်မှုပေးတဲ့သူက အရမ်းဖော်ရွေတယ်။｜ဒီနေရာရဲ့ ဝန်ဆောင်မှုက အရမ်းပြည့်စုံတယ်။｜သူတို့ရဲ့ ဝန်ဆောင်မှုကို ကျွန်တော်/ကျွန်မ အရမ်းကျေနပ်တယ်။,服务 (fúwù) — ဝန်ဆောင်မှု｜服务员 (fúwùyuán) — ဝန်ဆောင်မှုပေးသူ｜服务中心 (fúwù zhōngxīn) — ဝန်ဆောင်မှုစင်တာ｜服务好 (fúwù hǎo) — ဝန်ဆောင်မှုကောင်းသည်｜客户服务 (kèhù fúwù) — ဖောက်သည်ဝန်ဆောင်မှု
671,2,复习,fùxí,Review,ပြန်လည်လေ့လာသည်,我每天晚上复习汉语。｜考试前我要复习课文。｜你复习好了吗？｜她正在复习昨天的内容。｜周末我会复习生词。,Wǒ měitiān wǎnshang fùxí Hànyǔ.｜Kǎoshì qián wǒ yào fùxí kèwén.｜Nǐ fùxí hǎo le ma?｜Tā zhèngzài fùxí zuótiān de nèiróng.｜Zhōumò wǒ huì fùxí shēngcí.,I review Chinese every evening.｜I need to review the lesson before the exam.｜Have you finished reviewing?｜She is reviewing yesterday's material.｜I will review new words on the weekend.,ကျွန်တော်/ကျွန်မ ညတိုင်း တရုတ်စာပြန်လေ့လာတယ်။｜စာမေးပွဲမဖြေခင် သင်ခန်းစာကို ပြန်လေ့လာရမယ်။｜စာပြန်လေ့လာပြီးပြီလား။｜သူ မနေ့ကသင်ထားတာကို ပြန်လေ့လာနေတယ်။｜စနေ၊ တနင်္ဂနွေမှာ စကားလုံးအသစ်တွေ ပြန်လေ့လာမယ်။,复习 (fùxí) — ပြန်လေ့လာသည်｜学习 (xuéxí) — လေ့လာသည်｜预习 (yùxí) — ကြိုတင်လေ့လာသည်｜复习课文 (fùxí kèwén) — သင်ခန်းစာပြန်လေ့လာသည်｜复习功课 (fùxí gōngkè) — စာပြန်လေ့လာသည်
672,2,该（动）,gāi,deserve; should; owe,သင့်သည်၊ လုပ်သင့်သည်,你该回家了。｜我们该走了。｜你该睡觉了。｜他该吃饭了。｜现在该上课了。,Nǐ gāi huí jiā le.｜Wǒmen gāi zǒu le.｜Nǐ gāi shuìjiào le.｜Tā gāi chīfàn le.｜Xiànzài gāi shàngkè le.,You should go home.｜We should leave.｜You should go to sleep.｜He should eat.｜It is time for class now.,မင်း အိမ်ပြန်သင့်ပြီ။｜ငါတို့ သွားသင့်ပြီ။｜မင်း အိပ်သင့်ပြီ။｜သူ ထမင်းစားသင့်ပြီ။｜အခု စာသင်ချိန်ရောက်ပြီ။,应该 (yīnggāi) — လုပ်သင့်သည်｜该回家 (gāi huí jiā) — အိမ်ပြန်သင့်ပြီ｜该吃饭了 (gāi chīfàn le) — ထမင်းစားချိန်ရောက်ပြီ｜该走了 (gāi zǒu le) — သွားချိန်ရောက်ပြီ｜该睡觉了 (gāi shuìjiào le) — အိပ်ချိန်ရောက်ပြီ
673,2,改,gǎi,change; correct; revise; switch over,ပြင်သည်၊ ပြောင်းသည်,请改一下这个句子。｜我要改我的计划。｜老师让我改作业。｜这个字写错了，要改。｜你可以把名字改一下吗？,"Qǐng gǎi yíxià zhège jùzi.｜Wǒ yào gǎi wǒ de jìhuà.｜Lǎoshī ràng wǒ gǎi zuòyè.｜Zhège zì xiě cuò le, yào gǎi.｜Nǐ kěyǐ bǎ míngzi gǎi yíxià ma?",Please correct this sentence.｜I want to change my plan.｜The teacher asked me to correct my homework.｜This character is written incorrectly and needs to be corrected.｜Can you change the name?,ဒီစာကြောင်းကို ပြင်ပေးပါ။｜ကျွန်တော်/ကျွန်မ အစီအစဉ်ကို ပြောင်းချင်တယ်။｜ဆရာ/ဆရာမက အိမ်စာကို ပြင်ခိုင်းတယ်။｜ဒီစာလုံးရေးတာမှားလို့ ပြင်ရမယ်။｜နာမည်ကို ပြောင်းလို့ရမလား။,改正 (gǎizhèng) — အမှားပြင်သည်｜修改 (xiūgǎi) — ပြင်ဆင်သည်｜改变 (gǎibiàn) — ပြောင်းလဲသည်｜改名字 (gǎi míngzi) — နာမည်ပြောင်းသည်｜改错 (gǎi cuò) — အမှားပြင်သည်
674,2,改变,gǎibiàn,change,ပြောင်းလဲသည်,这件事改变了我的生活。｜学习改变了我的想法。｜天气改变了我们的计划。｜他想改变自己的生活。｜这个决定改变了很多人的未来。,Zhè jiàn shì gǎibiàn le wǒ de shēnghuó.｜Xuéxí gǎibiàn le wǒ de xiǎngfǎ.｜Tiānqì gǎibiàn le wǒmen de jìhuà.｜Tā xiǎng gǎibiàn zìjǐ de shēnghuó.｜Zhège juédìng gǎibiàn le hěn duō rén de wèilái.,This matter changed my life.｜Studying changed my way of thinking.｜The weather changed our plans.｜He wants to change his life.｜This decision changed many people's futures.,ဒီကိစ္စက ကျွန်တော်/ကျွန်မဘဝကို ပြောင်းလဲစေခဲ့တယ်။｜စာလေ့လာတာက ကျွန်တော်/ကျွန်မရဲ့အတွေးအမြင်ကို ပြောင်းလဲစေခဲ့တယ်။｜ရာသီဥတုက ငါတို့အစီအစဉ်ကို ပြောင်းလဲစေခဲ့တယ်။｜သူ့ဘဝကို ပြောင်းလဲချင်တယ်။｜ဒီဆုံးဖြတ်ချက်က လူအများရဲ့အနာဂတ်ကို ပြောင်းလဲစေခဲ့တယ်။,变化 (biànhuà) — ပြောင်းလဲမှု｜改变 (gǎibiàn) — ပြောင်းလဲသည်｜改变生活 (gǎibiàn shēnghuó) — ဘဝကိုပြောင်းလဲသည်｜改变方法 (gǎibiàn fāngfǎ) — နည်းလမ်းပြောင်းသည်｜发生改变 (fāshēng gǎibiàn) — ပြောင်းလဲမှုဖြစ်သည်
675,2,干杯,gānbēi,Cheers!,အားလုံးအတူ သောက်ကြစို့,今天我们一起干杯吧！｜大家举起杯子干杯。｜祝你生日快乐，干杯！｜为了我们的友谊干杯！｜吃饭的时候，我们一起干杯。,"Jīntiān wǒmen yìqǐ gānbēi ba!｜Dàjiā jǔ qǐ bēizi gānbēi.｜Zhù nǐ shēngrì kuàilè, gānbēi!｜Wèile wǒmen de yǒuyì gānbēi!｜Chīfàn de shíhou, wǒmen yìqǐ gānbēi.","Let's have a toast together today!｜Everyone raised their glasses and toasted.｜Happy birthday, cheers!｜Cheers to our friendship!｜We toasted together during the meal.",ဒီနေ့ အားလုံးအတူတူ အားပါးတရ သောက်ကြရအောင်။｜အားလုံး ခွက်မြှောက်ပြီး အတူသောက်ကြတယ်။｜မွေးနေ့ပျော်ရွှင်ပါစေ၊ အားပါးတရသောက်ကြရအောင်။｜တို့ရဲ့ ခင်မင်မှုအတွက် သောက်ကြရအောင်။｜ထမင်းစားနေတုန်း အတူတူ သောက်ကြတယ်။,干杯 (gānbēi) — အားပါးတရ သောက်ကြစို့｜喝酒 (hējiǔ) — အရက်သောက်သည်｜一杯 (yì bēi) — တစ်ခွက်｜酒杯 (jiǔbēi) — အရက်ခွက်｜干了 (gān le) — အကုန်သောက်လိုက်
676,2,感到,gǎn dào,feel; sense,ခံစားရသည်,我感到很开心。｜我感到有点累。｜他感到很冷。｜听到这个消息，我感到很高兴。｜我感到身体好多了。,"Wǒ gǎndào hěn kāixīn.｜Wǒ gǎndào yǒudiǎn lèi.｜Tā gǎndào hěn lěng.｜Tīngdào zhège xiāoxi, wǒ gǎndào hěn gāoxìng.｜Wǒ gǎndào shēntǐ hǎo duō le.",I feel very happy.｜I feel a little tired.｜He feels very cold.｜I felt very happy when I heard the news.｜I feel much better physically.,ကျွန်တော်/ကျွန်မ အရမ်းပျော်တယ်လို့ ခံစားရတယ်။｜နည်းနည်းပင်ပန်းတယ်လို့ ခံစားရတယ်။｜သူ အရမ်းအေးတယ်လို့ ခံစားရတယ်။｜ဒီသတင်းကိုကြားတော့ အရမ်းပျော်တယ်လို့ ခံစားရတယ်။｜ကျန်းမာရေးအခြေအနေ ပိုကောင်းလာတယ်လို့ ခံစားရတယ်။,感觉 (gǎnjué) — ခံစားချက်/ခံစားရသည်｜感到高兴 (gǎndào gāoxìng) — ပျော်တယ်လို့ခံစားရသည်｜感到难过 (gǎndào nánguò) — ဝမ်းနည်းတယ်လို့ခံစားရသည်｜感到累 (gǎndào lèi) — ပင်ပန်းတယ်လို့ခံစားရသည်｜感到害怕 (gǎndào hàipà) — ကြောက်တယ်လို့ခံစားရသည်
677,2,感动,gǎndòng,Be moved,စိတ်လှုပ်ရှား/ထိမိသည်,这部电影让我很感动。｜他的故事让我很感动。｜看到妈妈，我很感动。｜老师的话让我很感动。｜他们的帮助让我非常感动。,"Zhè bù diànyǐng ràng wǒ hěn gǎndòng.｜Tā de gùshi ràng wǒ hěn gǎndòng.｜Kàndào māma, wǒ hěn gǎndòng.｜Lǎoshī de huà ràng wǒ hěn gǎndòng.｜Tāmen de bāngzhù ràng wǒ fēicháng gǎndòng.",This movie moved me deeply.｜His story moved me deeply.｜I was moved when I saw Mom.｜The teacher's words moved me deeply.｜Their help moved me very much.,ဒီရုပ်ရှင်က ကျွန်တော်/ကျွန်မကို အရမ်းစိတ်ထိမိစေတယ်။｜သူ့အကြောင်းအရာက ကျွန်တော်/ကျွန်မကို အရမ်းစိတ်ထိမိစေတယ်။｜အမေ့ကိုတွေ့တော့ ကျွန်တော်/ကျွန်မ အရမ်းစိတ်ထိမိတယ်။｜ဆရာ/ဆရာမရဲ့စကားတွေက ကျွန်တော်/ကျွန်မကို အရမ်းစိတ်ထိမိစေတယ်။｜သူတို့ရဲ့အကူအညီက ကျွန်တော်/ကျွန်မကို အရမ်းစိတ်ထိမိစေတယ်။,感动 (gǎndòng) — စိတ်ထိခိုက်/ထိမိသည်｜感人的 (gǎnrén de) — စိတ်ထိမိစရာကောင်းသော｜感动人 (gǎndòng rén) — လူကိုစိတ်ထိမိစေသည်｜很感动 (hěn gǎndòng) — အရမ်းစိတ်ထိမိသည်｜感动得哭 (gǎndòng de kū) — စိတ်ထိမိပြီးငိုသည်
678,2,感觉,gǎnjué,feel,ခံစားချက်၊ ခံစားရသည်,我感觉今天很冷。｜我感觉他不太高兴。｜你感觉怎么样？｜我感觉好多了。｜我感觉这家餐厅很好吃。,Wǒ gǎnjué jīntiān hěn lěng.｜Wǒ gǎnjué tā bú tài gāoxìng.｜Nǐ gǎnjué zěnmeyàng?｜Wǒ gǎnjué hǎo duō le.｜Wǒ gǎnjué zhè jiā cāntīng hěn hǎochī.,I feel cold today.｜I feel that he is not very happy.｜How do you feel?｜I feel much better.｜I feel that this restaurant's food is delicious.,ဒီနေ့ အရမ်းအေးတယ်လို့ ခံစားရတယ်။｜သူ သိပ်မပျော်ဘူးလို့ ခံစားရတယ်။｜မင်းဘယ်လိုခံစားရလဲ။｜ကျွန်တော်/ကျွန်မ အများကြီးပိုကောင်းလာပြီလို့ ခံစားရတယ်။｜ဒီစားသောက်ဆိုင်က အစားအစာတွေ အရမ်းစားကောင်းတယ်လို့ ခံစားရတယ်။,感觉 (gǎnjué) — ခံစားချက်｜感觉到 (gǎnjué dào) — ခံစားသိသည်｜感觉很好 (gǎnjué hěn hǎo) — ခံစားချက်ကောင်းသည်｜感觉冷 (gǎnjué lěng) — အေးတယ်လို့ခံစားရသည်｜感觉累 (gǎnjué lèi) — ပင်ပန်းတယ်လို့ခံစားရသည်
679,2,感谢,gǎnxiè,Thank,ကျေးဇူးတင်သည်,感谢你的帮助。｜我非常感谢你。｜感谢老师的教导。｜谢谢你的关心，我很感谢你。｜我们要感谢帮助过我们的人。,"Gǎnxiè nǐ de bāngzhù.｜Wǒ fēicháng gǎnxiè nǐ.｜Gǎnxiè lǎoshī de jiàodǎo.｜Xièxie nǐ de guānxīn, wǒ hěn gǎnxiè nǐ.｜Wǒmen yào gǎnxiè bāngzhù guò wǒmen de rén.",Thank you for your help.｜I really appreciate you.｜Thank you for the teacher's guidance.｜Thank you for caring; I really appreciate you.｜We should thank those who have helped us.,မင်းရဲ့အကူအညီအတွက် ကျေးဇူးတင်ပါတယ်။｜မင်းကို တကယ်ကျေးဇူးတင်တယ်။｜ဆရာ/ဆရာမရဲ့ သင်ကြားပေးမှုအတွက် ကျေးဇူးတင်ပါတယ်။｜ဂရုစိုက်ပေးတဲ့အတွက် ကျေးဇူးတင်တယ်၊ တကယ်ကျေးဇူးတင်ပါတယ်။｜ကျွန်တော်တို့ကို ကူညီပေးခဲ့သူတွေကို ကျေးဇူးတင်သင့်တယ်။,谢谢 (xièxie) — ကျေးဇူးတင်သည်｜感谢 (gǎnxiè) — ကျေးဇူးတင်သည်｜感谢你 (gǎnxiè nǐ) — မင်းကိုကျေးဇူးတင်တယ်｜感谢帮助 (gǎnxiè bāngzhù) — အကူအညီအတွက်ကျေးဇူးတင်သည်｜感谢信 (gǎnxiè xìn) — ကျေးဇူးတင်စာ
680,2,干活儿,gànhuór,work on a job,အလုပ်လုပ်သည်,爸爸每天都出去干活儿。｜他在外面干活儿。｜农民每天都要干活儿。｜哥哥周末出去干活儿。｜干活儿以后，他很累。,"Bàba měitiān dōu chūqù gànhuór.｜Tā zài wàimiàn gànhuór.｜Nóngmín měitiān dōu yào gànhuór.｜Gēge zhōumò chūqù gànhuór.｜Gànhuór yǐhòu, tā hěn lèi.",Dad goes out to work every day.｜He is working outside.｜Farmers have to work every day.｜My older brother goes out to work on weekends.｜He is tired after working.,အဖေက နေ့တိုင်း အပြင်ထွက်ပြီး အလုပ်လုပ်တယ်။｜သူ အပြင်မှာ အလုပ်လုပ်နေတယ်။｜လယ်သမားတွေ နေ့တိုင်း အလုပ်လုပ်ရတယ်။｜အစ်ကိုက စနေ၊ တနင်္ဂနွေမှာ အပြင်ထွက်ပြီး အလုပ်လုပ်တယ်။｜အလုပ်လုပ်ပြီးတော့ သူ ပင်ပန်းတယ်။,工作 (gōngzuò) — အလုပ်လုပ်သည်/အလုပ်｜干活 (gànhuó) — အလုပ်လုပ်သည်｜干活儿 (gànhuór) — အလုပ်လုပ်သည်｜活儿 (huór) — အလုပ်｜干农活儿 (gàn nónghuór) — လယ်ယာအလုပ်လုပ်သည်
681,2,刚,gāng,just,ခုလေးတင်၊ အခုမှ,我刚吃完饭。｜他刚到学校。｜我刚买了一本书。｜她刚回家。｜老师刚开始上课。,Wǒ gāng chī wán fàn.｜Tā gāng dào xuéxiào.｜Wǒ gāng mǎi le yì běn shū.｜Tā gāng huí jiā.｜Lǎoshī gāng kāishǐ shàngkè.,I just finished eating.｜He just arrived at school.｜I just bought a book.｜She just went home.｜The teacher just started class.,ကျွန်တော်/ကျွန်မ ခုလေးတင် ထမင်းစားပြီးတယ်။｜သူ ခုလေးတင် ကျောင်းရောက်တယ်။｜ကျွန်တော်/ကျွန်မ ခုလေးတင် စာအုပ်တစ်အုပ် ဝယ်လိုက်တယ်။｜သူ ခုလေးတင် အိမ်ပြန်သွားတယ်။｜ဆရာ/ဆရာမ ခုလေးတင် စာစသင်တယ်။,刚刚 (gānggāng) — ခုလေးတင်｜刚才 (gāngcái) — ခုနက｜刚好 (gānghǎo) — အတိအကျ/တိုက်တိုက်ဆိုင်ဆိုင်｜刚开始 (gāng kāishǐ) — ခုမှစသည်｜刚回来 (gāng huílái) — ခုလေးတင်ပြန်လာသည်
682,2,刚才,gāngcái,just,ခုနက,我刚才看到他了。｜你刚才去哪儿了？｜他刚才还在这里。｜我刚才给你打电话了。｜刚才有人找你。,Wǒ gāngcái kàndào tā le.｜Nǐ gāngcái qù nǎr le?｜Tā gāngcái hái zài zhèlǐ.｜Wǒ gāngcái gěi nǐ dǎ diànhuà le.｜Gāngcái yǒu rén zhǎo nǐ.,I saw him just now.｜Where did you just go?｜He was just here.｜I just called you.｜Someone was looking for you just now.,ကျွန်တော်/ကျွန်မ ခုနက သူ့ကိုတွေ့တယ်။｜မင်း ခုနက ဘယ်သွားတာလဲ။｜သူ ခုနက ဒီမှာရှိသေးတယ်။｜ကျွန်တော်/ကျွန်မ ခုနက မင်းကိုဖုန်းဆက်တယ်။｜ခုနက တစ်ယောက်ယောက် မင်းကိုလာရှာတယ်။,刚 (gāng) — ခုလေးတင်｜刚刚 (gānggāng) — ခုလေးတင်｜刚才 (gāngcái) — ခုနက｜刚刚才 (gānggāng cái) — ခုလေးတင်မှ｜刚走 (gāng zǒu) — ခုလေးတင်ထွက်သွားသည်
683,2,刚刚,gāng gāng,just; only; just a moment ago,ခုလေးတင်,他刚刚到家。｜我刚刚吃过饭。｜她刚刚离开。｜老师刚刚来了。｜我们刚刚开始学习。,Tā gānggāng dào jiā.｜Wǒ gānggāng chī guò fàn.｜Tā gānggāng líkāi.｜Lǎoshī gānggāng lái le.｜Wǒmen gānggāng kāishǐ xuéxí.,He just arrived home.｜I just ate.｜She just left.｜The teacher just came.｜We just started studying.,သူ ခုလေးတင် အိမ်ရောက်တယ်။｜ကျွန်တော်/ကျွန်မ ခုလေးတင် ထမင်းစားထားတယ်။｜သူမ ခုလေးတင် ထွက်သွားတယ်။｜ဆရာ/ဆရာမ ခုလေးတင် ရောက်လာတယ်။｜ကျွန်တော်တို့ ခုလေးတင် စာစလေ့လာတယ်။,刚 (gāng) — ခုလေးတင်｜刚才 (gāngcái) — ခုနက｜刚好 (gānghǎo) — တိုက်တိုက်ဆိုင်ဆိုင်｜刚到 (gāng dào) — ခုလေးတင်ရောက်သည်｜刚开始 (gāng kāishǐ) — ခုမှစသည်
684,2,高级,gāojí,senior,အဆင့်မြင့်သည်,这是一家高级餐厅。｜他住在高级酒店。｜我想学习高级汉语。｜这家商店卖高级产品。｜她参加了高级课程。,Zhè shì yì jiā gāojí cāntīng.｜Tā zhù zài gāojí jiǔdiàn.｜Wǒ xiǎng xuéxí gāojí Hànyǔ.｜Zhè jiā shāngdiàn mài gāojí chǎnpǐn.｜Tā cānjiā le gāojí kèchéng.,This is a high-end restaurant.｜He stays at a high-end hotel.｜I want to study advanced Chinese.｜This shop sells high-end products.｜She took an advanced course.,ဒါက အဆင့်မြင့်စားသောက်ဆိုင်တစ်ဆိုင်ပါ။｜သူက အဆင့်မြင့်ဟိုတယ်မှာ တည်းတယ်။｜ကျွန်တော်/ကျွန်မ အဆင့်မြင့်တရုတ်စာကို လေ့လာချင်တယ်။｜ဒီဆိုင်မှာ အဆင့်မြင့်ပစ္စည်းတွေ ရောင်းတယ်။｜သူမ အဆင့်မြင့်သင်တန်းတက်ခဲ့တယ်။,高级 (gāojí) — အဆင့်မြင့်｜高级餐厅 (gāojí cāntīng) — အဆင့်မြင့်စားသောက်ဆိုင်｜高级酒店 (gāojí jiǔdiàn) — အဆင့်မြင့်ဟိုတယ်｜高级班 (gāojí bān) — အဆင့်မြင့်အတန်း｜高级人才 (gāojí réncái) — အဆင့်မြင့်ကျွမ်းကျင်သူ
685,2,高中,gāo zhōng,senior high school,အထက်တန်းကျောင်း,我姐姐在高中学习。｜他明年上高中。｜高中生活很忙。｜我的哥哥是高中生。｜这所高中离我家很近。,Wǒ jiějie zài gāozhōng xuéxí.｜Tā míngnián shàng gāozhōng.｜Gāozhōng shēnghuó hěn máng.｜Wǒ de gēge shì gāozhōngshēng.｜Zhè suǒ gāozhōng lí wǒ jiā hěn jìn.,My older sister studies in high school.｜He will enter high school next year.｜High school life is busy.｜My older brother is a high school student.｜This high school is close to my home.,အစ်မက အထက်တန်းကျောင်းမှာ စာသင်နေတယ်။｜သူ နောက်နှစ် အထက်တန်းကျောင်းတက်မယ်။｜အထက်တန်းကျောင်းဘဝက အလုပ်များတယ်။｜အစ်ကိုက အထက်တန်းကျောင်းသားပါ။｜ဒီအထက်တန်းကျောင်းက ငါ့အိမ်နဲ့နီးတယ်။,高中 (gāozhōng) — အထက်တန်းကျောင်း｜高中生 (gāozhōngshēng) — အထက်တန်းကျောင်းသား｜高中毕业 (gāozhōng bìyè) — အထက်တန်းပြီးသည်｜高中老师 (gāozhōng lǎoshī) — အထက်တန်းဆရာ/ဆရာမ｜上高中 (shàng gāozhōng) — အထက်တန်းတက်သည်
686,2,个子,gèzi,Height,အရပ်အမောင်း၊ ကိုယ်လုံးကိုယ်ထည်,他的个子很高。｜我哥哥个子很高。｜她个子不太高。｜那个男孩子个子很高。｜你的个子比我高。,Tā de gèzi hěn gāo.｜Wǒ gēge gèzi hěn gāo.｜Tā gèzi bú tài gāo.｜Nàge nánháizi gèzi hěn gāo.｜Nǐ de gèzi bǐ wǒ gāo.,He is tall.｜My older brother is tall.｜She isn't very tall.｜That boy is tall.｜You are taller than me.,သူ့အရပ်က အရမ်းမြင့်တယ်။｜အစ်ကို့အရပ်က အရမ်းမြင့်တယ်။｜သူမ အရမ်းအရပ်မမြင့်ဘူး။｜အဲ့ဒီကောင်လေးက အရပ်အရမ်းမြင့်တယ်။｜မင်းက ငါ့ထက် အရပ်ပိုမြင့်တယ်။,身高 (shēngāo) — အရပ်အမြင့်｜个子高 (gèzi gāo) — အရပ်မြင့်သည်｜个子矮 (gèzi ǎi) — အရပ်ပုသည်｜高个子 (gāo gèzi) — အရပ်မြင့်သူ｜小个子 (xiǎo gèzi) — အရပ်သေးသူ
687,2,更,gèng,more,ပို၍,今天比昨天更冷。｜我想学得更好。｜这个办法更简单。｜他现在更忙了。｜多喝水会让你感觉更舒服。,Jīntiān bǐ zuótiān gèng lěng.｜Wǒ xiǎng xué de gèng hǎo.｜Zhège bànfǎ gèng jiǎndān.｜Tā xiànzài gèng máng le.｜Duō hē shuǐ huì ràng nǐ gǎnjué gèng shūfu.,Today is colder than yesterday.｜I want to learn better.｜This method is simpler.｜He is busier now.｜Drinking more water will make you feel more comfortable.,ဒီနေ့က မနေ့ကထက် ပိုအေးတယ်။｜ကျွန်တော်/ကျွန်မ ပိုကောင်းကောင်းလေ့လာချင်တယ်။｜ဒီနည်းလမ်းက ပိုရိုးရှင်းတယ်။｜သူ အခု ပိုအလုပ်များလာပြီ။｜ရေပိုသောက်ရင် ပိုသက်သာလာမယ်။,更好 (gèng hǎo) — ပိုကောင်းသည်｜更加 (gèngjiā) — ပို၍｜更大 (gèng dà) — ပိုကြီးသည်｜更快 (gèng kuài) — ပိုမြန်သည်｜越来越 (yuèláiyuè) — တဖြည်းဖြည်းပို၍
688,2,公共汽车,gōnggòngqìchē,Bus,အများသုံးဘတ်စ်ကား,我每天坐公共汽车上学。｜公共汽车来了。｜这辆公共汽车很拥挤。｜我们坐公共汽车去市中心。｜公共汽车站就在前面。,Wǒ měitiān zuò gōnggòng qìchē shàngxué.｜Gōnggòng qìchē lái le.｜Zhè liàng gōnggòng qìchē hěn yōngjǐ.｜Wǒmen zuò gōnggòng qìchē qù shì zhōngxīn.｜Gōnggòng qìchē zhàn jiù zài qiánmiàn.,I take the public bus to school every day.｜The public bus has arrived.｜This bus is very crowded.｜We take the public bus to the city center.｜The bus stop is just ahead.,ကျွန်တော်/ကျွန်မ နေ့တိုင်း အများသုံးဘတ်စ်ကားစီးပြီး ကျောင်းသွားတယ်။｜အများသုံးဘတ်စ်ကား ရောက်လာပြီ။｜ဒီဘတ်စ်ကားက လူအရမ်းကျပ်တယ်။｜ငါတို့ အများသုံးဘတ်စ်ကားစီးပြီး မြို့လယ်ကိုသွားတယ်။｜ဘတ်စ်ကားမှတ်တိုင်က ရှေ့မှာပဲရှိတယ်။,公交车 (gōngjiāo chē) — မြို့တွင်းဘတ်စ်ကား｜公共交通 (gōnggòng jiāotōng) — အများသုံးသယ်ယူပို့ဆောင်ရေး｜公交站 (gōngjiāo zhàn) — ဘတ်စ်ကားမှတ်တိုင်｜坐公交车 (zuò gōngjiāo chē) — ဘတ်စ်ကားစီးသည်｜公交司机 (gōngjiāo sījī) — ဘတ်စ်ကားယာဉ်မောင်း
689,2,公交车,gōng jiāo chē,bus,မြို့တွင်းဘတ်စ်ကား,我每天坐公交车上班。｜公交车站在哪里？｜这辆公交车很快。｜我们坐公交车去商场。｜今天公交车上人很多。,Wǒ měitiān zuò gōngjiāo chē shàngbān.｜Gōngjiāo chē zhàn zài nǎlǐ?｜Zhè liàng gōngjiāo chē hěn kuài.｜Wǒmen zuò gōngjiāo chē qù shāngchǎng.｜Jīntiān gōngjiāo chē shàng rén hěn duō.,I take the city bus to work every day.｜Where is the bus stop?｜This bus is very fast.｜We take the bus to the shopping mall.｜There are many people on the bus today.,ကျွန်တော်/ကျွန်မ နေ့တိုင်း မြို့တွင်းဘတ်စ်ကားစီးပြီး အလုပ်သွားတယ်။｜ဘတ်စ်ကားမှတ်တိုင်က ဘယ်မှာလဲ။｜ဒီဘတ်စ်ကားက အရမ်းမြန်တယ်။｜ငါတို့ ဘတ်စ်ကားစီးပြီး စျေးဝယ်စင်တာကိုသွားတယ်။｜ဒီနေ့ ဘတ်စ်ကားပေါ်မှာ လူအရမ်းများတယ်။,公共汽车 (gōnggòng qìchē) — အများသုံးဘတ်စ်ကား｜公交车 (gōngjiāo chē) — မြို့တွင်းဘတ်စ်ကား｜公共交通 (gōnggòng jiāotōng) — အများသုံးသယ်ယူပို့ဆောင်ရေး｜汽车 (qìchē) — ကား｜公交站 (gōngjiāo zhàn) — ဘတ်စ်ကားမှတ်တိုင်
690,2,公斤,gōngjīn,Kg.,ကီလိုဂရမ်,我买了两公斤苹果。｜这袋米有五公斤。｜这个西瓜有三公斤。｜我每天吃不到一公斤水果。｜请给我两公斤鸡肉。,Wǒ mǎi le liǎng gōngjīn píngguǒ.｜Zhè dài mǐ yǒu wǔ gōngjīn.｜Zhège xīguā yǒu sān gōngjīn.｜Wǒ měitiān chī bú dào yì gōngjīn shuǐguǒ.｜Qǐng gěi wǒ liǎng gōngjīn jīròu.,I bought two kilograms of apples.｜This bag of rice weighs five kilograms.｜This watermelon weighs three kilograms.｜I eat less than one kilogram of fruit every day.｜Please give me two kilograms of chicken.,ကျွန်တော်/ကျွန်မ ပန်းသီး ၂ ကီလိုဂရမ် ဝယ်ခဲ့တယ်။｜ဒီဆန်အိတ်က ၅ ကီလိုလေးတယ်။｜ဒီဖရဲသီးက ၃ ကီလိုလေးတယ်။｜ကျွန်တော်/ကျွန်မ နေ့တိုင်း အသီး ၁ ကီလိုတောင် မစားဘူး။｜ကြက်သား ၂ ကီလို ပေးပါ။,千克 (qiānkè) — ကီလိုဂရမ်｜重量 (zhòngliàng) — အလေးချိန်｜公斤数 (gōngjīn shù) — ကီလိုအရေအတွက်｜一公斤 (yì gōngjīn) — တစ်ကီလို｜两公斤 (liǎng gōngjīn) — နှစ်ကီလို
691,2,公里,gōnglǐ,kilometre,ကီလိုမီတာ,从这里到学校有三公里。｜我每天走两公里。｜北京离这里很远，有一千多公里。｜我们开车走了十公里。｜这条路有五公里长。,"Cóng zhèlǐ dào xuéxiào yǒu sān gōnglǐ.｜Wǒ měitiān zǒu liǎng gōnglǐ.｜Běijīng lí zhèlǐ hěn yuǎn, yǒu yì qiān duō gōnglǐ.｜Wǒmen kāichē zǒu le shí gōnglǐ.｜Zhè tiáo lù yǒu wǔ gōnglǐ cháng.",It is three kilometers from here to the school.｜I walk two kilometers every day.｜Beijing is more than one thousand kilometers away from here.｜We drove ten kilometers.｜This road is five kilometers long.,ဒီကနေ ကျောင်းအထိ ၃ ကီလိုမီတာရှိတယ်။｜ကျွန်တော်/ကျွန်မ နေ့တိုင်း ၂ ကီလိုမီတာ လမ်းလျှောက်တယ်။｜ပေကျင်းက ဒီကနေ ကီလိုမီတာ ၁၀၀၀ ကျော်ဝေးတယ်။｜ကျွန်တော်တို့ ကားမောင်းပြီး ၁၀ ကီလိုမီတာ သွားခဲ့တယ်။｜ဒီလမ်းက ၅ ကီလိုမီတာရှည်တယ်။,千米 (qiānmǐ) — ကီလိုမီတာ｜米 (mǐ) — မီတာ｜公里数 (gōnglǐ shù) — ကီလိုမီတာအရေအတွက်｜几公里 (jǐ gōnglǐ) — ကီလိုမီတာဘယ်လောက်｜公里远 (gōnglǐ yuǎn) — ကီလိုမီတာအကွာ
692,2,公路,gōng lù,highway; highroad,အများသုံးလမ်းမကြီး,这条公路很宽。｜我们开车上了公路。｜公路上有很多车。｜这是一条新的公路。｜晚上不要在公路上玩。,Zhè tiáo gōnglù hěn kuān.｜Wǒmen kāichē shàng le gōnglù.｜Gōnglù shàng yǒu hěn duō chē.｜Zhè shì yì tiáo xīn de gōnglù.｜Wǎnshang bú yào zài gōnglù shàng wán.,This highway is very wide.｜We drove onto the highway.｜There are many cars on the highway.｜This is a new highway.｜Don't play on the highway at night.,ဒီအများသုံးလမ်းမကြီးက အရမ်းကျယ်တယ်။｜ကျွန်တော်တို့ ကားမောင်းပြီး လမ်းမကြီးပေါ်တက်ခဲ့တယ်။｜လမ်းမကြီးပေါ်မှာ ကားတွေအများကြီးရှိတယ်။｜ဒါက လမ်းမကြီးအသစ်တစ်ခုပါ။｜ညဘက် လမ်းမကြီးပေါ်မှာ မကစားနဲ့။,高速公路 (gāosù gōnglù) — အမြန်လမ်းမကြီး｜公路交通 (gōnglù jiāotōng) — လမ်းမကြီးသယ်ယူပို့ဆောင်ရေး｜公路上 (gōnglù shàng) — လမ်းမကြီးပေါ်｜公路边 (gōnglù biān) — လမ်းမကြီးဘေး｜道路 (dàolù) — လမ်း
693,2,公平,gōngpíng,fair,မျှတသော,老师对每个学生都很公平。｜这个比赛很公平。｜我们应该公平地对待别人。｜大家都希望得到公平的机会。｜这个决定对大家都很公平。,Lǎoshī duì měi ge xuéshēng dōu hěn gōngpíng.｜Zhège bǐsài hěn gōngpíng.｜Wǒmen yīnggāi gōngpíng de duìdài biérén.｜Dàjiā dōu xīwàng dédào gōngpíng de jīhuì.｜Zhège juédìng duì dàjiā dōu hěn gōngpíng.,The teacher is fair to every student.｜This competition is fair.｜We should treat others fairly.｜Everyone hopes to have a fair opportunity.｜This decision is fair to everyone.,ဆရာ/ဆရာမက ကျောင်းသားတိုင်းကို မျှမျှတတ ဆက်ဆံတယ်။｜ဒီပြိုင်ပွဲက မျှတတယ်။｜ကျွန်တော်တို့ သူများကို မျှမျှတတ ဆက်ဆံသင့်တယ်။｜လူတိုင်း မျှတတဲ့အခွင့်အရေး ရချင်ကြတယ်။｜ဒီဆုံးဖြတ်ချက်က လူတိုင်းအတွက် မျှတတယ်။,公平 (gōngpíng) — မျှတမှု｜公平地 (gōngpíng de) — မျှမျှတတ｜不公平 (bù gōngpíng) — မမျှတ｜公平竞争 (gōngpíng jìngzhēng) — မျှတစွာယှဉ်ပြိုင်ခြင်း｜公平对待 (gōngpíng duìdài) — မျှတစွာဆက်ဆံသည်
694,2,公司,gōngsī,company,ကုမ္ပဏီ,我在一家大公司工作。｜这家公司有很多员工。｜我的朋友开了一家公司。｜公司离我家很近。｜他每天去公司上班。,Wǒ zài yì jiā dà gōngsī gōngzuò.｜Zhè jiā gōngsī yǒu hěn duō yuángōng.｜Wǒ de péngyou kāi le yì jiā gōngsī.｜Gōngsī lí wǒ jiā hěn jìn.｜Tā měitiān qù gōngsī shàngbān.,I work at a large company.｜This company has many employees.｜My friend started a company.｜The company is very close to my home.｜He goes to the company to work every day.,ကျွန်တော်/ကျွန်မ ကုမ္ပဏီကြီးတစ်ခုမှာ အလုပ်လုပ်တယ်။｜ဒီကုမ္ပဏီမှာ ဝန်ထမ်းတွေအများကြီးရှိတယ်။｜ကျွန်တော့်/ကျွန်မ သူငယ်ချင်းက ကုမ္ပဏီတစ်ခုထောင်ထားတယ်။｜ကုမ္ပဏီက ကျွန်တော့်/ကျွန်မ အိမ်နဲ့ အရမ်းနီးတယ်။｜သူ နေ့တိုင်း ကုမ္ပဏီကို အလုပ်သွားတယ်။,公司员工 (gōngsī yuángōng) — ကုမ္ပဏီဝန်ထမ်း｜公司老板 (gōngsī lǎobǎn) — ကုမ္ပဏီသူဌေး｜大公司 (dà gōngsī) — ကုမ္ပဏီကြီး｜小公司 (xiǎo gōngsī) — ကုမ္ပဏီငယ်｜公司地址 (gōngsī dìzhǐ) — ကုမ္ပဏီလိပ်စာ
695,2,公园,gōngyuán,Park,ပန်းခြံ,周末我们去公园玩。｜这个公园很大。｜公园里有很多树。｜我喜欢在公园散步。｜孩子们正在公园里玩。,Zhōumò wǒmen qù gōngyuán wán.｜Zhège gōngyuán hěn dà.｜Gōngyuán lǐ yǒu hěn duō shù.｜Wǒ xǐhuan zài gōngyuán sànbù.｜Háizimen zhèngzài gōngyuán lǐ wán.,We go to the park to play on weekends.｜This park is very big.｜There are many trees in the park.｜I like walking in the park.｜The children are playing in the park.,စနေ၊ တနင်္ဂနွေမှာ ကျွန်တော်တို့ ပန်းခြံသွားကစားတယ်။｜ဒီပန်းခြံက အရမ်းကြီးတယ်။｜ပန်းခြံထဲမှာ သစ်ပင်တွေအများကြီးရှိတယ်။｜ကျွန်တော်/ကျွန်မ ပန်းခြံထဲ လမ်းလျှောက်ရတာကြိုက်တယ်။｜ကလေးတွေ ပန်းခြံထဲမှာ ကစားနေကြတယ်။,公园里 (gōngyuán lǐ) — ပန်းခြံထဲ｜公园门口 (gōngyuán ménkǒu) — ပန်းခြံဝင်ပေါက်｜公园散步 (gōngyuán sànbù) — ပန်းခြံထဲလမ်းလျှောက်သည်｜公园活动 (gōngyuán huódòng) — ပန်းခြံလှုပ်ရှားမှု｜动物园 (dòngwùyuán) — တိရစ္ဆာန်ဥယျာဉ်
696,2,狗,gǒu,Dog,ခွေး,我家有一只狗。｜那只狗很可爱。｜我的狗喜欢吃肉。｜狗在门口睡觉。｜他每天带狗出去散步。,Wǒ jiā yǒu yì zhī gǒu.｜Nà zhī gǒu hěn kě'ài.｜Wǒ de gǒu xǐhuan chī ròu.｜Gǒu zài ménkǒu shuìjiào.｜Tā měitiān dài gǒu chūqù sànbù.,I have a dog at home.｜That dog is very cute.｜My dog likes eating meat.｜The dog is sleeping at the entrance.｜He takes the dog for a walk every day.,ကျွန်တော်/ကျွန်မ အိမ်မှာ ခွေးတစ်ကောင်ရှိတယ်။｜အဲ့ဒီခွေးက အရမ်းချစ်စရာကောင်းတယ်။｜ကျွန်တော့်/ကျွန်မ ခွေးက အသားစားရတာကြိုက်တယ်။｜ခွေးက တံခါးဝမှာ အိပ်နေတယ်။｜သူ နေ့တိုင်း ခွေးကို လမ်းလျှောက်ထွက်ပေးတယ်။,小狗 (xiǎogǒu) — ခွေးကလေး｜狗狗 (gǒugou) — ခွေးလေး｜养狗 (yǎng gǒu) — ခွေးမွေးသည်｜狗叫 (gǒu jiào) — ခွေးဟောင်သည်｜狗粮 (gǒuliáng) — ခွေးစာ
697,2,够,gòu,enough,လုံလောက်သည်,这些钱够吗？｜这个房间够大。｜我没有足够的时间。｜这些食物够我们吃吗？｜钱不够，我不能买。,"Zhèxiē qián gòu ma?｜Zhège fángjiān gòu dà.｜Wǒ méiyǒu zúgòu de shíjiān.｜Zhèxiē shíwù gòu wǒmen chī ma?｜Qián bú gòu, wǒ bù néng mǎi.","Is this money enough?｜This room is big enough.｜I don't have enough time.｜Is this food enough for us?｜I don't have enough money, so I can't buy it.",ဒီပိုက်ဆံလောက်လား။｜ဒီအခန်းက လုံလောက်အောင်ကြီးတယ်။｜ကျွန်တော်/ကျွန်မမှာ အချိန်မလုံလောက်ဘူး။｜ဒီအစားအစာက ကျွန်တော်တို့စားဖို့ လုံလောက်လား။｜ပိုက်ဆံမလောက်လို့ မဝယ်နိုင်ဘူး။,足够 (zúgòu) — လုံလောက်သည်｜不够 (bú gòu) — မလောက်ဘူး｜够用 (gòu yòng) — အသုံးပြုရန်လုံလောက်သည်｜够了 (gòu le) — တော်ပြီ/လုံလောက်ပြီ｜足够多 (zúgòu duō) — လုံလောက်အောင်များသည်
698,2,故事,gùshi,Story,ဇာတ်လမ်း,我喜欢听故事。｜他给我讲了一个故事。｜这个故事很有意思。｜老师正在给孩子们讲故事。｜我小时候常常听奶奶讲故事。,Wǒ xǐhuan tīng gùshi.｜Tā gěi wǒ jiǎng le yí ge gùshi.｜Zhège gùshi hěn yǒu yìsi.｜Lǎoshī zhèngzài gěi háizimen jiǎng gùshi.｜Wǒ xiǎoshíhou chángcháng tīng nǎinai jiǎng gùshi.,"I like listening to stories.｜He told me a story.｜This story is very interesting.｜The teacher is telling the children a story.｜When I was little, I often listened to Grandma tell stories.",ကျွန်တော်/ကျွန်မ ဇာတ်လမ်းနားထောင်ရတာကြိုက်တယ်။｜သူ ကျွန်တော့်/ကျွန်မကို ဇာတ်လမ်းတစ်ပုဒ် ပြောပြတယ်။｜ဒီဇာတ်လမ်းက အရမ်းစိတ်ဝင်စားဖို့ကောင်းတယ်။｜ဆရာ/ဆရာမက ကလေးတွေကို ဇာတ်လမ်းပြောပြနေတယ်။｜ငယ်ငယ်တုန်းက အဘွားပြောတဲ့ဇာတ်လမ်းတွေကို မကြာခဏနားထောင်ခဲ့တယ်။,故事书 (gùshi shū) — ဇာတ်လမ်းစာအုပ်｜讲故事 (jiǎng gùshi) — ဇာတ်လမ်းပြောသည်｜故事会 (gùshi huì) — ဇာတ်လမ်းပြောပွဲ｜故事内容 (gùshi nèiróng) — ဇာတ်လမ်းအကြောင်းအရာ｜童话故事 (tónghuà gùshi) — ကလေးပုံပြင်
699,2,故意,gùyì,deliberately,တမင်တကာ,他故意不告诉我。｜你是故意的吗？｜我不是故意迟到的。｜她故意开了一个玩笑。｜他故意把门关上了。,Tā gùyì bù gàosu wǒ.｜Nǐ shì gùyì de ma?｜Wǒ bú shì gùyì chídào de.｜Tā gùyì kāi le yí ge wánxiào.｜Tā gùyì bǎ mén guān shàng le.,He deliberately didn't tell me.｜Did you do it on purpose?｜I wasn't late on purpose.｜She deliberately made a joke.｜He deliberately closed the door.,သူ တမင်တကာ ကျွန်တော့်/ကျွန်မကို မပြောတာ။｜မင်း တမင်လုပ်တာလား။｜ကျွန်တော်/ကျွန်မ တမင်နောက်ကျတာမဟုတ်ဘူး။｜သူမ တမင်နောက်ပြောင်လိုက်တယ်။｜သူ တမင်တကာ တံခါးပိတ်လိုက်တယ်။,故意的 (gùyì de) — တမင်တကာဖြစ်သည်｜故意做 (gùyì zuò) — တမင်လုပ်သည်｜故意说 (gùyì shuō) — တမင်ပြောသည်｜故意开玩笑 (gùyì kāi wánxiào) — တမင်နောက်ပြောင်သည်｜不是故意的 (bú shì gùyì de) — တမင်လုပ်တာမဟုတ်
700,2,顾客,gùkè,customer,ဖောက်သည်,顾客正在店里买东西。｜这家店有很多顾客。｜顾客对这个产品很满意。｜服务员正在帮助顾客。｜我们应该认真听顾客的意见。,Gùkè zhèngzài diàn lǐ mǎi dōngxi.｜Zhè jiā diàn yǒu hěn duō gùkè.｜Gùkè duì zhège chǎnpǐn hěn mǎnyì.｜Fúwùyuán zhèngzài bāngzhù gùkè.｜Wǒmen yīnggāi rènzhēn tīng gùkè de yìjiàn.,The customers are shopping in the store.｜This shop has many customers.｜The customers are very satisfied with this product.｜The staff member is helping the customer.｜We should listen carefully to customers' opinions.,ဖောက်သည်တွေ ဆိုင်ထဲမှာ ဈေးဝယ်နေကြတယ်။｜ဒီဆိုင်မှာ ဖောက်သည်တွေအများကြီးရှိတယ်။｜ဖောက်သည်တွေ ဒီပစ္စည်းကို အရမ်းကျေနပ်ကြတယ်။｜ဝန်ထမ်းက ဖောက်သည်ကို ကူညီပေးနေတယ်။｜ကျွန်တော်တို့ ဖောက်သည်တွေရဲ့အမြင်ကို သေချာနားထောင်သင့်တယ်။,老顾客 (lǎo gùkè) — ဖောက်သည်ဟောင်း｜顾客服务 (gùkè fúwù) — ဖောက်သည်ဝန်ဆောင်မှု｜顾客满意 (gùkè mǎnyì) — ဖောက်သည်ကျေနပ်မှု｜顾客意见 (gùkè yìjiàn) — ဖောက်သည်အမြင်｜顾客中心 (gùkè zhōngxīn) — ဖောက်သည်ဗဟို
701,2,关机,guān jī,shutdown,ဖုန်း/စက်ပိတ်သည်,请关机。｜睡觉前我要关机。｜手机电量不多了，我先关机。｜飞机起飞前请关机。｜电脑不用的时候可以关机。,"Qǐng guānjī.｜Shuìjiào qián wǒ yào guānjī.｜Shǒujī diànliàng bù duō le, wǒ xiān guānjī.｜Fēijī qǐfēi qián qǐng guānjī.｜Diànnǎo bú yòng de shíhou kěyǐ guānjī.","Please turn off the device.｜I will turn off my phone before sleeping.｜My phone battery is low, so I will turn it off first.｜Please turn off your phone before the plane takes off.｜You can turn off the computer when you don't use it.",စက်ကို ပိတ်ပေးပါ။｜အိပ်ရာမဝင်ခင် ဖုန်းပိတ်မယ်။｜ဖုန်းဘက်ထရီနည်းနေပြီ၊ အရင်ပိတ်လိုက်မယ်။｜လေယာဉ်မတက်ခင် ဖုန်းပိတ်ပေးပါ။｜ကွန်ပျူတာမသုံးတဲ့အချိန် ပိတ်ထားလို့ရတယ်။,开机 (kāijī) — စက်ဖွင့်သည်｜手机关机 (shǒujī guānjī) — ဖုန်းပိတ်သည်｜电脑关机 (diànnǎo guānjī) — ကွန်ပျူတာပိတ်သည်｜自动关机 (zìdòng guānjī) — အလိုအလျောက်ပိတ်သည်｜关掉 (guān diào) — ပိတ်လိုက်သည်
702,2,关心,guānxīn,Care for,ဂရုစိုက်သည်,妈妈很关心我。｜老师关心每一个学生。｜我很关心你的学习。｜他一直关心家人的生活。｜谢谢你关心我。,Māma hěn guānxīn wǒ.｜Lǎoshī guānxīn měi yí ge xuéshēng.｜Wǒ hěn guānxīn nǐ de xuéxí.｜Tā yìzhí guānxīn jiārén de shēnghuó.｜Xièxie nǐ guānxīn wǒ.,My mother cares about me very much.｜The teacher cares about every student.｜I care about your studies very much.｜He always cares about his family's life.｜Thank you for caring about me.,အမေက ကျွန်တော့်/ကျွန်မကို အရမ်းဂရုစိုက်တယ်။｜ဆရာ/ဆရာမက ကျောင်းသားတိုင်းကို ဂရုစိုက်တယ်။｜မင်းရဲ့စာလေ့လာမှုကို ကျွန်တော်/ကျွန်မ အရမ်းဂရုစိုက်တယ်။｜သူက မိသားစုဘဝကို အမြဲဂရုစိုက်တယ်။｜ကျွန်တော့်/ကျွန်မကို ဂရုစိုက်ပေးလို့ ကျေးဇူးတင်တယ်။,关心别人 (guānxīn biérén) — သူများကိုဂရုစိုက်သည်｜关心家人 (guānxīn jiārén) — မိသားစုကိုဂရုစိုက်သည်｜关心学习 (guānxīn xuéxí) — စာလေ့လာမှုကိုဂရုစိုက်သည်｜关心健康 (guānxīn jiànkāng) — ကျန်းမာရေးကိုဂရုစိုက်သည်｜关心问题 (guānxīn wèntí) — ပြဿနာကိုဂရုစိုက်သည်
703,2,观点,guāndiǎn,viewpoint,အမြင်၊ အယူအဆ,每个人都有自己的观点。｜我同意你的观点。｜他的观点很有意思。｜我们应该尊重别人的观点。｜你对这个问题有什么观点？,Měi ge rén dōu yǒu zìjǐ de guāndiǎn.｜Wǒ tóngyì nǐ de guāndiǎn.｜Tā de guāndiǎn hěn yǒu yìsi.｜Wǒmen yīnggāi zūnzhòng biérén de guāndiǎn.｜Nǐ duì zhège wèntí yǒu shénme guāndiǎn?,Everyone has their own viewpoint.｜I agree with your viewpoint.｜His viewpoint is interesting.｜We should respect other people's viewpoints.｜What is your viewpoint on this issue?,လူတိုင်းမှာ ကိုယ်ပိုင်အမြင်ရှိတယ်။｜မင်းရဲ့အမြင်ကို ကျွန်တော်/ကျွန်မ သဘောတူတယ်။｜သူ့အမြင်က စိတ်ဝင်စားဖို့ကောင်းတယ်။｜ကျွန်တော်တို့ သူများရဲ့အမြင်ကို လေးစားသင့်တယ်။｜ဒီကိစ္စနဲ့ပတ်သက်ပြီး မင်းရဲ့အမြင်က ဘာလဲ။,个人观点 (gèrén guāndiǎn) — ကိုယ်ပိုင်အမြင်｜观点不同 (guāndiǎn bùtóng) — အမြင်မတူ｜正确观点 (zhèngquè guāndiǎn) — မှန်ကန်သောအမြင်｜表达观点 (biǎodá guāndiǎn) — အမြင်ဖော်ပြသည်｜观点一致 (guāndiǎn yízhì) — အမြင်တူညီသည်
704,2,广场,guǎngchǎng,square,ရင်ပြင်,晚上广场上有很多人。｜孩子们在广场上玩。｜我们在广场见面吧。｜这个城市有一个很大的广场。｜广场上正在举行活动。,Wǎnshang guǎngchǎng shàng yǒu hěn duō rén.｜Háizimen zài guǎngchǎng shàng wán.｜Wǒmen zài guǎngchǎng jiànmiàn ba.｜Zhège chéngshì yǒu yí ge hěn dà de guǎngchǎng.｜Guǎngchǎng shàng zhèngzài jǔxíng huódòng.,There are many people in the square at night.｜The children are playing in the square.｜Let's meet at the square.｜This city has a very large square.｜An event is being held in the square.,ညဘက် ရင်ပြင်မှာ လူတွေအများကြီးရှိတယ်။｜ကလေးတွေ ရင်ပြင်မှာ ကစားနေကြတယ်။｜ရင်ပြင်မှာ တွေ့ကြရအောင်။｜ဒီမြို့မှာ ရင်ပြင်ကြီးတစ်ခုရှိတယ်။｜ရင်ပြင်မှာ ပွဲတစ်ခုကျင်းပနေတယ်။,城市广场 (chéngshì guǎngchǎng) — မြို့ရင်ပြင်｜广场上 (guǎngchǎng shàng) — ရင်ပြင်ပေါ်｜广场舞 (guǎngchǎng wǔ) — ရင်ပြင်အက｜中心广场 (zhōngxīn guǎngchǎng) — ဗဟိုရင်ပြင်｜广场活动 (guǎngchǎng huódòng) — ရင်ပြင်လှုပ်ရှားမှု
705,2,广告,guǎnggào,Advertisement,ကြော်ငြာ,我在电视上看到一个广告。｜这个广告很有意思。｜公司正在做新广告。｜这个产品的广告很多。｜我不喜欢这个广告。,Wǒ zài diànshì shàng kàndào yí ge guǎnggào.｜Zhège guǎnggào hěn yǒu yìsi.｜Gōngsī zhèngzài zuò xīn guǎnggào.｜Zhège chǎnpǐn de guǎnggào hěn duō.｜Wǒ bù xǐhuan zhège guǎnggào.,I saw an advertisement on TV.｜This advertisement is interesting.｜The company is making a new advertisement.｜There are many advertisements for this product.｜I don't like this advertisement.,တီဗီမှာ ကြော်ငြာတစ်ခုတွေ့တယ်။｜ဒီကြော်ငြာက စိတ်ဝင်စားဖို့ကောင်းတယ်။｜ကုမ္ပဏီက ကြော်ငြာအသစ်လုပ်နေတယ်။｜ဒီပစ္စည်းရဲ့ကြော်ငြာတွေ အများကြီးရှိတယ်။｜ဒီကြော်ငြာကို ကျွန်တော်/ကျွန်မ မကြိုက်ဘူး။,广告公司 (guǎnggào gōngsī) — ကြော်ငြာကုမ္ပဏီ｜广告牌 (guǎnggàopái) — ကြော်ငြာဆိုင်းဘုတ်｜广告词 (guǎnggàocí) — ကြော်ငြာစာသား｜电视广告 (diànshì guǎnggào) — တီဗီကြော်ငြာ｜广告宣传 (guǎnggào xuānchuán) — ကြော်ငြာဖြန့်ချိခြင်း
706,2,国际,guójì,international,နိုင်ငံတကာ,国际学生来自很多国家。｜他在一家国际公司工作。｜英语是一种国际语言。｜我们学校有国际学生。｜这是一场国际比赛。,Guójì xuéshēng láizì hěn duō guójiā.｜Tā zài yì jiā guójì gōngsī gōngzuò.｜Yīngyǔ shì yì zhǒng guójì yǔyán.｜Wǒmen xuéxiào yǒu guójì xuéshēng.｜Zhè shì yì chǎng guójì bǐsài.,International students come from many countries.｜He works for an international company.｜English is an international language.｜Our school has international students.｜This is an international competition.,နိုင်ငံတကာကျောင်းသားတွေ နိုင်ငံအမျိုးမျိုးက လာကြတယ်။｜သူ နိုင်ငံတကာကုမ္ပဏီတစ်ခုမှာ အလုပ်လုပ်တယ်။｜အင်္ဂလိပ်ဘာသာစကားက နိုင်ငံတကာသုံးဘာသာစကားတစ်ခုပါ။｜ကျွန်တော်တို့ကျောင်းမှာ နိုင်ငံတကာကျောင်းသားတွေရှိတယ်။｜ဒါက နိုင်ငံတကာပြိုင်ပွဲတစ်ခုပါ။,国际社会 (guójì shèhuì) — နိုင်ငံတကာအသိုင်းအဝိုင်း｜国际学生 (guójì xuéshēng) — နိုင်ငံတကာကျောင်းသား｜国际新闻 (guójì xīnwén) — နိုင်ငံတကာသတင်း｜国际贸易 (guójì màoyì) — နိုင်ငံတကာကုန်သွယ်ရေး｜国际比赛 (guójì bǐsài) — နိုင်ငံတကာပြိုင်ပွဲ
707,2,过来,guò lái,come; come over,ဒီဘက်ကိုလာသည်,你快过来。｜请过来坐吧。｜老师让我过来。｜有时间就过来看看。｜他从那边走过来了。,Nǐ kuài guòlái.｜Qǐng guòlái zuò ba.｜Lǎoshī ràng wǒ guòlái.｜Yǒu shíjiān jiù guòlái kànkan.｜Tā cóng nàbiān zǒu guòlái le.,Come over quickly.｜Please come over and sit down.｜The teacher asked me to come over.｜Come over and have a look when you have time.｜He walked over from there.,မြန်မြန် ဒီဘက်ကိုလာ။｜ဒီဘက်လာပြီး ထိုင်ပါ။｜ဆရာ/ဆရာမက ကျွန်တော့်/ကျွန်မကို ဒီဘက်လာခိုင်းတယ်။｜အချိန်ရရင် ဒီဘက်လာကြည့်ပါ။｜သူ အဲ့ဒီဘက်ကနေ ဒီဘက်ကို လျှောက်လာတယ်။,过来一下 (guòlái yíxià) — ဒီဘက်ခဏလာ｜走过来 (zǒu guòlái) — ဒီဘက်လျှောက်လာ｜跑过来 (pǎo guòlái) — ဒီဘက်ပြေးလာ｜过来看看 (guòlái kànkan) — ဒီဘက်လာကြည့်｜过来坐 (guòlái zuò) — ဒီဘက်လာထိုင်
708,2,过年,guò nián,celebrate the New Year,နှစ်သစ်ကူးသည်,春节的时候我们一起过年。｜今年我要回家过年。｜中国人很重视过年。｜过年的时候家里很热闹。｜我们每年都一起过年。,Chūnjié de shíhou wǒmen yìqǐ guònián.｜Jīnnián wǒ yào huí jiā guònián.｜Zhōngguó rén hěn zhòngshì guònián.｜Guònián de shíhou jiālǐ hěn rènao.｜Wǒmen měinián dōu yìqǐ guònián.,We celebrate the New Year together during Spring Festival.｜I will go home to celebrate the New Year this year.｜Chinese people value celebrating the New Year.｜The family is very lively during the New Year.｜We celebrate the New Year together every year.,နွေဦးပွဲတော်မှာ ကျွန်တော်တို့ အတူတူ နှစ်သစ်ကူးကြတယ်။｜ဒီနှစ် နှစ်သစ်ကူးဖို့ အိမ်ပြန်မယ်။｜တရုတ်လူမျိုးတွေက နှစ်သစ်ကူးတာကို အရေးကြီးတယ်လို့ယူဆကြတယ်။｜နှစ်သစ်ကူးချိန်မှာ အိမ်မှာ အရမ်းစည်ကားတယ်။｜ကျွန်တော်တို့ နှစ်တိုင်း အတူတူနှစ်သစ်ကူးကြတယ်။,过春节 (guò Chūnjié) — နွေဦးပွဲတော်ကျင်းပသည်｜过年好 (guònián hǎo) — နှစ်သစ်ကူးမင်္ဂလာပါ｜过年期间 (guònián qījiān) — နှစ်သစ်ကူးကာလ｜回家过年 (huí jiā guònián) — အိမ်ပြန်နှစ်သစ်ကူးသည်｜过年吃饭 (guònián chīfàn) — နှစ်သစ်ကူးမှာ ထမင်းအတူစားသည်
709,2,过去（动）,guò qù,go over; pass by,ကျော်လွန်သွားသည်၊ ဖြတ်သန်းသွားသည်,时间过得很快。｜夏天已经过去了。｜他从我身边过去了。｜我过去常常住在这里。｜这辆车从我们旁边过去了。,Shíjiān guò de hěn kuài.｜Xiàtiān yǐjīng guòqù le.｜Tā cóng wǒ shēnbiān guòqù le.｜Wǒ guòqù chángcháng zhù zài zhèlǐ.｜Zhè liàng chē cóng wǒmen pángbiān guòqù le.,Time passes very quickly.｜Summer has already passed.｜He passed by me.｜I used to live here.｜The car passed by us.,အချိန်က အရမ်းမြန်မြန်ကုန်တယ်။｜နွေရာသီကုန်သွားပြီ။｜သူ ကျွန်တော့်/ကျွန်မဘေးကနေ ဖြတ်သွားတယ်။｜အရင်တုန်းက ဒီမှာ မကြာခဏနေခဲ့တယ်။｜ဒီကားက ကျွန်တော်တို့ဘေးကနေ ဖြတ်သွားတယ်။,过去了 (guòqù le) — ကျော်လွန်သွားပြီ｜走过去 (zǒu guòqù) — ဟိုဘက်ကိုလျှောက်သွားသည်｜跑过去 (pǎo guòqù) — ဟိုဘက်ကိုပြေးသွားသည်｜过去看看 (guòqù kànkan) — ဟိုဘက်သွားကြည့်သည်｜过去生活 (guòqù shēnghuó) — အတိတ်ကဘဝ
710,2,过,guò,cross; pass; spend; live,ကျော်သည်၊ ဖြတ်သန်းသည်,我走过这条路。｜他过马路了。｜我们过了一个小时。｜你吃过中国菜吗？｜春节快过完了。,Wǒ zǒu guò zhè tiáo lù.｜Tā guò mǎlù le.｜Wǒmen guò le yí ge xiǎoshí.｜Nǐ chīguo Zhōngguó cài ma?｜Chūnjié kuài guò wán le.,I walked past this road.｜He crossed the road.｜We spent an hour.｜Have you eaten Chinese food?｜The Spring Festival is almost over.,ကျွန်တော် ဒီလမ်းကို ဖြတ်လျှောက်လာတယ်။｜သူ လမ်းဖြတ်သွားပြီ။｜ကျွန်တော်တို့ တစ်နာရီကြာခဲ့တယ်။｜တရုတ်အစားအစာ စားဖူးလား။｜နွေဦးပွဲတော် ပြီးခါနီးပြီ။,过来 (guòlái) — ဒီဘက်ကိုလာသည်｜过去 (guòqù) — ဟိုဘက်သို့သွားသည်｜经过 (jīngguò) — ဖြတ်သန်းသည်｜吃过 (chīguo) — စားဖူးသည်｜经过这里 (jīngguò zhèlǐ) — ဒီနေရာကို ဖြတ်သန်းသည်
711,2,海,hǎi,sea,ပင်လယ်,我喜欢看海。｜海很漂亮。｜我们去了海边。｜海里有很多鱼。｜她第一次看到大海。,Wǒ xǐhuan kàn hǎi.｜Hǎi hěn piàoliang.｜Wǒmen qù le hǎibiān.｜Hǎi lǐ yǒu hěn duō yú.｜Tā dì yī cì kàn dào dàhǎi.,I like looking at the sea.｜The sea is beautiful.｜We went to the seaside.｜There are many fish in the sea.｜She saw the sea for the first time.,ကျွန်တော် ပင်လယ်ကြည့်ရတာ ကြိုက်တယ်။｜ပင်လယ်က လှတယ်။｜ကျွန်တော်တို့ ပင်လယ်ကမ်းခြေကို သွားခဲ့တယ်။｜ပင်လယ်ထဲမှာ ငါးတွေအများကြီးရှိတယ်။｜သူမ ပထမဆုံးအကြိမ် ပင်လယ်ကြီးကို တွေ့ဖူးတယ်။,海边 (hǎibiān) — ပင်လယ်ကမ်းခြေ｜大海 (dàhǎi) — ပင်လယ်ကြီး｜海水 (hǎishuǐ) — ပင်လယ်ရေ｜海里 (hǎilǐ) — ပင်လယ်ထဲ｜海鲜 (hǎixiān) — ပင်လယ်စာ
712,2,海边,hǎi biān,seaside,ပင်လယ်ကမ်းခြေ,我们在海边散步。｜海边有很多人。｜我喜欢坐在海边。｜他们在海边拍照。｜晚上海边很安静。,Wǒmen zài hǎibiān sànbù.｜Hǎibiān yǒu hěn duō rén.｜Wǒ xǐhuan zuò zài hǎibiān.｜Tāmen zài hǎibiān pāizhào.｜Wǎnshang hǎibiān hěn ānjìng.,We are walking by the sea.｜There are many people by the sea.｜I like sitting by the sea.｜They are taking photos by the sea.｜The seaside is quiet at night.,ကျွန်တော်တို့ ပင်လယ်ကမ်းခြေမှာ လမ်းလျှောက်နေတယ်။｜ပင်လယ်ကမ်းခြေမှာ လူတွေအများကြီးရှိတယ်။｜ကျွန်တော် ပင်လယ်ကမ်းခြေမှာ ထိုင်ရတာကြိုက်တယ်။｜သူတို့ ပင်လယ်ကမ်းခြေမှာ ဓာတ်ပုံရိုက်နေတယ်။｜ညဘက် ပင်လယ်ကမ်းခြေက တိတ်ဆိတ်တယ်။,海水 (hǎishuǐ) — ပင်လယ်ရေ｜海滩 (hǎitān) — ပင်လယ်ကမ်းခြေ｜海边散步 (hǎibiān sànbù) — ပင်လယ်ကမ်းခြေမှာ လမ်းလျှောက်သည်｜大海 (dàhǎi) — ပင်လယ်ကြီး｜海风 (hǎifēng) — ပင်လယ်လေ
713,2,喊,hǎn,shout,အော်ခေါ်သည်,他大声喊我。｜不要在教室里喊。｜妈妈喊孩子回家。｜我听见有人在喊。｜他站在门口喊朋友。,Tā dàshēng hǎn wǒ.｜Bú yào zài jiàoshì lǐ hǎn.｜Māma hǎn háizi huí jiā.｜Wǒ tīngjiàn yǒu rén zài hǎn.｜Tā zhàn zài ménkǒu hǎn péngyou.,He called me loudly.｜Don't shout in the classroom.｜Mom called the child home.｜I heard someone shouting.｜He stood at the door and called his friend.,သူ ကျွန်တော့်ကို အသံကျယ်ကျယ်နဲ့ အော်ခေါ်တယ်။｜စာသင်ခန်းထဲမှာ မအော်နဲ့။｜အမေက ကလေးကို အိမ်ပြန်လာဖို့ အော်ခေါ်တယ်။｜တစ်ယောက်ယောက် အော်နေတာကို ကျွန်တော်ကြားတယ်။｜သူ တံခါးဝမှာရပ်ပြီး သူငယ်ချင်းကို အော်ခေါ်တယ်။,大喊 (dàhǎn) — အသံကျယ်ကျယ်အော်သည်｜喊叫 (hǎnjiào) — အော်ဟစ်သည်｜喊声 (hǎnshēng) — အော်သံ｜叫喊 (jiàohǎn) — အော်ခေါ်သည်｜大声喊 (dàshēng hǎn) — အသံကျယ်ကျယ်အော်သည်
714,2,好（副）,hǎo,well; fine; okay,ကောင်းစွာ၊ တကယ်,他跑得好快。｜你中文说得好吗？｜她唱歌唱得很好。｜孩子们玩得很好。｜今天我睡得很好。,Tā pǎo de hǎo kuài.｜Nǐ Zhōngwén shuō de hǎo ma?｜Tā chànggē chàng de hěn hǎo.｜Háizimen wán de hěn hǎo.｜Jīntiān wǒ shuì de hěn hǎo.,He runs very fast.｜Do you speak Chinese well?｜She sings very well.｜The children are having a good time.｜I slept very well today.,သူ အရမ်းမြန်မြန်ပြေးတယ်။｜မင်း တရုတ်လို ကောင်းကောင်းပြောတတ်လား။｜သူမ သီချင်းအရမ်းကောင်းကောင်းဆိုတယ်။｜ကလေးတွေ အရမ်းပျော်ပျော်ရွှင်ရွှင် ကစားနေကြတယ်။｜ဒီနေ့ ကျွန်တော် ကောင်းကောင်းအိပ်ပျော်တယ်။,好好 (hǎohāo) — ကောင်းကောင်း｜最好 (zuìhǎo) — အကောင်းဆုံး｜好看 (hǎokàn) — ကြည့်ကောင်းသည်｜好听 (hǎotīng) — နားထောင်ကောင်းသည်｜好吃 (hǎochī) — စားကောင်းသည်
715,2,好处,hǎochu,benefit,အကျိုးကျေးဇူး,运动对身体有好处。｜早睡早起有很多好处。｜喝水对身体有好处。｜学习中文有很多好处。｜这个方法对我们有好处。,Yùndòng duì shēntǐ yǒu hǎochù.｜Zǎo shuì zǎo qǐ yǒu hěn duō hǎochù.｜Hē shuǐ duì shēntǐ yǒu hǎochù.｜Xuéxí Zhōngwén yǒu hěn duō hǎochù.｜Zhège fāngfǎ duì wǒmen yǒu hǎochù.,Exercise is good for your health.｜Going to bed early and getting up early has many benefits.｜Drinking water is good for your health.｜Learning Chinese has many benefits.｜This method is beneficial to us.,လေ့ကျင့်ခန်းလုပ်တာက ကျန်းမာရေးအတွက် အကျိုးရှိတယ်။｜စောစောအိပ်၊ စောစောထတာက အကျိုးကျေးဇူးအများကြီးရှိတယ်။｜ရေသောက်တာက ကျန်းမာရေးအတွက်ကောင်းတယ်။｜တရုတ်စာလေ့လာတာက အကျိုးကျေးဇူးအများကြီးရှိတယ်။｜ဒီနည်းလမ်းက ကျွန်တော်တို့အတွက် အကျိုးရှိတယ်။,优点 (yōudiǎn) — အားသာချက်｜利益 (lìyì) — အကျိုးအမြတ်｜好处多 (hǎochù duō) — အကျိုးကျေးဇူးများသည်｜有好处 (yǒu hǎochù) — အကျိုးရှိသည်｜坏处 (huàichù) — ဆိုးကျိုး
716,2,好多,hǎo duō,many; a lot of,အများကြီး,这里有好多书。｜今天来了好多客人。｜我有好多事情要做。｜商场里有好多衣服。｜她买了好多水果。,Zhèlǐ yǒu hǎo duō shū.｜Jīntiān lái le hǎo duō kèrén.｜Wǒ yǒu hǎo duō shìqing yào zuò.｜Shāngchǎng lǐ yǒu hǎo duō yīfu.｜Tā mǎi le hǎo duō shuǐguǒ.,There are lots of books here.｜Many guests came today.｜I have many things to do.｜There are lots of clothes in the mall.｜She bought lots of fruit.,ဒီမှာ စာအုပ်တွေအများကြီးရှိတယ်။｜ဒီနေ့ ဧည့်သည်တွေအများကြီးလာတယ်။｜ကျွန်တော် လုပ်စရာတွေအများကြီးရှိတယ်။｜စျေးဝယ်စင်တာမှာ အဝတ်အစားတွေအများကြီးရှိတယ်။｜သူမ သစ်သီးတွေအများကြီးဝယ်ခဲ့တယ်။,很多 (hěn duō) — အများကြီး｜好多年 (hǎo duō nián) — နှစ်ပေါင်းများစွာ｜好多次 (hǎo duō cì) — အကြိမ်များစွာ｜好多东西 (hǎo duō dōngxi) — ပစ္စည်းအများကြီး｜好多钱 (hǎo duō qián) — ငွေအများကြီး
717,2,好久,hǎo jiǔ,for a long time; long,အချိန်ကြာကြာ,我等你好久了。｜他好久没来了。｜我们好久没见面了。｜你在这里等了好久吗？｜我学中文好久了。,Wǒ děng nǐ hǎo jiǔ le.｜Tā hǎo jiǔ méi lái le.｜Wǒmen hǎo jiǔ méi jiànmiàn le.｜Nǐ zài zhèlǐ děng le hǎo jiǔ ma?｜Wǒ xué Zhōngwén hǎo jiǔ le.,I have been waiting for you for a long time.｜He hasn't come for a long time.｜We haven't met for a long time.｜Have you been waiting here for a long time?｜I have studied Chinese for a long time.,မင်းကို စောင့်နေတာ ကြာပြီ။｜သူ မလာတာကြာပြီ။｜ကျွန်တော်တို့ မတွေ့တာကြာပြီ။｜မင်း ဒီမှာ အကြာကြီးစောင့်နေတာလား။｜ကျွန်တော် တရုတ်စာလေ့လာနေတာ ကြာပြီ။,很久 (hěn jiǔ) — အချိန်ကြာကြာ｜多久 (duō jiǔ) — ဘယ်လောက်ကြာ｜好久不见 (hǎojiǔ bú jiàn) — မတွေ့တာကြာပြီ｜很久以前 (hěn jiǔ yǐqián) — အရင်ကတည်းကကြာပြီ｜长久 (chángjiǔ) — ရေရှည်
718,2,好人,hǎo rén,good person,လူကောင်း,他是一个好人。｜我的老师是个好人。｜我们应该帮助好人。｜她对大家都很好，是个好人。｜那个好人帮助了我。,"Tā shì yí ge hǎorén.｜Wǒ de lǎoshī shì ge hǎorén.｜Wǒmen yīnggāi bāngzhù hǎorén.｜Tā duì dàjiā dōu hěn hǎo, shì ge hǎorén.｜Nàge hǎorén bāngzhù le wǒ.",He is a good person.｜My teacher is a good person.｜We should help good people.｜She is kind to everyone and is a good person.｜That good person helped me.,သူက လူကောင်းတစ်ယောက်ပါ။｜ကျွန်တော့်ဆရာက လူကောင်းတစ်ယောက်ပါ။｜ကျွန်တော်တို့ လူကောင်းတွေကို ကူညီသင့်တယ်။｜သူမက လူတိုင်းအပေါ်ကောင်းပြီး လူကောင်းတစ်ယောက်ပါ။｜အဲ့ဒီလူကောင်းက ကျွန်တော့်ကို ကူညီခဲ့တယ်။,好心 (hǎoxīn) — စိတ်ကောင်းသည်｜善良 (shànliáng) — ကြင်နာသည်｜好朋友 (hǎo péngyou) — သူငယ်ချင်းကောင်း｜好学生 (hǎo xuésheng) — ကျောင်းသားကောင်း｜好心人 (hǎoxīnrén) — စိတ်ကောင်းရှိသူ
719,2,好事,hǎo shì,good deed; good thing,ကောင်းသောအရာ,今天发生了一件好事。｜这是一个好事。｜帮助别人是一件好事。｜我们一起做了一件好事。｜听到这个消息真是好事。,Jīntiān fāshēng le yí jiàn hǎoshì.｜Zhè shì yí ge hǎoshì.｜Bāngzhù biérén shì yí jiàn hǎoshì.｜Wǒmen yìqǐ zuò le yí jiàn hǎoshì.｜Tīngdào zhège xiāoxi zhēn shì hǎoshì.,Something good happened today.｜This is a good thing.｜Helping others is a good thing.｜We did something good together.｜Hearing this news is really a good thing.,ဒီနေ့ ကောင်းတဲ့အရာတစ်ခု ဖြစ်ခဲ့တယ်။｜ဒါက ကောင်းတဲ့အရာတစ်ခုပါ။｜သူများကို ကူညီတာက ကောင်းတဲ့အရာပါ။｜ကျွန်တော်တို့ အတူတူ ကောင်းတဲ့အရာတစ်ခု လုပ်ခဲ့တယ်။｜ဒီသတင်းကိုကြားရတာ တကယ်ကောင်းတယ်။,好消息 (hǎo xiāoxi) — သတင်းကောင်း｜好事情 (hǎo shìqing) — ကောင်းသောကိစ္စ｜好消息 (hǎo xiāoxi) — သတင်းကောင်း｜好结果 (hǎo jiéguǒ) — ရလဒ်ကောင်း｜坏事 (huàishì) — မကောင်းသောအရာ
720,2,好像,hǎoxiàng,Be like,တူသလို၊ ထင်ရသည်,他好像生病了。｜今天好像要下雨。｜这个人好像是我的老师。｜她好像不喜欢这里。｜我好像在哪里见过他。,Tā hǎoxiàng shēngbìng le.｜Jīntiān hǎoxiàng yào xiàyǔ.｜Zhège rén hǎoxiàng shì wǒ de lǎoshī.｜Tā hǎoxiàng bù xǐhuan zhèlǐ.｜Wǒ hǎoxiàng zài nǎlǐ jiàn guo tā.,He seems to be sick.｜It looks like it will rain today.｜This person seems to be my teacher.｜She seems not to like this place.｜I seem to have met him somewhere.,သူ နေမကောင်းဖြစ်နေသလိုပဲ။｜ဒီနေ့ မိုးရွာမယ့်ပုံပဲ။｜ဒီလူက ကျွန်တော့်ဆရာဖြစ်ပုံရတယ်။｜သူမ ဒီနေရာကို မကြိုက်တဲ့ပုံပဲ။｜ကျွန်တော် သူ့ကို တစ်နေရာရာမှာ တွေ့ဖူးသလိုပဲ။,好像 (hǎoxiàng) — တူသလိုထင်သည်｜好比 (hǎobǐ) — ဥပမာအားဖြင့်｜似乎 (sìhū) — ...ပုံရသည်｜像是 (xiàng shì) — ...ဖြစ်ပုံရသည်｜看起来 (kàn qǐlái) — ကြည့်ရတာ...ပုံရသည်
721,2,合适,héshì,appropriate,သင့်တော်သည်,这件衣服很合适。｜这个时间很合适。｜这双鞋不太合适。｜这个地方很合适学习。｜你的方法很合适我们。,Zhè jiàn yīfu hěn héshì.｜Zhège shíjiān hěn héshì.｜Zhè shuāng xié bú tài héshì.｜Zhège dìfang hěn héshì xuéxí.｜Nǐ de fāngfǎ hěn héshì wǒmen.,These clothes fit well.｜This time is suitable.｜These shoes are not very suitable.｜This place is suitable for studying.｜Your method is suitable for us.,ဒီအဝတ်အစားက အတော်သင့်တော်တယ်။｜ဒီအချိန်က သင့်တော်တယ်။｜ဒီဖိနပ်က သိပ်မသင့်တော်ဘူး။｜ဒီနေရာက စာလေ့လာဖို့ သင့်တော်တယ်။｜မင်းရဲ့နည်းလမ်းက ကျွန်တော်တို့အတွက် သင့်တော်တယ်။,合适的 (héshì de) — သင့်တော်သော｜适合 (shìhé) — သင့်တော်သည်｜不合适 (bù héshì) — မသင့်တော်｜合适时间 (héshì shíjiān) — သင့်တော်သောအချိန်｜合适的人 (héshì de rén) — သင့်တော်သောလူ
722,2,河,hé,river,မြစ်,这条河很长。｜河里有很多鱼。｜孩子们在河边玩。｜这条河水很清。｜我们每天都经过这条河。,Zhè tiáo hé hěn cháng.｜Hé lǐ yǒu hěn duō yú.｜Háizimen zài hébiān wán.｜Zhè tiáo hé shuǐ hěn qīng.｜Wǒmen měitiān dōu jīngguò zhè tiáo hé.,This river is long.｜There are many fish in the river.｜The children are playing by the river.｜The water in this river is clear.｜We pass this river every day.,ဒီမြစ်က ရှည်တယ်။｜မြစ်ထဲမှာ ငါးတွေအများကြီးရှိတယ်။｜ကလေးတွေ မြစ်ကမ်းဘေးမှာ ကစားနေကြတယ်။｜ဒီမြစ်ရေက ကြည်တယ်။｜ကျွန်တော်တို့ ဒီမြစ်ကို နေ့တိုင်းဖြတ်သန်းတယ်။,河边 (hébiān) — မြစ်ကမ်းဘေး｜河水 (héshuǐ) — မြစ်ရေ｜小河 (xiǎohé) — မြစ်ငယ်｜大河 (dàhé) — မြစ်ကြီး｜河流 (héliú) — မြစ်ကြောင်း
723,2,黑,hēi,black,အနက်ရောင်,天黑了。｜他的头发很黑。｜房间里很黑。｜我喜欢黑色的衣服。｜晚上天很黑。,Tiān hēi le.｜Tā de tóufa hěn hēi.｜Fángjiān lǐ hěn hēi.｜Wǒ xǐhuan hēisè de yīfu.｜Wǎnshang tiān hěn hēi.,It is dark.｜His hair is black.｜The room is dark.｜I like black clothes.｜The sky is very dark at night.,မှောင်လာပြီ။｜သူ့ဆံပင်က အနက်ရောင်ဖြစ်တယ်။｜အခန်းထဲမှာ မှောင်နေတယ်။｜ကျွန်တော် အနက်ရောင်အဝတ်အစားတွေ ကြိုက်တယ်။｜ညဘက် ကောင်းကင်က အရမ်းမှောင်တယ်။,黑色 (hēisè) — အနက်ရောင်｜黑板 (hēibǎn) — ကျောက်သင်ပုန်း｜黑夜 (hēiyè) — ညအမှောင်｜黑暗 (hēi'àn) — မှောင်မိုက်မှု｜黑衣服 (hēi yīfu) — အနက်ရောင်အဝတ်အစား
724,2,黑板,hēibǎn,blackboard,ကျောက်သင်ပုန်း,老师在黑板上写字。｜请看黑板。｜黑板上有三个字。｜他把名字写在黑板上。｜老师正在擦黑板。,Lǎoshī zài hēibǎn shàng xiězì.｜Qǐng kàn hēibǎn.｜Hēibǎn shàng yǒu sān ge zì.｜Tā bǎ míngzi xiě zài hēibǎn shàng.｜Lǎoshī zhèngzài cā hēibǎn.,The teacher is writing on the blackboard.｜Please look at the blackboard.｜There are three characters on the blackboard.｜He wrote his name on the blackboard.｜The teacher is erasing the blackboard.,ဆရာက ကျောက်သင်ပုန်းပေါ်မှာ စာရေးနေတယ်။｜ကျောက်သင်ပုန်းကို ကြည့်ပါ။｜ကျောက်သင်ပုန်းပေါ်မှာ စာလုံးသုံးလုံးရှိတယ်။｜သူက ကျောက်သင်ပုန်းပေါ်မှာ နာမည်ရေးခဲ့တယ်။｜ဆရာက ကျောက်သင်ပုန်းကို ဖျက်နေတယ်။,黑板 (hēibǎn) — ကျောက်သင်ပုန်း｜黑板擦 (hēibǎncā) — ကျောက်သင်ပုန်းဖျက်｜粉笔 (fěnbǐ) — မြေဖြူ｜写字 (xiězì) — စာရေးသည်｜教室 (jiàoshì) — စာသင်ခန်း
725,2,黑色,hēi sè,black,အနက်ရောင်,我喜欢黑色。｜她穿了一件黑色的衣服。｜这辆车是黑色的。｜黑色的包很好看。｜他的手机是黑色的。,Wǒ xǐhuan hēisè.｜Tā chuān le yí jiàn hēisè de yīfu.｜Zhè liàng chē shì hēisè de.｜Hēisè de bāo hěn hǎokàn.｜Tā de shǒujī shì hēisè de.,I like black.｜She is wearing black clothes.｜This car is black.｜The black bag looks nice.｜His phone is black.,ကျွန်တော် အနက်ရောင်ကြိုက်တယ်။｜သူမ အနက်ရောင်အဝတ်အစား ဝတ်ထားတယ်။｜ဒီကားက အနက်ရောင်ပါ။｜အနက်ရောင်အိတ်က လှတယ်။｜သူ့ဖုန်းက အနက်ရောင်ပါ။,黑 (hēi) — အနက်ရောင်｜白色 (báisè) — အဖြူရောင်｜红色 (hóngsè) — အနီရောင်｜黑衣服 (hēi yīfu) — အနက်ရောင်အဝတ်｜黑色的 (hēisè de) — အနက်ရောင်ဖြစ်သော
726,2,红,hóng,red,အနီရောင်,她喜欢红色。｜我买了一件红衣服。｜苹果是红的。｜他的脸变红了。｜中国人过节常常喜欢红色。,Tā xǐhuan hóngsè.｜Wǒ mǎi le yí jiàn hóng yīfu.｜Píngguǒ shì hóng de.｜Tā de liǎn biàn hóng le.｜Zhōngguórén guòjié chángcháng xǐhuan hóngsè.,She likes red.｜I bought a red shirt.｜The apple is red.｜His face turned red.｜Chinese people often like red during festivals.,သူမ အနီရောင်ကြိုက်တယ်။｜ကျွန်တော် အနီရောင်အင်္ကျီတစ်ထည် ဝယ်ခဲ့တယ်။｜ပန်းသီးက အနီရောင်ပါ။｜သူ့မျက်နှာ နီလာတယ်။｜တရုတ်လူမျိုးတွေ ပွဲတော်အချိန်မှာ အနီရောင်ကို မကြာခဏကြိုက်ကြတယ်။,红色 (hóngsè) — အနီရောင်｜红花 (hónghuā) — ပန်းနီ｜红茶 (hóngchá) — လက်ဖက်ရည်နီ｜红灯 (hóngdēng) — မီးနီ｜红苹果 (hóng píngguǒ) — ပန်းသီးနီ
727,2,红色,hóng sè,red,အနီရောင်,我喜欢红色的衣服。｜她买了一个红色的包。｜这辆车是红色的。｜墙是红色的。｜红色看起来很漂亮。,Wǒ xǐhuan hóngsè de yīfu.｜Tā mǎi le yí ge hóngsè de bāo.｜Zhè liàng chē shì hóngsè de.｜Qiáng shì hóngsè de.｜Hóngsè kàn qǐlái hěn piàoliang.,I like red clothes.｜She bought a red bag.｜This car is red.｜The wall is red.｜Red looks beautiful.,ကျွန်တော် အနီရောင်အဝတ်အစားကြိုက်တယ်။｜သူမ အနီရောင်အိတ်တစ်လုံး ဝယ်ခဲ့တယ်။｜ဒီကားက အနီရောင်ပါ။｜နံရံက အနီရောင်ပါ။｜အနီရောင်က လှတယ်။,红 (hóng) — အနီရောင်｜红色衣服 (hóngsè yīfu) — အနီရောင်အဝတ်｜红色的 (hóngsè de) — အနီရောင်ဖြစ်သော｜红花 (hónghuā) — ပန်းနီ｜红灯 (hóngdēng) — မီးနီ
728,2,后来,hòulái,later,နောက်ပိုင်းမှာ,后来他回家了。｜后来我才知道。｜我们后来又见面了。｜他后来去了中国。｜后来发生了很多事情。,Hòulái tā huí jiā le.｜Hòulái wǒ cái zhīdào.｜Wǒmen hòulái yòu jiànmiàn le.｜Tā hòulái qù le Zhōngguó.｜Hòulái fāshēng le hěn duō shìqing.,"Later, he went home.｜Later, I found out.｜We met again later.｜He later went to China.｜A lot of things happened later.",နောက်ပိုင်းမှာ သူအိမ်ပြန်သွားတယ်။｜နောက်ပိုင်းမှ ကျွန်တော် သိခဲ့တယ်။｜နောက်ပိုင်းမှာ ကျွန်တော်တို့ ပြန်တွေ့ခဲ့တယ်။｜သူ နောက်ပိုင်းမှာ တရုတ်နိုင်ငံကို သွားခဲ့တယ်။｜နောက်ပိုင်းမှာ အရာတွေအများကြီး ဖြစ်ခဲ့တယ်။,后来 (hòulái) — နောက်ပိုင်း｜以后 (yǐhòu) — နောက်ပိုင်း/နောက်မှ｜后来发生 (hòulái fāshēng) — နောက်ပိုင်းဖြစ်ပျက်သည်｜最后 (zuìhòu) — နောက်ဆုံး｜以前 (yǐqián) — အရင်က
729,2,忽然,hūrán,suddenly,ရုတ်တရက်,他忽然站起来了。｜天忽然下雨了。｜她忽然不说话了。｜我忽然想起他的名字。｜外面忽然很安静。,Tā hūrán zhàn qǐlái le.｜Tiān hūrán xiàyǔ le.｜Tā hūrán bù shuōhuà le.｜Wǒ hūrán xiǎngqǐ tā de míngzi.｜Wàimiàn hūrán hěn ānjìng.,He suddenly stood up.｜It suddenly started raining.｜She suddenly stopped talking.｜I suddenly remembered his name.｜It suddenly became very quiet outside.,သူ ရုတ်တရက် မတ်တပ်ထရပ်လိုက်တယ်။｜ရုတ်တရက် မိုးရွာလာတယ်။｜သူမ ရုတ်တရက် စကားမပြောတော့ဘူး။｜ကျွန်တော် ရုတ်တရက် သူ့နာမည်ကို သတိရလိုက်တယ်။｜အပြင်မှာ ရုတ်တရက် အရမ်းတိတ်ဆိတ်သွားတယ်။,忽然 (hūrán) — ရုတ်တရက်｜突然 (tūrán) — ရုတ်တရက်｜忽然间 (hūrán jiān) — ရုတ်တရက်｜突然出现 (tūrán chūxiàn) — ရုတ်တရက်ပေါ်လာသည်｜忽然想起 (hūrán xiǎngqǐ) — ရုတ်တရက်သတိရသည်
730,2,湖,hú,lake,အင်းအိုင်၊ ကန်,我们周末去湖边玩。｜这个湖很大。｜湖里的水很清。｜孩子们喜欢在湖边散步。｜这座城市有一个漂亮的湖。,Wǒmen zhōumò qù húbiān wán.｜Zhège hú hěn dà.｜Hú lǐ de shuǐ hěn qīng.｜Háizimen xǐhuan zài húbiān sànbù.｜Zhè zuò chéngshì yǒu yí ge piàoliang de hú.,We go to the lake on weekends.｜This lake is very big.｜The water in the lake is very clear.｜The children like walking by the lake.｜This city has a beautiful lake.,စနေ၊ တနင်္ဂနွေမှာ ကျွန်တော်တို့ အင်းအိုင်ဘေးသွားကစားတယ်။｜ဒီအင်းက အရမ်းကြီးတယ်။｜အင်းထဲကရေက အရမ်းကြည်တယ်။｜ကလေးတွေက အင်းဘေးမှာ လမ်းလျှောက်ရတာကြိုက်တယ်။｜ဒီမြို့မှာ လှပတဲ့အင်းတစ်ခုရှိတယ်။,湖水 (húshuǐ) — အိုင်ရေ｜湖边 (húbiān) — အိုင်ဘေး｜湖面 (húmiàn) — အိုင်ရေမျက်နှာပြင်｜湖泊 (húpō) — အိုင်/ရေကန်｜人工湖 (réngōnghú) — လူလုပ်အိုင်
731,2,护照,hùzhào,passport,နိုင်ငံကူးလက်မှတ်,我的护照在哪里？｜出国一定要带护照。｜我把护照放在包里了。｜他的护照快要过期了。｜请检查一下你的护照。,Wǒ de hùzhào zài nǎlǐ?｜Chūguó yídìng yào dài hùzhào.｜Wǒ bǎ hùzhào fàng zài bāo lǐ le.｜Tā de hùzhào kuài yào guòqī le.｜Qǐng jiǎnchá yíxià nǐ de hùzhào.,Where is my passport?｜You must bring your passport when going abroad.｜I put my passport in my bag.｜His passport is about to expire.｜Please check your passport.,ငါ့နိုင်ငံကူးလက်မှတ် ဘယ်မှာလဲ။｜နိုင်ငံခြားသွားရင် နိုင်ငံကူးလက်မှတ် ယူသွားရမယ်။｜ငါ နိုင်ငံကူးလက်မှတ်ကို အိတ်ထဲထည့်ထားတယ်။｜သူ့နိုင်ငံကူးလက်မှတ် သက်တမ်းကုန်တော့မယ်။｜မင်းရဲ့နိုင်ငံကူးလက်မှတ်ကို စစ်ကြည့်ပါ။,签证 (qiānzhèng) — ဗီဇာ｜护照本 (hùzhàoběn) — ပတ်စ်ပို့စာအုပ်｜护照号 (hùzhàohào) — ပတ်စ်ပို့နံပါတ်｜护照照片 (hùzhào zhàopiàn) — ပတ်စ်ပို့ဓာတ်ပုံ｜办护照 (bàn hùzhào) — ပတ်စ်ပို့လုပ်သည်
732,2,花（动）,huā,spend; expend,သုံးသည်၊ သုံးစွဲသည်,我今天花了很多钱。｜我买这件衣服花了三百块钱。｜不要花太多时间玩游戏。｜我花了两个小时做作业。｜她昨天花了很多钱买书。,Wǒ jīntiān huā le hěn duō qián.｜Wǒ mǎi zhè jiàn yīfu huā le sānbǎi kuài qián.｜Bú yào huā tài duō shíjiān wán yóuxì.｜Wǒ huā le liǎng ge xiǎoshí zuò zuòyè.｜Tā zuótiān huā le hěn duō qián mǎi shū.,I spent a lot of money today.｜I spent 300 yuan buying this clothing.｜Don't spend too much time playing games.｜I spent two hours doing homework.｜She spent a lot of money buying books yesterday.,ဒီနေ့ ငွေအများကြီးသုံးလိုက်တယ်။｜ဒီအင်္ကျီဝယ်ဖို့ ယွမ် ၃၀၀ သုံးလိုက်တယ်။｜ဂိမ်းကစားဖို့ အချိန်အများကြီး မသုံးနဲ့။｜အိမ်စာလုပ်ဖို့ နှစ်နာရီသုံးလိုက်တယ်။｜သူ မနေ့က စာအုပ်ဝယ်ဖို့ ငွေအများကြီးသုံးတယ်။,花钱 (huāqián) — ငွေသုံးသည်｜花时间 (huā shíjiān) — အချိန်ကုန်သည်｜花费 (huāfèi) — ကုန်ကျသည်｜花了 (huā le) — သုံးခဲ့သည်｜花很多钱 (huā hěn duō qián) — ငွေအများကြီးသုံးသည်
733,2,花园,huā yuán,garden,ပန်းခြံ,我家后面有一个花园。｜花园里有很多花。｜孩子们在花园里玩。｜这个花园非常漂亮。｜我们下午去花园散步。,Wǒ jiā hòumiàn yǒu yí ge huāyuán.｜Huāyuán lǐ yǒu hěn duō huā.｜Háizimen zài huāyuán lǐ wán.｜Zhège huāyuán fēicháng piàoliang.｜Wǒmen xiàwǔ qù huāyuán sànbù.,There is a garden behind my house.｜There are many flowers in the garden.｜The children are playing in the garden.｜This garden is very beautiful.｜We go to the garden for a walk in the afternoon.,ငါ့အိမ်နောက်မှာ ပန်းခြံတစ်ခုရှိတယ်။｜ပန်းခြံထဲမှာ ပန်းတွေအများကြီးရှိတယ်။｜ကလေးတွေ ပန်းခြံထဲမှာ ကစားနေကြတယ်။｜ဒီပန်းခြံက အရမ်းလှတယ်။｜နေ့လယ်မှာ ပန်းခြံသွားလမ်းလျှောက်ကြတယ်။,花园 (huāyuán) — ပန်းခြံ｜花园里 (huāyuán lǐ) — ပန်းခြံထဲ｜公园 (gōngyuán) — အများပြည်သူပန်းခြံ｜花草 (huācǎo) — ပန်းနှင့်အပင်များ｜花园门 (huāyuán mén) — ပန်းခြံတံခါး
734,2,画,huà,painting,ပန်းချီဆွဲသည်၊ ပုံဆွဲသည်,我喜欢画画。｜她正在画一只猫。｜老师让我们画一幅画。｜他每天晚上画画。｜我想画一张中国地图。,Wǒ xǐhuan huàhuà.｜Tā zhèngzài huà yì zhī māo.｜Lǎoshī ràng wǒmen huà yì fú huà.｜Tā měitiān wǎnshang huàhuà.｜Wǒ xiǎng huà yì zhāng Zhōngguó dìtú.,I like drawing.｜She is drawing a cat.｜The teacher asked us to draw a picture.｜He draws every evening.｜I want to draw a map of China.,ငါ ပုံဆွဲရတာကြိုက်တယ်။｜သူ ကြောင်တစ်ကောင်ပုံဆွဲနေတယ်။｜ဆရာက ငါတို့ကို ပုံတစ်ပုံဆွဲခိုင်းတယ်။｜သူ ညတိုင်း ပုံဆွဲတယ်။｜ငါ တရုတ်နိုင်ငံမြေပုံတစ်ခု ဆွဲချင်တယ်။,画画 (huàhuà) — ပန်းချီဆွဲသည်｜画图 (huà tú) — ပုံဆွဲသည်｜画家 (huàjiā) — ပန်းချီဆရာ｜画纸 (huàzhǐ) — ပန်းချီစက္ကူ｜画笔 (huàbǐ) — ပန်းချီဆွဲတံ
735,2,画家,huà jiā,painter; artist,ပန်းချီဆရာ,她是一位有名的画家。｜我的姐姐想成为画家。｜这个画家很喜欢画山水。｜那位画家正在工作。｜我在书里看到了一位画家的作品。,Tā shì yí wèi yǒumíng de huàjiā.｜Wǒ de jiějie xiǎng chéngwéi huàjiā.｜Zhège huàjiā hěn xǐhuan huà shānshuǐ.｜Nà wèi huàjiā zhèngzài gōngzuò.｜Wǒ zài shū lǐ kàn dào yí wèi huàjiā de zuòpǐn.,She is a famous painter.｜My older sister wants to become a painter.｜This painter likes painting landscapes.｜That painter is working.｜I saw a painter's work in the book.,သူက နာမည်ကြီး ပန်းချီဆရာတစ်ယောက်ပါ။｜ငါ့အစ်မက ပန်းချီဆရာဖြစ်ချင်တယ်။｜ဒီပန်းချီဆရာက တောင်နဲ့ရေရှုခင်းတွေ ဆွဲရတာကြိုက်တယ်။｜အဲ့ဒီပန်းချီဆရာ အလုပ်လုပ်နေတယ်။｜စာအုပ်ထဲမှာ ပန်းချီဆရာတစ်ယောက်ရဲ့ လက်ရာကိုတွေ့တယ်။,画画 (huàhuà) — ပန်းချီဆွဲသည်｜画家 (huàjiā) — ပန်းချီဆရာ｜画作 (huàzuò) — ပန်းချီလက်ရာ｜名画家 (mínghuàjiā) — နာမည်ကြီးပန်းချီဆရာ｜画展 (huàzhǎn) — ပန်းချီပြပွဲ
736,2,画儿,huàr,painting; drawing,ပုံ၊ ပန်းချီ,墙上有一幅画儿。｜这个画儿很好看。｜我喜欢看中国画儿。｜孩子正在画画儿。｜这幅画儿是谁画的？,Qiáng shàng yǒu yì fú huàr.｜Zhège huàr hěn hǎokàn.｜Wǒ xǐhuan kàn Zhōngguó huàr.｜Háizi zhèngzài huàhuàr.｜Zhè fú huàr shì shuí huà de?,There is a picture on the wall.｜This picture is very nice.｜I like looking at Chinese paintings.｜The child is drawing.｜Who drew this picture?,နံရံပေါ်မှာ ပန်းချီကားတစ်ချပ်ရှိတယ်။｜ဒီပုံက အရမ်းကြည့်ကောင်းတယ်။｜ငါ တရုတ်ပန်းချီကားတွေ ကြည့်ရတာကြိုက်တယ်။｜ကလေးက ပုံဆွဲနေတယ်။｜ဒီပုံကို ဘယ်သူဆွဲတာလဲ။,一幅画 (yì fú huà) — ပန်းချီကားတစ်ချပ်｜画画 (huàhuà) — ပန်းချီဆွဲသည်｜图画 (túhuà) — ပုံ/ပန်းချီ｜画像 (huàxiàng) — ပုံတူ｜名画 (mínghuà) — နာမည်ကြီးပန်းချီကား
737,2,坏处,huài chù,disadvantage; harm,မကောင်းတဲ့အချက်၊ ဆိုးကျိုး,学习汉语有很多好处。｜运动对身体有好处。｜早睡早起有很多好处。｜这份工作有好处，也有坏处。｜喝水对身体有好处。,"Xuéxí Hànyǔ yǒu hěn duō hǎochù.｜Yùndòng duì shēntǐ yǒu hǎochù.｜Zǎoshuì zǎoqǐ yǒu hěn duō hǎochù.｜Zhè fèn gōngzuò yǒu hǎochù, yě yǒu huàichù.｜Hē shuǐ duì shēntǐ yǒu hǎochù.",Learning Chinese has many benefits.｜Exercise is good for the body.｜Going to bed early and getting up early has many benefits.｜This job has advantages and disadvantages.｜Drinking water is good for the body.,တရုတ်စာလေ့လာတာမှာ ကောင်းကျိုးအများကြီးရှိတယ်။｜လေ့ကျင့်ခန်းလုပ်တာ ခန္ဓာကိုယ်အတွက် ကောင်းတယ်။｜စောစောအိပ်၊ စောစောထတာမှာ ကောင်းကျိုးအများကြီးရှိတယ်။｜ဒီအလုပ်မှာ ကောင်းကျိုးရော ဆိုးကျိုးရောရှိတယ်။｜ရေသောက်တာ ခန္ဓာကိုယ်အတွက်ကောင်းတယ်။,好处 (hǎochù) — ကောင်းကျိုး｜坏人 (huàirén) — လူဆိုး｜坏事 (huàishì) — မကောင်းတဲ့ကိစ္စ｜坏习惯 (huài xíguàn) — မကောင်းတဲ့အကျင့်｜坏消息 (huài xiāoxi) — သတင်းဆိုး
738,2,坏人,huài rén,bad person,လူဆိုး,他不是坏人。｜那个坏人被警察抓住了。｜我们不要和坏人一起玩。｜他以前做过坏事，但现在改变了。｜坏人不应该伤害别人。,"Tā bú shì huàirén.｜Nàge huàirén bèi jǐngchá zhuāzhù le.｜Wǒmen bú yào hé huàirén yìqǐ wán.｜Tā yǐqián zuò guo huàishì, dàn xiànzài gǎibiàn le.｜Huàirén bù yīnggāi shānghài biérén.","He is not a bad person.｜The bad person was caught by the police.｜We should not play with bad people.｜He did bad things before, but he has changed now.｜Bad people should not hurt others.",သူက လူဆိုးမဟုတ်ဘူး။｜အဲ့ဒီလူဆိုးကို ရဲက ဖမ်းလိုက်တယ်။｜လူဆိုးတွေနဲ့ အတူမကစားသင့်ဘူး။｜သူ အရင်က မကောင်းတာတွေလုပ်ခဲ့ပေမယ့် အခုတော့ ပြောင်းလဲသွားပြီ။｜လူဆိုးတွေက တခြားသူတွေကို မထိခိုက်သင့်ဘူး။,坏事 (huàishì) — မကောင်းတဲ့ကိစ္စ｜坏处 (huàichù) — မကောင်းကျိုး｜好人 (hǎorén) — လူကောင်း｜坏孩子 (huài háizi) — ကလေးဆိုး｜坏蛋 (huàidàn) — လူဆိုး
739,2,欢迎,huānyíng,Welcome,ကြိုဆိုသည်,欢迎你来中国。｜欢迎来到我的家。｜老师欢迎新同学。｜我们热烈欢迎你。｜欢迎大家参加活动。,Huānyíng nǐ lái Zhōngguó.｜Huānyíng láidào wǒ de jiā.｜Lǎoshī huānyíng xīn tóngxué.｜Wǒmen rèliè huānyíng nǐ.｜Huānyíng dàjiā cānjiā huódòng.,Welcome to China.｜Welcome to my home.｜The teacher welcomes the new students.｜We warmly welcome you.｜Welcome everyone to participate in the activity.,တရုတ်နိုင်ငံကို လာတာ ကြိုဆိုပါတယ်။｜ငါ့အိမ်ကို လာတာကြိုဆိုပါတယ်။｜ဆရာက ကျောင်းသားအသစ်တွေကို ကြိုဆိုတယ်။｜ကျွန်တော်တို့က မင်းကို နွေးနွေးထွေးထွေးကြိုဆိုပါတယ်။｜အားလုံးကို ဒီလှုပ်ရှားမှုမှာ ပါဝင်ဖို့ ကြိုဆိုပါတယ်။,欢迎你 (huānyíng nǐ) — မင်းကိုကြိုဆိုပါတယ်｜欢迎光临 (huānyíng guānglín) — လာရောက်ခြင်းကို ကြိုဆိုပါတယ်｜欢迎会 (huānyínghuì) — ကြိုဆိုပွဲ｜欢迎词 (huānyíngcí) — ကြိုဆိုစကား｜欢迎回来 (huānyíng huílái) — ပြန်လာတာကို ကြိုဆိုပါတယ်
740,2,换,huàn,change,လဲသည်၊ ပြောင်းသည်,我想换一件衣服。｜可以换座位吗？｜他换了一个新手机。｜我想换人民币。｜天气冷了，我要换衣服。,"Wǒ xiǎng huàn yí jiàn yīfu.｜Kěyǐ huàn zuòwèi ma?｜Tā huàn le yí ge xīn shǒujī.｜Wǒ xiǎng huàn Rénmínbì.｜Tiānqì lěng le, wǒ yào huàn yīfu.","I want to change clothes.｜Can I change seats?｜He changed to a new phone.｜I want to exchange RMB.｜The weather is cold, so I need to change clothes.",ငါ အဝတ်အစားလဲချင်တယ်။｜ထိုင်ခုံလဲလို့ရလား။｜သူ ဖုန်းအသစ်တစ်လုံး ပြောင်းဝယ်လိုက်တယ်။｜ငါ ယွမ်ငွေလဲချင်တယ်။｜ရာသီဥတုအေးလာပြီ၊ အဝတ်အစားလဲရမယ်။,换钱 (huànqián) — ငွေလဲသည်｜换衣服 (huàn yīfu) — အဝတ်အစားလဲသည်｜换手机 (huàn shǒujī) — ဖုန်းလဲသည်｜换工作 (huàn gōngzuò) — အလုပ်လဲသည်｜换一个 (huàn yí ge) — တစ်ခုလဲယူသည်
741,2,黄,huáng,yellow,အဝါရောင်,秋天的树叶是黄的。｜我喜欢黄色。｜那辆车是黄色的。｜她穿了一件黄色的衣服。｜黄色的花很好看。,Qiūtiān de shùyè shì huáng de.｜Wǒ xǐhuan huángsè.｜Nà liàng chē shì huángsè de.｜Tā chuān le yí jiàn huángsè de yīfu.｜Huángsè de huā hěn hǎokàn.,The leaves are yellow in autumn.｜I like yellow.｜That car is yellow.｜She is wearing yellow clothes.｜Yellow flowers look nice.,ဆောင်းဦးမှာ သစ်ရွက်တွေ အဝါရောင်ဖြစ်တယ်။｜ငါ အဝါရောင်ကြိုက်တယ်။｜အဲ့ဒီကားက အဝါရောင်ပါ။｜သူ အဝါရောင်အဝတ်အစားဝတ်ထားတယ်။｜အဝါရောင်ပန်းတွေက ကြည့်ကောင်းတယ်။,黄色 (huángsè) — အဝါရောင်｜黄瓜 (huángguā) — သခွားသီး｜黄豆 (huángdòu) — ပဲပုပ်｜黄花 (huánghuā) — အဝါရောင်ပန်း｜黄山 (Huángshān) — Huangshan တောင်
742,2,黄色,huáng sè,yellow,အဝါရောင်,我喜欢黄色的衣服。｜墙是黄色的。｜他买了一辆黄色的车。｜黄色是一种很漂亮的颜色。｜她今天穿黄色的裙子。,Wǒ xǐhuan huángsè de yīfu.｜Qiáng shì huángsè de.｜Tā mǎi le yí liàng huángsè de chē.｜Huángsè shì yì zhǒng hěn piàoliang de yánsè.｜Tā jīntiān chuān huángsè de qúnzi.,I like yellow clothes.｜The wall is yellow.｜He bought a yellow car.｜Yellow is a very beautiful color.｜She is wearing a yellow skirt today.,ငါ အဝါရောင်အဝတ်အစားကြိုက်တယ်။｜နံရံက အဝါရောင်ပါ။｜သူ အဝါရောင်ကားတစ်စီးဝယ်တယ်။｜အဝါရောင်က အရမ်းလှတဲ့အရောင်တစ်မျိုးပါ။｜သူ ဒီနေ့ အဝါရောင်စကတ်ဝတ်ထားတယ်။,黄色 (huángsè) — အဝါရောင်｜黄色的 (huángsè de) — အဝါရောင်ဖြစ်သော｜黄花 (huánghuā) — အဝါရောင်ပန်း｜黄瓜 (huángguā) — သခွားသီး｜黄豆 (huángdòu) — ပဲပုပ်
743,2,回（量）,huí,(measure word),အကြိမ် (ပမာဏပြ),我去过北京三回。｜这本书我看了两回。｜他每天吃两回饭。｜我已经告诉你两回了。｜这部电影我看过一回。,Wǒ qù guo Běijīng sān huí.｜Zhè běn shū wǒ kàn le liǎng huí.｜Tā měitiān chī liǎng huí fàn.｜Wǒ yǐjīng gàosu nǐ liǎng huí le.｜Zhè bù diànyǐng wǒ kàn guo yì huí.,I have been to Beijing three times.｜I read this book twice.｜He eats two meals a day.｜I have already told you twice.｜I have watched this movie once.,ငါ ပေကျင်းကို သုံးကြိမ်သွားဖူးတယ်။｜ဒီစာအုပ်ကို နှစ်ကြိမ်ဖတ်တယ်။｜သူ တစ်နေ့နှစ်ကြိမ် ထမင်းစားတယ်။｜ငါ မင်းကို နှစ်ကြိမ်ပြောပြီးပြီ။｜ဒီရုပ်ရှင်ကို တစ်ကြိမ်ကြည့်ဖူးတယ်။,一回 (yì huí) — တစ်ကြိမ်｜两回 (liǎng huí) — နှစ်ကြိမ်｜回去 (huíqù) — ပြန်သွားသည်｜回来 (huílái) — ပြန်လာသည်｜回家 (huí jiā) — အိမ်ပြန်သည်
744,2,回国,huí guó,return home from abroad,နိုင်ငံကိုပြန်သည်,明年我要回国。｜他毕业以后回国了。｜我想回国看家人。｜她准备下个月回国。｜回国以后，他找到了工作。,"Míngnián wǒ yào huíguó.｜Tā bìyè yǐhòu huíguó le.｜Wǒ xiǎng huíguó kàn jiārén.｜Tā zhǔnbèi xià ge yuè huíguó.｜Huíguó yǐhòu, tā zhǎodào le gōngzuò.","I will return to my country next year.｜He returned to his country after graduation.｜I want to return home to see my family.｜She plans to return home next month.｜After returning home, he found a job.",နောက်နှစ်မှာ ငါ နိုင်ငံပြန်မယ်။｜သူ ဘွဲ့ရပြီးတော့ နိုင်ငံပြန်သွားတယ်။｜ငါ မိသားစုကိုတွေ့ဖို့ နိုင်ငံပြန်ချင်တယ်။｜သူ နောက်လမှာ နိုင်ငံပြန်ဖို့ စီစဉ်ထားတယ်။｜နိုင်ငံပြန်ပြီးတော့ သူ အလုပ်တစ်ခုရှာတွေ့တယ်။,回来 (huílái) — ပြန်လာသည်｜回去 (huíqù) — ပြန်သွားသည်｜回家 (huí jiā) — အိမ်ပြန်သည်｜回国 (huíguó) — နိုင်ငံပြန်သည်｜回到 (huí dào) — ပြန်ရောက်သည်
745,2,会（名）,huì,meeting; gathering; conference; union; party,အစည်းအဝေး,我们下午有一个会。｜老师正在开会。｜这个会很重要。｜我明天要参加一个会。｜会结束以后我们一起吃饭。,Wǒmen xiàwǔ yǒu yí ge huì.｜Lǎoshī zhèngzài kāihuì.｜Zhège huì hěn zhòngyào.｜Wǒ míngtiān yào cānjiā yí ge huì.｜Huì jiéshù yǐhòu wǒmen yìqǐ chīfàn.,We have a meeting this afternoon.｜The teacher is having a meeting.｜This meeting is very important.｜I have to attend a meeting tomorrow.｜We will eat together after the meeting ends.,ဒီနေ့လယ်မှာ အစည်းအဝေးတစ်ခုရှိတယ်။｜ဆရာ အစည်းအဝေးလုပ်နေတယ်။｜ဒီအစည်းအဝေးက အရမ်းအရေးကြီးတယ်။｜မနက်ဖြန် အစည်းအဝေးတစ်ခု တက်ရမယ်။｜အစည်းအဝေးပြီးရင် အတူတူထမင်းစားမယ်။,开会 (kāihuì) — အစည်းအဝေးလုပ်သည်｜会议 (huìyì) — အစည်းအဝေး｜会场 (huìchǎng) — အစည်းအဝေးကျင်းပရာနေရာ｜会议室 (huìyìshì) — အစည်းအဝေးခန်း｜会长 (huìzhǎng) — အသင်းဥက္ကဋ္ဌ
746,2,活动,huódòng,activity,လှုပ်ရှားမှု၊ လုပ်ဆောင်ချက်,学校下周有一个活动。｜我们参加了很多活动。｜这个活动很有意思。｜周末我喜欢参加户外活动。｜公司正在准备一个活动。,Xuéxiào xià zhōu yǒu yí ge huódòng.｜Wǒmen cānjiā le hěn duō huódòng.｜Zhège huódòng hěn yǒuyìsi.｜Zhōumò wǒ xǐhuan cānjiā hùwài huódòng.｜Gōngsī zhèngzài zhǔnbèi yí ge huódòng.,The school has an activity next week.｜We participated in many activities.｜This activity is very interesting.｜I like outdoor activities on weekends.｜The company is preparing an activity.,ကျောင်းမှာ နောက်အပတ် လှုပ်ရှားမှုတစ်ခုရှိတယ်။｜ကျွန်တော်တို့ လှုပ်ရှားမှုတွေအများကြီးမှာ ပါဝင်ခဲ့တယ်။｜ဒီလှုပ်ရှားမှုက အရမ်းစိတ်ဝင်စားဖို့ကောင်းတယ်။｜စနေ၊ တနင်္ဂနွေမှာ အပြင်လှုပ်ရှားမှုတွေ လုပ်ရတာကြိုက်တယ်။｜ကုမ္ပဏီက လှုပ်ရှားမှုတစ်ခုအတွက် ပြင်ဆင်နေတယ်။,体育活动 (tǐyù huódòng) — အားကစားလှုပ်ရှားမှု｜课外活动 (kèwài huódòng) — သင်ရိုးပြင်ပလှုပ်ရှားမှု｜活动室 (huódòngshì) — လှုပ်ရှားမှုခန်း｜活动时间 (huódòng shíjiān) — လှုပ်ရှားမှုအချိန်｜参加活动 (cānjiā huódòng) — လှုပ်ရှားမှုတွင် ပါဝင်သည်
747,2,或,huò,or,သို့မဟုတ်,你可以喝茶或喝咖啡。｜明天我们去北京或上海。｜你可以坐公交车或地铁。｜我想买书或衣服。｜周末我可以在家或出去玩。,Nǐ kěyǐ hē chá huò hē kāfēi.｜Míngtiān wǒmen qù Běijīng huò Shànghǎi.｜Nǐ kěyǐ zuò gōngjiāochē huò dìtiě.｜Wǒ xiǎng mǎi shū huò yīfu.｜Zhōumò wǒ kěyǐ zài jiā huò chūqù wán.,You can drink tea or coffee.｜Tomorrow we will go to Beijing or Shanghai.｜You can take the bus or subway.｜I want to buy books or clothes.｜I can stay home or go out on weekends.,လက်ဖက်ရည် ဒါမှမဟုတ် ကော်ဖီသောက်လို့ရတယ်။｜မနက်ဖြန် ပေကျင်း ဒါမှမဟုတ် ရှန်ဟိုင်းကို သွားမယ်။｜ဘတ်စ်ကား ဒါမှမဟုတ် မြေအောက်ရထား စီးလို့ရတယ်။｜စာအုပ် ဒါမှမဟုတ် အဝတ်အစား ဝယ်ချင်တယ်။｜စနေ၊ တနင်္ဂနွေမှာ အိမ်မှာနေလို့ရသလို အပြင်လည်းထွက်လို့ရတယ်။,或许 (huòxǔ) — ဖြစ်ကောင်းဖြစ်နိုင်သည်｜或多或少 (huò duō huò shǎo) — အနည်းအများ｜或者 (huòzhě) — သို့မဟုတ်｜或是 (huòshì) — သို့မဟုတ်｜或然 (huòrán) — ဖြစ်နိုင်သော
748,2,或者,huòzhě,perhaps,သို့မဟုတ်,你可以坐公交车或者地铁。｜我们明天或者后天去。｜你可以喝茶或者咖啡。｜他可能在家或者在学校。｜星期六或者星期日都可以。,Nǐ kěyǐ zuò gōngjiāochē huòzhě dìtiě.｜Wǒmen míngtiān huòzhě hòutiān qù.｜Nǐ kěyǐ hē chá huòzhě kāfēi.｜Tā kěnéng zài jiā huòzhě zài xuéxiào.｜Xīngqīliù huòzhě xīngqītiān dōu kěyǐ.,You can take the bus or subway.｜We will go tomorrow or the day after tomorrow.｜You can drink tea or coffee.｜He may be at home or at school.｜Saturday or Sunday is fine.,ဘတ်စ်ကား ဒါမှမဟုတ် မြေအောက်ရထား စီးလို့ရတယ်။｜မနက်ဖြန် ဒါမှမဟုတ် သန်ဘက်ခါ သွားမယ်။｜လက်ဖက်ရည် ဒါမှမဟုတ် ကော်ဖီသောက်လို့ရတယ်။｜သူ အိမ်မှာ ဒါမှမဟုတ် ကျောင်းမှာ ရှိနိုင်တယ်။｜စနေနေ့ ဒါမှမဟုတ် တနင်္ဂနွေနေ့ အဆင်ပြေတယ်။,或者 (huòzhě) — သို့မဟုတ်｜还是 (háishi) — သို့မဟုတ် (မေးခွန်း)｜或许 (huòxǔ) — ဖြစ်ကောင်းဖြစ်နိုင်သည်｜或者说 (huòzhě shuō) — တစ်နည်းအားဖြင့်｜要么 (yàome) — မဟုတ်ရင်
749,2,机会,jīhuì,Opportunity,အခွင့်အရေး,这是一个很好的机会。｜我不想错过这个机会。｜学习中文给了我很多机会。｜你应该抓住这个机会。｜明天可能有一个重要的机会。,Zhè shì yí ge hěn hǎo de jīhuì.｜Wǒ bù xiǎng cuòguò zhège jīhuì.｜Xuéxí Zhōngwén gěi le wǒ hěn duō jīhuì.｜Nǐ yīnggāi zhuāzhù zhège jīhuì.｜Míngtiān kěnéng yǒu yí ge zhòngyào de jīhuì.,This is a good opportunity.｜I don't want to miss this opportunity.｜Learning Chinese has given me many opportunities.｜You should seize this opportunity.｜There may be an important opportunity tomorrow.,ဒါက အရမ်းကောင်းတဲ့အခွင့်အရေးတစ်ခုပါ။｜ဒီအခွင့်အရေးကို မလွတ်ချင်ဘူး။｜တရုတ်စာလေ့လာတာက ငါ့အတွက် အခွင့်အရေးတွေအများကြီး ပေးတယ်။｜ဒီအခွင့်အရေးကို လက်မလွှတ်သင့်ဘူး။｜မနက်ဖြန် အရေးကြီးတဲ့အခွင့်အရေးတစ်ခု ရှိနိုင်တယ်။,好机会 (hǎo jīhuì) — အခွင့်အရေးကောင်း｜机会来了 (jīhuì lái le) — အခွင့်အရေးရောက်လာပြီ｜抓住机会 (zhuāzhù jīhuì) — အခွင့်အရေးကို ဆုပ်ကိုင်သည်｜错过机会 (cuòguò jīhuì) — အခွင့်အရေးလွတ်သွားသည်｜机会难得 (jīhuì nándé) — အခွင့်အရေးရဖို့ခက်သည်
750,2,鸡,jī,chicken,ကြက်,我喜欢吃鸡肉。｜这只鸡很大。｜妈妈买了一只鸡。｜鸡在院子里。｜我不吃鸡肉。,Wǒ xǐhuan chī jīròu.｜Zhè zhī jī hěn dà.｜Māma mǎi le yì zhī jī.｜Jī zài yuànzi lǐ.｜Wǒ bù chī jīròu.,I like eating chicken.｜This chicken is very big.｜Mom bought a chicken.｜The chicken is in the yard.｜I don't eat chicken.,ကြက်သားစားရတာကြိုက်တယ်။｜ဒီကြက်က အရမ်းကြီးတယ်။｜အမေက ကြက်တစ်ကောင်ဝယ်ခဲ့တယ်။｜ကြက်က ခြံထဲမှာရှိတယ်။｜ကျွန်တော်/ကျွန်မ ကြက်သားမစားဘူး။,鸡肉 (jīròu) — ကြက်သား｜鸡蛋 (jīdàn) — ကြက်ဥ｜鸡汤 (jītāng) — ကြက်စွပ်ပြုတ်｜小鸡 (xiǎojī) — ကြက်ကလေး｜公鸡 (gōngjī) — ကြက်ဖ
751,2,级,jí,level; rank; grade; degree; step,အဆင့်,我的中文是三级。｜他现在上二级。｜这个课程有五个级。｜你是哪个级？｜她升了一级。,Wǒ de Zhōngwén shì sān jí.｜Tā xiànzài shàng èr jí.｜Zhège kèchéng yǒu wǔ ge jí.｜Nǐ shì nǎge jí?｜Tā shēng le yì jí.,My Chinese is at level three.｜He is currently in level two.｜This course has five levels.｜What level are you at?｜She moved up one level.,ကျွန်တော်/ကျွန်မရဲ့ တရုတ်စာအဆင့်က ၃ ပါ။｜သူအခု ဒုတိယအဆင့်တက်နေတယ်။｜ဒီသင်တန်းမှာ အဆင့် ၅ ဆင့်ရှိတယ်။｜မင်းက ဘယ်အဆင့်လဲ။｜သူ အဆင့်တစ်ဆင့်တက်သွားတယ်။,年级 (niánjí) — အတန်းအဆင့်｜高级 (gāojí) — အဆင့်မြင့်｜低级 (dījí) — အဆင့်နိမ့်｜级别 (jíbié) — အဆင့်အတန်း｜等级 (děngjí) — အဆင့်
752,2,急,jí,fast; anxious; urgent; annoyed,အလျင်လိုသည်,我很急。｜别急，慢慢来。｜他急着回家。｜时间很急。｜有急事请告诉我。,"Wǒ hěn jí.｜Bié jí, mànman lái.｜Tā jízhe huí jiā.｜Shíjiān hěn jí.｜Yǒu jíshì qǐng gàosu wǒ.",I am in a hurry.｜Don't hurry; take your time.｜He is in a hurry to go home.｜Time is tight.｜Please tell me if there is an urgent matter.,ကျွန်တော်/ကျွန်မ အရမ်းအလျင်လိုနေတယ်။｜မလောနဲ့၊ ဖြည်းဖြည်းလုပ်။｜သူ အိမ်ပြန်ဖို့ အလျင်လိုနေတယ်။｜အချိန်က အရမ်းကပ်နေတယ်။｜အရေးပေါ်ကိစ္စရှိရင် ပြောပါ။,着急 (zháojí) — စိတ်လောသည်｜急忙 (jímáng) — အလျင်အမြန်｜急事 (jíshì) — အရေးကြီးကိစ္စ｜紧急 (jǐnjí) — အရေးပေါ်｜别急 (bié jí) — မလောနဲ့
753,2,计划,jìhuà,plan,အစီအစဉ်၊ စီမံချက်,我有一个学习计划。｜我们计划明天去北京。｜这个计划很好。｜他正在制定计划。｜请按照计划做。,Wǒ yǒu yí ge xuéxí jìhuà.｜Wǒmen jìhuà míngtiān qù Běijīng.｜Zhège jìhuà hěn hǎo.｜Tā zhèngzài zhìdìng jìhuà.｜Qǐng ànzhào jìhuà zuò.,I have a study plan.｜We plan to go to Beijing tomorrow.｜This plan is good.｜He is making a plan.｜Please follow the plan.,ကျွန်တော်/ကျွန်မမှာ လေ့လာရေးအစီအစဉ်တစ်ခုရှိတယ်။｜ကျွန်တော်တို့ မနက်ဖြန် ပေကျင်းသွားဖို့ စီစဉ်ထားတယ်။｜ဒီအစီအစဉ်က ကောင်းတယ်။｜သူ အစီအစဉ်ရေးဆွဲနေတယ်။｜အစီအစဉ်အတိုင်း လုပ်ပါ။,计划表 (jìhuàbiǎo) — အစီအစဉ်ဇယား｜计划书 (jìhuàshū) — စီမံချက်စာတမ်း｜学习计划 (xuéxí jìhuà) — လေ့လာရေးအစီအစဉ်｜旅行计划 (lǚxíng jìhuà) — ခရီးအစီအစဉ်｜工作计划 (gōngzuò jìhuà) — အလုပ်အစီအစဉ်
754,2,计算机,jì suàn jī,computer,ကွန်ပျူတာ,我每天使用计算机。｜这台计算机很新。｜他会修计算机。｜计算机对学习很有帮助。｜我的计算机坏了。,Wǒ měitiān shǐyòng jìsuànjī.｜Zhè tái jìsuànjī hěn xīn.｜Tā huì xiū jìsuànjī.｜Jìsuànjī duì xuéxí hěn yǒu bāngzhù.｜Wǒ de jìsuànjī huài le.,I use a computer every day.｜This computer is very new.｜He can repair computers.｜Computers are very helpful for studying.｜My computer is broken.,ကျွန်တော်/ကျွန်မ နေ့တိုင်း ကွန်ပျူတာသုံးတယ်။｜ဒီကွန်ပျူတာက အသစ်ဖြစ်တယ်။｜သူ ကွန်ပျူတာပြင်တတ်တယ်။｜ကွန်ပျူတာက လေ့လာရေးအတွက် အရမ်းအထောက်အကူဖြစ်တယ်။｜ကျွန်တော်/ကျွန်မရဲ့ ကွန်ပျူတာပျက်သွားပြီ။,电脑 (diànnǎo) — ကွန်ပျူတာ｜计算机科学 (jìsuànjī kēxué) — ကွန်ပျူတာသိပ္ပံ｜计算机技术 (jìsuànjī jìshù) — ကွန်ပျူတာနည်းပညာ｜计算机课 (jìsuànjī kè) — ကွန်ပျူတာအတန်း｜计算机专业 (jìsuànjī zhuānyè) — ကွန်ပျူတာဘာသာရပ်
755,2,加,jiā,add; increase; put in,ပေါင်းသည်၊ ထည့်သည်,请加一点糖。｜三加二等于五。｜给我加点水。｜我想加你微信。｜我们一起加油。,Qǐng jiā yìdiǎn táng.｜Sān jiā èr děngyú wǔ.｜Gěi wǒ jiā diǎn shuǐ.｜Wǒ xiǎng jiā nǐ Wēixìn.｜Wǒmen yìqǐ jiāyóu.,Please add some sugar.｜Three plus two equals five.｜Add some water for me.｜I want to add you on WeChat.｜Let's work hard together.,သကြားနည်းနည်းထည့်ပေးပါ။｜၃ ပေါင်း ၂ က ၅ ဖြစ်တယ်။｜ရေနည်းနည်းထည့်ပေးပါ။｜မင်းကို WeChat မှာ add ချင်တယ်။｜အတူတူ အားတင်းကြမယ်။,加入 (jiārù) — ပါဝင်သည်｜加上 (jiāshàng) — ထပ်ပေါင်းသည်｜加起来 (jiā qǐlái) — ပေါင်းလိုက်သည်｜增加 (zēngjiā) — တိုးလာသည်｜加班 (jiābān) — အချိန်ပိုလုပ်သည်
756,2,加油,jiā yóu,oil; refuel; make an all-out effort,အားတင်းပါ၊ ကြိုးစားပါ,加油，你可以做到！｜考试要加油。｜大家为他加油。｜继续加油！｜我给你加油。,"Jiāyóu, nǐ kěyǐ zuòdào!｜Kǎoshì yào jiāyóu.｜Dàjiā wèi tā jiāyóu.｜Jìxù jiāyóu!｜Wǒ gěi nǐ jiāyóu.","Keep going, you can do it!｜Do your best on the exam.｜Everyone is cheering for him.｜Keep going!｜I am cheering for you.",အားတင်းထား၊ မင်းလုပ်နိုင်တယ်။｜စာမေးပွဲမှာ ကြိုးစားပါ။｜အားလုံးက သူ့ကို အားပေးကြတယ်။｜ဆက်ပြီးကြိုးစားပါ။｜ငါ မင်းကိုအားပေးတယ်။,加油站 (jiāyóuzhàn) — ဆီဆိုင်｜加油声 (jiāyóushēng) — အားပေးသံ｜继续加油 (jìxù jiāyóu) — ဆက်ကြိုးစားသည်｜为你加油 (wèi nǐ jiāyóu) — မင်းကိုအားပေးသည်｜加油努力 (jiāyóu nǔlì) — အားတင်းကြိုးစားသည်
757,2,家（科学家）,jiā,noun suffix (scientist),ပညာရှင်,他是一位科学家。｜这位科学家很有名。｜我想成为科学家。｜科学家正在做实验。｜她是一名年轻的科学家。,Tā shì yí wèi kēxuéjiā.｜Zhè wèi kēxuéjiā hěn yǒumíng.｜Wǒ xiǎng chéngwéi kēxuéjiā.｜Kēxuéjiā zhèngzài zuò shíyàn.｜Tā shì yì míng niánqīng de kēxuéjiā.,He is a scientist.｜This scientist is very famous.｜I want to become a scientist.｜The scientist is doing an experiment.｜She is a young scientist.,သူက သိပ္ပံပညာရှင်တစ်ယောက်ပါ။｜ဒီသိပ္ပံပညာရှင်က နာမည်ကြီးတယ်။｜ကျွန်တော်/ကျွန်မ သိပ္ပံပညာရှင်ဖြစ်ချင်တယ်။｜သိပ္ပံပညာရှင်က စမ်းသပ်မှုလုပ်နေတယ်။｜သူက ငယ်ရွယ်တဲ့ သိပ္ပံပညာရှင်တစ်ယောက်ပါ။,科学家 (kēxuéjiā) — သိပ္ပံပညာရှင်｜艺术家 (yìshùjiā) — အနုပညာရှင်｜作家 (zuòjiā) — စာရေးဆရာ｜画家 (huàjiā) — ပန်းချီဆရာ｜音乐家 (yīnyuèjiā) — ဂီတပညာရှင်
758,2,家庭,jiātíng,Family,မိသားစု,我的家庭很幸福。｜我爱我的家庭。｜他们有一个大家庭。｜家庭对我们很重要。｜我们周末一起吃饭。,Wǒ de jiātíng hěn xìngfú.｜Wǒ ài wǒ de jiātíng.｜Tāmen yǒu yí ge dà jiātíng.｜Jiātíng duì wǒmen hěn zhòngyào.｜Wǒmen zhōumò yìqǐ chīfàn.,My family is very happy.｜I love my family.｜They have a big family.｜Family is very important to us.｜We eat together on weekends.,ကျွန်တော်/ကျွန်မရဲ့ မိသားစုက ပျော်ရွှင်တယ်။｜ကျွန်တော်/ကျွန်မ မိသားစုကိုချစ်တယ်။｜သူတို့မှာ မိသားစုကြီးတစ်ခုရှိတယ်။｜မိသားစုက ကျွန်တော်တို့အတွက် အရေးကြီးတယ်။｜ပိတ်ရက်မှာ အတူတူထမင်းစားတယ်။,家人 (jiārén) — မိသားစုဝင်｜家庭生活 (jiātíng shēnghuó) — မိသားစုဘဝ｜家庭作业 (jiātíng zuòyè) — အိမ်စာ｜家庭成员 (jiātíng chéngyuán) — မိသားစုဝင်｜大家庭 (dà jiātíng) — မိသားစုကြီး
759,2,家长,jiā zhǎng,parent; the head of the family,မိဘ၊ အုပ်ထိန်းသူ,家长今天来学校了。｜老师和家长见面了。｜家长很关心孩子。｜请家长签字。｜学校要开家长会。,Jiāzhǎng jīntiān lái xuéxiào le.｜Lǎoshī hé jiāzhǎng jiànmiàn le.｜Jiāzhǎng hěn guānxīn háizi.｜Qǐng jiāzhǎng qiānzì.｜Xuéxiào yào kāi jiāzhǎnghuì.,The parents came to school today.｜The teacher met the parents.｜The parents care about their child.｜Please have a parent sign it.｜The school will hold a parents' meeting.,မိဘတွေ ဒီနေ့ ကျောင်းလာတယ်။｜ဆရာနဲ့ မိဘတွေတွေ့ကြတယ်။｜မိဘတွေက ကလေးကို အရမ်းဂရုစိုက်တယ်။｜မိဘလက်မှတ်ထိုးပေးပါ။｜ကျောင်းမှာ မိဘအစည်းအဝေးလုပ်မယ်။,父母 (fùmǔ) — မိဘ｜家长会 (jiāzhǎnghuì) — မိဘအစည်းအဝေး｜家长签字 (jiāzhǎng qiānzì) — မိဘလက်မှတ်ထိုးခြင်း｜家长学校 (jiāzhǎng xuéxiào) — မိဘပညာပေးအစီအစဉ်｜家长老师 (jiāzhǎng lǎoshī) — မိဘနှင့်ဆရာ
760,2,假,jiǎ,FALSE,ခွင့်၊ အားလပ်ရက်,我今天请假。｜他请了三天假。｜明天是假日。｜我想请一天假。｜学校放假了。,Wǒ jīntiān qǐngjià.｜Tā qǐng le sān tiān jià.｜Míngtiān shì jiàrì.｜Wǒ xiǎng qǐng yì tiān jià.｜Xuéxiào fàngjià le.,I am taking a day off today.｜He took three days off.｜Tomorrow is a holiday.｜I want to take one day off.｜The school is on holiday.,ဒီနေ့ ကျွန်တော်/ကျွန်မ ခွင့်ယူထားတယ်။｜သူ သုံးရက်ခွင့်ယူတယ်။｜မနက်ဖြန် အားလပ်ရက်ပါ။｜တစ်ရက်ခွင့်ယူချင်တယ်။｜ကျောင်းပိတ်ပြီ။,请假 (qǐngjià) — ခွင့်တောင်းသည်｜放假 (fàngjià) — ပိတ်ရက်ယူသည်｜假日 (jiàrì) — အားလပ်ရက်｜休假 (xiūjià) — ခွင့်ယူသည်｜病假 (bìngjià) — နေမကောင်းခွင့်
761,2,假期,jià qī,holiday; vacation,အားလပ်ရက်ကာလ,我的假期快结束了。｜假期我们去了北京。｜你假期有什么计划？｜我喜欢在假期旅行。｜假期生活很有意思。,Wǒ de jiàqī kuài jiéshù le.｜Jiàqī wǒmen qù le Běijīng.｜Nǐ jiàqī yǒu shénme jìhuà?｜Wǒ xǐhuan zài jiàqī lǚxíng.｜Jiàqī shēnghuó hěn yǒuyìsi.,My vacation is almost over.｜We went to Beijing during the vacation.｜What are your plans for the vacation?｜I like traveling during vacations.｜Vacation life is interesting.,ကျွန်တော်/ကျွန်မရဲ့ အားလပ်ရက်က မကြာခင်ကုန်တော့မယ်။｜အားလပ်ရက်မှာ ပေကျင်းသွားခဲ့တယ်။｜မင်းရဲ့အားလပ်ရက်မှာ ဘာအစီအစဉ်ရှိလဲ။｜အားလပ်ရက်မှာ ခရီးသွားရတာကြိုက်တယ်။｜အားလပ်ရက်ဘဝက စိတ်ဝင်စားစရာကောင်းတယ်။,寒假 (hánjià) — ဆောင်းရာသီအားလပ်ရက်｜暑假 (shǔjià) — နွေရာသီအားလပ်ရက်｜假期计划 (jiàqī jìhuà) — အားလပ်ရက်အစီအစဉ်｜假期旅行 (jiàqī lǚxíng) — အားလပ်ရက်ခရီး｜假期生活 (jiàqī shēnghuó) — အားလပ်ရက်ဘဝ
762,2,检查,jiǎnchá,inspect; check,စစ်ဆေးသည်,医生检查了我的身体。｜请检查一下作业。｜老师正在检查答案。｜出门前检查门。｜我检查了计算机。,Yīshēng jiǎnchá le wǒ de shēntǐ.｜Qǐng jiǎnchá yíxià zuòyè.｜Lǎoshī zhèngzài jiǎnchá dá'àn.｜Chūmén qián jiǎnchá mén.｜Wǒ jiǎnchá le jìsuànjī.,The doctor checked my body.｜Please check the homework.｜The teacher is checking the answers.｜Check the door before going out.｜I checked the computer.,ဆရာဝန်က ကျွန်တော်/ကျွန်မရဲ့ ခန္ဓာကိုယ်ကို စစ်ဆေးပေးတယ်။｜အိမ်စာကို စစ်ဆေးပေးပါ။｜ဆရာက အဖြေတွေကို စစ်နေတယ်။｜အပြင်မထွက်ခင် တံခါးကို စစ်ပါ။｜ကျွန်တော်/ကျွန်မ ကွန်ပျူတာကို စစ်ဆေးခဲ့တယ်။,检查身体 (jiǎnchá shēntǐ) — ခန္ဓာကိုယ်စစ်ဆေးသည်｜检查作业 (jiǎnchá zuòyè) — အိမ်စာစစ်သည်｜检查结果 (jiǎnchá jiéguǒ) — စစ်ဆေးမှုရလဒ်｜安全检查 (ānquán jiǎnchá) — လုံခြုံရေးစစ်ဆေးမှု｜检查一下 (jiǎnchá yíxià) — တစ်ချက်စစ်ဆေးသည်
763,2,见到,jiàn dào,see,တွေ့သည်,我昨天见到他了。｜很高兴见到你。｜我在学校见到老师。｜你在哪里见到她？｜我终于见到朋友了。,Wǒ zuótiān jiàndào tā le.｜Hěn gāoxìng jiàndào nǐ.｜Wǒ zài xuéxiào jiàndào lǎoshī.｜Nǐ zài nǎlǐ jiàndào tā?｜Wǒ zhōngyú jiàndào péngyou le.,I saw him yesterday.｜It is nice to see you.｜I saw the teacher at school.｜Where did you see her?｜I finally saw my friend.,မနေ့က သူ့ကိုတွေ့ခဲ့တယ်။｜မင်းကိုတွေ့ရတာ ဝမ်းသာတယ်။｜ကျောင်းမှာ ဆရာ့ကိုတွေ့ခဲ့တယ်။｜မင်း သူ့ကို ဘယ်မှာတွေ့ခဲ့တာလဲ။｜နောက်ဆုံးတော့ သူငယ်ချင်းကိုတွေ့ခဲ့တယ်။,看到 (kàndào) — မြင်တွေ့သည်｜看见 (kànjiàn) — တွေ့မြင်သည်｜见面 (jiànmiàn) — တွေ့ဆုံသည်｜再见 (zàijiàn) — နောက်မှတွေ့မယ်｜见朋友 (jiàn péngyou) — သူငယ်ချင်းကိုတွေ့သည်
764,2,见过,jiàn guò,seen; have seen,တွေ့ဖူးသည်,我见过他。｜你见过中国吗？｜我以前见过她。｜我没见过这么大的房子。｜你见过这部电影吗？,Wǒ jiànguò tā.｜Nǐ jiànguò Zhōngguó ma?｜Wǒ yǐqián jiànguò tā.｜Wǒ méi jiànguò zhème dà de fángzi.｜Nǐ jiànguò zhè bù diànyǐng ma?,I have seen him before.｜Have you ever been to China?｜I have seen her before.｜I have never seen such a big house.｜Have you seen this movie?,သူ့ကို တွေ့ဖူးတယ်။｜တရုတ်နိုင်ငံကို ရောက်ဖူးလား။｜အရင်က သူ့ကိုတွေ့ဖူးတယ်။｜ဒီလောက်ကြီးတဲ့အိမ်ကို တစ်ခါမှ မတွေ့ဖူးဘူး။｜ဒီရုပ်ရှင်ကို ကြည့်ဖူးလား။,见过面 (jiànguòmiàn) — တွေ့ဖူးသည်｜见过朋友 (jiànguò péngyou) — သူငယ်ချင်းကိုတွေ့ဖူးသည်｜从没见过 (cóng méi jiànguò) — တစ်ခါမှမတွေ့ဖူး｜见过一次 (jiànguò yí cì) — တစ်ကြိမ်တွေ့ဖူး｜见过很多 (jiànguò hěn duō) — အများကြီးတွေ့ဖူး
765,2,件,jiàn,piece,အရာဝတ္ထုရေတွက်စကားလုံး,我买了一件衣服。｜这件衣服很好看。｜我有一件事情要告诉你。｜这件事很重要。｜给我一件礼物。,Wǒ mǎi le yí jiàn yīfu.｜Zhè jiàn yīfu hěn hǎokàn.｜Wǒ yǒu yí jiàn shìqing yào gàosu nǐ.｜Zhè jiàn shì hěn zhòngyào.｜Gěi wǒ yí jiàn lǐwù.,I bought a piece of clothing.｜This piece of clothing looks nice.｜I have something to tell you.｜This matter is very important.｜Give me a gift.,အဝတ်တစ်ထည်ဝယ်ခဲ့တယ်။｜ဒီအဝတ်အစားက အရမ်းလှတယ်။｜မင်းကိုပြောစရာကိစ္စတစ်ခုရှိတယ်။｜ဒီကိစ္စက အရမ်းအရေးကြီးတယ်။｜လက်ဆောင်တစ်ခု ပေးပါ။,一件 (yí jiàn) — တစ်ခု｜这件 (zhè jiàn) — ဒီတစ်ခု｜那件 (nà jiàn) — အဲဒီတစ်ခု｜衣服 (yīfu) — အဝတ်အစား｜事情 (shìqing) — ကိစ္စ
766,2,健康,jiànkāng,Healthy,ကျန်းမာခြင်း,身体健康很重要。｜我希望你健康。｜运动对健康有好处。｜他看起来很健康。｜健康的生活很重要。,Shēntǐ jiànkāng hěn zhòngyào.｜Wǒ xīwàng nǐ jiànkāng.｜Yùndòng duì jiànkāng yǒu hǎochu.｜Tā kàn qǐlái hěn jiànkāng.｜Jiànkāng de shēnghuó hěn zhòngyào.,Health is very important.｜I hope you are healthy.｜Exercise is good for your health.｜He looks healthy.｜A healthy lifestyle is important.,ကျန်းမာရေးက အရမ်းအရေးကြီးတယ်။｜မင်းကျန်းမာပါစေလို့ မျှော်လင့်တယ်။｜လေ့ကျင့်ခန်းလုပ်တာက ကျန်းမာရေးအတွက်ကောင်းတယ်။｜သူက ကျန်းမာပုံရတယ်။｜ကျန်းမာတဲ့နေထိုင်မှုပုံစံက အရေးကြီးတယ်။,身体健康 (shēntǐ jiànkāng) — ကိုယ်ခန္ဓာကျန်းမာခြင်း｜健康食品 (jiànkāng shípǐn) — ကျန်းမာရေးအစားအစာ｜健康生活 (jiànkāng shēnghuó) — ကျန်းမာသောနေထိုင်မှုပုံစံ｜健康检查 (jiànkāng jiǎnchá) — ကျန်းမာရေးစစ်ဆေးမှု｜保持健康 (bǎochí jiànkāng) — ကျန်းမာရေးထိန်းသိမ်းသည်
767,2,讲,jiǎng,speak,ပြောပြသည်၊ ရှင်းပြသည်,老师正在讲课。｜请讲慢一点。｜他给我讲了一个故事。｜你能讲一下吗？｜老师讲得很清楚。,Lǎoshī zhèngzài jiǎngkè.｜Qǐng jiǎng màn yìdiǎn.｜Tā gěi wǒ jiǎng le yí ge gùshi.｜Nǐ néng jiǎng yíxià ma?｜Lǎoshī jiǎng de hěn qīngchu.,The teacher is teaching a lesson.｜Please speak more slowly.｜He told me a story.｜Can you explain it?｜The teacher explained it clearly.,ဆရာက စာသင်နေတယ်။｜ဖြည်းဖြည်းပြောပါ။｜သူက ကျွန်တော်/ကျွန်မကို ပုံပြင်တစ်ပုဒ်ပြောပြတယ်။｜တစ်ချက်လောက် ရှင်းပြပေးနိုင်လား။｜ဆရာက အရမ်းရှင်းရှင်းလင်းလင်းပြောတယ်။,讲故事 (jiǎng gùshi) — ပုံပြင်ပြောသည်｜讲课 (jiǎngkè) — စာသင်သည်｜讲清楚 (jiǎng qīngchu) — ရှင်းလင်းစွာပြောသည်｜讲解 (jiǎngjiě) — ရှင်းပြသည်｜讲中文 (jiǎng Zhōngwén) — တရုတ်လိုပြောသည်
768,2,讲话,jiǎng huà,speak; talk,စကားပြောသည်,我们正在讲话。｜不要大声讲话。｜老师正在和学生讲话。｜他们在教室里讲话。｜我想跟你讲话。,Wǒmen zhèngzài jiǎnghuà.｜Bú yào dàshēng jiǎnghuà.｜Lǎoshī zhèngzài hé xuéshēng jiǎnghuà.｜Tāmen zài jiàoshì lǐ jiǎnghuà.｜Wǒ xiǎng gēn nǐ jiǎnghuà.,We are talking.｜Don't speak loudly.｜The teacher is talking with the students.｜They are talking in the classroom.｜I want to talk to you.,ကျွန်တော်တို့ စကားပြောနေကြတယ်။｜အသံကျယ်ကျယ်နဲ့ စကားမပြောနဲ့။｜ဆရာက ကျောင်းသားတွေနဲ့ စကားပြောနေတယ်။｜သူတို့ စာသင်ခန်းထဲမှာ စကားပြောနေကြတယ်။｜မင်းနဲ့ စကားပြောချင်တယ်။,说话 (shuōhuà) — စကားပြောသည်｜讲话声 (jiǎnghuà shēng) — စကားပြောသံ｜讲话方式 (jiǎnghuà fāngshì) — စကားပြောပုံစံ｜讲话时间 (jiǎnghuà shíjiān) — စကားပြောချိန်｜不要讲话 (bú yào jiǎnghuà) — စကားမပြောနဲ့
769,2,交,jiāo,hand over,ပေးအပ်သည်၊ အပ်သည်,请把作业交给老师。｜我要交作业。｜他把钱交给我。｜我们明天交报告。｜请按时交费。,Qǐng bǎ zuòyè jiāo gěi lǎoshī.｜Wǒ yào jiāo zuòyè.｜Tā bǎ qián jiāo gěi wǒ.｜Wǒmen míngtiān jiāo bàogào.｜Qǐng ànshí jiāofèi.,Please hand the homework to the teacher.｜I have to hand in my homework.｜He gave the money to me.｜We will submit the report tomorrow.｜Please pay on time.,အိမ်စာကို ဆရာ့ဆီ အပ်ပေးပါ။｜ကျွန်တော်/ကျွန်မ အိမ်စာအပ်ရမယ်။｜သူက ပိုက်ဆံကို ကျွန်တော်/ကျွန်မဆီ ပေးလိုက်တယ်။｜ကျွန်တော်တို့ မနက်ဖြန် အစီရင်ခံစာတင်မယ်။｜အချိန်မီ ငွေပေးပါ။,交钱 (jiāoqián) — ငွေပေးသည်｜交作业 (jiāo zuòyè) — အိမ်စာအပ်သည်｜交朋友 (jiāo péngyou) — သူငယ်ချင်းဖွဲ့သည်｜交给 (jiāo gěi) — ပေးအပ်သည်｜提交 (tíjiāo) — တင်သွင်းသည်
770,2,交给,jiāo gěi,hand over,လွှဲပေးသည်၊ ပေးအပ်သည်,我把书交给老师。｜请把文件交给他。｜妈妈把钱交给我。｜老师把作业交给学生。｜他把礼物交给朋友。,Wǒ bǎ shū jiāo gěi lǎoshī.｜Qǐng bǎ wénjiàn jiāo gěi tā.｜Māma bǎ qián jiāo gěi wǒ.｜Lǎoshī bǎ zuòyè jiāo gěi xuéshēng.｜Tā bǎ lǐwù jiāo gěi péngyou.,I give the book to the teacher.｜Please give the document to him.｜Mom gives the money to me.｜The teacher gives the homework to the students.｜He gives the gift to his friend.,ကျွန်တော်/ကျွန်မ စာအုပ်ကို ဆရာ/ဆရာမထံ ပေးတယ်။｜စာရွက်စာတမ်းကို သူ့ဆီပေးပါ။｜အမေက ပိုက်ဆံကို ကျွန်တော့်/ကျွန်မဆီ ပေးတယ်။｜ဆရာ/ဆရာမက အိမ်စာကို ကျောင်းသားတွေကို ပေးတယ်။｜သူက လက်ဆောင်ကို သူငယ်ချင်းကို ပေးတယ်။,交给 (jiāo gěi) — လွှဲပေးသည်｜交作业 (jiāo zuòyè) — အိမ်စာအပ်သည်｜交给别人 (jiāo gěi biérén) — တခြားသူကိုပေးသည်｜交钱 (jiāo qián) — ငွေပေးသည်｜交文件 (jiāo wénjiàn) — စာရွက်စာတမ်းအပ်သည်
771,2,交朋友,jiāo péng yǒu,make friends,သူငယ်ချင်းဖွဲ့သည်,我喜欢交朋友。｜他很喜欢交朋友。｜我们在学校交朋友。｜她很容易交朋友。｜学习汉语让我认识了很多朋友。,Wǒ xǐhuan jiāo péngyou.｜Tā hěn xǐhuan jiāo péngyou.｜Wǒmen zài xuéxiào jiāo péngyou.｜Tā hěn róngyì jiāo péngyou.｜Xuéxí Hànyǔ ràng wǒ rènshi le hěn duō péngyou.,I like making friends.｜He really likes making friends.｜We make friends at school.｜She makes friends easily.｜Learning Chinese helped me meet many friends.,ကျွန်တော်/ကျွန်မ သူငယ်ချင်းဖွဲ့ရတာ ကြိုက်တယ်။｜သူက သူငယ်ချင်းဖွဲ့ရတာ အရမ်းကြိုက်တယ်။｜ကျွန်တော်တို့ ကျောင်းမှာ သူငယ်ချင်းဖွဲ့တယ်။｜သူက သူငယ်ချင်းအလွယ်တကူ ဖွဲ့နိုင်တယ်။｜တရုတ်စာလေ့လာတာကြောင့် သူငယ်ချင်းအများကြီး ရခဲ့တယ်။,朋友 (péngyou) — သူငယ်ချင်း｜交友 (jiāoyǒu) — မိတ်ဆွေဖွဲ့သည်｜好朋友 (hǎo péngyou) — သူငယ်ချင်းကောင်း｜新朋友 (xīn péngyou) — သူငယ်ချင်းအသစ်｜朋友们 (péngyoumen) — သူငယ်ချင်းများ
772,2,交通,jiāotōng,traffic,သွားလာရေး၊ ယာဉ်အသွားအလာ,这里的交通很方便。｜北京的交通很忙。｜我每天坐公共汽车上班。｜晚上交通比较好。｜我们应该遵守交通规则。,Zhèlǐ de jiāotōng hěn fāngbiàn.｜Běijīng de jiāotōng hěn máng.｜Wǒ měitiān zuò gōnggòng qìchē shàngbān.｜Wǎnshang jiāotōng bǐjiào hǎo.｜Wǒmen yīnggāi zūnshǒu jiāotōng guīzé.,The transportation here is very convenient.｜Traffic in Beijing is very busy.｜I take the bus to work every day.｜Traffic is better in the evening.｜We should follow traffic rules.,ဒီနေရာမှာ သွားလာရေးအရမ်းအဆင်ပြေတယ်။｜ပေကျင်းမှာ ယာဉ်အသွားအလာ အရမ်းများတယ်။｜ကျွန်တော်/ကျွန်မ နေ့တိုင်း ဘတ်စ်ကားစီးပြီး အလုပ်သွားတယ်။｜ညဘက်ဆို ယာဉ်အသွားအလာ ပိုကောင်းတယ်။｜ကျွန်တော်တို့ ယာဉ်စည်းကမ်းတွေကို လိုက်နာသင့်တယ်။,交通工具 (jiāotōng gōngjù) — သွားလာရေးယာဉ်｜交通规则 (jiāotōng guīzé) — ယာဉ်စည်းကမ်း｜交通站 (jiāotōng zhàn) — သယ်ယူပို့ဆောင်ရေးစခန်း｜公共交通 (gōnggòng jiāotōng) — အများသုံးသယ်ယူပို့ဆောင်ရေး｜交通拥堵 (jiāotōng yōngdǔ) — ယာဉ်ကြောပိတ်ဆို့မှု
773,2,角,jiǎo,horn,ထောင့်,这个桌子有四个角。｜请坐在桌子的角上。｜房间的角很干净。｜墙角有一把椅子。｜他站在街角。,Zhège zhuōzi yǒu sì ge jiǎo.｜Qǐng zuò zài zhuōzi de jiǎo shàng.｜Fángjiān de jiǎo hěn gānjìng.｜Qiángjiǎo yǒu yì bǎ yǐzi.｜Tā zhàn zài jiējiǎo.,This table has four corners.｜Please sit at the corner of the table.｜The corner of the room is clean.｜There is a chair in the corner.｜He is standing at the street corner.,ဒီစားပွဲမှာ ထောင့်လေးခုရှိတယ်။｜စားပွဲထောင့်မှာ ထိုင်ပါ။｜အခန်းထောင့်က သန့်ရှင်းတယ်။｜နံရံထောင့်မှာ ကုလားထိုင်တစ်လုံးရှိတယ်။｜သူ လမ်းထောင့်မှာ ရပ်နေတယ်။,角落 (jiǎoluò) — ထောင့်｜墙角 (qiángjiǎo) — နံရံထောင့်｜街角 (jiējiǎo) — လမ်းထောင့်｜四角 (sìjiǎo) — ထောင့်လေးထောင့်｜角度 (jiǎodù) — ရှုထောင့်
774,2,角度,jiǎodù,angle,ရှုထောင့်,我从不同的角度看这个问题。｜请换一个角度想。｜这个问题有很多角度。｜老师让我们从另一个角度考虑。｜从我的角度来看，这是个好办法。,"Wǒ cóng bùtóng de jiǎodù kàn zhège wèntí.｜Qǐng huàn yí ge jiǎodù xiǎng.｜Zhège wèntí yǒu hěn duō jiǎodù.｜Lǎoshī ràng wǒmen cóng lìng yí ge jiǎodù kǎolǜ.｜Cóng wǒ de jiǎodù lái kàn, zhè shì ge hǎo bànfǎ.","I look at this problem from different angles.｜Please think about it from another angle.｜This problem has many angles.｜The teacher asked us to consider it from another angle.｜From my point of view, this is a good method.",ဒီပြဿနာကို ရှုထောင့်အမျိုးမျိုးကနေ ကြည့်တယ်။｜နောက်ထပ်ရှုထောင့်တစ်ခုကနေ စဉ်းစားကြည့်ပါ။｜ဒီပြဿနာမှာ ရှုထောင့်အများကြီးရှိတယ်။｜ဆရာ/ဆရာမက တခြားရှုထောင့်ကနေ စဉ်းစားခိုင်းတယ်။｜ကျွန်တော်/ကျွန်မအမြင်အရ ဒါက နည်းလမ်းကောင်းတစ်ခုပါ။,角度 (jiǎodù) — ရှုထောင့်｜观点 (guāndiǎn) — အမြင်｜方面 (fāngmiàn) — ဘက်｜看法 (kànfǎ) — အမြင်｜方向 (fāngxiàng) — ဦးတည်ချက်
775,2,饺子,jiǎozi,Dumplings,ဖက်ထုပ်,我喜欢吃饺子。｜妈妈正在包饺子。｜我们春节吃饺子。｜这些饺子很好吃。｜你喜欢吃什么馅的饺子？,Wǒ xǐhuan chī jiǎozi.｜Māma zhèngzài bāo jiǎozi.｜Wǒmen Chūnjié chī jiǎozi.｜Zhèxiē jiǎozi hěn hǎochī.｜Nǐ xǐhuan chī shénme xiàn de jiǎozi?,I like eating dumplings.｜Mom is making dumplings.｜We eat dumplings during Spring Festival.｜These dumplings are delicious.｜What kind of dumplings do you like?,ကျွန်တော်/ကျွန်မ ဖက်ထုပ်စားရတာ ကြိုက်တယ်။｜အမေ ဖက်ထုပ်လုပ်နေတယ်။｜တရုတ်နှစ်သစ်ကူးမှာ ဖက်ထုပ်စားတယ်။｜ဒီဖက်ထုပ်တွေ အရမ်းစားကောင်းတယ်။｜မင်း ဘယ်လိုအဆာနဲ့ ဖက်ထုပ်ကြိုက်လဲ။,饺子皮 (jiǎozi pí) — ဖက်ထုပ်အရေပြား｜饺子馅 (jiǎozi xiàn) — ဖက်ထုပ်အဆာ｜包饺子 (bāo jiǎozi) — ဖက်ထုပ်လုပ်သည်｜水饺 (shuǐjiǎo) — ပြုတ်ဖက်ထုပ်｜饺子店 (jiǎozi diàn) — ဖက်ထုပ်ဆိုင်
776,2,脚,jiǎo,foot,ခြေထောက်,我的脚很疼。｜他的脚受伤了。｜请洗洗脚。｜我的脚上有泥。｜走了很久以后，我的脚很累。,"Wǒ de jiǎo hěn téng.｜Tā de jiǎo shòushāng le.｜Qǐng xǐxi xǐjiǎo.｜Wǒ de jiǎo shàng yǒu ní.｜Zǒu le hěn jiǔ yǐhòu, wǒ de jiǎo hěn lèi.","My foot hurts.｜His foot is injured.｜Please wash your feet.｜There is mud on my foot.｜After walking for a long time, my feet are tired.",ကျွန်တော်/ကျွန်မ ခြေထောက်နာတယ်။｜သူ့ခြေထောက် ဒဏ်ရာရသွားတယ်။｜ခြေထောက်ဆေးပါ။｜ကျွန်တော့်/ကျွန်မ ခြေထောက်မှာ ရွှံ့ရှိတယ်။｜အကြာကြီးလမ်းလျှောက်ပြီးတော့ ခြေထောက်တွေ ပင်ပန်းတယ်။,脚趾 (jiǎozhǐ) — ခြေချောင်း｜脚底 (jiǎodǐ) — ခြေဖဝါး｜脚步 (jiǎobù) — ခြေလှမ်း｜洗脚 (xǐ jiǎo) — ခြေဆေးသည်｜脚疼 (jiǎo téng) — ခြေနာသည်
777,2,叫作,jiào zuò,be called; be known as,…ဟုခေါ်သည်,这种植物叫作向日葵。｜这个地方叫作北京。｜他叫作小明。｜这种东西叫作什么？｜以前人们把它叫作别的名字。,Zhè zhǒng zhíwù jiàozuò xiàngrìkuí.｜Zhège dìfang jiàozuò Běijīng.｜Tā jiàozuò Xiǎomíng.｜Zhè zhǒng dōngxi jiàozuò shénme?｜Yǐqián rénmen bǎ tā jiàozuò bié de míngzi.,This plant is called sunflower.｜This place is called Beijing.｜He is called Xiaoming.｜What is this thing called?｜People used to call it by another name.,ဒီအပင်ကို နေကြာပန်းလို့ခေါ်တယ်။｜ဒီနေရာကို ပေကျင်းလို့ခေါ်တယ်။｜သူ့ကို ရှောင်မင်းလို့ခေါ်တယ်။｜ဒီပစ္စည်းကို ဘယ်လိုခေါ်လဲ။｜အရင်တုန်းက လူတွေက ဒါကို တခြားနာမည်နဲ့ ခေါ်ခဲ့ကြတယ်။,名字 (míngzi) — နာမည်｜称作 (chēngzuò) — ဟုခေါ်သည်｜名称 (míngchēng) — အမည်｜叫 (jiào) — ခေါ်သည်｜称为 (chēngwéi) — ဟုခေါ်ဆိုသည်
778,2,教师,jiào shī,teacher,ဆရာ/ဆရာမ,我的老师是一位教师。｜她是一名中文教师。｜这位教师很认真。｜教师正在给学生上课。｜学校需要更多教师。,Wǒ de lǎoshī shì yí wèi jiàoshī.｜Tā shì yì míng Zhōngwén jiàoshī.｜Zhè wèi jiàoshī hěn rènzhēn.｜Jiàoshī zhèngzài gěi xuéshēng shàngkè.｜Xuéxiào xūyào gèng duō jiàoshī.,My teacher is a teacher.｜She is a Chinese teacher.｜This teacher is very serious.｜The teacher is teaching the students.｜The school needs more teachers.,ကျွန်တော့်/ကျွန်မ ဆရာ/ဆရာမက ဆရာ/ဆရာမတစ်ယောက်ပါ။｜သူက တရုတ်စာဆရာ/ဆရာမပါ။｜ဒီဆရာ/ဆရာမက အရမ်းတိကျတယ်။｜ဆရာ/ဆရာမက ကျောင်းသားတွေကို စာသင်နေတယ်။｜ကျောင်းမှာ ဆရာ/ဆရာမတွေ ပိုလိုတယ်။,老师 (lǎoshī) — ဆရာ/ဆရာမ｜教师 (jiàoshī) — ဆရာ/ဆရာမ｜老师们 (lǎoshīmen) — ဆရာ/ဆရာမများ｜教师节 (jiàoshī jié) — ဆရာများနေ့｜女教师 (nǚ jiàoshī) — ဆရာမ
779,2,教室,jiàoshì,Classroom,စာသင်ခန်း,学生都在教室里。｜老师走进了教室。｜教室很安静。｜我们的教室在二楼。｜请不要在教室里说话。,Xuéshēng dōu zài jiàoshì lǐ.｜Lǎoshī zǒu jìn le jiàoshì.｜Jiàoshì hěn ānjìng.｜Wǒmen de jiàoshì zài èr lóu.｜Qǐng bú yào zài jiàoshì lǐ shuōhuà.,The students are all in the classroom.｜The teacher entered the classroom.｜The classroom is quiet.｜Our classroom is on the second floor.｜Please do not talk in the classroom.,ကျောင်းသားတွေအားလုံး စာသင်ခန်းထဲမှာရှိတယ်။｜ဆရာ/ဆရာမ စာသင်ခန်းထဲဝင်လာတယ်။｜စာသင်ခန်းက တိတ်ဆိတ်တယ်။｜ကျွန်တော်တို့ စာသင်ခန်းက ဒုတိယထပ်မှာရှိတယ်။｜စာသင်ခန်းထဲမှာ စကားမပြောပါနဲ့။,学生 (xuéshēng) — ကျောင်းသား｜课桌 (kèzhuō) — စာသင်ခုံ｜教室里 (jiàoshì lǐ) — စာသင်ခန်းထဲ｜课堂 (kètáng) — စာသင်ခန်း/စာသင်ချိန်｜学校 (xuéxiào) — ကျောင်း
780,2,教学,jiào xué,teach,သင်ကြားရေး,老师负责汉语教学。｜这个学校的教学很好。｜我们正在学习新的教学方法。｜教学需要耐心。｜现代教学使用了很多新技术。,Lǎoshī fùzé Hànyǔ jiàoxué.｜Zhège xuéxiào de jiàoxué hěn hǎo.｜Wǒmen zhèngzài xuéxí xīn de jiàoxué fāngfǎ.｜Jiàoxué xūyào nàixīn.｜Xiàndài jiàoxué shǐyòng le hěn duō xīn jìshù.,The teacher is responsible for Chinese teaching.｜The teaching at this school is good.｜We are learning new teaching methods.｜Teaching requires patience.｜Modern teaching uses many new technologies.,ဆရာ/ဆရာမက တရုတ်စာသင်ကြားရေးကို တာဝန်ယူတယ်။｜ဒီကျောင်းရဲ့ သင်ကြားရေးက ကောင်းတယ်။｜ကျွန်တော်တို့ သင်ကြားနည်းအသစ်တွေကို လေ့လာနေတယ်။｜စာသင်တာ စိတ်ရှည်ဖို့လိုတယ်။｜ခေတ်သစ်သင်ကြားရေးမှာ နည်းပညာအသစ်တွေ အများကြီးသုံးတယ်။,教学方法 (jiàoxué fāngfǎ) — သင်ကြားနည်း｜教学质量 (jiàoxué zhìliàng) — သင်ကြားရေးအရည်အသွေး｜教学内容 (jiàoxué nèiróng) — သင်ကြားရေးအကြောင်းအရာ｜教学计划 (jiàoxué jìhuà) — သင်ကြားရေးအစီအစဉ်｜教师教学 (jiàoshī jiàoxué) — ဆရာ၏သင်ကြားမှု
781,2,教育,jiàoyù,education,ပညာရေး,教育对孩子很重要。｜父母很重视孩子的教育。｜学校给学生提供良好的教育。｜我们应该接受良好的教育。｜教育可以改变一个人的生活。,Jiàoyù duì háizi hěn zhòngyào.｜Fùmǔ hěn zhòngshì háizi de jiàoyù.｜Xuéxiào gěi xuéshēng tígōng liánghǎo de jiàoyù.｜Wǒmen yīnggāi jiēshòu liánghǎo de jiàoyù.｜Jiàoyù kěyǐ gǎibiàn yí ge rén de shēnghuó.,Education is important for children.｜Parents care a lot about their children's education.｜The school provides students with a good education.｜We should receive a good education.｜Education can change a person's life.,ကလေးတွေအတွက် ပညာရေးက အရေးကြီးတယ်။｜မိဘတွေက ကလေးတွေရဲ့ ပညာရေးကို အရမ်းအလေးထားတယ်။｜ကျောင်းက ကျောင်းသားတွေကို ကောင်းမွန်တဲ့ပညာရေး ပေးတယ်။｜ကျွန်တော်တို့ ကောင်းမွန်တဲ့ပညာရေး ရသင့်တယ်။｜ပညာရေးက လူတစ်ယောက်ရဲ့ဘဝကို ပြောင်းလဲနိုင်တယ်။,教育家 (jiàoyùjiā) — ပညာရေးပညာရှင်｜教育方法 (jiàoyù fāngfǎ) — ပညာပေးနည်း｜家庭教育 (jiātíng jiàoyù) — မိသားစုပညာရေး｜教育水平 (jiàoyù shuǐpíng) — ပညာရေးအဆင့်｜教育制度 (jiàoyù zhìdù) — ပညာရေးစနစ်
782,2,接,jiē,meet， pick,လက်ခံသည်၊ သွားကြိုသည်,我去车站接朋友。｜请接一下电话。｜妈妈来学校接我。｜他伸手接住了球。｜我下班后去接孩子。,Wǒ qù chēzhàn jiē péngyou.｜Qǐng jiē yíxià diànhuà.｜Māma lái xuéxiào jiē wǒ.｜Tā shēnshǒu jiē zhù le qiú.｜Wǒ xiàbān hòu qù jiē háizi.,I am going to the station to pick up my friend.｜Please answer the phone.｜Mom comes to school to pick me up.｜He reached out and caught the ball.｜I will pick up the child after work.,ကျွန်တော်/ကျွန်မ ဘူတာရုံကို သူငယ်ချင်းသွားကြိုတယ်။｜ဖုန်းကိုင်ပေးပါ။｜အမေ ကျောင်းကို ကျွန်တော့်/ကျွန်မကို လာကြိုတယ်။｜သူ လက်ဆန့်ပြီး ဘောလုံးကို ဖမ်းလိုက်တယ်။｜အလုပ်ဆင်းပြီး ကလေးကို သွားကြိုမယ်။,接电话 (jiē diànhuà) — ဖုန်းကိုင်သည်｜接人 (jiē rén) — လူသွားကြိုသည်｜接孩子 (jiē háizi) — ကလေးသွားကြိုသည်｜接球 (jiē qiú) — ဘောလုံးဖမ်းသည်｜接受 (jiēshòu) — လက်ခံသည်
783,2,接到,jiē dào,receive,လက်ခံရရှိသည်,我昨天接到一个电话。｜他已经接到通知了。｜我接到了朋友的消息。｜你接到我的电话了吗？｜她今天接到了一封信。,Wǒ zuótiān jiēdào yí ge diànhuà.｜Tā yǐjīng jiēdào tōngzhī le.｜Wǒ jiēdào le péngyou de xiāoxi.｜Nǐ jiēdào wǒ de diànhuà le ma?｜Tā jīntiān jiēdào le yì fēng xìn.,I received a phone call yesterday.｜He has received the notice.｜I received a message from my friend.｜Did you receive my call?｜She received a letter today.,မနေ့က ဖုန်းတစ်ခေါ် လက်ခံရရှိတယ်။｜သူ အသိပေးစာ ရပြီးပြီ။｜သူငယ်ချင်းဆီက သတင်းစကားရတယ်။｜ငါ့ဖုန်းကို လက်ခံရရှိလား။｜ဒီနေ့ သူ စာတစ်စောင်ရတယ်။,接收 (jiēshōu) — လက်ခံရယူသည်｜收到 (shōudào) — ရရှိသည်｜通知 (tōngzhī) — အသိပေးချက်｜消息 (xiāoxi) — သတင်း｜电话 (diànhuà) — ဖုန်း
784,2,接受,jiēshòu,accept,လက်ခံသည်,我接受你的建议。｜他不愿意接受帮助。｜我们应该接受这个事实。｜她很快接受了新工作。｜我不能接受这个价格。,Wǒ jiēshòu nǐ de jiànyì.｜Tā bù yuànyì jiēshòu bāngzhù.｜Wǒmen yīnggāi jiēshòu zhège shìshí.｜Tā hěn kuài jiēshòu le xīn gōngzuò.｜Wǒ bù néng jiēshòu zhège jiàgé.,I accept your suggestion.｜He does not want to accept help.｜We should accept this fact.｜She quickly accepted the new job.｜I cannot accept this price.,မင်းရဲ့အကြံပြုချက်ကို ကျွန်တော်/ကျွန်မ လက်ခံတယ်။｜သူ အကူအညီလက်ခံချင်ဘူး။｜ဒီအချက်ကို ကျွန်တော်တို့ လက်ခံသင့်တယ်။｜သူ အလုပ်အသစ်ကို မြန်မြန်လက်ခံလိုက်တယ်။｜ဒီဈေးနှုန်းကို ကျွန်တော်/ကျွန်မ လက်မခံနိုင်ဘူး။,接受 (jiēshòu) — လက်ခံသည်｜同意 (tóngyì) — သဘောတူသည်｜拒绝 (jùjué) — ငြင်းပယ်သည်｜接受建议 (jiēshòu jiànyì) — အကြံပြုချက်လက်ခံသည်｜接受帮助 (jiēshòu bāngzhù) — အကူအညီလက်ခံသည်
785,2,接下来,jiē xià lái,next,နောက်တစ်ဆင့်၊ ဆက်လက်,接下来我们学习第二课。｜接下来该怎么办？｜接下来请大家休息。｜接下来还有一个问题。｜我们接下来要去哪里？,Jiēxiàlái wǒmen xuéxí dì èr kè.｜Jiēxiàlái gāi zěnme bàn?｜Jiēxiàlái qǐng dàjiā xiūxi.｜Jiēxiàlái hái yǒu yí ge wèntí.｜Wǒmen jiēxiàlái yào qù nǎlǐ?,"Next, we will study Lesson Two.｜What should we do next?｜Please rest next.｜There is another question next.｜Where are we going next?",နောက်တစ်ဆင့်မှာ သင်ခန်းစာ ၂ ကို လေ့လာမယ်။｜နောက်ဘာလုပ်ရမလဲ။｜နောက်တစ်ဆင့်မှာ အားလပ်ပါ။｜နောက်ထပ် မေးခွန်းတစ်ခုရှိသေးတယ်။｜နောက်မှာ ဘယ်ကိုသွားမလဲ။,下一步 (xià yí bù) — နောက်တစ်ဆင့်｜接下来 (jiēxiàlái) — ဆက်လက်｜以后 (yǐhòu) — နောက်ပိုင်း｜然后 (ránhòu) — ပြီးနောက်｜下面 (xiàmiàn) — အောက်ဘက်/နောက်တစ်ခု
786,2,接着,jiēzhe,Next,ဆက်ပြီး,他吃完饭，接着去上班。｜老师接着说：“请看这里。”｜她休息了一会儿，接着学习。｜请接着读下面的句子。｜他说完以后，接着笑了起来。,"Tā chī wán fàn, jiēzhe qù shàngbān.｜Lǎoshī jiēzhe shuō: “Qǐng kàn zhèlǐ.”｜Tā xiūxi le yíhuìr, jiēzhe xuéxí.｜Qǐng jiēzhe dú xiàmiàn de jùzi.｜Tā shuō wán yǐhòu, jiēzhe xiào le qǐlái.","After eating, he continued to go to work.｜The teacher continued saying, “Look here.”｜She rested for a while and then continued studying.｜Please continue reading the sentences below.｜After he finished speaking, he continued laughing.",ထမင်းစားပြီး သူ အလုပ်ဆက်သွားတယ်။｜ဆရာ/ဆရာမက “ဒီဘက်ကိုကြည့်ပါ” လို့ ဆက်ပြောတယ်။｜သူ ခဏနားပြီး စာဆက်လေ့လာတယ်။｜အောက်ကစာကြောင်းတွေကို ဆက်ဖတ်ပါ။｜သူပြောပြီးတော့ ဆက်ရယ်တယ်။,接着 (jiēzhe) — ဆက်ပြီး｜继续 (jìxù) — ဆက်လုပ်သည်｜然后 (ránhòu) — ပြီးနောက်｜随后 (suíhòu) — ထို့နောက်｜接下来 (jiēxiàlái) — ဆက်လက်
787,2,街,jiē,street,လမ်း,我家附近有一条街。｜这条街很热闹。｜我每天经过这条街。｜街上有很多商店。｜晚上街上很安静。,Wǒ jiā fùjìn yǒu yì tiáo jiē.｜Zhè tiáo jiē hěn rènao.｜Wǒ měitiān jīngguò zhè tiáo jiē.｜Jiē shàng yǒu hěn duō shāngdiàn.｜Wǎnshang jiē shàng hěn ānjìng.,There is a street near my home.｜This street is very lively.｜I pass this street every day.｜There are many shops on the street.｜The street is quiet at night.,ကျွန်တော့်/ကျွန်မအိမ်နားမှာ လမ်းတစ်လမ်းရှိတယ်။｜ဒီလမ်းက အရမ်းစည်ကားတယ်။｜ကျွန်တော်/ကျွန်မ ဒီလမ်းကနေ နေ့တိုင်းဖြတ်သွားတယ်။｜လမ်းပေါ်မှာ ဆိုင်တွေအများကြီးရှိတယ်။｜ညဘက် လမ်းပေါ်မှာ တိတ်ဆိတ်တယ်။,街道 (jiēdào) — လမ်း｜街上 (jiē shàng) — လမ်းပေါ်｜街角 (jiējiǎo) — လမ်းထောင့်｜大街 (dàjiē) — လမ်းမကြီး｜街边 (jiēbiān) — လမ်းဘေး
788,2,节（名、量）,jié,festival; holiday; joint; (measure word),အပိုင်း၊ အတန်း၊ အခန်း,我喜欢这节课。｜今天有三节课。｜这节电影很有意思。｜请把这一节读一遍。｜我们下一节课再学习。,Wǒ xǐhuan zhè jié kè.｜Jīntiān yǒu sān jié kè.｜Zhè jié diànyǐng hěn yǒu yìsi.｜Qǐng bǎ zhè yì jié dú yí biàn.｜Wǒmen xià yì jié kè zài xuéxí.,I like this class.｜There are three classes today.｜This part of the movie is interesting.｜Please read this section once.｜We will study in the next class.,ဒီအတန်းကို ကျွန်တော်/ကျွန်မ ကြိုက်တယ်။｜ဒီနေ့ အတန်းသုံးချိန်ရှိတယ်။｜ဒီရုပ်ရှင်အပိုင်းက စိတ်ဝင်စားဖို့ကောင်းတယ်။｜ဒီအပိုင်းကို တစ်ခေါက်ဖတ်ပါ။｜နောက်အတန်းမှာ ဆက်လေ့လာမယ်။,一节课 (yì jié kè) — အတန်းတစ်ချိန်｜一节课 (yì jié kè) — သင်ခန်းစာတစ်ချိန်｜节日 (jiérì) — ပွဲတော်နေ့｜春节 (Chūnjié) — တရုတ်နှစ်သစ်ကူး｜节目 (jiémù) — အစီအစဉ်
789,2,节目,jiémù,program,အစီအစဉ်,我喜欢看电视节目。｜这个节目很有意思。｜晚上有一个新节目。｜她参加了电视节目。｜你最喜欢哪个节目？,Wǒ xǐhuan kàn diànshì jiémù.｜Zhège jiémù hěn yǒu yìsi.｜Wǎnshang yǒu yí ge xīn jiémù.｜Tā cānjiā le diànshì jiémù.｜Nǐ zuì xǐhuan nǎge jiémù?,I like watching TV programs.｜This program is very interesting.｜There is a new program tonight.｜She appeared on a TV program.｜Which program do you like best?,ကျွန်တော်/ကျွန်မ တီဗီအစီအစဉ်တွေ ကြည့်ရတာကြိုက်တယ်။｜ဒီအစီအစဉ်က အရမ်းစိတ်ဝင်စားဖို့ကောင်းတယ်။｜ဒီည အစီအစဉ်အသစ်တစ်ခုရှိတယ်။｜သူ တီဗီအစီအစဉ်မှာ ပါဝင်တယ်။｜မင်း ဘယ်အစီအစဉ်ကို အကြိုက်ဆုံးလဲ။,电视节目 (diànshì jiémù) — တီဗီအစီအစဉ်｜节目单 (jiémù dān) — အစီအစဉ်စာရင်း｜娱乐节目 (yúlè jiémù) — ဖျော်ဖြေရေးအစီအစဉ်｜节目主持人 (jiémù zhǔchírén) — အစီအစဉ်တင်ဆက်သူ｜新节目 (xīn jiémù) — အစီအစဉ်အသစ်
790,2,节日,jiérì,festival,ပွဲတော်နေ့,春节是中国最重要的节日之一。｜我们喜欢一起过节。｜国庆节快到了。｜这个节日很热闹。｜你最喜欢哪个节日？,Chūnjié shì Zhōngguó zuì zhòngyào de jiérì zhī yī.｜Wǒmen xǐhuan yìqǐ guòjié.｜Guóqìngjié kuài dào le.｜Zhège jiérì hěn rènào.｜Nǐ zuì xǐhuan nǎge jiérì?,The Spring Festival is one of China's most important festivals.｜We like celebrating festivals together.｜National Day is coming soon.｜This festival is very lively.｜Which festival do you like most?,တရုတ်နှစ်သစ်ကူးပွဲတော်က တရုတ်နိုင်ငံရဲ့ အရေးကြီးဆုံးပွဲတော်တွေထဲက တစ်ခုပါ။｜ကျွန်တော်တို့ အတူတူပွဲတော်ကျင်းပရတာ ကြိုက်တယ်။｜အမျိုးသားနေ့ မကြာခင်ရောက်တော့မယ်။｜ဒီပွဲတော်က အရမ်းစည်ကားတယ်။｜မင်း ဘယ်ပွဲတော်ကို အကြိုက်ဆုံးလဲ။,节 (jié) — ပွဲတော်/ကာလ｜过节 (guòjié) — ပွဲတော်ကျင်းပသည်｜春节 (Chūnjié) — တရုတ်နှစ်သစ်ကူး｜国庆节 (Guóqìngjié) — အမျိုးသားနေ့｜节日活动 (jiérì huódòng) — ပွဲတော်လှုပ်ရှားမှု
791,2,结果,jiéguǒ,Result,ရလဒ်,考试结果出来了。｜这个结果很好。｜我们等着最后的结果。｜比赛结果明天公布。｜我对这个结果很满意。,Kǎoshì jiéguǒ chūlái le.｜Zhège jiéguǒ hěn hǎo.｜Wǒmen děngzhe zuìhòu de jiéguǒ.｜Bǐsài jiéguǒ míngtiān gōngbù.｜Wǒ duì zhège jiéguǒ hěn mǎnyì.,The exam results are out.｜This result is very good.｜We are waiting for the final result.｜The competition results will be announced tomorrow.｜I am very satisfied with this result.,စာမေးပွဲရလဒ် ထွက်လာပြီ။｜ဒီရလဒ်က အရမ်းကောင်းတယ်။｜ကျွန်တော်တို့ နောက်ဆုံးရလဒ်ကို စောင့်နေတယ်။｜ပြိုင်ပွဲရလဒ်ကို မနက်ဖြန်ကြေညာမယ်။｜ဒီရလဒ်ကို ကျွန်တော် အရမ်းကျေနပ်တယ်။,结果 (jiéguǒ) — ရလဒ်｜成果 (chéngguǒ) — အောင်မြင်ရလဒ်｜结果是 (jiéguǒ shì) — ရလဒ်မှာ｜最终结果 (zuìzhōng jiéguǒ) — နောက်ဆုံးရလဒ်｜好结果 (hǎo jiéguǒ) — ရလဒ်ကောင်း
792,2,借,jiè,borrow,ချေးသည်,我可以借你的书吗？｜他向朋友借了一辆自行车。｜我想借一点钱。｜你可以借给我一支笔吗？｜我昨天借了他的电脑。,Wǒ kěyǐ jiè nǐ de shū ma?｜Tā xiàng péngyou jiè le yí liàng zìxíngchē.｜Wǒ xiǎng jiè yìdiǎn qián.｜Nǐ kěyǐ jiè gěi wǒ yì zhī bǐ ma?｜Wǒ zuótiān jiè le tā de diànnǎo.,Can I borrow your book?｜He borrowed a bicycle from his friend.｜I want to borrow some money.｜Can you lend me a pen?｜I borrowed his computer yesterday.,မင်းရဲ့စာအုပ်ကို ကျွန်တော် ချေးလို့ရမလား။｜သူ သူငယ်ချင်းဆီက စက်ဘီးတစ်စီး ချေးခဲ့တယ်။｜ကျွန်တော် ပိုက်ဆံနည်းနည်း ချေးချင်တယ်။｜မင်း ဘောပင်တစ်ချောင်း ငှားပေးလို့ရမလား။｜မနေ့က သူ့ကွန်ပျူတာကို ကျွန်တော် ချေးခဲ့တယ်။,借钱 (jiè qián) — ပိုက်ဆံချေးသည်｜借书 (jiè shū) — စာအုပ်ချေးသည်｜借给 (jiè gěi) — ချေးပေးသည်｜借用 (jièyòng) — ချေးသုံးသည်｜还 (huán) — ပြန်ပေးသည်
793,2,斤,jīn,a unit of weight (=1/2 kilogram),ဂျင် (အလေးချိန်ယူနစ်),一斤苹果多少钱？｜我买了两斤水果。｜妈妈买了一斤肉。｜这条鱼有三斤重。｜请给我一斤香蕉。,Yì jīn píngguǒ duōshao qián?｜Wǒ mǎi le liǎng jīn shuǐguǒ.｜Māma mǎi le yì jīn ròu.｜Zhè tiáo yú yǒu sān jīn zhòng.｜Qǐng gěi wǒ yì jīn xiāngjiāo.,How much is one jin of apples?｜I bought two jin of fruit.｜Mom bought one jin of meat.｜This fish weighs three jin.｜Please give me one jin of bananas.,ပန်းသီး တစ်ဂျင် ဘယ်လောက်လဲ။｜သစ်သီးနှစ်ဂျင် ဝယ်ခဲ့တယ်။｜အမေ အသားတစ်ဂျင် ဝယ်ခဲ့တယ်။｜ဒီငါးက သုံးဂျင်လေးတယ်။｜ငှက်ပျောသီး တစ်ဂျင် ပေးပါ။,公斤 (gōngjīn) — ကီလိုဂရမ်｜两斤 (liǎng jīn) — နှစ်ဂျင်｜半斤 (bàn jīn) — ဂျင်ဝက်｜斤两 (jīnliǎng) — အလေးချိန်｜重量 (zhòngliàng) — အလေးချိန်
794,2,今后,jīn hòu,from now on; in the future,ယခုနောက်ပိုင်း / အနာဂတ်မှာ,今后我要认真学习中文。｜今后我们要多联系。｜希望你今后学习顺利。｜今后我会更加努力。｜今后有什么问题可以问我。,Jīnhòu wǒ yào rènzhēn xuéxí Zhōngwén.｜Jīnhòu wǒmen yào duō liánxì.｜Xīwàng nǐ jīnhòu xuéxí shùnlì.｜Jīnhòu wǒ huì gèngjiā nǔlì.｜Jīnhòu yǒu shénme wèntí kěyǐ wèn wǒ.,"From now on, I will study Chinese seriously.｜From now on, we should keep in touch more.｜I hope your studies go well from now on.｜I will work harder from now on.｜You can ask me if you have any questions in the future.",အခုနောက်ပိုင်း ကျွန်တော် တရုတ်စာကို အလေးအနက်လေ့လာမယ်။｜အခုနောက်ပိုင်း ကျွန်တော်တို့ ပိုပြီးဆက်သွယ်သင့်တယ်။｜အနာဂတ်မှာ မင်းစာလေ့လာတာ အဆင်ပြေပါစေ။｜အခုနောက်ပိုင်း ကျွန်တော် ပိုကြိုးစားမယ်။｜အနာဂတ်မှာ ဘာပြဿနာရှိရင် ကျွန်တော့်ကိုမေးလို့ရတယ်။,以后 (yǐhòu) — နောက်ပိုင်း｜将来 (jiānglái) — အနာဂတ်｜未来 (wèilái) — အနာဂတ်｜今后生活 (jīnhòu shēnghuó) — နောင်ဘဝ｜以后再说 (yǐhòu zài shuō) — နောက်မှပြောမယ်
795,2,进入,jìn rù,enter; go in; join,ဝင်ရောက်သည်,他走进了教室。｜请进入房间。｜学生们进入学校。｜我第一次进入这个网站。｜她慢慢进入了房间。,Tā zǒu jìn le jiàoshì.｜Qǐng jìnrù fángjiān.｜Xuéshengmen jìnrù xuéxiào.｜Wǒ dì yī cì jìnrù zhège wǎngzhàn.｜Tā mànmàn jìnrù le fángjiān.,He walked into the classroom.｜Please enter the room.｜The students entered the school.｜It was my first time entering this website.｜She slowly entered the room.,သူ စာသင်ခန်းထဲကို ဝင်သွားတယ်။｜အခန်းထဲ ဝင်ပါ။｜ကျောင်းသားတွေ ကျောင်းထဲ ဝင်သွားကြတယ်။｜ဒီဝက်ဘ်ဆိုက်ထဲကို ပထမဆုံးအကြိမ် ဝင်တာပါ။｜သူမ အခန်းထဲကို ဖြည်းဖြည်းချင်း ဝင်သွားတယ်။,进去 (jìnqù) — အထဲဝင်သည်｜进来 (jìnlái) — ဒီဘက်ဝင်လာသည်｜进入学校 (jìnrù xuéxiào) — ကျောင်းထဲဝင်သည်｜进口 (jìnkǒu) — တင်သွင်းသည်｜进门 (jìn mén) — တံခါးဝင်သည်
796,2,进行,jìnxíng,Conduct,ဆောင်ရွက်သည် / လုပ်ဆောင်သည်,我们正在进行考试。｜会议下午三点进行。｜工作正在顺利进行。｜活动正在进行中。｜我们需要进行讨论。,Wǒmen zhèngzài jìnxíng kǎoshì.｜Huìyì xiàwǔ sān diǎn jìnxíng.｜Gōngzuò zhèngzài shùnlì jìnxíng.｜Huódòng zhèngzài jìnxíng zhōng.｜Wǒmen xūyào jìnxíng tǎolùn.,We are taking an exam.｜The meeting will take place at three in the afternoon.｜The work is progressing smoothly.｜The activity is in progress.｜We need to have a discussion.,ကျွန်တော်တို့ စာမေးပွဲဖြေနေတယ်။｜အစည်းအဝေးကို နေ့လယ်သုံးနာရီမှာ ကျင်းပမယ်။｜အလုပ်က ချောချောမွေ့မွေ့ ဆက်လက်လုပ်ဆောင်နေတယ်။｜လှုပ်ရှားမှုက လုပ်ဆောင်နေဆဲဖြစ်တယ်။｜ကျွန်တော်တို့ ဆွေးနွေးမှုလုပ်ဖို့ လိုတယ်။,进行中 (jìnxíng zhōng) — လုပ်ဆောင်နေဆဲ｜进行工作 (jìnxíng gōngzuò) — အလုပ်လုပ်ဆောင်သည်｜进行讨论 (jìnxíng tǎolùn) — ဆွေးနွေးသည်｜进行活动 (jìnxíng huódòng) — လှုပ်ရှားမှုလုပ်ဆောင်သည်｜进行考试 (jìnxíng kǎoshì) — စာမေးပွဲပြုလုပ်သည်
797,2,近,jìn,near,နီးသည်,我家离学校很近。｜商店就在附近。｜这里离车站很近。｜他坐得很近。｜我的生日很近了。,Wǒ jiā lí xuéxiào hěn jìn.｜Shāngdiàn jiù zài fùjìn.｜Zhèlǐ lí chēzhàn hěn jìn.｜Tā zuò de hěn jìn.｜Wǒ de shēngrì hěn jìn le.,My home is close to the school.｜The shop is nearby.｜This place is close to the station.｜He is sitting very close.｜My birthday is coming soon.,ကျွန်တော့်အိမ်က ကျောင်းနဲ့ နီးတယ်။｜ဆိုင်က အနီးအနားမှာပဲ။｜ဒီနေရာက ဘူတာနဲ့ နီးတယ်။｜သူက အရမ်းနီးနီးထိုင်တယ်။｜ကျွန်တော့်မွေးနေ့က မကြာခင်ရောက်တော့မယ်။,附近 (fùjìn) — အနီးအနား｜接近 (jiējìn) — ချဉ်းကပ်သည်｜最近 (zuìjìn) — မကြာသေးမီ / အနီးဆုံး｜近处 (jìnchù) — အနီးနေရာ｜远 (yuǎn) — ဝေးသည်
798,2,经常,jīngcháng,Often,မကြာခဏ,我经常听中文歌。｜他经常来这里。｜我们经常一起学习。｜她经常帮助别人。｜我经常坐公交车上班。,Wǒ jīngcháng tīng Zhōngwén gē.｜Tā jīngcháng lái zhèlǐ.｜Wǒmen jīngcháng yìqǐ xuéxí.｜Tā jīngcháng bāngzhù biérén.｜Wǒ jīngcháng zuò gōngjiāochē shàngbān.,I often listen to Chinese songs.｜He often comes here.｜We often study together.｜She often helps others.｜I often take the bus to work.,ကျွန်တော် တရုတ်သီချင်းတွေကို မကြာခဏနားထောင်တယ်။｜သူ ဒီကို မကြာခဏလာတယ်။｜ကျွန်တော်တို့ အတူတူ မကြာခဏစာလေ့လာတယ်။｜သူမ သူများတွေကို မကြာခဏကူညီတယ်။｜ကျွန်တော် အလုပ်သွားဖို့ ဘတ်စ်ကားကို မကြာခဏစီးတယ်။,常常 (chángcháng) — မကြာခဏ｜通常 (tōngcháng) — ပုံမှန်အားဖြင့်｜平常 (píngcháng) — ပုံမှန်｜经常性 (jīngchángxìng) — မကြာခဏဖြစ်သော｜偶尔 (ǒu'ěr) — တစ်ခါတလေ
799,2,经过,jīngguò,"after, through",ဖြတ်သန်းသည် / ကြုံတွေ့သည်,我每天经过这家商店。｜我们经过了一个公园。｜他经过学校的时候看到了我。｜这条路经过市中心。｜我刚好经过那里。,Wǒ měitiān jīngguò zhè jiā shāngdiàn.｜Wǒmen jīngguò le yí ge gōngyuán.｜Tā jīngguò xuéxiào de shíhou kàndào le wǒ.｜Zhè tiáo lù jīngguò shì zhōngxīn.｜Wǒ gānghǎo jīngguò nàlǐ.,I pass this shop every day.｜We passed a park.｜He saw me when he passed the school.｜This road passes through the city center.｜I happened to pass by there.,ဒီဆိုင်ကို ကျွန်တော် နေ့တိုင်းဖြတ်သန်းတယ်။｜ကျွန်တော်တို့ ပန်းခြံတစ်ခုကို ဖြတ်သန်းခဲ့တယ်။｜သူ ကျောင်းကိုဖြတ်သွားတဲ့အချိန်မှာ ကျွန်တော့်ကိုတွေ့တယ်။｜ဒီလမ်းက မြို့လယ်ကို ဖြတ်သွားတယ်။｜ကျွန်တော် အဲ့ဒီနေရာကို ဖြတ်သွားရင်း တိုက်တိုက်ဆိုင်ဆိုင်ရောက်ခဲ့တယ်။,经过 (jīngguò) — ဖြတ်သန်းသည်｜经过这里 (jīngguò zhèlǐ) — ဒီနေရာကို ဖြတ်သန်းသည်｜路过 (lùguò) — လမ်းမှာဖြတ်သွားသည်｜通过 (tōngguò) — ဖြတ်ကျော်သည်｜经过时间 (jīngguò shíjiān) — အချိန်ကြာလာပြီး
800,2,经理,jīnglǐ,manager,မန်နေဂျာ,我们的经理很友好。｜经理正在开会。｜他是公司的经理。｜经理让我准备报告。｜我昨天见到了经理。,Wǒmen de jīnglǐ hěn yǒuhǎo.｜Jīnglǐ zhèngzài kāihuì.｜Tā shì gōngsī de jīnglǐ.｜Jīnglǐ ràng wǒ zhǔnbèi bàogào.｜Wǒ zuótiān jiàndào le jīnglǐ.,Our manager is very friendly.｜The manager is having a meeting.｜He is the company manager.｜The manager asked me to prepare a report.｜I saw the manager yesterday.,ကျွန်တော်တို့ရဲ့ မန်နေဂျာက အရမ်းဖော်ရွေတယ်။｜မန်နေဂျာ အစည်းအဝေးလုပ်နေတယ်။｜သူက ကုမ္ပဏီရဲ့ မန်နေဂျာပါ။｜မန်နေဂျာက ကျွန်တော့်ကို အစီရင်ခံစာပြင်ဆင်ခိုင်းတယ်။｜မနေ့က မန်နေဂျာကို တွေ့ခဲ့တယ်။,老板 (lǎobǎn) — သူဌေး｜经理人 (jīnglǐrén) — မန်နေဂျာ｜公司经理 (gōngsī jīnglǐ) — ကုမ္ပဏီမန်နေဂျာ｜副经理 (fù jīnglǐ) — ဒုမန်နေဂျာ｜经理办公室 (jīnglǐ bàngōngshì) — မန်နေဂျာရုံးခန်း
801,2,酒,jiǔ,alcohol; liqueur,အရက်,他不喝酒。｜爸爸喜欢喝酒。｜这里不能喝酒。｜他买了一瓶酒。｜少喝酒对身体比较好。,Tā bù hē jiǔ.｜Bàba xǐhuan hē jiǔ.｜Zhèlǐ bù néng hē jiǔ.｜Tā mǎi le yì píng jiǔ.｜Shǎo hē jiǔ duì shēntǐ bǐjiào hǎo.,He doesn't drink alcohol.｜Dad likes drinking alcohol.｜You cannot drink alcohol here.｜He bought a bottle of alcohol.｜Drinking less alcohol is better for your health.,သူ အရက်မသောက်ဘူး။｜အဖေက အရက်သောက်ရတာ ကြိုက်တယ်။｜ဒီမှာ အရက်သောက်လို့မရဘူး။｜သူ အရက်တစ်ပုလင်းဝယ်ခဲ့တယ်။｜အရက်ကို လျှော့သောက်တာက ကျန်းမာရေးအတွက် ပိုကောင်းတယ်။,啤酒 (píjiǔ) — ဘီယာ｜白酒 (báijiǔ) — တရုတ်အရက်ဖြူ｜红酒 (hóngjiǔ) — ဝိုင်နီ｜喝酒 (hējiǔ) — အရက်သောက်သည်｜酒杯 (jiǔbēi) — အရက်ခွက်
802,2,酒店,jiǔ diàn,hotel,ဟိုတယ်,我们住在一家酒店。｜这家酒店很漂亮。｜酒店就在车站附近。｜我已经预订了酒店。｜酒店里有很多客人。,Wǒmen zhù zài yì jiā jiǔdiàn.｜Zhè jiā jiǔdiàn hěn piàoliang.｜Jiǔdiàn jiù zài chēzhàn fùjìn.｜Wǒ yǐjīng yùdìng le jiǔdiàn.｜Jiǔdiàn lǐ yǒu hěn duō kèrén.,We are staying at a hotel.｜This hotel is beautiful.｜The hotel is near the station.｜I have already booked a hotel.｜There are many guests in the hotel.,ကျွန်တော်တို့ ဟိုတယ်တစ်ခုမှာ တည်းနေတယ်။｜ဒီဟိုတယ်က အရမ်းလှတယ်။｜ဟိုတယ်က ဘူတာအနီးမှာပဲ။｜ဟိုတယ်ကို ကြိုတင်ဘိုကင်လုပ်ထားပြီးပြီ။｜ဟိုတယ်ထဲမှာ ဧည့်သည်တွေအများကြီးရှိတယ်။,酒店 (jiǔdiàn) — ဟိုတယ်｜宾馆 (bīnguǎn) — တည်းခိုခန်း/ဟိုတယ်｜酒店房间 (jiǔdiàn fángjiān) — ဟိုတယ်အခန်း｜酒店老板 (jiǔdiàn lǎobǎn) — ဟိုတယ်ပိုင်ရှင်｜订酒店 (dìng jiǔdiàn) — ဟိုတယ်ဘိုကင်လုပ်သည်
803,2,就要,jiù yào,be going to; be about to,မကြာမီတော့မည်,我就要回家了。｜电影就要开始了。｜火车就要到了。｜天就要黑了。｜考试就要开始了。,Wǒ jiù yào huí jiā le.｜Diànyǐng jiù yào kāishǐ le.｜Huǒchē jiù yào dào le.｜Tiān jiù yào hēi le.｜Kǎoshì jiù yào kāishǐ le.,I am about to go home.｜The movie is about to start.｜The train is about to arrive.｜It is about to get dark.｜The exam is about to start.,ကျွန်တော် အိမ်ပြန်တော့မယ်။｜ရုပ်ရှင် စတော့မယ်။｜ရထား ရောက်တော့မယ်။｜မကြာခင် မှောင်တော့မယ်။｜စာမေးပွဲ စတော့မယ်။,快要 (kuài yào) — မကြာခင်တော့မည်｜马上 (mǎshàng) — ချက်ချင်း / မကြာခင်｜将要 (jiāngyào) — မကြာမီဖြစ်တော့မည်｜就快 (jiù kuài) — မကြာခင်｜即将 (jíjiāng) — မကြာမီ
804,2,举,jǔ,lift,မြှောက်သည် / ထောင်သည်,他举起了手。｜请举手回答问题。｜她举起杯子。｜老师让学生举手。｜他把书举得很高。,Tā jǔ qǐ le shǒu.｜Qǐng jǔshǒu huídá wèntí.｜Tā jǔ qǐ bēizi.｜Lǎoshī ràng xuésheng jǔshǒu.｜Tā bǎ shū jǔ de hěn gāo.,He raised his hand.｜Please raise your hand to answer the question.｜She raised her glass.｜The teacher asked the students to raise their hands.｜He held the book up high.,သူ လက်ကို မြှောက်လိုက်တယ်။｜မေးခွန်းဖြေဖို့ လက်မြှောက်ပါ။｜သူမ ဖန်ခွက်ကို မြှောက်လိုက်တယ်။｜ဆရာက ကျောင်းသားတွေကို လက်မြှောက်ခိုင်းတယ်။｜သူ စာအုပ်ကို အမြင့်ကြီး မြှောက်ထားတယ်။,举起 (jǔqǐ) — မြှောက်သည်｜举重 (jǔzhòng) — အလေးမသည်｜举例 (jǔlì) — ဥပမာပေးသည်｜举杯 (jǔbēi) — ဖန်ခွက်မြှောက်သည်｜举高 (jǔgāo) — မြှောက်တင်သည်
805,2,举手,jǔ shǒu,raise one’s hand or hands,လက်မြှောက်သည်,老师提问时，请举手。｜很多学生举手了。｜我举手回答了问题。｜他在课堂上举手。｜请想好以后再举手。,"Lǎoshī tíwèn shí, qǐng jǔshǒu.｜Hěn duō xuésheng jǔshǒu le.｜Wǒ jǔshǒu huídá le wèntí.｜Tā zài kètáng shàng jǔshǒu.｜Qǐng xiǎng hǎo yǐhòu zài jǔshǒu.",Please raise your hand when the teacher asks a question.｜Many students raised their hands.｜I raised my hand to answer the question.｜He raised his hand in class.｜Think carefully before raising your hand.,ဆရာမေးခွန်းမေးတဲ့အခါ လက်မြှောက်ပါ။｜ကျောင်းသားအများကြီး လက်မြှောက်ကြတယ်။｜မေးခွန်းဖြေဖို့ ကျွန်တော် လက်မြှောက်ခဲ့တယ်။｜သူ စာသင်ခန်းထဲမှာ လက်မြှောက်တယ်။｜လက်မမြှောက်ခင် သေချာစဉ်းစားပါ။,举起手 (jǔqǐ shǒu) — လက်မြှောက်သည်｜举手回答 (jǔshǒu huídá) — လက်မြှောက်ပြီးဖြေသည်｜举手表决 (jǔshǒu biǎojué) — လက်မြှောက်မဲပေးသည်｜举手发言 (jǔshǒu fāyán) — လက်မြှောက်ပြီးပြောသည်｜举手示意 (jǔshǒu shìyì) — လက်မြှောက်အချက်ပြသည်
806,2,举行,jǔxíng,hold,ကျင်းပသည်,学校明天举行运动会。｜我们下周举行会议。｜他们举行了婚礼。｜学校每年举行比赛。｜这个活动将在晚上举行。,Xuéxiào míngtiān jǔxíng yùndònghuì.｜Wǒmen xià zhōu jǔxíng huìyì.｜Tāmen jǔxíng le hūnlǐ.｜Xuéxiào měinián jǔxíng bǐsài.｜Zhège huódòng jiāng zài wǎnshang jǔxíng.,The school will hold a sports event tomorrow.｜We will hold a meeting next week.｜They held a wedding.｜The school holds competitions every year.｜The event will be held in the evening.,ကျောင်းက မနက်ဖြန် အားကစားပွဲကျင်းပမယ်။｜ကျွန်တော်တို့ နောက်အပတ်မှာ အစည်းအဝေးကျင်းပမယ်။｜သူတို့ မင်္ဂလာပွဲကျင်းပခဲ့တယ်။｜ကျောင်းက နှစ်တိုင်း ပြိုင်ပွဲကျင်းပတယ်။｜ဒီလှုပ်ရှားမှုကို ညဘက်မှာ ကျင်းပမယ်။,举行 (jǔxíng) — ကျင်းပသည်｜举办 (jǔbàn) — စီစဉ်ကျင်းပသည်｜活动 (huódòng) — လှုပ်ရှားမှု｜会议 (huìyì) — အစည်းအဝေး｜比赛 (bǐsài) — ပြိုင်ပွဲ
807,2,句,jù,sentence,ဝါကျ,请读这个句子。｜这个句子很简单。｜我不知道这个句子的意思。｜请把这个句子写下来。｜老师正在解释这个句子。,Qǐng dú zhège jùzi.｜Zhège jùzi hěn jiǎndān.｜Wǒ bù zhīdào zhège jùzi de yìsi.｜Qǐng bǎ zhège jùzi xiě xiàlái.｜Lǎoshī zhèngzài jiěshì zhège jùzi.,Please read this sentence.｜This sentence is very simple.｜I don't know the meaning of this sentence.｜Please write down this sentence.｜The teacher is explaining this sentence.,ဒီဝါကျကို ဖတ်ပါ။｜ဒီဝါကျက အရမ်းရိုးရှင်းတယ်။｜ဒီဝါကျရဲ့ အဓိပ္ပာယ်ကို ကျွန်တော်မသိဘူး။｜ဒီဝါကျကို ချရေးပါ။｜ဆရာက ဒီဝါကျကို ရှင်းပြနေတယ်။,句号 (jùhào) — ပုဒ်ဖြတ်အမှတ်｜语句 (yǔjù) — စာကြောင်း｜造句 (zàojù) — ဝါကျဖွဲ့သည်｜短句 (duǎnjù) — ဝါကျတို｜长句 (chángjù) — ဝါကျရှည်
808,2,句子,jùzi,sentence,ဝါကျ / စာကြောင်း,这个句子很长。｜我喜欢读中文句子。｜请用这个词造一个句子。｜这句话是什么意思？｜我写了五个句子。,Zhège jùzi hěn cháng.｜Wǒ xǐhuan dú Zhōngwén jùzi.｜Qǐng yòng zhège cí zào yí ge jùzi.｜Zhè jù huà shì shénme yìsi?｜Wǒ xiě le wǔ ge jùzi.,This sentence is long.｜I like reading Chinese sentences.｜Please make a sentence with this word.｜What does this sentence mean?｜I wrote five sentences.,ဒီဝါကျက ရှည်တယ်။｜ကျွန်တော် တရုတ်ဝါကျတွေ ဖတ်ရတာကြိုက်တယ်။｜ဒီစကားလုံးကိုသုံးပြီး ဝါကျတစ်ကြောင်းလုပ်ပါ။｜ဒီဝါကျက ဘာအဓိပ္ပာယ်လဲ။｜ကျွန်တော် ဝါကျငါးကြောင်းရေးခဲ့တယ်။,句号 (jùhào) — ပုဒ်ဖြတ်အမှတ်｜语句 (yǔjù) — စာကြောင်း｜造句 (zàojù) — ဝါကျဖွဲ့သည်｜例句 (lìjù) — နမူနာဝါကျ｜句型 (jùxíng) — ဝါကျပုံစံ
809,2,卡,kǎ,card,ကတ် / ကဒ်,请给我一张银行卡。｜我忘记带公交卡了。｜这张卡不能用了。｜我需要一张会员卡。｜请把卡给我。,Qǐng gěi wǒ yì zhāng yínhángkǎ.｜Wǒ wàngjì dài gōngjiāo kǎ le.｜Zhè zhāng kǎ bù néng yòng le.｜Wǒ xūyào yì zhāng huìyuán kǎ.｜Qǐng bǎ kǎ gěi wǒ.,Please give me a bank card.｜I forgot to bring my bus card.｜This card doesn't work anymore.｜I need a membership card.｜Please give me the card.,ဘဏ်ကတ်တစ်ကတ် ပေးပါ။｜ဘတ်စ်ကားကတ် ယူလာဖို့ မေ့သွားတယ်။｜ဒီကတ် သုံးလို့မရတော့ဘူး။｜ကျွန်တော် အသင်းဝင်ကတ်တစ်ကတ် လိုတယ်။｜ကတ်ကို ကျွန်တော့်ကို ပေးပါ။,卡片 (kǎpiàn) — ကတ်ပြား｜银行卡 (yínhángkǎ) — ဘဏ်ကတ်｜公交卡 (gōngjiāo kǎ) — ဘတ်စ်ကားကတ်｜会员卡 (huìyuán kǎ) — အသင်းဝင်ကတ်｜信用卡 (xìnyòngkǎ) — ခရက်ဒစ်ကတ်
810,2,开机,kāi jī,starting up,စက်ဖွင့်သည်,我每天早上开机。｜请先开机。｜电脑还没有开机。｜他正在开机。｜开机以后请打开这个软件。,Wǒ měitiān zǎoshang kāijī.｜Qǐng xiān kāijī.｜Diànnǎo hái méiyǒu kāijī.｜Tā zhèngzài kāijī.｜Kāijī yǐhòu qǐng dǎkāi zhège ruǎnjiàn.,"I turn on the computer every morning.｜Please turn it on first.｜The computer is not turned on yet.｜He is turning it on.｜After turning it on, please open this software.",နေ့တိုင်းမနက်မှာ ကွန်ပျူတာဖွင့်တယ်။｜အရင်ဆုံး စက်ဖွင့်ပါ။｜ကွန်ပျူတာက မဖွင့်ရသေးဘူး။｜သူ စက်ဖွင့်နေတယ်။｜စက်ဖွင့်ပြီးရင် ဒီဆော့ဖ်ဝဲကို ဖွင့်ပါ။,开关机 (kāiguān jī) — စက်ဖွင့်/ပိတ်ခြင်း｜开电脑 (kāi diànnǎo) — ကွန်ပျူတာဖွင့်သည်｜电脑 (diànnǎo) — ကွန်ပျူတာ｜打开 (dǎkāi) — ဖွင့်သည်｜关机 (guānjī) — စက်ပိတ်သည်
811,2,开心,kāixīn,Happy,ပျော်ရွှင်သည်,今天我很开心。｜看到你我很开心。｜孩子们玩得很开心。｜她开心地笑了。｜希望你每天都开心。,Jīntiān wǒ hěn kāixīn.｜Kàndào nǐ wǒ hěn kāixīn.｜Háizimen wán de hěn kāixīn.｜Tā kāixīn de xiào le.｜Xīwàng nǐ měitiān dōu kāixīn.,I am very happy today.｜I am happy to see you.｜The children are having fun.｜She smiled happily.｜I hope you are happy every day.,ဒီနေ့ ကျွန်တော် အရမ်းပျော်တယ်။｜မင်းကိုတွေ့ရလို့ ကျွန်တော်ပျော်တယ်။｜ကလေးတွေ အရမ်းပျော်ပျော်ရွှင်ရွှင် ကစားနေကြတယ်။｜သူမ ပျော်ပျော်ရွှင်ရွှင် ပြုံးလိုက်တယ်။｜မင်းနေ့တိုင်း ပျော်ရွှင်ပါစေလို့ မျှော်လင့်တယ်။,高兴 (gāoxìng) — ပျော်ရွှင်သည်｜快乐 (kuàilè) — ပျော်ရွှင်မှု｜开心地 (kāixīn de) — ပျော်ပျော်ရွှင်ရွှင်｜伤心 (shāngxīn) — ဝမ်းနည်းသည်｜开心起来 (kāixīn qǐlái) — ပျော်လာသည်
812,2,开学,kāi xué,school opens; term begins,ကျောင်းဖွင့်သည်,下个月学校就要开学了。｜开学第一天我很忙。｜孩子们准备开学了。｜开学以后我要认真学习。｜新学期什么时候开学？,Xià ge yuè xuéxiào jiù yào kāixué le.｜Kāixué dì yī tiān wǒ hěn máng.｜Háizimen zhǔnbèi kāixué le.｜Kāixué yǐhòu wǒ yào rènzhēn xuéxí.｜Xīn xuéqī shénme shíhou kāixué?,School will start next month.｜I was very busy on the first day of school.｜The children are getting ready for school.｜I will study hard after school starts.｜When does the new semester start?,နောက်လမှာ ကျောင်းပြန်ဖွင့်တော့မယ်။｜ကျောင်းဖွင့်တဲ့ ပထမနေ့မှာ ကျွန်တော် အရမ်းအလုပ်များတယ်။｜ကလေးတွေ ကျောင်းဖွင့်ဖို့ ပြင်ဆင်နေကြတယ်။｜ကျောင်းဖွင့်ပြီးရင် ကျွန်တော် အလေးအနက်ထားပြီး စာလေ့လာမယ်။｜စာသင်နှစ်သစ်က ဘယ်တော့ကျောင်းဖွင့်မလဲ။,学校 (xuéxiào) — ကျောင်း｜开学日 (kāixué rì) — ကျောင်းဖွင့်ရက်｜新学期 (xīn xuéqī) — စာသင်နှစ်သစ်｜上学 (shàngxué) — ကျောင်းတက်သည်｜放假 (fàngjià) — ကျောင်းပိတ်သည်
813,2,看法,kànfǎ,view,အမြင်၊ အယူအဆ,你对这件事有什么看法？｜我的看法和你一样。｜老师听了我的看法。｜每个人都有自己的看法。｜我想听听你的看法。,Nǐ duì zhè jiàn shì yǒu shénme kànfǎ?｜Wǒ de kànfǎ hé nǐ yíyàng.｜Lǎoshī tīng le wǒ de kànfǎ.｜Měi ge rén dōu yǒu zìjǐ de kànfǎ.｜Wǒ xiǎng tīngting nǐ de kànfǎ.,What is your opinion about this matter?｜My opinion is the same as yours.｜The teacher heard my opinion.｜Everyone has their own opinion.｜I want to hear your opinion.,ဒီကိစ္စနဲ့ပတ်သက်ပြီး မင်းရဲ့အမြင်က ဘာလဲ။｜ကျွန်တော့်အမြင်က မင်းနဲ့အတူတူပဲ။｜ဆရာက ကျွန်တော့်အမြင်ကို နားထောင်ခဲ့တယ်။｜လူတိုင်းမှာ ကိုယ့်အမြင်နဲ့ကိုယ်ရှိတယ်။｜မင်းရဲ့အမြင်ကို နားထောင်ချင်တယ်။,意见 (yìjiàn) — အမြင်၊ အကြံပြုချက်｜观点 (guāndiǎn) — ရှုမြင်ချက်｜想法 (xiǎngfǎ) — အတွေးအမြင်｜意见不同 (yìjiàn bùtóng) — အမြင်မတူ｜个人看法 (gèrén kànfǎ) — ကိုယ်ပိုင်အမြင်
814,2,考生,kǎo shēng,examinee,စာမေးပွဲဖြေသူ,这些考生正在准备考试。｜考生不能迟到。｜考生都坐在教室里。｜老师正在帮助考生。｜考试结束后，考生离开了学校。,"Zhèxiē kǎoshēng zhèngzài zhǔnbèi kǎoshì.｜Kǎoshēng bù néng chídào.｜Kǎoshēng dōu zuò zài jiàoshì lǐ.｜Lǎoshī zhèngzài bāngzhù kǎoshēng.｜Kǎoshì jiéshù hòu, kǎoshēng líkāi le xuéxiào.","These examinees are preparing for the exam.｜Examinees cannot be late.｜The examinees are sitting in the classroom.｜The teacher is helping the examinees.｜After the exam, the examinees left the school.",ဒီစာမေးပွဲဖြေသူတွေ စာမေးပွဲအတွက် ပြင်ဆင်နေကြတယ်။｜စာမေးပွဲဖြေသူတွေ နောက်ကျလို့မရဘူး။｜စာမေးပွဲဖြေသူတွေ စာသင်ခန်းထဲမှာ ထိုင်နေကြတယ်။｜ဆရာက စာမေးပွဲဖြေသူတွေကို ကူညီပေးနေတယ်။｜စာမေးပွဲပြီးတော့ စာမေးပွဲဖြေသူတွေ ကျောင်းကနေ ထွက်သွားကြတယ်။,考试 (kǎoshì) — စာမေးပွဲ｜考试成绩 (kǎoshì chéngjì) — စာမေးပွဲရလဒ်｜考场 (kǎochǎng) — စာမေးပွဲခန်း｜考生证 (kǎoshēng zhèng) — စာမေးပွဲဖြေသူကတ်｜考生名单 (kǎoshēng míngdān) — စာမေးပွဲဖြေသူစာရင်း
815,2,靠,kào,lean,မှီသည်၊ အားကိုးသည်,他靠在墙上休息。｜我靠朋友的帮助完成了工作。｜别靠得太近。｜他靠着椅子坐着。｜我们不能总是靠别人。,Tā kào zài qiáng shàng xiūxi.｜Wǒ kào péngyou de bāngzhù wánchéng le gōngzuò.｜Bié kào de tài jìn.｜Tā kào zhe yǐzi zuòzhe.｜Wǒmen bù néng zǒng shì kào biérén.,He is leaning against the wall and resting.｜I completed the work with my friend's help.｜Don't stand too close.｜He is sitting against the chair.｜We cannot always rely on others.,သူ နံရံကိုမှီပြီး အနားယူနေတယ်။｜သူငယ်ချင်းရဲ့အကူအညီကို အားကိုးပြီး အလုပ်ပြီးအောင်လုပ်ခဲ့တယ်။｜အရမ်းနီးနီး မရပ်နဲ့။｜သူ ကုလားထိုင်ကိုမှီပြီး ထိုင်နေတယ်။｜ကျွန်တော်တို့ အမြဲတမ်း သူများကို အားကိုးလို့မရဘူး။,靠近 (kàojìn) — နီးကပ်သည်｜依靠 (yīkào) — အားကိုးသည်｜靠着 (kàozhe) — မှီထားသည်｜可靠 (kěkào) — ယုံကြည်အားကိုးရသည်｜靠自己 (kào zìjǐ) — ကိုယ့်ကိုယ်ကိုအားကိုးသည်
816,2,科,kē,subject; family; section,ဘာသာရပ်၊ သိပ္ပံနယ်ပယ်,我最喜欢中文这门科。｜这所学校有很多科。｜数学是一门重要的科。｜你喜欢哪一科？｜他正在学习新的科目。,Wǒ zuì xǐhuan Zhōngwén zhè mén kē.｜Zhè suǒ xuéxiào yǒu hěn duō kē.｜Shùxué shì yì mén zhòngyào de kē.｜Nǐ xǐhuan nǎ yì kē?｜Tā zhèngzài xuéxí xīn de kēmù.,I like Chinese as a subject.｜This school has many subjects.｜Math is an important subject.｜Which subject do you like?｜He is studying a new subject.,ကျွန်တော် တရုတ်စာဘာသာရပ်ကို အကြိုက်ဆုံးပဲ။｜ဒီကျောင်းမှာ ဘာသာရပ်တွေအများကြီးရှိတယ်။｜သင်္ချာက အရေးကြီးတဲ့ဘာသာရပ်တစ်ခုပါ။｜မင်း ဘယ်ဘာသာရပ်ကို ကြိုက်လဲ။｜သူ ဘာသာရပ်အသစ်တစ်ခုကို လေ့လာနေတယ်။,科目 (kēmù) — ဘာသာရပ်｜学科 (xuékē) — ပညာရပ်｜文科 (wénkē) — လူမှု/စာပေပညာရပ်｜理科 (lǐkē) — သိပ္ပံ/သင်္ချာပညာရပ်｜科系 (kēxì) — ဘာသာရပ်ဌာန
817,2,科学,kēxué,science,သိပ္ပံ,科学改变了我们的生活。｜我喜欢学习科学。｜科学家正在做实验。｜科学知识很重要。｜我们应该相信科学。,Kēxué gǎibiàn le wǒmen de shēnghuó.｜Wǒ xǐhuan xuéxí kēxué.｜Kēxuéjiā zhèngzài zuò shíyàn.｜Kēxué zhīshi hěn zhòngyào.｜Wǒmen yīnggāi xiāngxìn kēxué.,Science has changed our lives.｜I like studying science.｜The scientist is doing an experiment.｜Scientific knowledge is important.｜We should believe in science.,သိပ္ပံပညာက ကျွန်တော်တို့ဘဝကို ပြောင်းလဲစေခဲ့တယ်။｜ကျွန်တော် သိပ္ပံပညာလေ့လာရတာ ကြိုက်တယ်။｜သိပ္ပံပညာရှင်က စမ်းသပ်မှုလုပ်နေတယ်။｜သိပ္ပံဗဟုသုတက အရေးကြီးတယ်။｜ကျွန်တော်တို့ သိပ္ပံပညာကို ယုံကြည်သင့်တယ်။,科学家 (kēxuéjiā) — သိပ္ပံပညာရှင်｜科学技术 (kēxué jìshù) — သိပ္ပံနည်းပညာ｜科学知识 (kēxué zhīshi) — သိပ္ပံဗဟုသုတ｜自然科学 (zìrán kēxué) — သဘာဝသိပ္ပံ｜科学研究 (kēxué yánjiū) — သိပ္ပံသုတေသန
818,2,可爱,kě’ài,Lovely,ချစ်စရာကောင်းသည်,这个小孩儿很可爱。｜你的狗真可爱。｜她笑起来很可爱。｜这只小猫非常可爱。｜那个孩子穿得很可爱。,Zhège xiǎoháir hěn kě'ài.｜Nǐ de gǒu zhēn kě'ài.｜Tā xiào qǐlái hěn kě'ài.｜Zhè zhī xiǎomāo fēicháng kě'ài.｜Nàge háizi chuān de hěn kě'ài.,This child is very cute.｜Your dog is really cute.｜She looks cute when she smiles.｜This kitten is very cute.｜That child is dressed very cutely.,ဒီကလေးလေးက အရမ်းချစ်စရာကောင်းတယ်။｜မင်းရဲ့ခွေးလေးက တကယ်ချစ်စရာကောင်းတယ်။｜သူမ ပြုံးလိုက်ရင် ချစ်စရာကောင်းတယ်။｜ဒီကြောင်လေးက အရမ်းချစ်စရာကောင်းတယ်။｜အဲ့ဒီကလေးက အဝတ်အစားဝတ်ထားတာ ချစ်စရာကောင်းတယ်။,可爱的小孩 (kě'ài de xiǎohái) — ချစ်စရာကလေး｜可爱的小狗 (kě'ài de xiǎogǒu) — ချစ်စရာခွေးလေး｜可爱极了 (kě'ài jí le) — အရမ်းချစ်စရာကောင်းသည်｜可爱的孩子 (kě'ài de háizi) — ချစ်စရာကလေး｜可爱的小猫 (kě'ài de xiǎomāo) — ချစ်စရာကြောင်လေး
819,2,可能,kěnéng,Probably,ဖြစ်နိုင်သည်,明天可能下雨。｜他可能不会来。｜这件事可能是真的。｜我可能要晚一点到。｜你可能已经见过他。,Míngtiān kěnéng xiàyǔ.｜Tā kěnéng bú huì lái.｜Zhè jiàn shì kěnéng shì zhēn de.｜Wǒ kěnéng yào wǎn yìdiǎn dào.｜Nǐ kěnéng yǐjīng jiàn guo tā.,It may rain tomorrow.｜He may not come.｜This may be true.｜I may arrive a little late.｜You may have seen him before.,မနက်ဖြန် မိုးရွာနိုင်တယ်။｜သူ လာချင်မှလာမယ်။｜ဒီကိစ္စက အမှန်ဖြစ်နိုင်တယ်။｜ကျွန်တော် နည်းနည်းနောက်ကျမှ ရောက်နိုင်တယ်။｜မင်း သူ့ကို အရင်က တွေ့ဖူးနိုင်တယ်။,也许 (yěxǔ) — ဖြစ်နိုင်သည်｜可能性 (kěnéngxìng) — ဖြစ်နိုင်ခြေ｜有可能 (yǒu kěnéng) — ဖြစ်နိုင်သည်｜不可能 (bù kěnéng) — မဖြစ်နိုင်｜可能会 (kěnéng huì) — ဖြစ်နိုင်သည်
820,2,可怕,kěpà,dreadful,ကြောက်စရာကောင်းသည်,晚上一个人走路很可怕。｜这部电影有点可怕。｜那个声音听起来很可怕。｜下雨天的路很可怕。｜我觉得这个故事很可怕。,Wǎnshang yí ge rén zǒulù hěn kěpà.｜Zhè bù diànyǐng yǒudiǎn kěpà.｜Nàge shēngyīn tīng qǐlái hěn kěpà.｜Xiàyǔ tiān de lù hěn kěpà.｜Wǒ juéde zhège gùshi hěn kěpà.,Walking alone at night is scary.｜This movie is a little scary.｜That sound sounds scary.｜The road is scary on rainy days.｜I think this story is scary.,ညဘက် တစ်ယောက်တည်း လမ်းလျှောက်တာ ကြောက်စရာကောင်းတယ်။｜ဒီရုပ်ရှင်က နည်းနည်းကြောက်စရာကောင်းတယ်။｜အဲ့ဒီအသံက ကြောက်စရာကောင်းတယ်။｜မိုးရွာတဲ့နေ့မှာ လမ်းက ကြောက်စရာကောင်းတယ်။｜ဒီဇာတ်လမ်းက ကြောက်စရာကောင်းတယ်လို့ ထင်တယ်။,害怕 (hàipà) — ကြောက်သည်｜恐怖 (kǒngbù) — ကြောက်စရာ｜可怕的故事 (kěpà de gùshi) — ကြောက်စရာဇာတ်လမ်း｜可怕的声音 (kěpà de shēngyīn) — ကြောက်စရာအသံ｜不可怕 (bù kěpà) — မကြောက်စရာ
821,2,可是,kěshì,however,ဒါပေမယ့်,我很累，可是我还要学习。｜天气很冷，可是他没有穿外套。｜他很忙，可是还是来了。｜我喜欢这件衣服，可是太贵了。｜今天下雨，可是我们还是出去了。,"Wǒ hěn lèi, kěshì wǒ hái yào xuéxí.｜Tiānqì hěn lěng, kěshì tā méiyǒu chuān wàitào.｜Tā hěn máng, kěshì háishì lái le.｜Wǒ xǐhuan zhè jiàn yīfu, kěshì tài guì le.｜Jīntiān xiàyǔ, kěshì wǒmen háishì chūqù le.","I am tired, but I still have to study.｜The weather is cold, but he didn't wear a coat.｜He is busy, but he still came.｜I like these clothes, but they are too expensive.｜It is raining today, but we still went out.",ကျွန်တော် အရမ်းပင်ပန်းတယ်၊ ဒါပေမယ့် စာဆက်လေ့လာရမယ်။｜ရာသီဥတုက အေးတယ်၊ ဒါပေမယ့် သူ အင်္ကျီမဝတ်ထားဘူး။｜သူ အလုပ်များတယ်၊ ဒါပေမယ့် လာခဲ့တယ်။｜ဒီအဝတ်အစားကို ကြိုက်တယ်၊ ဒါပေမယ့် ဈေးအရမ်းကြီးတယ်။｜ဒီနေ့ မိုးရွာတယ်၊ ဒါပေမယ့် ကျွန်တော်တို့ အပြင်ထွက်ခဲ့တယ်။,但是 (dànshì) — ဒါပေမယ့်｜不过 (búguò) — သို့သော်｜可是 (kěshì) — ဒါပေမယ့်｜然而 (rán'ér) — သို့သော်လည်း｜虽然 (suīrán) — ...ပေမယ့်
822,2,可以,kěyǐ,Sure,လုပ်နိုင်သည်၊ ရနိုင်သည်,你可以坐这里。｜我可以帮助你。｜明天可以去吗？｜这里可以拍照。｜你可以再说一遍吗？,Nǐ kěyǐ zuò zhèlǐ.｜Wǒ kěyǐ bāngzhù nǐ.｜Míngtiān kěyǐ qù ma?｜Zhèlǐ kěyǐ pāizhào.｜Nǐ kěyǐ zài shuō yí biàn ma?,You can sit here.｜I can help you.｜Can we go tomorrow?｜You can take photos here.｜Could you say it again?,ဒီမှာ ထိုင်လို့ရတယ်။｜ကျွန်တော် မင်းကို ကူညီပေးနိုင်တယ်။｜မနက်ဖြန် သွားလို့ရလား။｜ဒီမှာ ဓာတ်ပုံရိုက်လို့ရတယ်။｜ထပ်ပြောပေးလို့ရမလား။,能 (néng) — လုပ်နိုင်သည်｜可以吗 (kěyǐ ma) — ရပါသလား｜不可以 (bù kěyǐ) — မရ｜可以用 (kěyǐ yòng) — သုံးလို့ရသည်｜可以去 (kěyǐ qù) — သွားလို့ရသည်
823,2,克,kè,gram,ဂရမ်,苹果有五百克。｜我要买一千克米。｜这个包有两千克。｜这本书不到一千克。｜请给我五百克水果。,Píngguǒ yǒu wǔbǎi kè.｜Wǒ yào mǎi yì qiānkè mǐ.｜Zhège bāo yǒu liǎng qiānkè.｜Zhè běn shū bú dào yì qiānkè.｜Qǐng gěi wǒ wǔbǎi kè shuǐguǒ.,The apple weighs 500 grams.｜I want to buy one kilogram of rice.｜This bag weighs two kilograms.｜This book weighs less than one kilogram.｜Please give me 500 grams of fruit.,ပန်းသီးက ၅၀၀ ဂရမ်လေးတယ်။｜ဆန်တစ်ကီလိုဂရမ် ဝယ်ချင်တယ်။｜ဒီအိတ်က နှစ်ကီလိုဂရမ်လေးတယ်။｜ဒီစာအုပ်က တစ်ကီလိုဂရမ်မပြည့်ဘူး။｜သစ်သီး ၅၀၀ ဂရမ်ပေးပါ။,千克 (qiānkè) — ကီလိုဂရမ်｜公斤 (gōngjīn) — ကီလိုဂရမ်｜克重 (kèzhòng) — ဂရမ်အလေးချိန်｜五百克 (wǔbǎi kè) — ၅၀၀ ဂရမ်｜一克 (yì kè) — ၁ ဂရမ်
824,2,刻（量）,kè,a quarter (of an hour),၁၅ မိနစ်ခန့်,我们等一刻钟。｜请给我一刻钟。｜电影十点一刻开始。｜我休息了一刻钟。｜他过了一刻钟才回来。,Wǒmen děng yí kèzhōng.｜Qǐng gěi wǒ yí kèzhōng.｜Diànyǐng shí diǎn yí kè kāishǐ.｜Wǒ xiūxi le yí kèzhōng.｜Tā guò le yí kèzhōng cái huílái.,Let's wait for fifteen minutes.｜Please give me fifteen minutes.｜The movie starts at 10:15.｜I rested for fifteen minutes.｜He came back after fifteen minutes.,၁၅ မိနစ်လောက် စောင့်ရအောင်။｜၁၅ မိနစ်လောက် အချိန်ပေးပါ။｜ရုပ်ရှင်က ၁၀ နာရီ ၁၅ မိနစ်မှာ စတယ်။｜ကျွန်တော် ၁၅ မိနစ်လောက် အနားယူခဲ့တယ်။｜၁၅ မိနစ်ကြာပြီးမှ သူပြန်လာတယ်။,一刻钟 (yí kèzhōng) — ၁၅ မိနစ်｜时刻 (shíkè) — အချိန်ကာလ｜此刻 (cǐkè) — ယခုအချိန်｜刻钟 (kèzhōng) — ၁၅ မိနစ်｜一刻 (yí kè) — ခဏ/၁၅ မိနစ်
825,2,客人,kèrén,Guest,ဧည့်သည်,今天家里来了客人。｜客人已经到了。｜请欢迎客人。｜客人坐在客厅里。｜我们给客人准备了茶。,Jīntiān jiā lǐ lái le kèrén.｜Kèrén yǐjīng dào le.｜Qǐng huānyíng kèrén.｜Kèrén zuò zài kètīng lǐ.｜Wǒmen gěi kèrén zhǔnbèi le chá.,Guests came to our home today.｜The guest has arrived.｜Please welcome the guests.｜The guest is sitting in the living room.｜We prepared tea for the guest.,ဒီနေ့ အိမ်ကို ဧည့်သည်လာတယ်။｜ဧည့်သည်ရောက်နေပြီ။｜ဧည့်သည်ကို ကြိုဆိုပေးပါ။｜ဧည့်သည်က ဧည့်ခန်းထဲမှာ ထိုင်နေတယ်။｜ကျွန်တော်တို့ ဧည့်သည်အတွက် လက်ဖက်ရည်ပြင်ပေးခဲ့တယ်။,客厅 (kètīng) — ဧည့်ခန်း｜客人们 (kèrénmen) — ဧည့်သည်များ｜客气 (kèqi) — အားနာသည်｜客房 (kèfáng) — ဧည့်ခန်း/ဧည့်သည်အခန်း｜来客 (láikè) — ဧည့်သည်လာသည်
826,2,课堂,kè táng,classroom,စာသင်ချိန်၊ စာသင်ခန်း,老师正在课堂上讲课。｜课堂上不能说话。｜学生们认真听课。｜我们的课堂很有趣。｜老师走进了课堂。,Lǎoshī zhèngzài zài kètáng shàng jiǎngkè.｜Kètáng shàng bù néng shuōhuà.｜Xuéshengmen rènzhēn tīngkè.｜Wǒmen de kètáng hěn yǒuqù.｜Lǎoshī zǒu jìn le kètáng.,The teacher is teaching in class.｜You cannot talk in class.｜The students listen carefully in class.｜Our class is interesting.｜The teacher walked into the classroom.,ဆရာက စာသင်ချိန်မှာ စာသင်နေတယ်။｜စာသင်ချိန်မှာ စကားမပြောရဘူး။｜ကျောင်းသားတွေ စာသင်ချိန်မှာ သေချာနားထောင်ကြတယ်။｜ကျွန်တော်တို့ရဲ့ စာသင်ချိန်က စိတ်ဝင်စားဖို့ကောင်းတယ်။｜ဆရာက စာသင်ခန်းထဲ ဝင်လာတယ်။,上课 (shàngkè) — စာသင်သည်｜下课 (xiàkè) — စာသင်ချိန်ပြီးသည်｜课堂上 (kètáng shàng) — စာသင်ချိန်တွင်｜课堂活动 (kètáng huódòng) — စာသင်ချိန်လှုပ်ရှားမှု｜课堂纪律 (kètáng jìlǜ) — စာသင်ခန်းစည်းကမ်း
827,2,空气,kōngqì,atmosphere,လေ,今天的空气很好。｜这里的空气很新鲜。｜请打开窗户，让空气进来。｜城市里的空气不太好。｜我喜欢山里的新鲜空气。,"Jīntiān de kōngqì hěn hǎo.｜Zhèlǐ de kōngqì hěn xīnxiān.｜Qǐng dǎkāi chuānghu, ràng kōngqì jìnlái.｜Chéngshì lǐ de kōngqì bú tài hǎo.｜Wǒ xǐhuan shān lǐ de xīnxiān kōngqì.",The air is good today.｜The air here is fresh.｜Please open the window and let the air in.｜The air in the city is not very good.｜I like the fresh air in the mountains.,ဒီနေ့ လေထုက ကောင်းတယ်။｜ဒီနေရာက လေထုက လတ်ဆတ်တယ်။｜ပြတင်းပေါက်ဖွင့်ပြီး လေဝင်လာအောင်လုပ်ပါ။｜မြို့ထဲက လေထုက သိပ်မကောင်းဘူး။｜ကျွန်တော် တောင်ပေါ်က လတ်ဆတ်တဲ့လေကို ကြိုက်တယ်။,新鲜空气 (xīnxiān kōngqì) — လတ်ဆတ်သောလေ｜空气污染 (kōngqì wūrǎn) — လေထုညစ်ညမ်းမှု｜空气质量 (kōngqì zhìliàng) — လေထုအရည်အသွေး｜空气清新 (kōngqì qīngxīn) — လေထုလတ်ဆတ်သည်｜呼吸空气 (hūxī kōngqì) — လေရှူသည်
828,2,哭,kū,cry,ငိုသည်,她听到这个消息哭了。｜孩子因为害怕哭了。｜不要哭。｜她一个人在房间里哭。｜他难过得哭了。,Tā tīngdào zhège xiāoxi kū le.｜Háizi yīnwèi hàipà kū le.｜Bú yào kū.｜Tā yí ge rén zài fángjiān lǐ kū.｜Tā nánguò de kū le.,She cried when she heard the news.｜The child cried because he was scared.｜Don't cry.｜She cried alone in the room.｜He cried because he was sad.,သူမ ဒီသတင်းကြားပြီး ငိုခဲ့တယ်။｜ကလေးက ကြောက်လို့ ငိုတယ်။｜မငိုနဲ့။｜သူမ အခန်းထဲမှာ တစ်ယောက်တည်း ငိုနေတယ်။｜သူ ဝမ်းနည်းလို့ ငိုခဲ့တယ်။,哭泣 (kūqì) — ငိုသည်｜大哭 (dàkū) — အော်ငိုသည်｜哭声 (kūshēng) — ငိုသံ｜哭起来 (kū qǐlái) — ငိုလာသည်｜笑哭 (xiào kū) — ရယ်ရင်းငိုသည်
829,2,快餐,kuài cān,fast food,အမြန်အစားအစာ,我中午喜欢吃快餐。｜这家店卖很多快餐。｜快餐虽然方便，但是不能常吃。｜我们去买快餐吧。｜附近有一家快餐店。,"Wǒ zhōngwǔ xǐhuan chī kuàicān.｜Zhè jiā diàn mài hěn duō kuàicān.｜Kuàicān suīrán fāngbiàn, dànshì bù néng cháng chī.｜Wǒmen qù mǎi kuàicān ba.｜Fùjìn yǒu yì jiā kuàicān diàn.","I like eating fast food at noon.｜This shop sells a lot of fast food.｜Although fast food is convenient, we shouldn't eat it often.｜Let's go buy some fast food.｜There is a fast-food restaurant nearby.",ကျွန်တော် နေ့လယ်မှာ အမြန်အစားအစာ စားရတာကြိုက်တယ်။｜ဒီဆိုင်မှာ အမြန်အစားအစာ အမျိုးမျိုးရတယ်။｜အမြန်အစားအစာက အဆင်ပြေပေမယ့် မကြာခဏမစားသင့်ဘူး။｜အမြန်အစားအစာ သွားဝယ်ရအောင်။｜အနီးအနားမှာ အမြန်အစားအစာဆိုင်တစ်ဆိုင်ရှိတယ်။,快餐店 (kuàicān diàn) — အမြန်အစားအစာဆိုင်｜快餐食品 (kuàicān shípǐn) — အမြန်အစားအစာ｜快餐店员 (kuàicān diànyuán) — အမြန်အစားအစာဆိုင်ဝန်ထမ်း｜方便食品 (fāngbiàn shípǐn) — အဆင်ပြေအစားအစာ｜中式快餐 (zhōngshì kuàicān) — တရုတ်စတိုင်အမြန်အစားအစာ
830,2,快点儿,kuài diǎnr,hurry up,မြန်မြန်၊ မြန်မြန်လုပ်,快点儿，我们要迟到了。｜你快点儿吃饭。｜快点儿过来！｜请快点儿做完。｜快点儿回家吧。,"Kuài diǎnr, wǒmen yào chídào le.｜Nǐ kuài diǎnr chīfàn.｜Kuài diǎnr guòlái!｜Qǐng kuài diǎnr zuò wán.｜Kuài diǎnr huí jiā ba.","Hurry up, we're going to be late.｜Eat quickly.｜Come over quickly!｜Please finish it quickly.｜Go home quickly.",မြန်မြန်လုပ်၊ မဟုတ်ရင် နောက်ကျတော့မယ်။｜မြန်မြန်စား။｜မြန်မြန်လာခဲ့။｜ကျေးဇူးပြုပြီး မြန်မြန်လုပ်ပြီးအောင်လုပ်ပါ။｜မြန်မြန်အိမ်ပြန်ပါ။,快快 (kuài kuài) — မြန်မြန်｜快走 (kuài zǒu) — မြန်မြန်သွား｜快来 (kuài lái) — မြန်မြန်လာ｜快点 (kuài diǎn) — မြန်မြန်လုပ်｜赶快 (gǎnkuài) — အမြန်
831,2,快乐,kuàilè,happy,ပျော်ရွှင်သည်,我今天很快乐。｜孩子们玩得很快乐。｜希望你每天都快乐。｜和朋友在一起让我很快乐。｜她的生活很快乐。,Wǒ jīntiān hěn kuàilè.｜Háizimen wán de hěn kuàilè.｜Xīwàng nǐ měitiān dōu kuàilè.｜Hé péngyou zài yìqǐ ràng wǒ hěn kuàilè.｜Tā de shēnghuó hěn kuàilè.,I am very happy today.｜The children are playing happily.｜I hope you are happy every day.｜Being with friends makes me happy.｜Her life is happy.,ဒီနေ့ ကျွန်တော် အရမ်းပျော်တယ်။｜ကလေးတွေ ပျော်ပျော်ရွှင်ရွှင် ကစားနေကြတယ်။｜မင်းနေ့တိုင်း ပျော်ရွှင်ပါစေလို့ မျှော်လင့်တယ်။｜သူငယ်ချင်းတွေနဲ့အတူရှိရတာ ကျွန်တော့်ကို ပျော်ရွှင်စေတယ်။｜သူမရဲ့ဘဝက ပျော်ရွှင်တယ်။,高兴 (gāoxìng) — ပျော်ရွှင်｜开心 (kāixīn) — ပျော်ရွှင်｜幸福 (xìngfú) — ပျော်ရွှင်ချမ်းမြေ့｜快乐生活 (kuàilè shēnghuó) — ပျော်ရွှင်သောဘဝ｜快乐地 (kuàilè de) — ပျော်ရွှင်စွာ
832,2,快要,kuài yào,be about to; be going to,မကြာခင်…တော့မည်,火车快要到了。｜天快要黑了。｜考试快要开始了。｜我快要毕业了。｜雨快要停了。,Huǒchē kuài yào dào le.｜Tiān kuài yào hēi le.｜Kǎoshì kuài yào kāishǐ le.｜Wǒ kuài yào bìyè le.｜Yǔ kuài yào tíng le.,The train is about to arrive.｜It is about to get dark.｜The exam is about to start.｜I am about to graduate.｜The rain is about to stop.,ရထား မကြာခင် ရောက်တော့မယ်။｜ကောင်းကင် မကြာခင် မှောင်တော့မယ်။｜စာမေးပွဲ မကြာခင် စတော့မယ်။｜ကျွန်တော် ဘွဲ့ရတော့မယ်။｜မိုး မကြာခင် တိတ်တော့မယ်။,快到了 (kuài dào le) — မကြာခင်ရောက်တော့မည်｜快开始 (kuài kāishǐ) — မကြာခင်စတော့မည်｜快结束 (kuài jiéshù) — မကြာခင်ပြီးတော့မည်｜快走了 (kuài zǒu le) — မကြာခင်ထွက်တော့မည်｜快下雨 (kuài xiàyǔ) — မကြာခင်မိုးရွာတော့မည်
833,2,筷子,kuàizi,chopsticks,တူ,请给我一双筷子。｜我用筷子吃饭。｜这双筷子很漂亮。｜他不会用筷子。｜桌子上有很多筷子。,Qǐng gěi wǒ yì shuāng kuàizi.｜Wǒ yòng kuàizi chīfàn.｜Zhè shuāng kuàizi hěn piàoliang.｜Tā bú huì yòng kuàizi.｜Zhuōzi shàng yǒu hěn duō kuàizi.,Please give me a pair of chopsticks.｜I eat with chopsticks.｜This pair of chopsticks is beautiful.｜He cannot use chopsticks.｜There are many chopsticks on the table.,ကျွန်တော့်ကို တူတစ်စုံပေးပါ။｜ကျွန်တော် တူနဲ့ထမင်းစားတယ်။｜ဒီတူတစ်စုံက လှတယ်။｜သူ တူအသုံးမပြုတတ်ဘူး။｜စားပွဲပေါ်မှာ တူတွေအများကြီးရှိတယ်။,筷子 (kuàizi) — တူ｜一双筷子 (yì shuāng kuàizi) — တူတစ်စုံ｜用筷子 (yòng kuàizi) — တူသုံးသည်｜竹筷子 (zhú kuàizi) — ဝါးတူ｜木筷子 (mù kuàizi) — သစ်သားတူ
834,2,拉,lā,pull,ဆွဲသည်,请不要拉门。｜他拉我的手。｜孩子在拉车。｜她拉开了窗帘。｜别拉我的衣服。,Qǐng bú yào lā mén.｜Tā lā wǒ de shǒu.｜Háizi zài lā chē.｜Tā lā kāi le chuānglián.｜Bié lā wǒ de yīfu.,Please don't pull the door.｜He pulled my hand.｜The child is pulling the cart.｜She pulled open the curtain.｜Don't pull my clothes.,တံခါးကို မဆွဲပါနဲ့။｜သူ ကျွန်တော့်လက်ကို ဆွဲတယ်။｜ကလေးက လှည်းကို ဆွဲနေတယ်။｜သူမက ပြတင်းပေါက်ကာကို ဆွဲဖွင့်လိုက်တယ်။｜ကျွန်တော့်အဝတ်ကို မဆွဲနဲ့။,拉手 (lā shǒu) — လက်ဆွဲသည်｜拉开 (lā kāi) — ဆွဲဖွင့်သည်｜拉走 (lā zǒu) — ဆွဲယူသွားသည်｜拉车 (lā chē) — လှည်းဆွဲသည်｜拉门 (lā mén) — တံခါးဆွဲသည်
835,2,来自,láizì,Come from,…မှ လာသည်,我来自中国。｜他来自北京。｜这个学生来自缅甸。｜这些水果来自云南。｜我的朋友来自上海。,Wǒ láizì Zhōngguó.｜Tā láizì Běijīng.｜Zhège xuésheng láizì Miǎndiàn.｜Zhèxiē shuǐguǒ láizì Yúnnán.｜Wǒ de péngyou láizì Shànghǎi.,I come from China.｜He comes from Beijing.｜This student comes from Myanmar.｜These fruits come from Yunnan.｜My friend comes from Shanghai.,ကျွန်တော် တရုတ်နိုင်ငံက လာတာပါ။｜သူက ပေကျင်းက လာတာပါ။｜ဒီကျောင်းသားက မြန်မာနိုင်ငံက လာတာပါ။｜ဒီသစ်သီးတွေက ယူနန်က လာတာပါ။｜ကျွန်တော့်သူငယ်ချင်းက ရှန်ဟိုင်းက လာတာပါ။,来自 (láizì) — …မှလာသည်｜来自中国 (láizì Zhōngguó) — တရုတ်မှလာသည်｜来源 (láiyuán) — မူလရင်းမြစ်｜来处 (láichù) — လာရာနေရာ｜外来 (wàilái) — ပြင်ပမှလာသော
836,2,蓝,lán,blue,အပြာရောင်,天是蓝的。｜我喜欢蓝色。｜蓝色的天空很漂亮。｜她买了一件蓝衣服。｜这条裙子是蓝的。,Tiān shì lán de.｜Wǒ xǐhuan lán sè.｜Lánsè de tiānkōng hěn piàoliang.｜Tā mǎi le yí jiàn lán yīfu.｜Zhè tiáo qúnzi shì lán de.,The sky is blue.｜I like blue.｜The blue sky is beautiful.｜She bought a blue piece of clothing.｜This skirt is blue.,ကောင်းကင်က အပြာရောင်ပါ။｜ကျွန်တော် အပြာရောင်ကြိုက်တယ်။｜အပြာရောင်ကောင်းကင်က လှတယ်။｜သူမ အပြာရောင်အဝတ်တစ်ထည် ဝယ်ခဲ့တယ်။｜ဒီစကတ်က အပြာရောင်ပါ။,蓝色 (lánsè) — အပြာရောင်｜蓝天 (lántiān) — အပြာရောင်ကောင်းကင်｜蓝天白云 (lántiān báiyún) — အပြာရောင်ကောင်းကင်နှင့် တိမ်ဖြူ｜深蓝 (shēnlán) — အပြာရင့်｜浅蓝 (qiǎnlán) — အပြာနု
837,2,蓝色,lán sè,blue,အပြာရောင်,我喜欢蓝色。｜蓝色的天空很漂亮。｜她穿着蓝色的衣服。｜我的书包是蓝色的。｜这辆车是蓝色的。,Wǒ xǐhuan lánsè.｜Lánsè de tiānkōng hěn piàoliang.｜Tā chuānzhe lánsè de yīfu.｜Wǒ de shūbāo shì lánsè de.｜Zhè liàng chē shì lánsè de.,I like blue.｜The blue sky is beautiful.｜She is wearing blue clothes.｜My schoolbag is blue.｜This car is blue.,ကျွန်တော် အပြာရောင်ကြိုက်တယ်။｜အပြာရောင်ကောင်းကင်က လှတယ်။｜သူမ အပြာရောင်အဝတ် ဝတ်ထားတယ်။｜ကျွန်တော့်ကျောင်းလွယ်အိတ်က အပြာရောင်ပါ။｜ဒီကားက အပြာရောင်ပါ။,蓝 (lán) — အပြာရောင်｜蓝天 (lántiān) — အပြာရောင်ကောင်းကင်｜蓝色衣服 (lánsè yīfu) — အပြာရောင်အဝတ်｜深蓝色 (shēn lánsè) — အပြာရင့်ရောင်｜浅蓝色 (qiǎn lánsè) — အပြာနုရောင်
838,2,篮球,lán qiú,basketball,ဘတ်စကက်ဘော,我喜欢打篮球。｜他每天打篮球。｜我们下午一起打篮球。｜篮球是我喜欢的运动。｜学校有一个篮球场。,Wǒ xǐhuan dǎ lánqiú.｜Tā měitiān dǎ lánqiú.｜Wǒmen xiàwǔ yìqǐ dǎ lánqiú.｜Lánqiú shì wǒ xǐhuan de yùndòng.｜Xuéxiào yǒu yí ge lánqiúchǎng.,I like playing basketball.｜He plays basketball every day.｜We play basketball together in the afternoon.｜Basketball is my favorite sport.｜There is a basketball court at school.,ကျွန်တော် ဘတ်စကက်ဘောကစားရတာ ကြိုက်တယ်။｜သူ နေ့တိုင်း ဘတ်စကက်ဘောကစားတယ်။｜ကျွန်တော်တို့ နေ့လယ်မှာ အတူတူ ဘတ်စကက်ဘောကစားတယ်။｜ဘတ်စကက်ဘောက ကျွန်တော်ကြိုက်တဲ့ အားကစားပါ။｜ကျောင်းမှာ ဘတ်စကက်ဘောကွင်းရှိတယ်။,打篮球 (dǎ lánqiú) — ဘတ်စကက်ဘောကစားသည်｜篮球场 (lánqiúchǎng) — ဘတ်စကက်ဘောကွင်း｜篮球队 (lánqiúduì) — ဘတ်စကက်ဘောအသင်း｜篮球运动员 (lánqiú yùndòngyuán) — ဘတ်စကက်ဘောအားကစားသမား｜篮球比赛 (lánqiú bǐsài) — ဘတ်စကက်ဘောပြိုင်ပွဲ
839,2,老（副）,lǎo,always; constantly,အမြဲ၊ တစ်ချိန်လုံး,他老是迟到。｜你老是玩手机。｜她老是帮助别人。｜他老是忘记带书。｜弟弟老是问问题。,Tā lǎoshì chídào.｜Nǐ lǎoshì wán shǒujī.｜Tā lǎoshì bāngzhù biérén.｜Tā lǎoshì wàngjì dài shū.｜Dìdi lǎoshì wèn wèntí.,He is always late.｜You are always playing on your phone.｜She is always helping others.｜He always forgets to bring his books.｜My younger brother is always asking questions.,သူ အမြဲနောက်ကျတယ်။｜မင်း ဖုန်းကို အမြဲဆော့နေတယ်။｜သူမက အမြဲသူများကို ကူညီတယ်။｜သူက စာအုပ်ယူလာဖို့ အမြဲမေ့တယ်။｜ညီလေးက မေးခွန်းတွေ အမြဲမေးတယ်။,老是 (lǎoshì) — အမြဲတမ်း｜老忘 (lǎo wàng) — အမြဲမေ့သည်｜老说 (lǎo shuō) — အမြဲပြောသည်｜老问 (lǎo wèn) — အမြဲမေးသည်｜老做 (lǎo zuò) — အမြဲလုပ်သည်
840,2,老（老王）,lǎo （ lǎo wáng ）,noun prefix (Lao Wang),အိုသော၊ အသက်ကြီးသော,老王今天不在家。｜老王是我的老师。｜我昨天见到老王了。｜老王住在附近。｜大家都认识老王。,Lǎo Wáng jīntiān bú zài jiā.｜Lǎo Wáng shì wǒ de lǎoshī.｜Wǒ zuótiān jiàn dào Lǎo Wáng le.｜Lǎo Wáng zhù zài fùjìn.｜Dàjiā dōu rènshi Lǎo Wáng.,Lao Wang is not at home today.｜Lao Wang is my teacher.｜I saw Lao Wang yesterday.｜Lao Wang lives nearby.｜Everyone knows Lao Wang.,လောင်ဝမ် ဒီနေ့ အိမ်မှာမရှိဘူး။｜လောင်ဝမ်က ကျွန်တော့်ဆရာပါ။｜မနေ့က ကျွန်တော် လောင်ဝမ်ကို တွေ့ခဲ့တယ်။｜လောင်ဝမ်က အနီးအနားမှာ နေတယ်။｜လူတိုင်း လောင်ဝမ်ကို သိကြတယ်။,老师 (lǎoshī) — ဆရာ｜老王 (Lǎo Wáng) — လောင်ဝမ်｜老人 (lǎorén) — အသက်ကြီးသူ｜老家 (lǎojiā) — ဇာတိအိမ်｜老朋友 (lǎo péngyou) — သူငယ်ချင်းဟောင်း
841,2,老年,lǎo nián,elderly,အသက်ကြီးပိုင်း,老年人需要多运动。｜这个公园有很多老年人。｜我们应该帮助老年人。｜老年人的生活也很丰富。｜他很关心老年人。,Lǎoniánrén xūyào duō yùndòng.｜Zhège gōngyuán yǒu hěn duō lǎoniánrén.｜Wǒmen yīnggāi bāngzhù lǎoniánrén.｜Lǎoniánrén de shēnghuó yě hěn fēngfù.｜Tā hěn guānxīn lǎoniánrén.,Older people need to exercise more.｜There are many elderly people in this park.｜We should help elderly people.｜Elderly people's lives can also be rich and fulfilling.｜He cares about elderly people.,အသက်ကြီးသူတွေ လေ့ကျင့်ခန်းပိုလုပ်ဖို့ လိုတယ်။｜ဒီပန်းခြံမှာ အသက်ကြီးသူတွေအများကြီးရှိတယ်။｜ကျွန်တော်တို့ အသက်ကြီးသူတွေကို ကူညီသင့်တယ်။｜အသက်ကြီးသူတွေရဲ့ ဘဝကလည်း ပြည့်စုံနိုင်တယ်။｜သူက အသက်ကြီးသူတွေကို ဂရုစိုက်တယ်။,老人 (lǎorén) — အသက်ကြီးသူ｜老年人 (lǎoniánrén) — အသက်ကြီးပိုင်းလူ｜老年生活 (lǎonián shēnghuó) — အသက်ကြီးပိုင်းဘဝ｜老年大学 (lǎonián dàxué) — သက်ကြီးတက္ကသိုလ်｜中老年 (zhōng lǎonián) — လူလတ်ပိုင်းနှင့် အသက်ကြီးပိုင်း
842,2,老朋友,lǎo péng yǒu,old friend,သူငယ်ချင်းဟောင်း,我有一个老朋友。｜我的老朋友住在上海。｜昨天我见到了老朋友。｜老朋友来看我了。｜我们和老朋友一起吃饭。,Wǒ yǒu yí ge lǎo péngyou.｜Wǒ de lǎo péngyou zhù zài Shànghǎi.｜Zuótiān wǒ jiàn dào le lǎo péngyou.｜Lǎo péngyou lái kàn wǒ le.｜Wǒmen hé lǎo péngyou yìqǐ chīfàn.,I have an old friend.｜My old friend lives in Shanghai.｜I met my old friend yesterday.｜My old friend came to see me.｜We ate together with an old friend.,ကျွန်တော့်မှာ သူငယ်ချင်းဟောင်းတစ်ယောက်ရှိတယ်။｜ကျွန်တော့်သူငယ်ချင်းဟောင်းက ရှန်ဟိုင်းမှာ နေတယ်။｜မနေ့က ကျွန်တော့်သူငယ်ချင်းဟောင်းကို တွေ့ခဲ့တယ်။｜သူငယ်ချင်းဟောင်းက ကျွန်တော့်ဆီ လာတွေ့တယ်။｜ကျွန်တော်တို့ သူငယ်ချင်းဟောင်းနဲ့အတူ ထမင်းစားခဲ့တယ်။,老朋友 (lǎo péngyou) — သူငယ်ချင်းဟောင်း｜朋友 (péngyou) — သူငယ်ချင်း｜好朋友 (hǎo péngyou) — သူငယ်ချင်းကောင်း｜老同学 (lǎo tóngxué) — ကျောင်းနေဖက်ဟောင်း｜老同事 (lǎo tóngshì) — လုပ်ဖော်ကိုင်ဖက်ဟောင်း
843,2,老是,lǎo shì,always; all times,အမြဲတမ်း၊ ခဏခဏ,他老是迟到。｜妈妈老是提醒我。｜我老是忘记他的名字。｜她老是喜欢喝茶。｜弟弟老是问我问题。,Tā lǎoshì chídào.｜Māma lǎoshì tíxǐng wǒ.｜Wǒ lǎoshì wàngjì tā de míngzi.｜Tā lǎoshì xǐhuan hē chá.｜Dìdi lǎoshì wèn wǒ wèntí.,He is always late.｜Mom is always reminding me.｜I always forget his name.｜She always likes drinking tea.｜My younger brother is always asking me questions.,သူ အမြဲနောက်ကျတယ်။｜အမေက ကျွန်တော့်ကို အမြဲသတိပေးတယ်။｜ကျွန်တော် သူ့နာမည်ကို အမြဲမေ့တယ်။｜သူမက လက်ဖက်ရည်သောက်ရတာ အမြဲကြိုက်တယ်။｜ညီလေးက ကျွန်တော့်ကို မေးခွန်းတွေ အမြဲမေးတယ်။,总是 (zǒngshì) — အမြဲတမ်း｜经常 (jīngcháng) — မကြာခဏ｜常常 (chángcháng) — မကြာခဏ｜一直 (yìzhí) — တစ်လျှောက်လုံး｜总 (zǒng) — အမြဲ
844,2,离,lí,leave,…နှင့် ဝေးသည်,学校离我家很近。｜这里离商场很远。｜北京离上海很远。｜我家离学校只有两公里。｜医院离这里不远。,Xuéxiào lí wǒ jiā hěn jìn.｜Zhèlǐ lí shāngchǎng hěn yuǎn.｜Běijīng lí Shànghǎi hěn yuǎn.｜Wǒ jiā lí xuéxiào zhǐ yǒu liǎng gōnglǐ.｜Yīyuàn lí zhèlǐ bú yuǎn.,The school is close to my home.｜This place is far from the mall.｜Beijing is far from Shanghai.｜My home is only two kilometers from school.｜The hospital is not far from here.,ကျောင်းက ကျွန်တော့်အိမ်နဲ့ နီးတယ်။｜ဒီနေရာက စျေးဝယ်စင်တာနဲ့ ဝေးတယ်။｜ပေကျင်းက ရှန်ဟိုင်းနဲ့ ဝေးတယ်။｜ကျွန်တော့်အိမ်က ကျောင်းနဲ့ နှစ်ကီလိုမီတာပဲ ဝေးတယ်။｜ဆေးရုံက ဒီနေရာနဲ့ မဝေးဘူး။,离开 (líkāi) — ခွာသွားသည်｜距离 (jùlí) — အကွာအဝေး｜远离 (yuǎnlí) — ဝေးရာတွင်ရှိသည်｜离家 (lí jiā) — အိမ်မှခွာသည်｜离学校 (lí xuéxiào) — ကျောင်းမှအကွာ
845,2,离开,líkāi,leave,ထွက်ခွာသည်၊ ခွာသွားသည်,我明天要离开这里。｜他已经离开公司了。｜请不要离开我。｜我们下午离开学校。｜她不想离开家。,Wǒ míngtiān yào líkāi zhèlǐ.｜Tā yǐjīng líkāi gōngsī le.｜Qǐng bú yào líkāi wǒ.｜Wǒmen xiàwǔ líkāi xuéxiào.｜Tā bù xiǎng líkāi jiā.,I will leave here tomorrow.｜He has already left the company.｜Please don't leave me.｜We will leave school in the afternoon.｜She doesn't want to leave home.,မနက်ဖြန် ကျွန်တော် ဒီနေရာကနေ ထွက်ခွာမယ်။｜သူ ကုမ္ပဏီကနေ ထွက်သွားပြီးပြီ။｜ကျွန်တော့်ကို မထားခဲ့ပါနဲ့။｜နေ့လယ်မှာ ကျွန်တော်တို့ ကျောင်းကနေ ထွက်မယ်။｜သူမ အိမ်ကနေ မခွာချင်ဘူး။,离开 (líkāi) — ထွက်ခွာသည်｜离去 (líqù) — ထွက်ခွာသွားသည်｜出发 (chūfā) — ထွက်ခွာသည်｜回来 (huílái) — ပြန်လာသည်｜离开家 (líkāi jiā) — အိမ်မှထွက်ခွာသည်
846,2,礼物,lǐwù,gift,လက်ဆောင်,这是给你的礼物。｜我准备了一份礼物。｜生日的时候我收到了很多礼物。｜这个礼物很漂亮。｜谢谢你的礼物。,Zhè shì gěi nǐ de lǐwù.｜Wǒ zhǔnbèi le yí fèn lǐwù.｜Shēngrì de shíhou wǒ shōu dào le hěn duō lǐwù.｜Zhège lǐwù hěn piàoliang.｜Xièxie nǐ de lǐwù.,This is a gift for you.｜I prepared a gift.｜I received many gifts on my birthday.｜This gift is beautiful.｜Thank you for your gift.,ဒါက မင်းအတွက် လက်ဆောင်ပါ။｜ကျွန်တော် လက်ဆောင်တစ်ခု ပြင်ဆင်ထားတယ်။｜မွေးနေ့မှာ လက်ဆောင်တွေအများကြီး ရခဲ့တယ်။｜ဒီလက်ဆောင်က လှတယ်။｜မင်းရဲ့လက်ဆောင်အတွက် ကျေးဇူးတင်ပါတယ်။,送礼物 (sòng lǐwù) — လက်ဆောင်ပေးသည်｜生日礼物 (shēngrì lǐwù) — မွေးနေ့လက်ဆောင်｜礼物盒 (lǐwù hé) — လက်ဆောင်သေတ္တာ｜礼品 (lǐpǐn) — လက်ဆောင်ပစ္စည်း｜送给 (sòng gěi) — ပေးသည်
847,2,里头,lǐ tou,inside,အထဲမှာ,房间里头有人。｜书在箱子里头。｜里头有什么？｜请把东西放在里头。｜他正在里头学习。,Fángjiān lǐtou yǒu rén.｜Shū zài xiāngzi lǐtou.｜Lǐtou yǒu shénme?｜Qǐng bǎ dōngxi fàng zài lǐtou.｜Tā zhèngzài lǐtou xuéxí.,There is someone inside the room.｜The book is inside the box.｜What's inside?｜Please put the things inside.｜He is studying inside.,အခန်းထဲမှာ တစ်ယောက်ယောက်ရှိတယ်။｜စာအုပ်က သေတ္တာထဲမှာရှိတယ်။｜အထဲမှာ ဘာရှိလဲ။｜ပစ္စည်းတွေကို အထဲမှာ ထည့်ထားပါ။｜သူ အထဲမှာ စာလေ့လာနေတယ်။,里面 (lǐmiàn) — အထဲမှာ｜里边 (lǐbian) — အထဲဘက်｜屋里 (wū lǐ) — အခန်း/အိမ်ထဲ｜心里 (xīnli) — စိတ်ထဲမှာ｜箱子里 (xiāngzi lǐ) — သေတ္တာထဲမှာ
848,2,理想,lǐxiǎng,ideal,စံပြ၊ ရည်မှန်းချက်,我的理想是当一名老师。｜每个人都有自己的理想。｜她为了理想努力学习。｜我的理想是去中国留学。｜不要放弃自己的理想。,Wǒ de lǐxiǎng shì dāng yì míng lǎoshī.｜Měi ge rén dōu yǒu zìjǐ de lǐxiǎng.｜Tā wèile lǐxiǎng nǔlì xuéxí.｜Wǒ de lǐxiǎng shì qù Zhōngguó liúxué.｜Bú yào fàngqì zìjǐ de lǐxiǎng.,My ideal is to become a teacher.｜Everyone has their own ideal.｜She studies hard for her dream.｜My ideal is to study in China.｜Don't give up your ideal.,ကျွန်တော့်ရည်မှန်းချက်က ဆရာတစ်ယောက်ဖြစ်ဖို့ပါ။｜လူတိုင်းမှာ ကိုယ်ပိုင်ရည်မှန်းချက်ရှိတယ်။｜သူမက ရည်မှန်းချက်အတွက် ကြိုးစားလေ့လာတယ်။｜ကျွန်တော့်ရည်မှန်းချက်က တရုတ်နိုင်ငံမှာ ပညာသင်ဖို့ပါ။｜ကိုယ့်ရည်မှန်းချက်ကို လက်မလျှော့ပါနဲ့။,梦想 (mèngxiǎng) — အိပ်မက်/ရည်မှန်းချက်｜目标 (mùbiāo) — ပန်းတိုင်｜希望 (xīwàng) — မျှော်လင့်ချက်｜理想生活 (lǐxiǎng shēnghuó) — စံပြဘဝ｜理想工作 (lǐxiǎng gōngzuò) — စံပြအလုပ်
849,2,例如,lìrú,for example,ဥပမာအားဖြင့်,例如，我喜欢水果。｜有很多运动，例如篮球和足球。｜例如，你可以先学习中文。｜很多城市，例如北京，都很漂亮。｜我们可以做很多事情，例如看书和运动。,"Lìrú, wǒ xǐhuan shuǐguǒ.｜Yǒu hěn duō yùndòng, lìrú lánqiú hé zúqiú.｜Lìrú, nǐ kěyǐ xiān xuéxí Zhōngwén.｜Hěn duō chéngshì, lìrú Běijīng, dōu hěn piàoliang.｜Wǒmen kěyǐ zuò hěn duō shìqing, lìrú kàn shū hé yùndòng.","For example, I like fruit.｜There are many sports, such as basketball and football.｜For example, you can learn Chinese first.｜Many cities, such as Beijing, are beautiful.｜We can do many things, such as reading and exercising.",ဥပမာအားဖြင့် ကျွန်တော် သစ်သီးကြိုက်တယ်။｜အားကစားအများကြီးရှိတယ်၊ ဥပမာ ဘတ်စကက်ဘောနဲ့ ဘောလုံး။｜ဥပမာ မင်း တရုတ်စာကို အရင်လေ့လာလို့ရတယ်။｜ပေကျင်းလို မြို့အများကြီးက လှတယ်။｜စာဖတ်တာနဲ့ အားကစားလုပ်တာလို အရာတွေအများကြီး လုပ်လို့ရတယ်။,比如 (bǐrú) — ဥပမာအားဖြင့်｜比如说 (bǐrú shuō) — ဥပမာပြောရရင်｜举例 (jǔlì) — ဥပမာပေးသည်｜例子 (lìzi) — ဥပမာ｜例如说 (lìrú shuō) — ဥပမာအားဖြင့် ပြောရရင်
850,2,例子,lì zi,example,ဥပမာ,我给你举一个例子。｜这是一个很好的例子。｜请看这个例子。｜老师说了一个例子。｜这个例子很简单。,Wǒ gěi nǐ jǔ yí ge lìzi.｜Zhè shì yí ge hěn hǎo de lìzi.｜Qǐng kàn zhège lìzi.｜Lǎoshī shuō le yí ge lìzi.｜Zhège lìzi hěn jiǎndān.,I’ll give you an example.｜This is a very good example.｜Please look at this example.｜The teacher gave an example.｜This example is simple.,ဥပမာတစ်ခု ပေးမယ်။｜ဒါက အရမ်းကောင်းတဲ့ ဥပမာတစ်ခုပါ။｜ဒီဥပမာကို ကြည့်ပါ။｜ဆရာက ဥပမာတစ်ခုပေးခဲ့တယ်။｜ဒီဥပမာက ရိုးရှင်းတယ်။,举例 (jǔlì) — ဥပမာပေးသည်｜例如 (lìrú) — ဥပမာအားဖြင့်｜例题 (lìtí) — နမူနာမေးခွန်း
851,2,脸,liǎn,face,မျက်နှာ,你的脸很漂亮。｜他的脸很红。｜我洗了脸。｜她的脸上有笑容。｜请把脸洗干净。,Nǐ de liǎn hěn piàoliang.｜Tā de liǎn hěn hóng.｜Wǒ xǐ le liǎn.｜Tā de liǎn shàng yǒu xiàoróng.｜Qǐng bǎ liǎn xǐ gānjìng.,Your face is beautiful.｜His face is red.｜I washed my face.｜There is a smile on her face.｜Please wash your face clean.,မင်းမျက်နှာက လှတယ်။｜သူ့မျက်နှာက နီနေတယ်။｜မျက်နှာသစ်ခဲ့တယ်။｜သူမမျက်နှာမှာ အပြုံးရှိတယ်။｜မျက်နှာကို သန့်သန့်ရှင်းရှင်းသစ်ပါ။,面 (miàn) — မျက်နှာပြင်/မျက်နှာ｜脸色 (liǎnsè) — မျက်နှာအရောင်｜笑脸 (xiàoliǎn) — ပြုံးနေသောမျက်နှာ
852,2,练,liàn,practice; train,လေ့ကျင့်သည်,我每天练汉语。｜他正在练习跑步。｜你要多练习。｜她每天练钢琴。｜我们一起练习吧。,Wǒ měitiān liàn Hànyǔ.｜Tā zhèngzài liànxí pǎobù.｜Nǐ yào duō liànxí.｜Tā měitiān liàn gāngqín.｜Wǒmen yìqǐ liànxí ba.,I practice Chinese every day.｜He is practicing running.｜You need to practice more.｜She practices the piano every day.｜Let's practice together.,ကျွန်တော် နေ့တိုင်း တရုတ်စာလေ့ကျင့်တယ်။｜သူ ပြေးတာလေ့ကျင့်နေတယ်။｜မင်း ပိုလေ့ကျင့်ဖို့လိုတယ်။｜သူမ နေ့တိုင်း စန္ဒယားလေ့ကျင့်တယ်။｜အတူတူ လေ့ကျင့်ကြရအောင်။,练习 (liànxí) — လေ့ကျင့်သည်｜训练 (xùnliàn) — လေ့ကျင့်ပေးသည်｜熟练 (shúliàn) — ကျွမ်းကျင်သည်
853,2,练习,liànxí,Practice,လေ့ကျင့်ခြင်း,我每天练习汉语。｜他在练习写字。｜练习很重要。｜老师让我们练习发音。｜多练习就会进步。,Wǒ měitiān liànxí Hànyǔ.｜Tā zài liànxí xiězì.｜Liànxí hěn zhòngyào.｜Lǎoshī ràng wǒmen liànxí fāyīn.｜Duō liànxí jiù huì jìnbù.,I practice Chinese every day.｜He is practicing writing.｜Practice is important.｜The teacher asks us to practice pronunciation.｜You will improve with more practice.,ကျွန်တော် နေ့တိုင်း တရုတ်စာလေ့ကျင့်တယ်။｜သူ စာရေးလေ့ကျင့်နေတယ်။｜လေ့ကျင့်ခြင်းက အရေးကြီးတယ်။｜ဆရာက ကျွန်တော်တို့ကို အသံထွက်လေ့ကျင့်ခိုင်းတယ်။｜ပိုလေ့ကျင့်ရင် တိုးတက်လာမယ်။,练习题 (liànxí tí) — လေ့ကျင့်ခန်းမေးခွန်း｜练习本 (liànxí běn) — လေ့ကျင့်စာအုပ်｜训练 (xùnliàn) — လေ့ကျင့်သည်
854,2,凉,liáng,cool,အေးသည်,今天很凉。｜晚上天气有点凉。｜水很凉。｜秋天的天气很凉。｜这里比较凉。,Jīntiān hěn liáng.｜Wǎnshang tiānqì yǒudiǎn liáng.｜Shuǐ hěn liáng.｜Qiūtiān de tiānqì hěn liáng.｜Zhèlǐ bǐjiào liáng.,It is cool today.｜The weather is a little cool at night.｜The water is cool.｜The weather is cool in autumn.｜It is relatively cool here.,ဒီနေ့ အေးတယ်။｜ညဘက် ရာသီဥတုက နည်းနည်းအေးတယ်။｜ရေက အေးတယ်။｜ဆောင်းဦးရာသီမှာ ရာသီဥတုက အေးတယ်။｜ဒီမှာ အတော်အေးတယ်။,凉快 (liángkuai) — အေးမြသည်｜冰凉 (bīngliáng) — အေးစက်သည်｜清凉 (qīngliáng) — အေးမြသည်
855,2,凉快,liángkuai,Pleasantly cool,အေးမြသည်,今天的天气很凉快。｜晚上出去很凉快。｜房间里很凉快。｜这里又安静又凉快。｜下雨以后天气很凉快。,Jīntiān de tiānqì hěn liángkuai.｜Wǎnshang chūqù hěn liángkuai.｜Fángjiān lǐ hěn liángkuai.｜Zhèlǐ yòu ānjìng yòu liángkuai.｜Xiàyǔ yǐhòu tiānqì hěn liángkuai.,The weather is cool today.｜It is cool outside at night.｜The room is cool.｜It is quiet and cool here.｜The weather is cool after the rain.,ဒီနေ့ ရာသီဥတုက အေးမြတယ်။｜ညဘက် အပြင်ထွက်ရင် အေးမြတယ်။｜အခန်းထဲမှာ အေးမြတယ်။｜ဒီမှာ တိတ်ဆိတ်ပြီး အေးမြတယ်။｜မိုးရွာပြီးရင် ရာသီဥတုက အေးမြတယ်။,凉 (liáng) — အေးသည်｜清凉 (qīngliáng) — အေးမြသည်｜凉爽 (liángshuǎng) — အေးမြသည်
856,2,两（量）,liǎng,a unit of weight (=50 grams),နှစ် (အရေအတွက်),我买了两本书。｜我有两只猫。｜这两个苹果很好吃。｜请给我两杯水。｜我们两个人一起去。,Wǒ mǎi le liǎng běn shū.｜Wǒ yǒu liǎng zhī māo.｜Zhè liǎng ge píngguǒ hěn hǎochī.｜Qǐng gěi wǒ liǎng bēi shuǐ.｜Wǒmen liǎng ge rén yìqǐ qù.,I bought two books.｜I have two cats.｜These two apples are delicious.｜Please give me two cups of water.｜The two of us will go together.,စာအုပ်နှစ်အုပ် ဝယ်ခဲ့တယ်။｜ကြောင်နှစ်ကောင်ရှိတယ်။｜ဒီပန်းသီးနှစ်လုံးက အရသာရှိတယ်။｜ရေနှစ်ခွက်ပေးပါ။｜ကျွန်တော်တို့နှစ်ယောက် အတူတူသွားမယ်။,两个 (liǎng ge) — နှစ်ခု｜两天 (liǎng tiān) — နှစ်ရက်｜两次 (liǎng cì) — နှစ်ကြိမ်
857,2,亮,liàng,bright,တောက်ပသည်,房间里的灯很亮。｜今天的月亮很亮。｜她的眼睛很亮。｜请把灯打开亮一点。｜这个地方晚上很亮。,Fángjiān lǐ de dēng hěn liàng.｜Jīntiān de yuèliang hěn liàng.｜Tā de yǎnjing hěn liàng.｜Qǐng bǎ dēng dǎkāi liàng yìdiǎn.｜Zhège dìfang wǎnshang hěn liàng.,The light in the room is bright.｜The moon is very bright today.｜Her eyes are bright.｜Please turn the light up a little.｜This place is very bright at night.,အခန်းထဲက မီးက တောက်ပတယ်။｜ဒီနေ့ လက အရမ်းတောက်ပတယ်။｜သူမရဲ့မျက်လုံးတွေက တောက်ပတယ်။｜မီးကို နည်းနည်းပိုတောက်အောင် ဖွင့်ပါ။｜ဒီနေရာက ညဘက် အရမ်းလင်းတယ်။,明亮 (míngliàng) — တောက်ပသည်｜亮光 (liàngguāng) — အလင်းရောင်｜光亮 (guāngliàng) — တောက်ပသည်
858,2,辆,liàng,Car (measure word),ယာဉ်ရေတွက်ပမာဏ,这是一辆汽车。｜我买了一辆自行车。｜门口停着两辆车。｜那辆车很新。｜他骑着一辆自行车。,Zhè shì yí liàng qìchē.｜Wǒ mǎi le yí liàng zìxíngchē.｜Ménkǒu tíngzhe liǎng liàng chē.｜Nà liàng chē hěn xīn.｜Tā qízhe yí liàng zìxíngchē.,This is a car.｜I bought a bicycle.｜There are two cars parked at the entrance.｜That car is new.｜He is riding a bicycle.,ဒါက ကားတစ်စီးပါ။｜စက်ဘီးတစ်စီး ဝယ်ခဲ့တယ်။｜ဝင်ပေါက်မှာ ကားနှစ်စီး ရပ်ထားတယ်။｜အဲ့ဒီကားက အသစ်ပဲ။｜သူ စက်ဘီးတစ်စီး စီးနေတယ်။,汽车 (qìchē) — ကား｜一辆车 (yí liàng chē) — ကားတစ်စီး｜车辆 (chēliàng) — ယာဉ်များ
859,2,零下,líng xià,below zero,သုညအောက်,今天晚上零下五度。｜冬天这里常常零下。｜外面的温度是零下十度。｜天气预报说明天零下三度。｜山上的温度已经零下了。,Jīntiān wǎnshang língxià wǔ dù.｜Dōngtiān zhèlǐ chángcháng língxià.｜Wàimiàn de wēndù shì língxià shí dù.｜Tiānqì yùbào shuō míngtiān língxià sān dù.｜Shān shàng de wēndù yǐjīng língxià le.,It is minus five degrees tonight.｜It is often below zero here in winter.｜The outside temperature is minus ten degrees.｜The weather forecast says it will be minus three degrees tomorrow.｜The temperature on the mountain is already below zero.,ဒီည သုညအောက် ၅ ဒီဂရီရှိတယ်။｜ဆောင်းရာသီမှာ ဒီမှာ သုညအောက်ဖြစ်လေ့ရှိတယ်။｜အပြင်အပူချိန်က သုညအောက် ၁၀ ဒီဂရီပါ။｜မနက်ဖြန် သုညအောက် ၃ ဒီဂရီဖြစ်မယ်လို့ မိုးလေဝသခန့်မှန်းချက်က ပြောတယ်။｜တောင်ပေါ်အပူချိန်က သုညအောက်ရောက်နေပြီ။,零度 (língdù) — သုညဒီဂရီ｜温度 (wēndù) — အပူချိန်｜零下温度 (língxià wēndù) — သုညအောက်အပူချိန်
860,2,留,liú,stay,နေသည်၊ ချန်ထားသည်,我想在这里留一会儿。｜请留在这里。｜他留下来吃饭。｜我留了一个位置给你。｜她决定留在中国。,Wǒ xiǎng zài zhèlǐ liú yíhuìr.｜Qǐng liú zài zhèlǐ.｜Tā liú xiàlái chīfàn.｜Wǒ liú le yí ge wèizi gěi nǐ.｜Tā juédìng liú zài Zhōngguó.,I want to stay here for a while.｜Please stay here.｜He stayed to eat.｜I saved a seat for you.｜She decided to stay in China.,ဒီမှာ ခဏလောက် နေချင်တယ်။｜ဒီမှာ နေပေးပါ။｜သူ စားဖို့ကျန်ခဲ့တယ်။｜မင်းအတွက် ထိုင်ခုံတစ်နေရာ ချန်ထားခဲ့တယ်။｜သူ တရုတ်နိုင်ငံမှာ နေဖို့ ဆုံးဖြတ်ခဲ့တယ်။,留学 (liúxué) — နိုင်ငံခြားတွင်ပညာသင်သည်｜停留 (tíngliú) — ခဏနေသည်｜保留 (bǎoliú) — ထိန်းသိမ်းထားသည်
861,2,留下,liú xià,stay; remain,ချန်ထားသည်၊ ကျန်နေသည်,请留下你的电话号码。｜他把书留下了。｜我们留下来帮忙。｜她留下了一张纸条。｜不要把垃圾留下。,Qǐng liúxià nǐ de diànhuà hàomǎ.｜Tā bǎ shū liúxià le.｜Wǒmen liú xiàlái bāngmáng.｜Tā liúxià le yì zhāng zhǐtiáo.｜Bú yào bǎ lèsè liúxià.,Please leave your phone number.｜He left the book behind.｜We stayed to help.｜She left a note.｜Don't leave the trash behind.,ဖုန်းနံပါတ်ကို ချန်ထားပေးပါ။｜သူ စာအုပ်ကို ချန်ထားခဲ့တယ်။｜ကျွန်တော်တို့ ကူညီဖို့ ကျန်ခဲ့တယ်။｜သူမ စာတိုတစ်စောင် ချန်ထားခဲ့တယ်။｜အမှိုက်ကို မချန်ထားနဲ့။,留住 (liúzhù) — ချန်ထားသည်｜留下来 (liú xiàlái) — ကျန်နေသည်｜留意 (liúyì) — သတိထားသည်
862,2,留学生,liú xué shēng,student studying abroad; returned student,နိုင်ငံခြားကျောင်းသား,她是中国的留学生。｜很多留学生在这里学习。｜那个留学生会说中文。｜学校有很多留学生。｜我认识一个外国留学生。,Tā shì Zhōngguó de liúxuéshēng.｜Hěn duō liúxuéshēng zài zhèlǐ xuéxí.｜Nàge liúxuéshēng huì shuō Zhōngwén.｜Xuéxiào yǒu hěn duō liúxuéshēng.｜Wǒ rènshi yí ge wàiguó liúxuéshēng.,She is an international student in China.｜Many international students study here.｜That international student can speak Chinese.｜There are many international students at the school.｜I know a foreign student.,သူမ တရုတ်နိုင်ငံမှာ ပညာသင်နေတဲ့ နိုင်ငံခြားကျောင်းသားပါ။｜နိုင်ငံခြားကျောင်းသားတွေ ဒီမှာ အများကြီးလေ့လာကြတယ်။｜အဲ့ဒီနိုင်ငံခြားကျောင်းသားက တရုတ်လိုပြောတတ်တယ်။｜ကျောင်းမှာ နိုင်ငံခြားကျောင်းသားတွေ အများကြီးရှိတယ်။｜နိုင်ငံခြားကျောင်းသားတစ်ယောက်ကို သိတယ်။,外国学生 (wàiguó xuéshēng) — နိုင်ငံခြားကျောင်းသား｜学习 (xuéxí) — လေ့လာသည်｜大学生 (dàxuéshēng) — တက္ကသိုလ်ကျောင်းသား
863,2,流,liú,flow; spread,စီးဆင်းသည်,河水慢慢地流。｜眼泪从她的脸上流下来。｜水一直在流。｜这条河流得很快。｜汗水不停地流。,Héshuǐ mànmàn de liú.｜Yǎnlèi cóng tā de liǎn shàng liú xiàlái.｜Shuǐ yìzhí zài liú.｜Zhè tiáo hé liú de hěn kuài.｜Hànshuǐ bù tíng de liú.,The river water flows slowly.｜Tears flowed down her face.｜The water keeps flowing.｜This river flows quickly.｜Sweat keeps flowing.,မြစ်ရေက ဖြည်းဖြည်းစီးတယ်။｜သူမမျက်နှာပေါ်က မျက်ရည်တွေ စီးကျလာတယ်။｜ရေက ဆက်ပြီး စီးနေတယ်။｜ဒီမြစ်က အရမ်းမြန်မြန်စီးတယ်။｜ချွေးတွေ မရပ်မနား စီးကျတယ်။,河流 (héliú) — မြစ်｜流水 (liúshuǐ) — စီးဆင်းသောရေ｜流动 (liúdòng) — စီးဆင်းသည်
864,2,流利,liúlì,fluent,ကျွမ်းကျင်စွာပြောနိုင်သည်,她说中文说得很流利。｜他的英语很流利。｜我希望中文说得流利。｜她能流利地说中文。｜他已经可以流利地交流了。,Tā shuō Zhōngwén shuō de hěn liúlì.｜Tā de Yīngyǔ hěn liúlì.｜Wǒ xīwàng Zhōngwén shuō de liúlì.｜Tā néng liúlì de shuō Zhōngwén.｜Tā yǐjīng kěyǐ liúlì de jiāoliú le.,She speaks Chinese very fluently.｜His English is very fluent.｜I hope to speak Chinese fluently.｜She can speak Chinese fluently.｜He can already communicate fluently.,သူမ တရုတ်လို အရမ်းကျွမ်းကျင်စွာပြောတတ်တယ်။｜သူ့အင်္ဂလိပ်စကားက အရမ်းကျွမ်းတယ်။｜ကျွန်တော် တရုတ်လို ကျွမ်းကျင်စွာ ပြောနိုင်ဖို့ မျှော်လင့်တယ်။｜သူမ တရုတ်လို ကျွမ်းကျင်စွာ ပြောနိုင်တယ်။｜သူ အခုဆို ကျွမ်းကျင်စွာ ဆက်သွယ်ပြောဆိုနိုင်ပြီ။,熟练 (shúliàn) — ကျွမ်းကျင်သည်｜流畅 (liúchàng) — ချောမွေ့သည်｜熟练地 (shúliàn de) — ကျွမ်းကျင်စွာ
865,2,流行,liúxíng,Popular,ခေတ်စားသည်၊ လူကြိုက်များသည်,这种衣服很流行。｜现在年轻人很流行穿这种鞋。｜这首歌最近很流行。｜短视频在年轻人中很流行。｜这种颜色今年很流行。,Zhè zhǒng yīfu hěn liúxíng.｜Xiànzài niánqīngrén hěn liúxíng chuān zhè zhǒng xié.｜Zhè shǒu gē zuìjìn hěn liúxíng.｜Duǎn shìpín zài niánqīngrén zhōng hěn liúxíng.｜Zhè zhǒng yánsè jīnnián hěn liúxíng.,This kind of clothing is very popular.｜Young people now like wearing these shoes.｜This song has been very popular recently.｜Short videos are very popular among young people.｜This color is very popular this year.,ဒီလိုအဝတ်အစားမျိုးက အရမ်းခေတ်စားတယ်။｜အခုလူငယ်တွေ ဒီလိုဖိနပ်မျိုး ဝတ်တာခေတ်စားတယ်။｜ဒီသီချင်းက မကြာသေးခင်က အရမ်းလူကြိုက်များတယ်။｜Short video တွေက လူငယ်တွေကြားမှာ အရမ်းခေတ်စားတယ်။｜ဒီအရောင်က ဒီနှစ်မှာ အရမ်းခေတ်စားတယ်။,流行音乐 (liúxíng yīnyuè) — ခေတ်စားသောဂီတ｜流行歌曲 (liúxíng gēqǔ) — လူကြိုက်များသောသီချင်း｜流行文化 (liúxíng wénhuà) — ခေတ်စားသောယဉ်ကျေးမှု｜流行起来 (liúxíng qǐlái) — ခေတ်စားလာသည်｜流行趋势 (liúxíng qūshì) — ခေတ်စားမှုလမ်းကြောင်း
866,2,路边,lù biān,roadside; wayside,လမ်းဘေး,学校在路边。｜他站在路边等我。｜路边有一家商店。｜不要在路边玩。｜路边停着一辆车。,Xuéxiào zài lùbiān.｜Tā zhàn zài lùbiān děng wǒ.｜Lùbiān yǒu yì jiā shāngdiàn.｜Bú yào zài lùbiān wán.｜Lùbiān tíngzhe yí liàng chē.,The school is by the roadside.｜He is standing by the roadside waiting for me.｜There is a shop by the roadside.｜Don't play by the roadside.｜A car is parked by the roadside.,ကျောင်းက လမ်းဘေးမှာရှိတယ်။｜သူ လမ်းဘေးမှာ ကျွန်တော့်ကိုစောင့်နေတယ်။｜လမ်းဘေးမှာ ဆိုင်တစ်ဆိုင်ရှိတယ်။｜လမ်းဘေးမှာ မကစားနဲ့။｜လမ်းဘေးမှာ ကားတစ်စီး ရပ်ထားတယ်။,路口 (lùkǒu) — လမ်းဆုံ｜路上 (lùshàng) — လမ်းပေါ်｜路旁 (lùpáng) — လမ်းဘေး｜马路 (mǎlù) — ကားလမ်း｜道路 (dàolù) — လမ်း
867,2,旅客,lǚ kè,passenger; traveler,ခရီးသည်,旅客正在机场等飞机。｜很多旅客来到这里。｜旅客需要出示护照。｜这位旅客来自中国。｜机场里有很多旅客。,Lǚkè zhèngzài jīchǎng děng fēijī.｜Hěn duō lǚkè láidào zhèlǐ.｜Lǚkè xūyào chūshì hùzhào.｜Zhè wèi lǚkè láizì Zhōngguó.｜Jīchǎng lǐ yǒu hěn duō lǚkè.,The travelers are waiting for their flight at the airport.｜Many travelers come here.｜Travelers need to show their passports.｜This traveler is from China.｜There are many travelers at the airport.,ခရီးသည်တွေ လေဆိပ်မှာ လေယာဉ်စောင့်နေကြတယ်။｜ခရီးသည်တွေအများကြီး ဒီကိုလာကြတယ်။｜ခရီးသည်တွေ နိုင်ငံကူးလက်မှတ်ပြဖို့ လိုတယ်။｜ဒီခရီးသည်က တရုတ်နိုင်ငံကလာတာပါ။｜လေဆိပ်မှာ ခရီးသည်တွေအများကြီးရှိတယ်။,乘客 (chéngkè) — ခရီးသည်｜游客 (yóukè) — ခရီးသွားဧည့်သည်｜旅馆 (lǚguǎn) — တည်းခိုခန်း｜旅行者 (lǚxíngzhě) — ခရီးသွားသူ｜客人 (kèrén) — ဧည့်သည်
868,2,旅行,lǚxíng,travel,ခရီးသွားသည်,我喜欢一个人旅行。｜我们下个月去旅行。｜旅行可以让人放松。｜他经常去国外旅行。｜这次旅行很有意思。,Wǒ xǐhuan yí ge rén lǚxíng.｜Wǒmen xià ge yuè qù lǚxíng.｜Lǚxíng kěyǐ ràng rén fàngsōng.｜Tā jīngcháng qù guówài lǚxíng.｜Zhè cì lǚxíng hěn yǒu yìsi.,I like traveling alone.｜We will travel next month.｜Traveling can help people relax.｜He often travels abroad.｜This trip was very interesting.,ကျွန်တော် တစ်ယောက်တည်း ခရီးသွားရတာကြိုက်တယ်။｜နောက်လမှာ ကျွန်တော်တို့ ခရီးသွားမယ်။｜ခရီးသွားတာက စိတ်ကိုအနားရစေတယ်။｜သူ နိုင်ငံခြားကို မကြာခဏ ခရီးသွားတယ်။｜ဒီခရီးစဉ်က အရမ်းစိတ်ဝင်စားဖို့ကောင်းတယ်။,旅行者 (lǚxíngzhě) — ခရီးသွားသူ｜旅行团 (lǚxíngtuán) — ခရီးသွားအဖွဲ့｜旅行计划 (lǚxíng jìhuà) — ခရီးစဉ်အစီအစဉ်｜旅行箱 (lǚxíngxiāng) — ခရီးဆောင်အိတ်｜旅行社 (lǚxíngshè) — ခရီးသွားကုမ္ပဏီ
869,2,旅游,lǚyóu,Tourism,ခရီးသွားခြင်း,我喜欢去中国旅游。｜暑假我们一起去旅游。｜这里是一个很好的旅游城市。｜旅游的时候要注意安全。｜很多人喜欢旅游。,Wǒ xǐhuan qù Zhōngguó lǚyóu.｜Shǔjià wǒmen yìqǐ qù lǚyóu.｜Zhèlǐ shì yí ge hěn hǎo de lǚyóu chéngshì.｜Lǚyóu de shíhou yào zhùyì ānquán.｜Hěn duō rén xǐhuan lǚyóu.,I like traveling in China.｜We will travel together during the summer vacation.｜This is a good tourist city.｜Pay attention to safety when traveling.｜Many people like traveling.,ကျွန်တော် တရုတ်နိုင်ငံကို ခရီးသွားရတာကြိုက်တယ်။｜နွေရာသီကျောင်းပိတ်ရက်မှာ အတူတူခရီးသွားကြမယ်။｜ဒီနေရာက ခရီးသွားဖို့ကောင်းတဲ့မြို့တစ်မြို့ပါ။｜ခရီးသွားတဲ့အခါ လုံခြုံရေးကို ဂရုစိုက်ရမယ်။｜လူအများကြီးက ခရီးသွားရတာကြိုက်ကြတယ်။,旅游景点 (lǚyóu jǐngdiǎn) — ခရီးသွားစရာနေရာ｜旅游业 (lǚyóu yè) — ခရီးသွားလုပ်ငန်း｜旅游区 (lǚyóu qū) — ခရီးသွားဒေသ｜旅游团 (lǚyóu tuán) — ခရီးသွားအဖွဲ့｜旅游景区 (lǚyóu jǐngqū) — ခရီးသွားဧရိယာ
870,2,绿,lǜ,green,အစိမ်းရောင်,我喜欢绿色。｜这件衣服是绿的。｜树叶变绿了。｜草地很绿。｜他的自行车是绿色的。,Wǒ xǐhuan lǜsè.｜Zhè jiàn yīfu shì lǜ de.｜Shùyè biàn lǜ le.｜Cǎodì hěn lǜ.｜Tā de zìxíngchē shì lǜsè de.,I like green.｜This clothing is green.｜The leaves have turned green.｜The grass is very green.｜His bicycle is green.,အစိမ်းရောင်ကို ကြိုက်တယ်။｜ဒီအဝတ်အစားက အစိမ်းရောင်ပါ။｜သစ်ရွက်တွေ အစိမ်းရောင်ပြောင်းလာပြီ။｜မြက်ခင်းက အရမ်းစိမ်းတယ်။｜သူ့စက်ဘီးက အစိမ်းရောင်ပါ။,绿色 (lǜsè) — အစိမ်းရောင်｜绿茶 (lǜchá) — လက်ဖက်စိမ်း｜绿叶 (lǜyè) — အစိမ်းရောင်သစ်ရွက်｜绿灯 (lǜdēng) — မီးစိမ်း｜草绿 (cǎolǜ) — မြက်စိမ်းရောင်
871,2,绿色,lǜ sè,green,အစိမ်းရောင်,我喜欢绿色的衣服。｜这是一件绿色的裙子。｜绿色的树叶很好看。｜他买了一辆绿色的车。｜绿色代表自然。,Wǒ xǐhuan lǜsè de yīfu.｜Zhè shì yí jiàn lǜsè de qúnzi.｜Lǜsè de shùyè hěn hǎokàn.｜Tā mǎi le yí liàng lǜsè de chē.｜Lǜsè dàibiǎo zìrán.,I like green clothes.｜This is a green skirt.｜The green leaves are beautiful.｜He bought a green car.｜Green represents nature.,အစိမ်းရောင်အဝတ်အစားကို ကြိုက်တယ်။｜ဒါက အစိမ်းရောင်စကတ်တစ်ထည်ပါ။｜အစိမ်းရောင်သစ်ရွက်တွေက လှတယ်။｜သူ အစိမ်းရောင်ကားတစ်စီး ဝယ်ခဲ့တယ်။｜အစိမ်းရောင်က သဘာဝကို ကိုယ်စားပြုတယ်။,绿叶 (lǜyè) — အစိမ်းရောင်သစ်ရွက်｜绿茶 (lǜchá) — လက်ဖက်စိမ်း｜绿色食品 (lǜsè shípǐn) — အစိမ်းရောင်အစားအစာ｜绿色环保 (lǜsè huánbǎo) — သဘာဝပတ်ဝန်းကျင်ထိန်းသိမ်းမှု｜绿色植物 (lǜsè zhíwù) — အစိမ်းရောင်အပင်
872,2,卖,mài,sell,ရောင်းသည်,这家店卖水果。｜他在网上卖衣服。｜这里卖很多东西。｜我想卖掉这辆自行车。｜他们每天都卖很多商品。,Zhè jiā diàn mài shuǐguǒ.｜Tā zài wǎngshàng mài yīfu.｜Zhèlǐ mài hěn duō dōngxi.｜Wǒ xiǎng màidiào zhè liàng zìxíngchē.｜Tāmen měitiān dōu mài hěn duō shāngpǐn.,This shop sells fruit.｜He sells clothes online.｜They sell many things here.｜I want to sell this bicycle.｜They sell many products every day.,ဒီဆိုင်မှာ သစ်သီးရောင်းတယ်။｜သူ အွန်လိုင်းမှာ အဝတ်အစားရောင်းတယ်။｜ဒီမှာ ပစ္စည်းအမျိုးမျိုးရောင်းတယ်။｜ဒီစက်ဘီးကို ရောင်းချင်တယ်။｜သူတို့နေ့တိုင်း ကုန်ပစ္စည်းတွေအများကြီး ရောင်းတယ်။,买卖 (mǎimài) — အရောင်းအဝယ်｜卖掉 (màidiào) — ရောင်းပစ်သည်｜卖出 (màichū) — ရောင်းထုတ်သည်｜卖东西 (mài dōngxi) — ပစ္စည်းရောင်းသည်｜出售 (chūshòu) — ရောင်းချသည်
873,2,满,mǎn,full,ပြည့်သည်,杯子里装满了水。｜房间里坐满了人。｜箱子已经满了。｜我的钱包里没有钱了。｜公交车上已经坐满了人。,Bēizi lǐ zhuāngmǎn le shuǐ.｜Fángjiān lǐ zuòmǎn le rén.｜Xiāngzi yǐjīng mǎn le.｜Wǒ de qiánbāo lǐ méiyǒu qián le.｜Gōngjiāochē shàng yǐjīng zuòmǎn le rén.,The cup is full of water.｜The room is full of people.｜The box is already full.｜There is no money left in my wallet.｜The bus is already full of people.,ခွက်ထဲမှာ ရေအပြည့်ရှိတယ်။｜အခန်းထဲမှာ လူတွေအပြည့်ပဲ။｜သေတ္တာက ပြည့်နေပြီ။｜ပိုက်ဆံအိတ်ထဲမှာ ပိုက်ဆံမကျန်တော့ဘူး။｜ဘတ်စ်ကားပေါ်မှာ လူတွေအပြည့်ဖြစ်နေပြီ။,满意 (mǎnyì) — ကျေနပ်သည်｜满满 (mǎnmǎn) — အပြည့်｜满天 (mǎntiān) — ကောင်းကင်အပြည့်｜满员 (mǎnyuán) — လူပြည့်｜满分 (mǎnfēn) — အမှတ်ပြည့်
874,2,满意,mǎnyì,Satisfied,ကျေနပ်သည်,我对这个结果很满意。｜你对这个答案满意吗？｜妈妈对我的成绩很满意。｜我们对这家酒店很满意。｜他很满意自己的工作。,Wǒ duì zhège jiéguǒ hěn mǎnyì.｜Nǐ duì zhège dá'àn mǎnyì ma?｜Māma duì wǒ de chéngjī hěn mǎnyì.｜Wǒmen duì zhè jiā jiǔdiàn hěn mǎnyì.｜Tā hěn mǎnyì zìjǐ de gōngzuò.,I am very satisfied with this result.｜Are you satisfied with this answer?｜My mother is very satisfied with my grades.｜We are very satisfied with this hotel.｜He is very satisfied with his work.,ဒီရလဒ်ကို အရမ်းကျေနပ်တယ်။｜ဒီအဖြေကို မင်းကျေနပ်လား။｜အမေက ကျွန်တော့်အမှတ်တွေကို အရမ်းကျေနပ်တယ်။｜ဒီဟိုတယ်ကို ကျွန်တော်တို့ အရမ်းကျေနပ်တယ်။｜သူ့အလုပ်ကို သူအရမ်းကျေနပ်တယ်။,满意度 (mǎnyìdù) — ကျေနပ်မှုအဆင့်｜满意的 (mǎnyì de) — ကျေနပ်စရာကောင်းသော｜不满意 (bù mǎnyì) — မကျေနပ်｜满意答案 (mǎnyì dá'àn) — ကျေနပ်စရာအဖြေ｜满意结果 (mǎnyì jiéguǒ) — ကျေနပ်စရာရလဒ်
875,2,猫,māo,cat,ကြောင်,我喜欢猫。｜那只猫很可爱。｜我的猫喜欢睡觉。｜这只猫正在吃东西。｜她养了一只白猫。,Wǒ xǐhuan māo.｜Nà zhī māo hěn kě'ài.｜Wǒ de māo xǐhuan shuìjiào.｜Zhè zhī māo zhèngzài chī dōngxi.｜Tā yǎng le yì zhī bái māo.,I like cats.｜That cat is very cute.｜My cat likes sleeping.｜This cat is eating.｜She has a white cat.,ကြောင်တွေကို ကြိုက်တယ်။｜အဲ့ဒီကြောင်က အရမ်းချစ်စရာကောင်းတယ်။｜ကျွန်တော့်ကြောင်က အိပ်ရတာကြိုက်တယ်။｜ဒီကြောင်က အစာစားနေတယ်။｜သူမမှာ ကြောင်ဖြူတစ်ကောင်ရှိတယ်။,小猫 (xiǎomāo) — ကြောင်လေး｜猫咪 (māomī) — ကြောင်လေး｜猫粮 (māoliáng) — ကြောင်အစာ｜猫叫 (māojiào) — ကြောင်အော်သံ｜黑猫 (hēimāo) — ကြောင်နက်
876,2,米（量）,mǐ,meter,မီတာ,我买了五米布。｜这条绳子有十米长。｜请给我三米米线。｜这张桌子有两米长。｜我要买两米布。,Wǒ mǎi le wǔ mǐ bù.｜Zhè tiáo shéngzi yǒu shí mǐ cháng.｜Qǐng gěi wǒ sān mǐ mǐxiàn.｜Zhè zhāng zhuōzi yǒu liǎng mǐ cháng.｜Wǒ yào mǎi liǎng mǐ bù.,I bought five meters of cloth.｜This rope is ten meters long.｜Please give me three meters of rice noodles.｜This table is two meters long.｜I want to buy two meters of cloth.,အထည် ၅ မီတာဝယ်ခဲ့တယ်။｜ဒီကြိုးက ၁၀ မီတာရှည်တယ်။｜မီ ၃ မီတာပေးပါ။｜ဒီစားပွဲက ၂ မီတာရှည်တယ်။｜အထည် ၂ မီတာ ဝယ်ချင်တယ်။,米饭 (mǐfàn) — ထမင်း｜大米 (dàmǐ) — ဆန်｜米粉 (mǐfěn) — ဆန်ခေါက်ဆွဲ｜米线 (mǐxiàn) — ဆန်ကြာဇံ｜一米 (yì mǐ) — တစ်မီတာ
877,2,面¹（名、量）,miàn ¹,(measure word); side; aspect,မျက်နှာပြင်၊ အပိုင်း,桌面上有一本书。｜我吃了一碗面。｜请给我两面镜子。｜这块布有三米长。｜墙面很干净。,Zhuōmiàn shàng yǒu yì běn shū.｜Wǒ chī le yì wǎn miàn.｜Qǐng gěi wǒ liǎng miàn jìngzi.｜Zhè kuài bù yǒu sān mǐ cháng.｜Qiángmiàn hěn gānjìng.,There is a book on the desktop.｜I ate a bowl of noodles.｜Please give me two mirrors.｜This piece of cloth is three meters long.｜The wall surface is very clean.,စားပွဲမျက်နှာပြင်ပေါ်မှာ စာအုပ်တစ်အုပ်ရှိတယ်။｜ခေါက်ဆွဲတစ်ပန်းကန် စားခဲ့တယ်။｜မှန်နှစ်ချပ် ပေးပါ။｜ဒီအထည်က ၃ မီတာရှည်တယ်။｜နံရံမျက်နှာပြင်က သန့်ရှင်းတယ်။,面包 (miànbāo) — ပေါင်မုန့်｜面条 (miàntiáo) — ခေါက်ဆွဲ｜桌面 (zhuōmiàn) — စားပွဲမျက်နှာပြင်｜水面 (shuǐmiàn) — ရေမျက်နှာပြင်｜表面 (biǎomiàn) — မျက်နှာပြင်
878,2,面²（名）,miàn ²,face; surface; outside; side; scale; flour,မျက်နှာ,我们面对面聊天。｜他的脸面向我。｜这个房间有两面墙。｜请把这面镜子拿给我。｜两面都很干净。,Wǒmen miànduìmiàn liáotiān.｜Tā de liǎn miànxiàng wǒ.｜Zhège fángjiān yǒu liǎng miàn qiáng.｜Qǐng bǎ zhè miàn jìngzi ná gěi wǒ.｜Liǎng miàn dōu hěn gānjìng.,We talked face to face.｜His face is facing me.｜There are two walls in this room.｜Please give me this mirror.｜Both sides are clean.,ကျွန်တော်တို့ မျက်နှာချင်းဆိုင် စကားပြောခဲ့တယ်။｜သူ့မျက်နှာက ကျွန်တော့်ဘက်ကို မျက်နှာမူထားတယ်။｜ဒီအခန်းမှာ နံရံနှစ်ဖက်ရှိတယ်။｜ဒီမှန်ကို ကျွန်တော့်ဆီ ပေးပါ။｜နှစ်ဖက်လုံး သန့်ရှင်းတယ်။,面对 (miànduì) — ရင်ဆိုင်သည်｜面对面 (miànduìmiàn) — မျက်နှာချင်းဆိုင်｜一面 (yímiàn) — တစ်ဖက်｜两面 (liǎngmiàn) — နှစ်ဖက်｜面向 (miànxiàng) — မျက်နှာမူသည်
879,2,面前,miàn qián,in front of; before,ရှေ့မှာ,他站在我面前。｜老师就在学生面前。｜不要在别人面前说这个。｜我在商店面前等你。｜她坐在我面前。,Tā zhàn zài wǒ miànqián.｜Lǎoshī jiù zài xuésheng miànqián.｜Bú yào zài biérén miànqián shuō zhège.｜Wǒ zài shāngdiàn miànqián děng nǐ.｜Tā zuò zài wǒ miànqián.,He is standing in front of me.｜The teacher is right in front of the students.｜Don't say this in front of others.｜I am waiting for you in front of the shop.｜She is sitting in front of me.,သူ ကျွန်တော့်ရှေ့မှာ ရပ်နေတယ်။｜ဆရာက ကျောင်းသားတွေရဲ့ရှေ့မှာ ရှိတယ်။｜သူများရှေ့မှာ ဒီလိုမပြောနဲ့။｜ဆိုင်ရှေ့မှာ မင်းကိုစောင့်နေတယ်။｜သူမ ကျွန်တော့်ရှေ့မှာ ထိုင်နေတယ်။,面后 (miànhòu) — နောက်ဘက် (အသုံးနည်း)｜面前 (miànqián) — ရှေ့မှာ｜眼前 (yǎnqián) — မျက်စိရှေ့မှာ｜前面 (qiánmiàn) — ရှေ့ဘက်｜面临 (miànlín) — ရင်ဆိုင်ရသည်
880,2,名,míng,name,အမည်,他的名字叫什么？｜请写下你的名字。｜我的名字叫王明。｜老师记住了我的名字。｜这个名字很好听。,Tā de míngzi jiào shénme?｜Qǐng xiě xià nǐ de míngzi.｜Wǒ de míngzi jiào Wáng Míng.｜Lǎoshī jìzhù le wǒ de míngzi.｜Zhège míngzi hěn hǎotīng.,What is his name?｜Please write down your name.｜My name is Wang Ming.｜The teacher remembered my name.｜This name sounds nice.,သူ့နာမည်က ဘာလဲ။｜မင်းနာမည်ကို ရေးထားပါ။｜ကျွန်တော့်နာမည်က ဝမ်မင်းပါ။｜ဆရာက ကျွန်တော့်နာမည်ကို မှတ်မိတယ်။｜ဒီနာမည်က အသံကောင်းတယ်။,名字 (míngzi) — နာမည်｜姓名 (xìngmíng) — အမည်အပြည့်အစုံ｜著名 (zhùmíng) — နာမည်ကြီး｜命名 (mìngmíng) — အမည်ပေးသည်｜有名 (yǒumíng) — နာမည်ကြီး
881,2,名称,míng chēng,name; designation,အမည်၊ အခေါ်အဝေါ်,这个公司的名称很长。｜请告诉我产品的名称。｜这家店的名称很特别。｜我们需要填写学校名称。｜这个名称容易记。,Zhège gōngsī de míngchēng hěn cháng.｜Qǐng gàosu wǒ chǎnpǐn de míngchēng.｜Zhè jiā diàn de míngchēng hěn tèbié.｜Wǒmen xūyào tiánxiě xuéxiào míngchēng.｜Zhège míngchēng róngyì jì.,The name of this company is long.｜Please tell me the product name.｜The name of this shop is special.｜We need to fill in the school name.｜This name is easy to remember.,ဒီကုမ္ပဏီရဲ့ အမည်က ရှည်တယ်။｜ထုတ်ကုန်ရဲ့ အမည်ကို ပြောပြပါ။｜ဒီဆိုင်ရဲ့ အမည်က ထူးခြားတယ်။｜ကျောင်းအမည်ကို ဖြည့်ရမယ်။｜ဒီအမည်က မှတ်ရလွယ်တယ်။,名字 (míngzi) — နာမည်｜名称 (míngchēng) — အမည်｜品牌名称 (pǐnpái míngchēng) — အမှတ်တံဆိပ်အမည်｜公司名称 (gōngsī míngchēng) — ကုမ္ပဏီအမည်｜正式名称 (zhèngshì míngchēng) — တရားဝင်အမည်
882,2,名单,míng dān,list,အမည်စာရင်း,老师把学生的名单给我了。｜请看一下名单。｜名单上有我的名字。｜老师正在检查名单。｜我们按照名单进入教室。,Lǎoshī bǎ xuésheng de míngdān gěi wǒ le.｜Qǐng kàn yíxià míngdān.｜Míngdān shàng yǒu wǒ de míngzi.｜Lǎoshī zhèngzài jiǎnchá míngdān.｜Wǒmen ànzhào míngdān jìnrù jiàoshì.,The teacher gave me the student list.｜Please look at the list.｜My name is on the list.｜The teacher is checking the list.｜We enter the classroom according to the list.,ဆရာက ကျောင်းသားစာရင်းကို ကျွန်တော့်ကို ပေးတယ်။｜စာရင်းကို ကြည့်ပါ။｜စာရင်းထဲမှာ ကျွန်တော့်နာမည်ပါတယ်။｜ဆရာက စာရင်းကို စစ်နေတယ်။｜စာရင်းအတိုင်း စာသင်ခန်းထဲ ဝင်ကြတယ်။,名字 (míngzi) — နာမည်｜学生名单 (xuésheng míngdān) — ကျောင်းသားစာရင်း｜名单表 (míngdān biǎo) — အမည်စာရင်းဇယား｜名单上 (míngdān shàng) — အမည်စာရင်းပေါ်တွင်｜报名名单 (bàomíng míngdān) — စာရင်းသွင်းသူစာရင်း
883,2,明星,míngxīng,Star,နာမည်ကြီးသူ၊ ကြယ်ပွင့်,她是一位著名明星。｜很多人喜欢这个明星。｜这个明星很有名。｜明星正在参加活动。｜我昨天在电视上看到了一个明星。,Tā shì yí wèi zhùmíng míngxīng.｜Hěn duō rén xǐhuan zhège míngxīng.｜Zhège míngxīng hěn yǒumíng.｜Míngxīng zhèngzài cānjiā huódòng.｜Wǒ zuótiān zài diànshì shàng kàn dào le yí ge míngxīng.,She is a famous star.｜Many people like this star.｜This star is very famous.｜The star is attending an event.｜I saw a star on TV yesterday.,သူမက နာမည်ကြီးကြယ်ပွင့်တစ်ယောက်ပါ။｜လူအများကြီးက ဒီကြယ်ပွင့်ကို ကြိုက်ကြတယ်။｜ဒီကြယ်ပွင့်က အရမ်းနာမည်ကြီးတယ်။｜ကြယ်ပွင့်က ပွဲတစ်ခုကို တက်ရောက်နေတယ်။｜မနေ့က တီဗီမှာ ကြယ်ပွင့်တစ်ယောက်ကို တွေ့ခဲ့တယ်။,演员 (yǎnyuán) — သရုပ်ဆောင်｜歌手 (gēshǒu) — အဆိုတော်｜明星 (míngxīng) — ကြယ်ပွင့်｜著名明星 (zhùmíng míngxīng) — နာမည်ကြီးကြယ်ပွင့်｜偶像 (ǒuxiàng) — အိုင်ဒေါ
884,2,目的,mùdì,objective,ရည်ရွယ်ချက်၊ ပန်းတိုင်,学习的目的是什么？｜我的目的很简单。｜我们这次旅行的目的地很远。｜他学习中文的目的是工作。｜不要忘记自己的目的。,Xuéxí de mùdì shì shénme?｜Wǒ de mùdì hěn jiǎndān.｜Wǒmen zhè cì lǚxíng de mùdìdì hěn yuǎn.｜Tā xuéxí Zhōngwén de mùdì shì gōngzuò.｜Bú yào wàngjì zìjǐ de mùdì.,What is the purpose of studying?｜My purpose is simple.｜The destination of this trip is far away.｜His purpose in studying Chinese is work.｜Don't forget your purpose.,စာလေ့လာရတဲ့ ရည်ရွယ်ချက်က ဘာလဲ။｜ကျွန်တော့်ရည်ရွယ်ချက်က ရိုးရှင်းတယ်။｜ဒီခရီးရဲ့ ရည်ရွယ်ရာနေရာက အဝေးကြီးပဲ။｜သူ တရုတ်စာလေ့လာရတဲ့ ရည်ရွယ်ချက်က အလုပ်အတွက်ပါ။｜ကိုယ့်ရည်ရွယ်ချက်ကို မမေ့နဲ့။,目标 (mùbiāo) — ပန်းတိုင်｜目的地 (mùdìdì) — ရည်ရွယ်ရာနေရာ｜目的性 (mùdìxìng) — ရည်ရွယ်ချက်ရှိမှု｜学习目的 (xuéxí mùdì) — လေ့လာရည်ရွယ်ချက်｜主要目的 (zhǔyào mùdì) — အဓိကရည်ရွယ်ချက်
885,2,拿出,ná chū,take out,ထုတ်ယူသည်,请把书拿出来。｜他从包里拿出手机。｜老师拿出了一本书。｜我拿出钱买东西。｜她拿出照片给我看。,Qǐng bǎ shū ná chūlái.｜Tā cóng bāo lǐ ná chū shǒujī.｜Lǎoshī ná chū le yì běn shū.｜Wǒ ná chū qián mǎi dōngxi.｜Tā ná chū zhàopiàn gěi wǒ kàn.,Please take the book out.｜He took his phone out of the bag.｜The teacher took out a book.｜I took out money to buy things.｜She took out photos to show me.,စာအုပ်ကို ထုတ်လိုက်ပါ။｜သူ အိတ်ထဲက ဖုန်းကို ထုတ်လိုက်တယ်။｜ဆရာက စာအုပ်တစ်အုပ် ထုတ်လိုက်တယ်။｜ပစ္စည်းဝယ်ဖို့ ပိုက်ဆံထုတ်လိုက်တယ်။｜သူမက ဓာတ်ပုံတွေထုတ်ပြီး ကျွန်တော့်ကို ပြတယ်။,拿出来 (ná chūlái) — ထုတ်ယူလာသည်｜拿走 (ná zǒu) — ယူသွားသည်｜拿来 (ná lái) — ယူလာသည်｜拿起 (ná qǐ) — ကောက်ယူသည်｜拿东西 (ná dōngxi) — ပစ္စည်းယူသည်
886,2,拿到,ná dào,get,ရရှိသည်၊ ရောက်ရှိသည်,我终于拿到了票。｜你拿到礼物了吗？｜他已经拿到工作了。｜我昨天拿到了新手机。｜学生拿到了考试成绩。,Wǒ zhōngyú ná dào le piào.｜Nǐ ná dào lǐwù le ma?｜Tā yǐjīng ná dào gōngzuò le.｜Wǒ zuótiān ná dào le xīn shǒujī.｜Xuésheng ná dào le kǎoshì chéngjì.,I finally got the ticket.｜Did you get the gift?｜He has already got a job.｜I got a new phone yesterday.｜The student got the exam results.,နောက်ဆုံးတော့ လက်မှတ်ရခဲ့တယ်။｜လက်ဆောင်ရပြီလား။｜သူ အလုပ်ရထားပြီ။｜မနေ့က ဖုန်းအသစ်ရခဲ့တယ်။｜ကျောင်းသားက စာမေးပွဲရလဒ် ရခဲ့တယ်။,得到 (dédào) — ရရှိသည်｜拿到手 (ná dào shǒu) — လက်ထဲရောက်သည်｜收到 (shōudào) — လက်ခံရရှိသည်｜得到机会 (dédào jīhuì) — အခွင့်အရေးရရှိသည်｜拿到钱 (ná dào qián) — ပိုက်ဆံရရှိသည်
887,2,那（连）,nà,then; in that case,ဒါဆို၊ အဲဒီလိုဆိုရင်,你不喜欢，那就别去了。｜如果下雨，那我们就不出门。｜你想去，那我也去。｜他不想吃，那就算了。｜天气不好，那我们明天再去吧。,"Nǐ bù xǐhuan, nà jiù bié qù le.｜Rúguǒ xiàyǔ, nà wǒmen jiù bù chūmén.｜Nǐ xiǎng qù, nà wǒ yě qù.｜Tā bù xiǎng chī, nà jiù suàn le.｜Tiānqì bù hǎo, nà wǒmen míngtiān zài qù ba.","If you don't like it, then don't go.｜If it rains, then we won't go out.｜If you want to go, then I'll go too.｜He doesn't want to eat, so forget it.｜The weather is bad, so let's go tomorrow instead.",မကြိုက်ရင် မသွားနဲ့။｜မိုးရွာရင် အပြင်မထွက်တော့ဘူး။｜မင်းသွားချင်ရင် ငါလည်းသွားမယ်။｜သူမစားချင်ရင် ဒီအတိုင်းထားလိုက်။｜ရာသီဥတုမကောင်းရင် မနက်ဖြန်မှ သွားကြရအောင်။,那么 (nàme) — အဲဒီလိုဆို｜那样 (nàyàng) — အဲဒီလို｜那就 (nà jiù) — ဒါဆို｜那好 (nà hǎo) — ဒါဆိုကောင်းပြီ｜那我们走吧 (nà wǒmen zǒu ba) — ဒါဆို သွားကြစို့
888,2,那会儿,nà huìr,at that time; then,အဲဒီအချိန်တုန်းက,那会儿我还在上学。｜那会儿我们住在北京。｜我那会儿不认识他。｜那会儿天气很冷。｜那会儿大家都很开心。,Nà huìr wǒ hái zài shàngxué.｜Nà huìr wǒmen zhù zài Běijīng.｜Wǒ nà huìr bù rènshi tā.｜Nà huìr tiānqì hěn lěng.｜Nà huìr dàjiā dōu hěn kāixīn.,I was still in school then.｜We lived in Beijing then.｜I didn't know him at that time.｜It was very cold then.｜Everyone was very happy then.,အဲဒီအချိန်တုန်းက ကျွန်တော် ကျောင်းတက်နေတုန်းပဲ။｜အဲဒီတုန်းက ကျွန်တော်တို့ ဘေဂျင်းမှာ နေခဲ့တယ်။｜အဲဒီအချိန်တုန်းက သူ့ကို မသိသေးဘူး။｜အဲဒီတုန်းက ရာသီဥတု အရမ်းအေးတယ်။｜အဲဒီတုန်းက လူတိုင်း အရမ်းပျော်ကြတယ်။,那时候 (nà shíhou) — အဲဒီအချိန်｜那时 (nà shí) — အဲဒီတုန်းက｜当时 (dāngshí) — အဲဒီအချိန်တုန်းက｜那会儿 (nà huìr) — အဲဒီအချိန်တုန်းက｜以前 (yǐqián) — အရင်က
889,2,那么,nà me,like that; in that way,အဲဒီလောက်၊ ဒီလောက်,你为什么那么开心？｜这里有那么多人。｜不要那么着急。｜他没有那么高。｜这件衣服没有那么贵。,Nǐ wèishénme nàme kāixīn?｜Zhèlǐ yǒu nàme duō rén.｜Bú yào nàme zháojí.｜Tā méiyǒu nàme gāo.｜Zhè jiàn yīfu méiyǒu nàme guì.,Why are you so happy?｜There are so many people here.｜Don't be so anxious.｜He isn't that tall.｜These clothes aren't that expensive.,မင်းဘာလို့ ဒီလောက်ပျော်နေတာလဲ။｜ဒီမှာ လူအများကြီးရှိတယ်။｜ဒီလောက် စိတ်မလောနဲ့။｜သူ ဒီလောက်မရှည်ဘူး။｜ဒီအဝတ်အစားက ဒီလောက်ဈေးမကြီးဘူး။,这么 (zhème) — ဒီလောက်｜这样 (zhèyàng) — ဒီလို｜那么多 (nàme duō) — ဒီလောက်များ｜那么大 (nàme dà) — ဒီလောက်ကြီး｜那么快 (nàme kuài) — ဒီလောက်မြန်
890,2,那时候｜那时,nà shí hou ｜ nà shí,at that time,အဲဒီအချိန်တုန်းက,那时候我还很小。｜那时我们经常一起玩。｜那时候这里没有这么多房子。｜我那时还不会说中文。｜那时他住在上海。,Nà shíhou wǒ hái hěn xiǎo.｜Nà shí wǒmen jīngcháng yìqǐ wán.｜Nà shíhou zhèlǐ méiyǒu zhème duō fángzi.｜Wǒ nà shí hái bú huì shuō Zhōngwén.｜Nà shí tā zhù zài Shànghǎi.,I was very young at that time.｜We often played together then.｜There weren't so many houses here at that time.｜I couldn't speak Chinese then.｜He lived in Shanghai at that time.,အဲဒီအချိန်တုန်းက ကျွန်တော် အရမ်းငယ်သေးတယ်။｜အဲဒီတုန်းက ကျွန်တော်တို့ အတူတူ မကြာခဏကစားကြတယ်။｜အဲဒီအချိန်တုန်းက ဒီမှာ အိမ်တွေအများကြီးမရှိသေးဘူး။｜အဲဒီတုန်းက တရုတ်လို မပြောတတ်သေးဘူး။｜အဲဒီအချိန်တုန်းက သူ ရှန်ဟိုင်းမှာ နေတယ်။,那时 (nà shí) — အဲဒီတုန်းက｜当时 (dāngshí) — အဲဒီအချိန်｜那时候 (nà shíhou) — အဲဒီအချိန်တုန်းက｜过去 (guòqù) — အတိတ်｜以前 (yǐqián) — အရင်က
891,2,那样,nà yàng,that kind; like that; such,အဲဒီလို,不要那样说。｜你可以那样做。｜事情不是那样的。｜为什么要那样看我？｜请不要那样对别人。,Bú yào nàyàng shuō.｜Nǐ kěyǐ nàyàng zuò.｜Shìqing bú shì nàyàng de.｜Wèishénme yào nàyàng kàn wǒ?｜Qǐng bú yào nàyàng duì biérén.,Don't say it like that.｜You can do it that way.｜Things aren't like that.｜Why are you looking at me like that?｜Please don't treat others like that.,အဲဒီလို မပြောနဲ့။｜အဲဒီလို လုပ်လို့ရတယ်။｜ကိစ္စက အဲဒီလိုမဟုတ်ဘူး။｜မင်းဘာလို့ ငါ့ကို အဲဒီလိုကြည့်တာလဲ။｜သူများကို အဲဒီလို မဆက်ဆံပါနဲ့။,这样 (zhèyàng) — ဒီလို｜那样 (nàyàng) — အဲဒီလို｜怎样 (zěnyàng) — ဘယ်လို｜一样 (yíyàng) — တူညီသည်｜这样的 (zhèyàng de) — ဒီလိုမျိုး
892,2,南方,nán fāng,south,တောင်ပိုင်း,中国南方的天气比较暖和。｜我家在南方。｜南方有很多美丽的城市。｜他想到南方旅行。｜南方的冬天不太冷。,Zhōngguó nánfāng de tiānqì bǐjiào nuǎnhuo.｜Wǒ jiā zài nánfāng.｜Nánfāng yǒu hěn duō měilì de chéngshì.｜Tā xiǎng dào nánfāng lǚxíng.｜Nánfāng de dōngtiān bú tài lěng.,The weather in southern China is relatively warm.｜My home is in the south.｜There are many beautiful cities in the south.｜He wants to travel to the south.｜Winters in the south are not very cold.,တရုတ်နိုင်ငံတောင်ပိုင်းက ရာသီဥတုက ပိုနွေးတယ်။｜ကျွန်တော့်အိမ်က တောင်ပိုင်းမှာရှိတယ်။｜တောင်ပိုင်းမှာ လှပတဲ့မြို့တွေအများကြီးရှိတယ်။｜သူ တောင်ပိုင်းကို ခရီးသွားချင်တယ်။｜တောင်ပိုင်းက ဆောင်းရာသီက သိပ်မအေးဘူး။,北方 (běifāng) — မြောက်ပိုင်း｜南部 (nánbù) — တောင်ပိုင်းဒေသ｜南边 (nánbian) — တောင်ဘက်｜华南 (Huánán) — တရုတ်တောင်ပိုင်း｜南方人 (nánfāng rén) — တောင်ပိုင်းသား
893,2,难过,nánguò,Sorry,ဝမ်းနည်းသည်,听到这个消息，我很难过。｜她看起来很难过。｜不要因为这件事难过。｜他难过地哭了。｜我为他的离开感到难过。,"Tīngdào zhège xiāoxi, wǒ hěn nánguò.｜Tā kàn qǐlái hěn nánguò.｜Bú yào yīnwèi zhè jiàn shì nánguò.｜Tā nánguò de kū le.｜Wǒ wèi tā de líkāi gǎndào nánguò.",I was very sad when I heard the news.｜She looks very sad.｜Don't be sad because of this.｜He cried sadly.｜I felt sad about his leaving.,ဒီသတင်းကြားတော့ ကျွန်တော် အရမ်းဝမ်းနည်းတယ်။｜သူမက အရမ်းဝမ်းနည်းနေတဲ့ပုံပဲ။｜ဒီကိစ္စကြောင့် ဝမ်းမနည်းနဲ့။｜သူ ဝမ်းနည်းပြီး ငိုခဲ့တယ်။｜သူထွက်သွားတာကို ကျွန်တော် ဝမ်းနည်းမိတယ်။,悲伤 (bēishāng) — ဝမ်းနည်းမှု｜伤心 (shāngxīn) — ဝမ်းနည်းသည်｜难过的心情 (nánguò de xīnqíng) — ဝမ်းနည်းသောစိတ်｜难过地 (nánguò de) — ဝမ်းနည်းစွာ｜过得难过 (guò de nánguò) — ခက်ခဲစွာဖြတ်သန်းသည်
894,2,难看,nán kàn,ugly,မလှ၊ ကြည့်မကောင်း,这件衣服很难看。｜这个房间的颜色很难看。｜这张照片有点难看。｜这双鞋不难看。｜我觉得这个设计很难看。,Zhè jiàn yīfu hěn nánkàn.｜Zhège fángjiān de yánsè hěn nánkàn.｜Zhè zhāng zhàopiàn yǒudiǎn nánkàn.｜Zhè shuāng xié bù nánkàn.｜Wǒ juéde zhège shèjì hěn nánkàn.,This piece of clothing is ugly.｜The color of this room is ugly.｜This photo is a little ugly.｜These shoes aren't ugly.｜I think this design is ugly.,ဒီအဝတ်အစားက ကြည့်မကောင်းဘူး။｜ဒီအခန်းရဲ့အရောင်က ကြည့်မကောင်းဘူး။｜ဒီဓာတ်ပုံက နည်းနည်းကြည့်မကောင်းဘူး။｜ဒီဖိနပ်က မဆိုးပါဘူး။｜ဒီဒီဇိုင်းက ကြည့်မကောင်းဘူးလို့ ထင်တယ်။,好看 (hǎokàn) — ကြည့်ကောင်းသည်｜漂亮 (piàoliang) — လှပသည်｜丑 (chǒu) — ရုပ်ဆိုးသည်｜难看的衣服 (nánkàn de yīfu) — ကြည့်မကောင်းသောအဝတ်｜难看起来 (nánkàn qǐlái) — ကြည့်မကောင်းဖြစ်လာသည်
895,2,难受,nánshòu,Uncomfortable,နေမကောင်းဖြစ်သည်၊ စိတ်မသက်မသာဖြစ်သည်,今天身体很难受。｜我吃完饭以后很难受。｜天气太热了，让人很难受。｜他感到心里很难受。｜如果不舒服，就会很难受。,"Jīntiān shēntǐ hěn nánshòu.｜Wǒ chī wán fàn yǐhòu hěn nánshòu.｜Tiānqì tài rè le, ràng rén hěn nánshòu.｜Tā gǎndào xīnli hěn nánshòu.｜Rúguǒ bù shūfu, jiù huì hěn nánshòu.","I feel very uncomfortable today.｜I felt uncomfortable after eating.｜The weather is too hot and makes people uncomfortable.｜He feels very uncomfortable inside.｜If you are unwell, you will feel uncomfortable.",ဒီနေ့ နေမကောင်းသလို ခံစားရတယ်။｜ထမင်းစားပြီးတော့ နေလို့မကောင်းဘူး။｜ရာသီဥတုပူလွန်းလို့ နေရတာမသက်မသာဖြစ်တယ်။｜သူ စိတ်ထဲမှာ အရမ်းမသက်မသာဖြစ်နေတယ်။｜နေမကောင်းရင် မသက်မသာဖြစ်မှာပဲ။,不舒服 (bù shūfu) — မသက်မသာဖြစ်သည်｜舒服 (shūfu) — သက်သာသည်｜难受的感觉 (nánshòu de gǎnjué) — မသက်မသာခံစားချက်｜身体难受 (shēntǐ nánshòu) — ကိုယ်ခန္ဓာမသက်မသာဖြစ်သည်｜心里难受 (xīnli nánshòu) — စိတ်ထဲမသက်မသာဖြစ်သည်
896,2,难题,nán tí,problem; difficult problem; puzzle,ခက်ခဲသောမေးခွန်း၊ ပြဿနာ,这道题很难，是一道难题。｜我们遇到了一个难题。｜老师帮我解决了这个难题。｜这个数学难题很有意思。｜他正在想办法解决难题。,"Zhè dào tí hěn nán, shì yí dào nántí.｜Wǒmen yùdào le yí ge nántí.｜Lǎoshī bāng wǒ jiějué le zhège nántí.｜Zhège shùxué nántí hěn yǒuyìsi.｜Tā zhèngzài xiǎng bànfǎ jiějué nántí.",This question is difficult; it is a difficult problem.｜We encountered a difficult problem.｜The teacher helped me solve this difficult problem.｜This difficult math problem is interesting.｜He is thinking of a way to solve the problem.,ဒီမေးခွန်းက ခက်တယ်၊ ခက်ခဲတဲ့မေးခွန်းတစ်ခုပါ။｜ကျွန်တော်တို့ ခက်ခဲတဲ့ပြဿနာတစ်ခု ကြုံခဲ့တယ်။｜ဆရာက ဒီပြဿနာကို ဖြေရှင်းဖို့ ကူညီပေးတယ်။｜ဒီသင်္ချာပုစ္ဆာက ခက်ပေမယ့် စိတ်ဝင်စားဖို့ကောင်းတယ်။｜သူ ပြဿနာဖြေရှင်းဖို့ နည်းလမ်းစဉ်းစားနေတယ်။,问题 (wèntí) — ပြဿနာ｜难题 (nántí) — ခက်ခဲသောမေးခွန်း｜解决难题 (jiějué nántí) — ခက်ခဲသောပြဿနာဖြေရှင်းသည်｜数学难题 (shùxué nántí) — သင်္ချာပုစ္ဆာခက်｜遇到难题 (yùdào nántí) — ပြဿနာကြုံသည်
897,2,难听,nán tīng,unpleasant to hear,နားထောင်လို့မကောင်း၊ အသံမကောင်း,这个声音很难听。｜他说话的声音很难听。｜这首歌一点也不难听。｜别说这么难听的话。｜外面的声音听起来很难听。,Zhège shēngyīn hěn nántīng.｜Tā shuōhuà de shēngyīn hěn nántīng.｜Zhè shǒu gē yìdiǎn yě bù nántīng.｜Bié shuō zhème nántīng de huà.｜Wàimiàn de shēngyīn tīng qǐlái hěn nántīng.,This sound is unpleasant.｜His speaking voice sounds unpleasant.｜This song isn't unpleasant at all.｜Don't say such unpleasant things.｜The sound outside sounds unpleasant.,ဒီအသံက နားထောင်လို့မကောင်းဘူး။｜သူ့စကားပြောသံက နားထောင်လို့မကောင်းဘူး။｜ဒီသီချင်းက လုံးဝ နားထောင်လို့မဆိုးဘူး။｜ဒီလိုမကောင်းတဲ့စကားတွေ မပြောနဲ့။｜အပြင်ကအသံက နားထောင်လို့မကောင်းဘူး။,好听 (hǎotīng) — နားထောင်လို့ကောင်းသည်｜声音 (shēngyīn) — အသံ｜难听的话 (nántīng de huà) — နားထောင်လို့မကောင်းသောစကား｜难听的声音 (nántīng de shēngyīn) — မကောင်းသောအသံ｜好听的歌 (hǎotīng de gē) — နားထောင်လို့ကောင်းသောသီချင်း
898,2,能够,néng gòu,be able to; can,လုပ်နိုင်သည်၊ နိုင်သည်,我能够帮助你。｜他能够独立完成工作。｜你能够听懂这句话吗？｜我们能够按时到达。｜只要努力，你就能够成功。,"Wǒ nénggòu bāngzhù nǐ.｜Tā nénggòu dúlì wánchéng gōngzuò.｜Nǐ nénggòu tīng dǒng zhè jù huà ma?｜Wǒmen nénggòu ànshí dàodá.｜Zhǐyào nǔlì, nǐ jiù nénggòu chénggōng.","I am able to help you.｜He is able to complete the work independently.｜Can you understand this sentence?｜We are able to arrive on time.｜As long as you work hard, you can succeed.",ကျွန်တော် မင်းကို ကူညီပေးနိုင်တယ်။｜သူ အလုပ်ကို ကိုယ်တိုင်ပြီးအောင် လုပ်နိုင်တယ်။｜မင်း ဒီစာကြောင်းကို နားလည်နိုင်လား။｜ကျွန်တော်တို့ အချိန်မီ ရောက်နိုင်တယ်။｜ကြိုးစားရင် အောင်မြင်နိုင်တယ်။,能 (néng) — လုပ်နိုင်သည်｜可以 (kěyǐ) — ရသည်｜能够做到 (nénggòu zuòdào) — လုပ်နိုင်သည်｜能够完成 (nénggòu wánchéng) — ပြီးမြောက်အောင်လုပ်နိုင်သည်｜能力 (nénglì) — စွမ်းရည်
899,2,年级,niánjí,grade,အတန်း၊ အတန်းအဆင့်,我上三年级。｜你现在是几年级？｜她和我同一个年级。｜这个学校有很多年级。｜哥哥比我高两个年级。,Wǒ shàng sān niánjí.｜Nǐ xiànzài shì jǐ niánjí?｜Tā hé wǒ tóng yí ge niánjí.｜Zhège xuéxiào yǒu hěn duō niánjí.｜Gēge bǐ wǒ gāo liǎng ge niánjí.,I am in third grade.｜What grade are you in now?｜She is in the same grade as me.｜This school has many grade levels.｜My older brother is two grades above me.,ကျွန်တော် တတိယတန်းမှာ တက်နေတယ်။｜မင်းအခု ဘယ်နှစ်တန်းလဲ။｜သူမက ကျွန်တော်နဲ့ အတန်းတူတယ်။｜ဒီကျောင်းမှာ အတန်းတွေအများကြီးရှိတယ်။｜အစ်ကိုက ကျွန်တော့်ထက် အတန်းနှစ်တန်းကြီးတယ်။,一年级 (yì niánjí) — ပထမတန်း｜二年级 (èr niánjí) — ဒုတိယတန်း｜高年级 (gāo niánjí) — အတန်းမြင့်｜低年级 (dī niánjí) — အတန်းနိမ့်｜同年级 (tóng niánjí) — အတန်းတူ
900,2,年轻,niánqīng,Young,ငယ်ရွယ်သည်,他还很年轻。｜年轻人喜欢学习新东西。｜她看起来很年轻。｜我年轻的时候喜欢旅行。｜年轻人应该努力学习。,Tā hái hěn niánqīng.｜Niánqīng rén xǐhuan xuéxí xīn dōngxi.｜Tā kàn qǐlái hěn niánqīng.｜Wǒ niánqīng de shíhou xǐhuan lǚxíng.｜Niánqīng rén yīnggāi nǔlì xuéxí.,He is still very young.｜Young people like learning new things.｜She looks young.｜I liked traveling when I was young.｜Young people should study hard.,သူက အခုထိ ငယ်ရွယ်သေးတယ်။｜လူငယ်တွေက အသစ်အဆန်းတွေကို လေ့လာရတာကြိုက်တယ်။｜သူမက ငယ်ရွယ်ပုံရတယ်။｜ငယ်ငယ်တုန်းက ခရီးသွားရတာကြိုက်တယ်။｜လူငယ်တွေ စာကြိုးစားသင့်တယ်။,年轻人 (niánqīng rén) — လူငယ်｜年轻时代 (niánqīng shídài) — လူငယ်ဘဝ｜年轻的时候 (niánqīng de shíhou) — ငယ်ရွယ်စဉ်က｜年轻女孩 (niánqīng nǚhái) — မိန်းကလေးငယ်｜年轻男子 (niánqīng nánzǐ) — လူငယ်အမျိုးသား
901,2,鸟,niǎo,bird,ငှက်,树上有一只鸟。｜这只鸟很漂亮。｜鸟在天上飞。｜我喜欢看鸟。｜那只鸟飞走了。,Shù shàng yǒu yì zhī niǎo.｜Zhè zhī niǎo hěn piàoliang.｜Niǎo zài tiān shàng fēi.｜Wǒ xǐhuan kàn niǎo.｜Nà zhī niǎo fēi zǒu le.,There is a bird in the tree.｜This bird is very beautiful.｜The bird is flying in the sky.｜I like watching birds.｜That bird flew away.,သစ်ပင်ပေါ်မှာ ငှက်တစ်ကောင်ရှိတယ်။｜ဒီငှက်က အရမ်းလှတယ်။｜ငှက်က ကောင်းကင်မှာ ပျံနေတယ်။｜ငှက်တွေကြည့်ရတာ ကြိုက်တယ်။｜အဲ့ဒီငှက် ပျံသွားပြီ။,小鸟 (xiǎoniǎo) — ငှက်ကလေး｜鸟儿 (niǎor) — ငှက်｜鸟类 (niǎolèi) — ငှက်မျိုးစိတ်｜飞鸟 (fēiniǎo) — ပျံသန်းနေသောငှက်｜鸟巢 (niǎocháo) — ငှက်အုံ
902,2,弄,nòng,"get, make",လုပ်သည်၊ ရှုပ်ပွအောင်လုပ်သည်,你在弄什么？｜别弄坏我的电脑。｜他正在弄早餐。｜我不知道该怎么弄。｜孩子们在房间里弄东西。,Nǐ zài nòng shénme?｜Bié nòng huài wǒ de diànnǎo.｜Tā zhèngzài nòng zǎocān.｜Wǒ bù zhīdào gāi zěnme nòng.｜Háizimen zài fángjiān lǐ nòng dōngxi.,What are you doing?｜Don't break my computer.｜He is making breakfast.｜I don't know how to do it.｜The children are playing with things in the room.,မင်းဘာလုပ်နေတာလဲ။｜ငါ့ကွန်ပျူတာကို မဖျက်နဲ့။｜သူ မနက်စာလုပ်နေတယ်။｜ဘယ်လိုလုပ်ရမလဲ ငါမသိဘူး။｜ကလေးတွေ အခန်းထဲမှာ ပစ္စည်းတွေနဲ့ ကစားနေကြတယ်။,弄好 (nòng hǎo) — လုပ်ပြီးအောင်လုပ်သည်｜弄坏 (nòng huài) — ဖျက်ဆီးသည်｜弄清楚 (nòng qīngchu) — ရှင်းရှင်းလင်းလင်းသိသည်｜捉弄 (zhuōnòng) — စနောက်သည်｜弄错 (nòng cuò) — မှားလုပ်သည်
903,2,努力,nǔlì,Strive,ကြိုးစားသည်,我们要努力学习。｜他每天努力工作。｜只要努力，就会有进步。｜她为了考试努力准备。｜你应该更加努力。,"Wǒmen yào nǔlì xuéxí.｜Tā měitiān nǔlì gōngzuò.｜Zhǐyào nǔlì, jiù huì yǒu jìnbù.｜Tā wèile kǎoshì nǔlì zhǔnbèi.｜Nǐ yīnggāi gèngjiā nǔlì.","We should study hard.｜He works hard every day.｜As long as you work hard, you will improve.｜She worked hard to prepare for the exam.｜You should work harder.",ကျွန်တော်တို့ စာကြိုးစားရမယ်။｜သူနေ့တိုင်း အလုပ်ကြိုးစားတယ်။｜ကြိုးစားရင် တိုးတက်လာမယ်။｜သူ စာမေးပွဲအတွက် ကြိုးစားပြင်ဆင်ခဲ့တယ်။｜မင်း ပိုကြိုးစားသင့်တယ်။,努力学习 (nǔlì xuéxí) — စာကြိုးစားသည်｜努力工作 (nǔlì gōngzuò) — အလုပ်ကြိုးစားသည်｜努力做到 (nǔlì zuò dào) — ကြိုးစားပြီးလုပ်နိုင်အောင်လုပ်သည်｜努力实现 (nǔlì shíxiàn) — ကြိုးစားအကောင်အထည်ဖော်သည်｜不懈努力 (búxiè nǔlì) — မလျှော့ဘဲကြိုးစားသည်
904,2,爬,pá,climb; creep; scramble,တက်သည်၊ တွားတက်သည်,小孩子正在爬树。｜他很快地爬上去了。｜猫喜欢爬高处。｜我不会爬这么高。｜他慢慢地爬下楼梯。,Xiǎoháizi zhèngzài pá shù.｜Tā hěn kuài de pá shàngqù le.｜Māo xǐhuan pá gāo chù.｜Wǒ bú huì pá zhème gāo.｜Tā mànmàn de pá xià lóutī.,The child is climbing a tree.｜He climbed up quickly.｜Cats like climbing high places.｜I cannot climb this high.｜He slowly climbed down the stairs.,ကလေးက သစ်ပင်တက်နေတယ်။｜သူ အမြန်တက်သွားတယ်။｜ကြောင်တွေက မြင့်တဲ့နေရာတွေကို တက်ရတာကြိုက်တယ်။｜ဒီလောက်မြင့်တဲ့နေရာကို ငါမတက်နိုင်ဘူး။｜သူ လှေကားကနေ ဖြည်းဖြည်းချင်း ဆင်းလာတယ်။,爬树 (pá shù) — သစ်ပင်တက်သည်｜爬上去 (pá shàngqù) — တက်သွားသည်｜爬下来 (pá xiàlái) — ဆင်းလာသည်｜爬虫 (páchóng) — တွားသွားသတ္တဝါ｜往上爬 (wǎng shàng pá) — အပေါ်သို့တက်သည်
905,2,爬山,páshān,Mountain climbing,တောင်တက်သည်,周末我们一起去爬山。｜我喜欢爬山。｜他们正在爬山。｜爬山对身体很好。｜明天我们去爬山吧。,Zhōumò wǒmen yìqǐ qù páshān.｜Wǒ xǐhuan páshān.｜Tāmen zhèngzài páshān.｜Páshān duì shēntǐ hěn hǎo.｜Míngtiān wǒmen qù páshān ba.,We will go mountain climbing together this weekend.｜I like mountain climbing.｜They are climbing the mountain.｜Mountain climbing is good for health.｜Let's go mountain climbing tomorrow.,ဒီအပတ်ကုန်မှာ အတူတူတောင်တက်ကြမယ်။｜ကျွန်တော် တောင်တက်ရတာကြိုက်တယ်။｜သူတို့ တောင်တက်နေကြတယ်။｜တောင်တက်တာ ကျန်းမာရေးအတွက်ကောင်းတယ်။｜မနက်ဖြန် တောင်တက်သွားကြမယ်။,登山 (dēngshān) — တောင်တက်သည်｜山路 (shānlù) — တောင်လမ်း｜爬山运动 (páshān yùndòng) — တောင်တက်အားကစား｜爬山鞋 (páshān xié) — တောင်တက်ဖိနပ်｜爬山者 (páshān zhě) — တောင်တက်သူ
906,2,怕（动）,pà,be afraid; fear; dread,ကြောက်သည်,我怕黑。｜她很怕狗。｜不要怕。｜他怕一个人走路。｜你怕不怕冷？,Wǒ pà hēi.｜Tā hěn pà gǒu.｜Bú yào pà.｜Tā pà yí ge rén zǒulù.｜Nǐ pà bú pà lěng?,I am afraid of the dark.｜She is afraid of dogs.｜Don't be afraid.｜He is afraid to walk alone.｜Are you afraid of the cold?,အမှောင်ကို ကြောက်တယ်။｜သူမ ခွေးတွေကို ကြောက်တယ်။｜မကြောက်နဲ့။｜သူ တစ်ယောက်တည်း လမ်းလျှောက်ရမှာကြောက်တယ်။｜မင်း အအေးကို ကြောက်လား။,害怕 (hàipà) — ကြောက်သည်｜怕冷 (pà lěng) — အအေးကြောက်သည်｜怕黑 (pà hēi) — အမှောင်ကြောက်သည်｜怕狗 (pà gǒu) — ခွေးကြောက်သည်｜不怕 (bú pà) — မကြောက်
907,2,排（名、量）,pái,row; line,တန်း၊ အတန်းစီသည်,请排成一排。｜这些书排得很整齐。｜他在班里排名第一。｜这排座位有十个人。｜请把椅子排好。,Qǐng pái chéng yì pái.｜Zhèxiē shū pái de hěn zhěngqí.｜Tā zài bān lǐ páimíng dì yī.｜Zhè pái zuòwèi yǒu shí ge rén.｜Qǐng bǎ yǐzi pái hǎo.,Please form a row.｜These books are arranged neatly.｜He ranks first in the class.｜There are ten people in this row of seats.｜Please arrange the chairs.,တစ်တန်းတည်းစီပေးပါ။｜ဒီစာအုပ်တွေကို သပ်သပ်ရပ်ရပ်စီထားတယ်။｜သူ အတန်းထဲမှာ နံပါတ်တစ်ရတယ်။｜ဒီထိုင်ခုံတန်းမှာ လူဆယ်ယောက်ရှိတယ်။｜ကုလားထိုင်တွေကို သေချာစီပေးပါ။,排名 (páimíng) — အဆင့်သတ်မှတ်ချက်｜一排 (yì pái) — တစ်တန်း｜排球 (páiqiú) — ဘော်လီဘော｜排成一排 (pái chéng yì pái) — တစ်တန်းတည်းစီသည်｜排好 (pái hǎo) — သေချာစီသည်
908,2,排队,páiduì,queue; stand in a line,တန်းစီသည်,大家正在排队。｜请排队等候。｜买票的人很多，都在排队。｜我们排了很久的队。｜不要插队，请排队。,"Dàjiā zhèngzài páiduì.｜Qǐng páiduì děnghòu.｜Mǎi piào de rén hěn duō, dōu zài páiduì.｜Wǒmen pái le hěn jiǔ de duì.｜Bú yào chāduì, qǐng páiduì.","Everyone is lining up.｜Please line up and wait.｜There are many people buying tickets, and they are all lining up.｜We waited in line for a long time.｜Please don't cut in line.",အားလုံး တန်းစီနေကြတယ်။｜တန်းစီပြီး စောင့်ပေးပါ။｜လက်မှတ်ဝယ်တဲ့လူတွေများလို့ အားလုံးတန်းစီနေကြတယ်။｜ကျွန်တော်တို့ အကြာကြီးတန်းစီခဲ့ရတယ်။｜တန်းမကျော်နဲ့၊ တန်းစီပါ။,排队等候 (páiduì děnghòu) — တန်းစီစောင့်သည်｜排队买票 (páiduì mǎi piào) — တန်းစီပြီးလက်မှတ်ဝယ်သည်｜排队进入 (páiduì jìnrù) — တန်းစီပြီးဝင်သည်｜排队上车 (páiduì shàng chē) — တန်းစီပြီးကားတက်သည်｜插队 (chāduì) — တန်းကျော်သည်
909,2,排球,pái qiú,volleyball,ဘော်လီဘော,我喜欢打排球。｜他们在操场上打排球。｜她是排球队的队员。｜学校有排球比赛。｜我们下午一起打排球吧。,Wǒ xǐhuan dǎ páiqiú.｜Tāmen zài cāochǎng shàng dǎ páiqiú.｜Tā shì páiqiúduì de duìyuán.｜Xuéxiào yǒu páiqiú bǐsài.｜Wǒmen xiàwǔ yìqǐ dǎ páiqiú ba.,I like playing volleyball.｜They are playing volleyball on the field.｜She is a member of the volleyball team.｜The school has a volleyball competition.｜Let's play volleyball together this afternoon.,ကျွန်တော် ဘော်လီဘောကစားရတာကြိုက်တယ်။｜သူတို့ ကွင်းထဲမှာ ဘော်လီဘောကစားနေကြတယ်။｜သူမက ဘော်လီဘောအသင်းဝင်တစ်ယောက်ပါ။｜ကျောင်းမှာ ဘော်လီဘောပြိုင်ပွဲရှိတယ်။｜ဒီနေ့မွန်းလွဲ အတူတူဘော်လီဘောကစားကြမယ်။,排球队 (páiqiúduì) — ဘော်လီဘောအသင်း｜排球比赛 (páiqiú bǐsài) — ဘော်လီဘောပြိုင်ပွဲ｜打排球 (dǎ páiqiú) — ဘော်လီဘောကစားသည်｜排球运动员 (páiqiú yùndòngyuán) — ဘော်လီဘောအားကစားသမား｜排球场 (páiqiú chǎng) — ဘော်လီဘောကွင်း
910,2,碰,pèng,"touch, meet",တိုက်မိသည်၊ ထိမိသည်,小心别碰到桌子。｜我不小心碰了他的手。｜不要碰这个东西。｜他走路时碰到了墙。｜我的衣服碰到了水。,Xiǎoxīn bié pèngdào zhuōzi.｜Wǒ bù xiǎoxīn pèng le tā de shǒu.｜Bú yào pèng zhège dōngxi.｜Tā zǒulù shí pèngdào le qiáng.｜Wǒ de yīfu pèngdào le shuǐ.,Be careful not to hit the table.｜I accidentally touched his hand.｜Don't touch this.｜He hit the wall while walking.｜My clothes touched the water.,စားပွဲကို မတိုက်မိအောင် သတိထား။｜မတော်တဆ သူ့လက်ကို ထိမိခဲ့တယ်။｜ဒီဟာကို မထိနဲ့။｜သူ လမ်းလျှောက်ရင်း နံရံကို တိုက်မိတယ်။｜ငါ့အဝတ်အစားက ရေနဲ့ထိသွားတယ်။,碰到 (pèngdào) — တိုက်မိ/တွေ့မိသည်｜碰见 (pèngjiàn) — တွေ့သည်｜碰巧 (pèngqiǎo) — တိုက်တိုက်ဆိုင်ဆိုင်｜碰杯 (pèngbēi) — ခွက်ချင်းတိုက်သည်｜碰面 (pèngmiàn) — တွေ့ဆုံသည်
911,2,碰到,pèng dào,meet; run into; bump into,တွေ့ကြုံသည်,我昨天碰到了一位老朋友。｜你有没有碰到他？｜我在商店碰到了老师。｜他在路上碰到了一个问题。｜我们终于碰到了他们。,Wǒ zuótiān pèngdào le yí wèi lǎo péngyou.｜Nǐ yǒu méiyǒu pèngdào tā?｜Wǒ zài shāngdiàn pèngdào le lǎoshī.｜Tā zài lùshàng pèngdào le yí ge wèntí.｜Wǒmen zhōngyú pèngdào le tāmen.,I met an old friend yesterday.｜Did you run into him?｜I met the teacher at the shop.｜He encountered a problem on the way.｜We finally ran into them.,မနေ့က သူငယ်ချင်းဟောင်းတစ်ယောက်နဲ့ တွေ့ခဲ့တယ်။｜မင်း သူ့ကို တွေ့မိသေးလား။｜ဆိုင်မှာ ဆရာနဲ့ တွေ့ခဲ့တယ်။｜သူ လမ်းမှာ ပြဿနာတစ်ခုနဲ့ ကြုံခဲ့တယ်။｜နောက်ဆုံး သူတို့နဲ့ တွေ့ခဲ့တယ်။,碰见 (pèngjiàn) — တွေ့သည်｜碰到问题 (pèngdào wèntí) — ပြဿနာနှင့်ကြုံသည်｜碰到困难 (pèngdào kùnnan) — အခက်အခဲနှင့်ကြုံသည်｜碰巧 (pèngqiǎo) — တိုက်တိုက်ဆိုင်ဆိုင်｜碰面 (pèngmiàn) — တွေ့ဆုံသည်
912,2,碰见,pèng jiàn,meet; run into; bump into,တွေ့သည်,我昨天在学校碰见他了。｜我在车站碰见了朋友。｜她在超市碰见老师。｜没想到会在这里碰见你。｜我以前碰见过他。,Wǒ zuótiān zài xuéxiào pèngjiàn tā le.｜Wǒ zài chēzhàn pèngjiàn le péngyou.｜Tā zài chāoshì pèngjiàn lǎoshī.｜Méi xiǎngdào huì zài zhèlǐ pèngjiàn nǐ.｜Wǒ yǐqián pèngjiàn guo tā.,I met him at school yesterday.｜I met a friend at the station.｜She met the teacher at the supermarket.｜I didn't expect to meet you here.｜I have met him before.,မနေ့က ကျောင်းမှာ သူနဲ့တွေ့ခဲ့တယ်။｜ဘူတာမှာ သူငယ်ချင်းနဲ့တွေ့ခဲ့တယ်။｜စူပါမားကတ်မှာ ဆရာနဲ့တွေ့ခဲ့တယ်။｜ဒီမှာ မင်းနဲ့တွေ့မယ်လို့ မထင်ထားဘူး။｜အရင်က သူနဲ့တွေ့ဖူးတယ်။,碰到 (pèngdào) — တွေ့ကြုံသည်｜碰见朋友 (pèngjiàn péngyou) — သူငယ်ချင်းနှင့်တွေ့သည်｜碰见老师 (pèngjiàn lǎoshī) — ဆရာနှင့်တွေ့သည်｜碰巧遇到 (pèngqiǎo yùdào) — တိုက်တိုက်ဆိုင်ဆိုင်တွေ့သည်｜再次碰见 (zàicì pèngjiàn) — ထပ်မံတွေ့သည်
913,2,篇,piān,piece,အပိုင်း၊ ဆောင်းပါး,这篇文章很有意思。｜我看了一篇新闻。｜老师让我们写一篇作文。｜这篇课文不太难。｜我喜欢读这篇故事。,Zhè piān wénzhāng hěn yǒuyìsi.｜Wǒ kàn le yì piān xīnwén.｜Lǎoshī ràng wǒmen xiě yì piān zuòwén.｜Zhè piān kèwén bú tài nán.｜Wǒ xǐhuan dú zhè piān gùshi.,This article is very interesting.｜I read a news article.｜The teacher asked us to write an essay.｜This lesson isn't very difficult.｜I like reading this story.,ဒီဆောင်းပါးက အရမ်းစိတ်ဝင်စားဖို့ကောင်းတယ်။｜သတင်းဆောင်းပါးတစ်ပုဒ် ဖတ်ခဲ့တယ်။｜ဆရာက စာစီစာကုံးတစ်ပုဒ် ရေးခိုင်းတယ်။｜ဒီသင်ခန်းစာက သိပ်မခက်ဘူး။｜ဒီဇာတ်လမ်းဖတ်ရတာ ကြိုက်တယ်။,一篇文章 (yì piān wénzhāng) — ဆောင်းပါးတစ်ပုဒ်｜一篇作文 (yì piān zuòwén) — စာစီစာကုံးတစ်ပုဒ်｜一篇新闻 (yì piān xīnwén) — သတင်းဆောင်းပါးတစ်ပုဒ်｜篇章 (piānzhāng) — ဆောင်းပါး/အခန်း｜长篇 (chángpiān) — အရှည်စာပေ
914,2,便宜,piányi,Cheap,ဈေးပေါသည်,这件衣服很便宜。｜这里的水果很便宜。｜这个手机太便宜了。｜哪里买东西比较便宜？｜这家店的东西又便宜又好。,Zhè jiàn yīfu hěn piányi.｜Zhèlǐ de shuǐguǒ hěn piányi.｜Zhège shǒujī tài piányi le.｜Nǎlǐ mǎi dōngxi bǐjiào piányi?｜Zhè jiā diàn de dōngxi yòu piányi yòu hǎo.,These clothes are cheap.｜The fruit here is cheap.｜This phone is too cheap.｜Where can I buy things more cheaply?｜The things in this shop are both cheap and good.,ဒီအဝတ်အစားက ဈေးပေါတယ်။｜ဒီမှာ သစ်သီးတွေဈေးပေါတယ်။｜ဒီဖုန်းက ဈေးအရမ်းပေါတယ်။｜ဘယ်မှာ ပစ္စည်းတွေ ပိုဈေးပေါပေါဝယ်လို့ရလဲ။｜ဒီဆိုင်က ပစ္စည်းတွေ ဈေးလည်းပေါပြီး ကောင်းလည်းကောင်းတယ်။,便宜货 (piányi huò) — ဈေးပေါသောပစ္စည်း｜便宜点儿 (piányi diǎnr) — နည်းနည်းဈေးလျှော့သည်｜很便宜 (hěn piányi) — အရမ်းဈေးပေါသည်｜便宜又好 (piányi yòu hǎo) — ဈေးပေါပြီးကောင်းသည်｜便宜商品 (piányi shāngpǐn) — ဈေးပေါသောကုန်ပစ္စည်း
915,2,片,piàn,slice,အပိုင်း၊ အချပ်,我买了一片面包。｜桌上有两片苹果。｜请给我一片药。｜这片叶子很漂亮。｜他切了一片西瓜。,Wǒ mǎi le yí piàn miànbāo.｜Zhuō shàng yǒu liǎng piàn píngguǒ.｜Qǐng gěi wǒ yí piàn yào.｜Zhè piàn yèzi hěn piàoliang.｜Tā qiē le yí piàn xīguā.,I bought a slice of bread.｜There are two slices of apple on the table.｜Please give me a pill.｜This leaf is beautiful.｜He cut a slice of watermelon.,ပေါင်မုန့်တစ်ချပ် ဝယ်ခဲ့တယ်။｜စားပွဲပေါ်မှာ ပန်းသီးနှစ်ချပ်ရှိတယ်။｜ဆေးတစ်ပြားပေးပါ။｜ဒီအရွက်က လှတယ်။｜သူ ဖရဲသီးတစ်စိတ် ဖြတ်လိုက်တယ်။,一片面包 (yí piàn miànbāo) — ပေါင်မုန့်တစ်ချပ်｜一片药 (yí piàn yào) — ဆေးတစ်ပြား｜一片叶子 (yí piàn yèzi) — အရွက်တစ်ရွက်｜一片西瓜 (yí piàn xīguā) — ဖရဲသီးတစ်စိတ်｜一片面包 (yí piàn miànbāo) — ပေါင်မုန့်တစ်ချပ်
916,2,漂亮,piàoliang,Well done!； beautiful,လှပသည်,她很漂亮。｜这朵花很漂亮。｜你的房间真漂亮。｜她穿这件衣服很漂亮。｜这里的风景非常漂亮。,Tā hěn piàoliang.｜Zhè duǒ huā hěn piàoliang.｜Nǐ de fángjiān zhēn piàoliang.｜Tā chuān zhè jiàn yīfu hěn piàoliang.｜Zhèlǐ de fēngjǐng fēicháng piàoliang.,She is beautiful.｜This flower is beautiful.｜Your room is really beautiful.｜She looks beautiful in this dress.｜The scenery here is very beautiful.,သူမ အရမ်းလှတယ်။｜ဒီပန်းက အရမ်းလှတယ်။｜မင်းအခန်းက တကယ်လှတယ်။｜ဒီအဝတ်အစားဝတ်ရင် သူမအရမ်းလှတယ်။｜ဒီနေရာရဲ့ ရှုခင်းက အရမ်းလှတယ်။,美丽 (měilì) — လှပသည်｜漂亮的女孩 (piàoliang de nǚhái) — လှပသောမိန်းကလေး｜漂亮衣服 (piàoliang yīfu) — လှပသောအဝတ်အစား｜漂亮极了 (piàoliang jí le) — အရမ်းလှသည်｜漂亮的风景 (piàoliang de fēngjǐng) — လှပသောရှုခင်း
917,2,平,píng,flat,ပြားသည်၊ ငြိမ်သက်သည်,这张桌子很平。｜路很平，很好走。｜把纸放平。｜地面很平。｜这个地方比较平。,"Zhè zhāng zhuōzi hěn píng.｜Lù hěn píng, hěn hǎo zǒu.｜Bǎ zhǐ fàng píng.｜Dìmiàn hěn píng.｜Zhège dìfang bǐjiào píng.",This table is flat.｜The road is flat and easy to walk on.｜Lay the paper flat.｜The ground is flat.｜This place is relatively flat.,ဒီစားပွဲက ပြားတယ်။｜လမ်းက ပြားပြီး လျှောက်ရလွယ်တယ်။｜စာရွက်ကို ပြားပြားထားပါ။｜မြေပြင်က ပြားတယ်။｜ဒီနေရာက အတော်ပြန့်တယ်။,平平的 (píngpíng de) — ပြားပြား｜平地 (píngdì) — ပြန့်ပြူးသောမြေ｜平面 (píngmiàn) — ပြင်ညီမျက်နှာပြင်｜平坦 (píngtǎn) — ပြန့်ပြူးသည်｜平放 (píngfàng) — ပြားပြားထားသည်
918,2,平安,píng’ān,sound and safe,ဘေးကင်းသည်,祝你平安。｜一路平安。｜家人平安最重要。｜希望大家都平平安安。｜平安回家就好。,Zhù nǐ píng'ān.｜Yílù píng'ān.｜Jiārén píng'ān zuì zhòngyào.｜Xīwàng dàjiā dōu píngpíng'ān'ān.｜Píng'ān huí jiā jiù hǎo.,I wish you safety.｜Have a safe journey.｜The safety of family is most important.｜I hope everyone stays safe.｜It's good as long as you get home safely.,ဘေးကင်းပါစေလို့ ဆုတောင်းပါတယ်။｜ခရီးလမ်း ဘေးကင်းပါစေ။｜မိသားစုဘေးကင်းတာက အရေးကြီးဆုံးပဲ။｜အားလုံး ဘေးကင်းကြပါစေလို့ မျှော်လင့်တယ်။｜အိမ်ကို ဘေးကင်းကင်းပြန်ရောက်ရင် ကောင်းပြီ။,平安无事 (píng'ān wúshì) — ဘေးကင်းပြီးဘာမှမဖြစ်｜平安回家 (píng'ān huí jiā) — ဘေးကင်းစွာအိမ်ပြန်သည်｜平安到达 (píng'ān dàodá) — ဘေးကင်းစွာရောက်ရှိသည်｜平安夜 (píng'ān yè) — ခရစ္စမတ်အကြိုည｜平平安安 (píngpíng'ān'ān) — ဘေးကင်းစွာ
919,2,平常,píngcháng,Usual,ပုံမှန်၊ အများအားဖြင့်,我平常七点起床。｜他平常很安静。｜我平常喜欢喝茶。｜今天和往常一样平常。｜她平常不怎么出去。,Wǒ píngcháng qī diǎn qǐchuáng.｜Tā píngcháng hěn ānjìng.｜Wǒ píngcháng xǐhuan hē chá.｜Jīntiān hé wǎngcháng yíyàng píngcháng.｜Tā píngcháng bù zěnme chūqù.,"I usually get up at seven.｜He is usually quiet.｜I usually like drinking tea.｜Today is ordinary, just like usual.｜She usually doesn't go out much.",ပုံမှန်ဆို မနက် ၇ နာရီထတယ်။｜သူက ပုံမှန်ဆို အရမ်းငြိမ်တယ်။｜ပုံမှန်ဆို လက်ဖက်ရည်သောက်ရတာ ကြိုက်တယ်။｜ဒီနေ့က ပုံမှန်အတိုင်းပါပဲ။｜သူ ပုံမှန်ဆို သိပ်အပြင်မထွက်ဘူး။,平常生活 (píngcháng shēnghuó) — ပုံမှန်ဘဝ｜平常心 (píngcháng xīn) — ပုံမှန်စိတ်ထား｜平常日子 (píngcháng rìzi) — ပုံမှန်နေ့ရက်များ｜往常 (wǎngcháng) — ယခင်ကပုံမှန်အတိုင်း｜平时 (píngshí) — ပုံမှန်အားဖြင့်
920,2,平等,píngděng,equality,တန်းတူညီမျှသည်,人人都是平等的。｜我们应该平等对待每个人。｜男女平等很重要。｜每个人都有平等的机会。｜老师平等地对待学生。,Rénrén dōu shì píngděng de.｜Wǒmen yīnggāi píngděng duìdài měi ge rén.｜Nánnǚ píngděng hěn zhòngyào.｜Měi ge rén dōu yǒu píngděng de jīhuì.｜Lǎoshī píngděng de duìdài xuésheng.,Everyone is equal.｜We should treat everyone equally.｜Gender equality is important.｜Everyone has an equal opportunity.｜The teacher treats students equally.,လူတိုင်း တန်းတူညီမျှကြတယ်။｜လူတိုင်းကို တန်းတူညီမျှ ဆက်ဆံသင့်တယ်။｜ကျားမတန်းတူညီမျှမှုက အရေးကြီးတယ်။｜လူတိုင်းမှာ တန်းတူအခွင့်အရေးရှိတယ်။｜ဆရာက ကျောင်းသားတွေကို တန်းတူညီမျှ ဆက်ဆံတယ်။,平等对待 (píngděng duìdài) — တန်းတူညီမျှ ဆက်ဆံသည်｜男女平等 (nánnǚ píngděng) — ကျားမတန်းတူညီမျှမှု｜平等权利 (píngděng quánlì) — တန်းတူအခွင့်အရေး｜平等机会 (píngděng jīhuì) — တန်းတူအခွင့်အရေး｜平等关系 (píngděng guānxì) — တန်းတူဆက်ဆံရေး
921,2,平时,píngshí,peacetime,ပုံမှန်အားဖြင့်,我平时七点起床。｜平时我喜欢在家学习。｜他平时很忙。｜你平时做什么？｜我平时不喝咖啡。,Wǒ píngshí qī diǎn qǐchuáng.｜Píngshí wǒ xǐhuan zài jiā xuéxí.｜Tā píngshí hěn máng.｜Nǐ píngshí zuò shénme?｜Wǒ píngshí bù hē kāfēi.,I usually get up at seven.｜I usually like studying at home.｜He is usually busy.｜What do you usually do?｜I don't usually drink coffee.,ပုံမှန်ဆို မနက် ၇ နာရီထတယ်။｜ပုံမှန်ဆို အိမ်မှာစာလေ့လာရတာကြိုက်တယ်။｜သူက ပုံမှန်ဆို အလုပ်များတယ်။｜မင်းပုံမှန်ဆို ဘာလုပ်လဲ။｜ပုံမှန်ဆို ကော်ဖီမသောက်ဘူး။,平时生活 (píngshí shēnghuó) — ပုံမှန်ဘဝ｜平时工作 (píngshí gōngzuò) — ပုံမှန်အလုပ်｜平时学习 (píngshí xuéxí) — ပုံမှန်စာလေ့လာခြင်း｜平时习惯 (píngshí xíguàn) — ပုံမှန်အလေ့အထ｜平时活动 (píngshí huódòng) — ပုံမှန်လုပ်ဆောင်ချက်
922,2,瓶,píng,bottle,ပုလင်း,桌子上有一个瓶。｜这个瓶很漂亮。｜请把瓶放在这里。｜瓶里没有水。｜那个瓶是我的。,Zhuōzi shàng yǒu yí ge píng.｜Zhège píng hěn piàoliang.｜Qǐng bǎ píng fàng zài zhèlǐ.｜Píng lǐ méiyǒu shuǐ.｜Nàge píng shì wǒ de.,There is a bottle on the table.｜This bottle is beautiful.｜Please put the bottle here.｜There is no water in the bottle.｜That bottle is mine.,စားပွဲပေါ်မှာ ပုလင်းတစ်လုံးရှိတယ်။｜ဒီပုလင်းက လှတယ်။｜ပုလင်းကို ဒီမှာထားပေးပါ။｜ပုလင်းထဲမှာ ရေမရှိဘူး။｜အဲ့ဒီပုလင်းက ငါ့ဟာပါ။,水瓶 (shuǐpíng) — ရေပုလင်း｜花瓶 (huāpíng) — ပန်းအိုး｜瓶盖 (pínggài) — ပုလင်းအဖုံး｜玻璃瓶 (bōli píng) — ဖန်ပုလင်း｜塑料瓶 (sùliào píng) — ပလတ်စတစ်ပုလင်း
923,2,瓶子,píngzi,Bottle,ပုလင်း,桌子上有一个瓶子。｜这个瓶子里有水。｜请给我一个瓶子。｜瓶子已经空了。｜他拿着一个瓶子。,Zhuōzi shàng yǒu yí ge píngzi.｜Zhège píngzi lǐ yǒu shuǐ.｜Qǐng gěi wǒ yí ge píngzi.｜Píngzi yǐjīng kōng le.｜Tā názhe yí ge píngzi.,There is a bottle on the table.｜There is water in this bottle.｜Please give me a bottle.｜The bottle is already empty.｜He is holding a bottle.,စားပွဲပေါ်မှာ ပုလင်းတစ်လုံးရှိတယ်။｜ဒီပုလင်းထဲမှာ ရေရှိတယ်။｜ပုလင်းတစ်လုံး ပေးပါ။｜ပုလင်းက လွတ်နေပြီ။｜သူ့လက်ထဲမှာ ပုလင်းတစ်လုံးရှိတယ်။,水瓶子 (shuǐ píngzi) — ရေပုလင်း｜小瓶子 (xiǎo píngzi) — ပုလင်းလေး｜大瓶子 (dà píngzi) — ပုလင်းကြီး｜空瓶子 (kōng píngzi) — ပုလင်းအလွတ်｜玻璃瓶子 (bōli píngzi) — ဖန်ပုလင်း
924,2,普通,pǔ tōng,ordinary; general; average; common,သာမန်၊ ရိုးရိုး,这是一件普通的事情。｜他的生活很普通。｜这家店很普通。｜普通人也可以做到。｜今天是一个普通的日子。,Zhè shì yí jiàn pǔtōng de shìqing.｜Tā de shēnghuó hěn pǔtōng.｜Zhè jiā diàn hěn pǔtōng.｜Pǔtōng rén yě kěyǐ zuòdào.｜Jīntiān shì yí ge pǔtōng de rìzi.,This is an ordinary matter.｜His life is ordinary.｜This shop is ordinary.｜Ordinary people can do it too.｜Today is an ordinary day.,ဒါက သာမန်ကိစ္စတစ်ခုပဲ။｜သူ့ဘဝက သာမန်ပါပဲ။｜ဒီဆိုင်က သာမန်ပါပဲ။｜သာမန်လူတွေလည်း လုပ်နိုင်တယ်။｜ဒီနေ့က သာမန်နေ့တစ်နေ့ပါ။,普通人 (pǔtōng rén) — သာမန်လူ｜普通话 (pǔtōnghuà) — တရုတ်စံဘာသာစကား｜普通的 (pǔtōng de) — သာမန်｜普通生活 (pǔtōng shēnghuó) — သာမန်ဘဝ｜普通日子 (pǔtōng rìzi) — သာမန်နေ့ရက်
925,2,普通话,pǔtōnghuà,Mandarin,တရုတ်စံဘာသာစကား,我会说普通话。｜请用普通话说。｜他的普通话说得很好。｜学校里要求说普通话。｜普通话是中国的标准语言。,Wǒ huì shuō pǔtōnghuà.｜Qǐng yòng pǔtōnghuà shuō.｜Tā de pǔtōnghuà shuō de hěn hǎo.｜Xuéxiào lǐ yāoqiú shuō pǔtōnghuà.｜Pǔtōnghuà shì Zhōngguó de biāozhǔn yǔyán.,I can speak Mandarin.｜Please speak in Mandarin.｜His Mandarin is very good.｜Students are required to speak Mandarin at school.｜Mandarin is China's standard language.,တရုတ်စံဘာသာစကား ပြောတတ်တယ်။｜တရုတ်စံဘာသာစကားနဲ့ ပြောပါ။｜သူ့ရဲ့တရုတ်စကားက အရမ်းကောင်းတယ်။｜ကျောင်းမှာ တရုတ်စံဘာသာစကား ပြောဖို့လိုတယ်။｜普通话 က တရုတ်နိုင်ငံရဲ့ စံဘာသာစကားပါ။,中文 (Zhōngwén) — တရုတ်ဘာသာ｜国语 (guóyǔ) — နိုင်ငံသုံးတရုတ်ဘာသာ｜标准汉语 (biāozhǔn Hànyǔ) — စံတရုတ်ဘာသာ｜说普通话 (shuō pǔtōnghuà) — တရုတ်စံဘာသာစကားပြောသည်｜普通话水平 (pǔtōnghuà shuǐpíng) — တရုတ်စံဘာသာစကားအဆင့်
926,2,其他,qítā,Other,အခြား,我还有其他事情要做。｜你有其他问题吗？｜其他人已经走了。｜我们可以选择其他方法。｜除了这个，还有其他办法。,"Wǒ hái yǒu qítā shìqing yào zuò.｜Nǐ yǒu qítā wèntí ma?｜Qítā rén yǐjīng zǒu le.｜Wǒmen kěyǐ xuǎnzé qítā fāngfǎ.｜Chúle zhège, hái yǒu qítā bànfǎ.","I still have other things to do.｜Do you have any other questions?｜The other people have already left.｜We can choose another method.｜Besides this, there are other ways.",ငါ့မှာ လုပ်စရာအခြားကိစ္စတွေရှိသေးတယ်။｜မင်းမှာ အခြားမေးခွန်းရှိလား။｜အခြားလူတွေ အားလုံးထွက်သွားပြီ။｜တခြားနည်းလမ်းတွေ ရွေးလို့ရတယ်။｜ဒါအပြင် တခြားနည်းလမ်းတွေရှိသေးတယ်။,其他人 (qítā rén) — အခြားလူများ｜其他问题 (qítā wèntí) — အခြားမေးခွန်း｜其他地方 (qítā dìfang) — အခြားနေရာ｜其他方法 (qítā fāngfǎ) — အခြားနည်းလမ်း｜其他东西 (qítā dōngxi) — အခြားပစ္စည်း
927,2,其中,qízhōng,among,၎င်းတို့အနက်,其中有很多学生。｜其中一个是我的朋友。｜这两个其中哪个比较好？｜我最喜欢其中的一本书。｜其中一些人已经回家了。,Qízhōng yǒu hěn duō xuésheng.｜Qízhōng yí ge shì wǒ de péngyou.｜Zhè liǎng ge qízhōng nǎge bǐjiào hǎo?｜Wǒ zuì xǐhuan qízhōng de yì běn shū.｜Qízhōng yìxiē rén yǐjīng huí jiā le.,There are many students among them.｜One of them is my friend.｜Which of these two is better?｜I like one of the books the most.｜Some of them have already gone home.,သူတို့ထဲမှာ ကျောင်းသားတွေအများကြီးရှိတယ်။｜သူတို့ထဲက တစ်ယောက်က ငါ့သူငယ်ချင်းပါ။｜ဒီနှစ်ခုထဲက ဘယ်ဟာပိုကောင်းလဲ။｜စာအုပ်တွေထဲက တစ်အုပ်ကို အကြိုက်ဆုံးပဲ။｜သူတို့ထဲက တချို့အိမ်ပြန်သွားပြီ။,其中一个 (qízhōng yí ge) — ၎င်းတို့အနက်တစ်ခု｜其中之一 (qízhōng zhī yī) — ၎င်းတို့အနက်တစ်ခု｜其中包括 (qízhōng bāokuò) — ၎င်းတို့အနက်ပါဝင်သည်｜其中一些 (qízhōng yìxiē) — ၎င်းတို့အနက်အချို့｜其中一个人 (qízhōng yí ge rén) — ၎င်းတို့အနက်လူတစ်ယောက်
928,2,骑,qí,ride,စီးသည်၊ စီးနင်းသည်,他每天骑自行车上学。｜我不会骑马。｜她喜欢骑自行车。｜我们一起骑车吧。｜他骑着自行车回家。,Tā měitiān qí zìxíngchē shàngxué.｜Wǒ bú huì qí mǎ.｜Tā xǐhuan qí zìxíngchē.｜Wǒmen yìqǐ qí chē ba.｜Tā qízhe zìxíngchē huí jiā.,He rides a bicycle to school every day.｜I can't ride a horse.｜She likes riding a bicycle.｜Let's ride a bike together.｜He rides his bicycle home.,သူ နေ့တိုင်း စက်ဘီးစီးပြီး ကျောင်းသွားတယ်။｜ငါ မြင်းမစီးတတ်ဘူး။｜သူမ စက်ဘီးစီးရတာကြိုက်တယ်။｜အတူတူ စက်ဘီးစီးကြရအောင်။｜သူ စက်ဘီးစီးပြီး အိမ်ပြန်တယ်။,骑马 (qí mǎ) — မြင်းစီးသည်｜骑自行车 (qí zìxíngchē) — စက်ဘီးစီးသည်｜骑摩托车 (qí mótuōchē) — မော်တော်ဆိုင်ကယ်စီးသည်｜骑车上班 (qí chē shàngbān) — စက်ဘီးစီးပြီးအလုပ်သွားသည်｜骑车回家 (qí chē huí jiā) — စက်ဘီးစီးပြီးအိမ်ပြန်သည်
929,2,骑车,qí chē,cycle,စက်ဘီးစီးသည်,我每天骑车去学校。｜我们周末一起骑车。｜她正在骑车。｜骑车很方便。｜他喜欢骑车上班。,Wǒ měitiān qí chē qù xuéxiào.｜Wǒmen zhōumò yìqǐ qí chē.｜Tā zhèngzài qí chē.｜Qí chē hěn fāngbiàn.｜Tā xǐhuan qí chē shàngbān.,I ride a bike to school every day.｜We ride bikes together on weekends.｜She is riding a bike.｜Riding a bike is convenient.｜He likes riding a bike to work.,ငါ နေ့တိုင်း စက်ဘီးစီးပြီး ကျောင်းသွားတယ်။｜စနေ၊ တနင်္ဂနွေမှာ အတူတူ စက်ဘီးစီးကြတယ်။｜သူမ စက်ဘီးစီးနေတယ်။｜စက်ဘီးစီးတာ အဆင်ပြေတယ်။｜သူ စက်ဘီးစီးပြီး အလုပ်သွားရတာကြိုက်တယ်။,自行车 (zìxíngchē) — စက်ဘီး｜骑自行车 (qí zìxíngchē) — စက်ဘီးစီးသည်｜骑车上学 (qí chē shàngxué) — စက်ဘီးစီးပြီးကျောင်းသွားသည်｜骑车回家 (qí chē huí jiā) — စက်ဘီးစီးပြီးအိမ်ပြန်သည်｜骑车运动 (qí chē yùndòng) — စက်ဘီးစီးအားကစား
930,2,起飞,qǐfēi,take off,လေယာဉ်ပျံတက်သည်,飞机马上要起飞了。｜飞机已经起飞了。｜请系好安全带，飞机要起飞了。｜飞机准时起飞。｜我们看着飞机起飞。,"Fēijī mǎshàng yào qǐfēi le.｜Fēijī yǐjīng qǐfēi le.｜Qǐng jì hǎo ānquándài, fēijī yào qǐfēi le.｜Fēijī zhǔnshí qǐfēi.｜Wǒmen kànzhe fēijī qǐfēi.",The plane is about to take off.｜The plane has already taken off.｜Please fasten your seat belt; the plane is about to take off.｜The plane took off on time.｜We watched the plane take off.,လေယာဉ် မကြာခင်ပျံတက်တော့မယ်။｜လေယာဉ် ပျံတက်သွားပြီ။｜ထိုင်ခုံခါးပတ်ပတ်ထားပါ၊ လေယာဉ်ပျံတက်တော့မယ်။｜လေယာဉ် အချိန်မှန်ပျံတက်တယ်။｜ကျွန်တော်တို့ လေယာဉ်ပျံတက်တာကို ကြည့်ခဲ့တယ်။,飞机起飞 (fēijī qǐfēi) — လေယာဉ်ပျံတက်သည်｜起飞时间 (qǐfēi shíjiān) — ပျံတက်ချိန်｜准时起飞 (zhǔnshí qǐfēi) — အချိန်မှန်ပျံတက်သည်｜起飞前 (qǐfēi qián) — မပျံတက်မီ｜起飞了 (qǐfēi le) — ပျံတက်သွားပြီ
931,2,气,qì,air; gas; breath,လေ၊ အငွေ့,今天的气很好。｜山里的气很新鲜。｜这里的空气很好。｜请打开窗户，让气进来。｜房间里的气不太好。,"Jīntiān de qì hěn hǎo.｜Shān lǐ de qì hěn xīnxiān.｜Zhèlǐ de kōngqì hěn hǎo.｜Qǐng dǎkāi chuānghu, ràng qì jìnlái.｜Fángjiān lǐ de qì bú tài hǎo.",The air is good today.｜The air in the mountains is fresh.｜The air here is good.｜Please open the window and let the air in.｜The air in the room isn't very good.,ဒီနေ့ လေထုကကောင်းတယ်။｜တောင်ပေါ်ကလေက လတ်ဆတ်တယ်။｜ဒီနေရာက လေထုကကောင်းတယ်။｜ပြတင်းပေါက်ဖွင့်ပြီး လေဝင်လာအောင်လုပ်ပါ။｜အခန်းထဲကလေ သိပ်မကောင်းဘူး။,空气 (kōngqì) — လေထု｜气体 (qìtǐ) — ဓာတ်ငွေ့｜气味 (qìwèi) — အနံ့｜气流 (qìliú) — လေစီးကြောင်း｜生气 (shēngqì) — စိတ်ဆိုးသည်
932,2,气温,qì wēn,air temperature,အပူချိန်,今天的气温很高。｜明天气温会下降。｜这里冬天的气温很低。｜现在的气温是多少？｜气温突然升高了。,Jīntiān de qìwēn hěn gāo.｜Míngtiān qìwēn huì xiàjiàng.｜Zhèlǐ dōngtiān de qìwēn hěn dī.｜Xiànzài de qìwēn shì duōshao?｜Qìwēn tūrán shēnggāo le.,The temperature is very high today.｜The temperature will drop tomorrow.｜The temperature here is very low in winter.｜What is the temperature now?｜The temperature suddenly rose.,ဒီနေ့ အပူချိန်အရမ်းမြင့်တယ်။｜မနက်ဖြန် အပူချိန်ကျမယ်။｜ဒီနေရာမှာ ဆောင်းရာသီအပူချိန်အရမ်းနိမ့်တယ်။｜အခု အပူချိန်ဘယ်လောက်လဲ။｜အပူချိန် ရုတ်တရက်မြင့်တက်သွားတယ်။,气温高 (qìwēn gāo) — အပူချိန်မြင့်သည်｜气温低 (qìwēn dī) — အပူချိန်နိမ့်သည်｜最高气温 (zuìgāo qìwēn) — အမြင့်ဆုံးအပူချိန်｜最低气温 (zuìdī qìwēn) — အနိမ့်ဆုံးအပူချိန်｜气温变化 (qìwēn biànhuà) — အပူချိန်ပြောင်းလဲမှု
933,2,千,qiān,thousand,တစ်ထောင်,一千个人参加了活动。｜我有一千块钱。｜这本书有一千页吗？｜学校里有一千名学生。｜一千米很远。,Yì qiān ge rén cānjiā le huódòng.｜Wǒ yǒu yì qiān kuài qián.｜Zhè běn shū yǒu yì qiān yè ma?｜Xuéxiào lǐ yǒu yì qiān míng xuésheng.｜Yì qiān mǐ hěn yuǎn.,One thousand people participated in the event.｜I have one thousand yuan.｜Does this book have one thousand pages?｜There are one thousand students at the school.｜One thousand meters is far.,လူတစ်ထောင်က အစီအစဉ်မှာ ပါဝင်ခဲ့တယ်။｜ငါ့မှာ ယွမ်တစ်ထောင်ရှိတယ်။｜ဒီစာအုပ်မှာ စာမျက်နှာတစ်ထောင်ရှိလား။｜ဒီကျောင်းမှာ ကျောင်းသားတစ်ထောင်ရှိတယ်။｜တစ်ထောင်မီတာက ဝေးတယ်။,千万 (qiānwàn) — သေချာပေါက်｜千米 (qiānmǐ) — ကီလိုမီတာ｜千人 (qiān rén) — လူတစ်ထောင်｜千元 (qiān yuán) — ယွမ်တစ်ထောင်｜一千 (yì qiān) — တစ်ထောင်
934,2,千克,qiān kè,kilogram,ကီလိုဂရမ်,这个包有两千克。｜我买了一千克苹果。｜这只猫大约三千克。｜一千克等于一千克。｜请给我两千克米。,Zhège bāo yǒu liǎng qiānkè.｜Wǒ mǎi le yì qiānkè píngguǒ.｜Zhè zhī māo dàyuē sān qiānkè.｜Yì qiānkè děngyú yì qiānkè.｜Qǐng gěi wǒ liǎng qiānkè mǐ.,This bag weighs two kilograms.｜I bought one kilogram of apples.｜This cat weighs about three kilograms.｜One kilogram equals one kilogram.｜Please give me two kilograms of rice.,ဒီအိတ်က နှစ်ကီလိုဂရမ်ရှိတယ်။｜ပန်းသီးတစ်ကီလိုဂရမ် ဝယ်ခဲ့တယ်။｜ဒီကြောင်က သုံးကီလိုဂရမ်လောက်ရှိတယ်။｜တစ်ကီလိုဂရမ်က တစ်ကီလိုဂရမ်နဲ့ ညီတယ်။｜ဆန်နှစ်ကီလိုဂရမ်ပေးပါ။,公斤 (gōngjīn) — ကီလိုဂရမ်｜一千克 (yì qiānkè) — တစ်ကီလိုဂရမ်｜两千克 (liǎng qiānkè) — နှစ်ကီလိုဂရမ်｜千克重 (qiānkè zhòng) — ကီလိုဂရမ်အလေးချိန်｜千克单位 (qiānkè dānwèi) — ကီလိုဂရမ်ယူနစ်
935,2,前年,qián nián,the year before last,မနှစ်ကမတိုင်မီနှစ်,前年我去了北京。｜前年我们认识了。｜这家公司前年成立的。｜前年冬天很冷。｜我前年开始学习中文。,Qiánnián wǒ qù le Běijīng.｜Qiánnián wǒmen rènshi le.｜Zhè jiā gōngsī qiánnián chénglì de.｜Qiánnián dōngtiān hěn lěng.｜Wǒ qiánnián kāishǐ xuéxí Zhōngwén.,I went to Beijing the year before last.｜We met the year before last.｜This company was founded the year before last.｜The winter before last was very cold.｜I started learning Chinese the year before last.,မနှစ်ကမတိုင်ခင်နှစ်က ဘေဂျင်းကို သွားခဲ့တယ်။｜မနှစ်ကမတိုင်ခင်နှစ်မှာ ကျွန်တော်တို့တွေ့ခဲ့တယ်။｜ဒီကုမ္ပဏီကို မနှစ်ကမတိုင်ခင်နှစ်မှာ တည်ထောင်ခဲ့တယ်။｜မနှစ်ကမတိုင်ခင်နှစ် ဆောင်းရာသီက အရမ်းအေးတယ်။｜မနှစ်ကမတိုင်ခင်နှစ်မှာ တရုတ်စာစလေ့လာခဲ့တယ်။,前年冬天 (qiánnián dōngtiān) — မနှစ်ကမတိုင်မီနှစ် ဆောင်းရာသီ｜前年同期 (qiánnián tóngqī) — မနှစ်ကမတိုင်မီနှစ် တူညီသောကာလ｜前年夏天 (qiánnián xiàtiān) — မနှစ်ကမတိုင်မီနှစ် နွေရာသီ｜前年年底 (qiánnián niándǐ) — မနှစ်ကမတိုင်မီနှစ် နှစ်ကုန်｜前年发生 (qiánnián fāshēng) — မနှစ်ကမတိုင်မီနှစ်တွင် ဖြစ်ပွားသည်
936,2,墙,qiáng,wall,နံရံ,墙上有一张照片。｜不要在墙上写字。｜这面墙很高。｜他靠着墙休息。｜房间的墙是白色的。,Qiáng shàng yǒu yì zhāng zhàopiàn.｜Bú yào zài qiáng shàng xiězì.｜Zhè miàn qiáng hěn gāo.｜Tā kào zhe qiáng xiūxi.｜Fángjiān de qiáng shì báisè de.,There is a photo on the wall.｜Don't write on the wall.｜This wall is very high.｜He is resting against the wall.｜The wall of the room is white.,နံရံပေါ်မှာ ဓာတ်ပုံတစ်ပုံရှိတယ်။｜နံရံပေါ်မှာ စာမရေးနဲ့။｜ဒီနံရံက အရမ်းမြင့်တယ်။｜သူ နံရံကိုမှီပြီး အနားယူနေတယ်။｜အခန်းနံရံက အဖြူရောင်ပါ။,墙壁 (qiángbì) — နံရံ｜墙上 (qiáng shàng) — နံရံပေါ်｜墙角 (qiángjiǎo) — နံရံထောင့်｜墙纸 (qiángzhǐ) — နံရံကပ်စက္ကူ｜围墙 (wéiqiáng) — ခြံစည်းရိုးနံရံ
937,2,青年,qīng nián,youth; young,လူငယ်,青年应该有自己的目标。｜这位青年很有礼貌。｜很多青年喜欢运动。｜青年时期是重要的阶段。｜青年人应该努力学习。,Qīngnián yīnggāi yǒu zìjǐ de mùbiāo.｜Zhè wèi qīngnián hěn yǒu lǐmào.｜Hěn duō qīngnián xǐhuan yùndòng.｜Qīngnián shíqī shì zhòngyào de jiēduàn.｜Qīngnián rén yīnggāi nǔlì xuéxí.,Young people should have their own goals.｜This young man is very polite.｜Many young people like sports.｜Youth is an important stage.｜Young people should study hard.,လူငယ်တွေမှာ ကိုယ့်ရည်မှန်းချက်ရှိသင့်တယ်။｜ဒီလူငယ်က ယဉ်ကျေးတယ်။｜လူငယ်အများကြီး အားကစားကြိုက်တယ်။｜လူငယ်ဘဝက အရေးကြီးတဲ့အဆင့်တစ်ခုပါ။｜လူငယ်တွေ စာကြိုးစားသင့်တယ်။,青年人 (qīngnián rén) — လူငယ်｜青年时期 (qīngnián shíqī) — လူငယ်ဘဝကာလ｜青年节 (qīngnián jié) — လူငယ်နေ့｜青年学生 (qīngnián xuésheng) — လူငယ်ကျောင်းသား｜青年活动 (qīngnián huódòng) — လူငယ်လှုပ်ရှားမှု
938,2,青少年,qīngshàonián,Teenagers,လူငယ်နှင့် ဆယ်ကျော်သက်,青少年需要健康成长。｜这个活动适合青少年。｜青少年应该合理安排时间。｜学校很重视青少年的教育。｜青少年喜欢学习新东西。,Qīngshàonián xūyào jiànkāng chéngzhǎng.｜Zhège huódòng shìhé qīngshàonián.｜Qīngshàonián yīnggāi hélǐ ānpái shíjiān.｜Xuéxiào hěn zhòngshì qīngshàonián de jiàoyù.｜Qīngshàonián xǐhuan xuéxí xīn dōngxi.,Teenagers need to grow up healthily.｜This activity is suitable for teenagers.｜Teenagers should manage their time properly.｜The school values teenagers' education.｜Teenagers like learning new things.,ဆယ်ကျော်သက်တွေ ကျန်းမာစွာကြီးပြင်းဖို့လိုတယ်။｜ဒီလှုပ်ရှားမှုက ဆယ်ကျော်သက်တွေအတွက် သင့်တော်တယ်။｜ဆယ်ကျော်သက်တွေ အချိန်ကို စနစ်တကျစီမံသင့်တယ်။｜ကျောင်းက ဆယ်ကျော်သက်တွေရဲ့ ပညာရေးကို အလေးထားတယ်။｜ဆယ်ကျော်သက်တွေ အသစ်အဆန်းတွေ လေ့လာရတာကြိုက်တယ်။,青少年时期 (qīngshàonián shíqī) — ဆယ်ကျော်သက်ဘဝကာလ｜青少年教育 (qīngshàonián jiàoyù) — ဆယ်ကျော်သက်ပညာရေး｜青少年活动 (qīngshàonián huódòng) — ဆယ်ကျော်သက်လှုပ်ရှားမှု｜青少年儿童 (qīngshàonián értóng) — လူငယ်နှင့်ကလေးများ｜青少年健康 (qīngshàonián jiànkāng) — ဆယ်ကျော်သက်ကျန်းမာရေး
939,2,轻,qīng,light,ပေါ့သည်,这个箱子很轻。｜这件衣服很轻。｜请拿轻一点。｜我的书包很轻。｜这辆自行车很轻。,Zhège xiāngzi hěn qīng.｜Zhè jiàn yīfu hěn qīng.｜Qǐng ná qīng yìdiǎn.｜Wǒ de shūbāo hěn qīng.｜Zhè liàng zìxíngchē hěn qīng.,This box is very light.｜These clothes are very light.｜Please carry it lightly.｜My schoolbag is very light.｜This bicycle is very light.,ဒီသေတ္တာက အရမ်းပေါ့တယ်။｜ဒီအဝတ်အစားက ပေါ့တယ်။｜နည်းနည်းပေါ့ပေါ့ကိုင်ပါ။｜ငါ့ကျောင်းလွယ်အိတ်က အရမ်းပေါ့တယ်။｜ဒီစက်ဘီးက အရမ်းပေါ့တယ်။,轻松 (qīngsōng) — စိတ်ပေါ့ပါးသည်｜轻快 (qīngkuài) — ပေါ့ပါးသွက်လက်သည်｜轻轻地 (qīngqīng de) — ညင်ညင်သာသာ｜轻声 (qīngshēng) — အသံတိုးတိုး｜轻重 (qīngzhòng) — အလေးချိန်
940,2,清楚,qīngchu,clear,ရှင်းလင်းသည်၊ သေချာသိသည်,我听得很清楚。｜请把名字说清楚。｜这件事情我不太清楚。｜老师讲得很清楚。｜你看清楚了吗？,Wǒ tīng de hěn qīngchu.｜Qǐng bǎ míngzi shuō qīngchu.｜Zhè jiàn shìqing wǒ bù tài qīngchu.｜Lǎoshī jiǎng de hěn qīngchu.｜Nǐ kàn qīngchu le ma?,I can hear clearly.｜Please say the name clearly.｜I don't know this matter very well.｜The teacher explained it clearly.｜Did you see clearly?,ကျွန်တော် သေချာကြားရတယ်။｜နာမည်ကို ရှင်းရှင်းပြောပါ။｜ဒီကိစ္စကို ကျွန်တော် သိပ်မသိဘူး။｜ဆရာက ရှင်းရှင်းလင်းလင်းရှင်းပြတယ်။｜သေချာမြင်လိုက်လား။,清楚 (qīngchu) — ရှင်းလင်းသည်｜看清楚 (kàn qīngchu) — သေချာမြင်သည်｜说清楚 (shuō qīngchu) — ရှင်းရှင်းပြောသည်｜清楚地 (qīngchu de) — ရှင်းလင်းစွာ｜不清楚 (bù qīngchu) — မရှင်းလင်း
941,2,晴,qíng,Sunny,နေသာသည်,今天的天气很晴。｜明天天气会晴。｜雨停了，天晴了。｜这里冬天很少晴。｜希望明天是晴天。,"Jīntiān de tiānqì hěn qíng.｜Míngtiān tiānqì huì qíng.｜Yǔ tíng le, tiān qíng le.｜Zhèlǐ dōngtiān hěn shǎo qíng.｜Xīwàng míngtiān shì qíngtiān.",The weather is sunny today.｜The weather will be sunny tomorrow.｜The rain stopped and it became sunny.｜It is rarely sunny here in winter.｜I hope tomorrow will be sunny.,ဒီနေ့ ရာသီဥတုသာယာတယ်။｜မနက်ဖြန် နေသာမယ်။｜မိုးတိတ်ပြီး နေသာလာတယ်။｜ဒီမှာ ဆောင်းတွင်းဆို နေသာတာရှားတယ်။｜မနက်ဖြန် နေသာပါစေလို့ မျှော်လင့်တယ်။,晴朗 (qínglǎng) — နေသာသည်｜放晴 (fàngqíng) — မိုးတိတ်ပြီး နေသာလာသည်｜晴空 (qíngkōng) — ကြည်လင်သောကောင်းကင်｜晴雨 (qíngyǔ) — နေသာ/မိုးရွာ｜晴好 (qínghǎo) — ရာသီဥတုသာယာ
942,2,晴天,qíng tiān,sunny day,နေသာသောနေ့,今天天气很好，是晴天。｜晴天的时候我们去公园。｜明天可能是晴天。｜我喜欢晴天。｜晴天很适合出去玩。,"Jīntiān tiānqì hěn hǎo, shì qíngtiān.｜Qíngtiān de shíhou wǒmen qù gōngyuán.｜Míngtiān kěnéng shì qíngtiān.｜Wǒ xǐhuan qíngtiān.｜Qíngtiān hěn shìhé chūqù wán.",The weather is good today; it is a sunny day.｜We go to the park on sunny days.｜It may be sunny tomorrow.｜I like sunny days.｜Sunny days are suitable for going out.,ဒီနေ့ ရာသီဥတုကောင်းတယ်၊ နေသာတဲ့နေ့ပါ။｜နေသာတဲ့နေ့တွေမှာ ပန်းခြံသွားတယ်။｜မနက်ဖြန် နေသာနိုင်တယ်။｜ကျွန်တော် နေသာတဲ့နေ့တွေကို ကြိုက်တယ်။｜နေသာတဲ့နေ့တွေက အပြင်ထွက်ဖို့ သင့်တော်တယ်။,晴朗 (qínglǎng) — ရာသီဥတုသာယာသည်｜晴空万里 (qíngkōng wànlǐ) — ကောင်းကင်ကြည်လင်သည်｜阴天 (yīntiān) — မိုးအုံ့သောနေ့｜雨天 (yǔtiān) — မိုးရွာသောနေ့｜天气 (tiānqì) — ရာသီဥတု
943,2,请客,qǐng kè,stand treat; entertain,ဧည့်ခံသည်,今天我请客。｜朋友过生日，我请客。｜谢谢你请客吃饭。｜下次我来请客。｜他常常请客。,"Jīntiān wǒ qǐngkè.｜Péngyou guò shēngrì, wǒ qǐngkè.｜Xièxie nǐ qǐngkè chīfàn.｜Xià cì wǒ lái qǐngkè.｜Tā chángcháng qǐngkè.","I'm treating today.｜It's my friend's birthday, so I'm treating.｜Thank you for treating us to a meal.｜I'll treat next time.｜He often treats people.",ဒီနေ့ ကျွန်တော် ဧည့်ခံမယ်။｜သူငယ်ချင်းမွေးနေ့မို့ ကျွန်တော် ဧည့်ခံမယ်။｜ထမင်းလိုက်ကျွေးလို့ ကျေးဇူးတင်ပါတယ်။｜နောက်တစ်ခါ ကျွန်တော် ဧည့်ခံမယ်။｜သူက မကြာခဏ ဧည့်ခံတယ်။,请客吃饭 (qǐngkè chīfàn) — ထမင်းလိုက်ကျွေးသည်｜请客 (qǐngkè) — ဧည့်ခံသည်｜客人 (kèrén) — ဧည့်သည်｜请吃饭 (qǐng chīfàn) — ထမင်းစားဖို့ ဖိတ်သည်｜宴请 (yànqǐng) — ဧည့်ခံကျွေးမွေးသည်
944,2,请求,qǐngqiú,request,တောင်းဆိုသည်,我想请求你的帮助。｜他向老师请求帮助。｜请请求工作人员处理这个问题。｜她请求我不要走。｜我们可以提出请求。,Wǒ xiǎng qǐngqiú nǐ de bāngzhù.｜Tā xiàng lǎoshī qǐngqiú bāngzhù.｜Qǐng qǐngqiú gōngzuòrényuán chǔlǐ zhège wèntí.｜Tā qǐngqiú wǒ bú yào zǒu.｜Wǒmen kěyǐ tíchū qǐngqiú.,I want to ask for your help.｜He asked the teacher for help.｜Please ask the staff to handle this problem.｜She asked me not to leave.｜We can make a request.,မင်းရဲ့အကူအညီကို တောင်းချင်တယ်။｜သူက ဆရာ့ဆီမှာ အကူအညီတောင်းတယ်။｜ဝန်ထမ်းတွေကို ဒီပြဿနာကို ဖြေရှင်းပေးဖို့ တောင်းဆိုပါ။｜သူမက ကျွန်တော့်ကို မသွားဖို့ တောင်းဆိုတယ်။｜တောင်းဆိုချက်တင်လို့ရတယ်။,要求 (yāoqiú) — တောင်းဆိုချက်｜申请 (shēnqǐng) — လျှောက်ထားသည်｜请求帮助 (qǐngqiú bāngzhù) — အကူအညီတောင်းသည်｜请求书 (qǐngqiúshū) — တောင်းဆိုစာ｜提出请求 (tíchū qǐngqiú) — တောင်းဆိုချက်တင်သည်
945,2,秋天,qiū tiān,fall; autumn,ဆောင်းဦးရာသီ,秋天的天气很凉快。｜我喜欢秋天。｜秋天树叶会变黄。｜我们秋天去旅行。｜秋天很适合爬山。,Qiūtiān de tiānqì hěn liángkuai.｜Wǒ xǐhuan qiūtiān.｜Qiūtiān shùyè huì biàn huáng.｜Wǒmen qiūtiān qù lǚxíng.｜Qiūtiān hěn shìhé páshān.,The weather is cool in autumn.｜I like autumn.｜Leaves turn yellow in autumn.｜We travel in autumn.｜Autumn is suitable for hiking.,ဆောင်းဦးရာသီမှာ ရာသီဥတုအေးမြတယ်။｜ကျွန်တော် ဆောင်းဦးကို ကြိုက်တယ်။｜ဆောင်းဦးမှာ သစ်ရွက်တွေ အဝါရောင်ပြောင်းတယ်။｜ဆောင်းဦးမှာ ခရီးသွားတယ်။｜ဆောင်းဦးက တောင်တက်ဖို့ သင့်တော်တယ်။,秋季 (qiūjì) — ဆောင်းဦးရာသီ｜秋天 (qiūtiān) — ဆောင်းဦး｜秋风 (qiūfēng) — ဆောင်းဦးလေ｜秋雨 (qiūyǔ) — ဆောင်းဦးမိုး｜秋色 (qiūsè) — ဆောင်းဦးအရောင်
946,2,求,qiú,request; beg; entreat; beseech,တောင်းသည်၊ ရှာဖွေသည်,我求你帮帮我。｜他向老师求助。｜我想求一个答案。｜不要总是求人。｜她求妈妈让她出去玩。,Wǒ qiú nǐ bāngbang wǒ.｜Tā xiàng lǎoshī qiúzhù.｜Wǒ xiǎng qiú yí ge dá'àn.｜Bú yào zǒng shì qiúrén.｜Tā qiú māma ràng tā chūqù wán.,I'm begging you to help me.｜He asked the teacher for help.｜I want to ask for an answer.｜Don't always ask others for help.｜She begged her mother to let her go out.,ကျွန်တော့်ကို ကူညီပေးပါလို့ တောင်းပန်တယ်။｜သူ ဆရာ့ဆီ အကူအညီတောင်းတယ်။｜အဖြေတစ်ခု ရချင်လို့ တောင်းတယ်။｜အမြဲတမ်း သူများဆီ အကူအညီမတောင်းနဲ့။｜သူမက အပြင်ထွက်ခွင့်ပေးဖို့ အမေ့ကို တောင်းတယ်။,要求 (yāoqiú) — တောင်းဆိုသည်｜追求 (zhuīqiú) — လိုက်လံရှာဖွေသည်｜求助 (qiúzhù) — အကူအညီတောင်းသည်｜求人 (qiúrén) — သူများကို အကူအညီတောင်းသည်｜求知 (qiúzhī) — အသိပညာရှာဖွေသည်
947,2,球场,qiú chǎng,court; field,အားကစားကွင်း,球场上有很多人。｜我们在球场踢足球。｜这个球场很大。｜比赛马上要开始了。｜球场旁边有很多座位。,Qiúchǎng shàng yǒu hěn duō rén.｜Wǒmen zài qiúchǎng tī zúqiú.｜Zhège qiúchǎng hěn dà.｜Bǐsài mǎshàng yào kāishǐ le.｜Qiúchǎng pángbiān yǒu hěn duō zuòwèi.,There are many people on the sports field.｜We play football on the field.｜This sports field is very large.｜The match is about to start.｜There are many seats beside the field.,အားကစားကွင်းမှာ လူတွေအများကြီးရှိတယ်။｜ကျွန်တော်တို့ အားကစားကွင်းမှာ ဘောလုံးကစားတယ်။｜ဒီအားကစားကွင်းက အရမ်းကျယ်တယ်။｜ပွဲက စတော့မယ်။｜ကွင်းဘေးမှာ ထိုင်ခုံတွေအများကြီးရှိတယ်။,足球场 (zúqiúchǎng) — ဘောလုံးကွင်း｜篮球场 (lánqiúchǎng) — ဘတ်စကက်ဘောကွင်း｜体育场 (tǐyùchǎng) — အားကစားကွင်း｜比赛场 (bǐsàichǎng) — ပြိုင်ပွဲကွင်း｜球场边 (qiúchǎng biān) — ကွင်းဘေး
948,2,球队,qiú duì,team,အားကစားအသင်း,我喜欢这支球队。｜球队正在训练。｜这支球队赢了比赛。｜球队里的队员都很努力。｜他们组成了一支新球队。,Wǒ xǐhuan zhè zhī qiúduì.｜Qiúduì zhèngzài xùnliàn.｜Zhè zhī qiúduì yíng le bǐsài.｜Qiúduì lǐ de duìyuán dōu hěn nǔlì.｜Tāmen zǔchéng le yì zhī xīn qiúduì.,I like this team.｜The team is training.｜This team won the match.｜The players on the team are hardworking.｜They formed a new team.,ဒီအသင်းကို ကျွန်တော် ကြိုက်တယ်။｜အသင်းက လေ့ကျင့်နေတယ်။｜ဒီအသင်းက ပြိုင်ပွဲအနိုင်ရခဲ့တယ်။｜အသင်းထဲက ကစားသမားတွေ အရမ်းကြိုးစားကြတယ်။｜သူတို့ အသင်းအသစ်တစ်သင်း ဖွဲ့လိုက်တယ်။,队员 (duìyuán) — အသင်းသား｜球队 (qiúduì) — အားကစားအသင်း｜国家队 (guójiāduì) — နိုင်ငံအသင်း｜主队 (zhǔduì) — အိမ်ရှင်အသင်း｜客队 (kèduì) — ဧည့်သည်အသင်း
949,2,球鞋,qiú xié,sneakers; gym shoes,အားကစားဖိနပ်,我的球鞋很舒服。｜我买了一双新球鞋。｜踢足球要穿球鞋。｜这双球鞋有点贵。｜他的球鞋是白色的。,Wǒ de qiúxié hěn shūfu.｜Wǒ mǎi le yì shuāng xīn qiúxié.｜Tī zúqiú yào chuān qiúxié.｜Zhè shuāng qiúxié yǒudiǎn guì.｜Tā de qiúxié shì báisè de.,My sports shoes are comfortable.｜I bought a new pair of sports shoes.｜You need sports shoes to play football.｜This pair of sports shoes is a little expensive.｜His sports shoes are white.,ကျွန်တော့် အားကစားဖိနပ်က သက်တောင့်သက်သာရှိတယ်။｜အားကစားဖိနပ်အသစ်တစ်ရံ ဝယ်လိုက်တယ်။｜ဘောလုံးကစားရင် အားကစားဖိနပ်ဝတ်ရတယ်။｜ဒီဖိနပ်တစ်ရံက နည်းနည်းဈေးကြီးတယ်။｜သူ့အားကစားဖိနပ်က အဖြူရောင်ပါ။,运动鞋 (yùndòngxié) — အားကစားဖိနပ်｜足球鞋 (zúqiúxié) — ဘောလုံးဖိနပ်｜鞋子 (xiézi) — ဖိနပ်｜鞋带 (xiédài) — ဖိနပ်ကြိုး｜新鞋 (xīnxié) — ဖိနပ်အသစ်
950,2,取,qǔ,take,ယူသည်,请取一本书。｜我去取我的东西。｜他从包里取出手机。｜请到前台取票。｜我帮你取快递。,Qǐng qǔ yì běn shū.｜Wǒ qù qǔ wǒ de dōngxi.｜Tā cóng bāo lǐ qǔ chū shǒujī.｜Qǐng dào qiántái qǔ piào.｜Wǒ bāng nǐ qǔ kuàidì.,Please take a book.｜I'm going to get my things.｜He took his phone out of the bag.｜Please go to the counter to get the ticket.｜I'll get the package for you.,စာအုပ်တစ်အုပ် ယူပါ။｜ကျွန်တော့်ပစ္စည်းတွေ သွားယူမယ်။｜သူ အိတ်ထဲက ဖုန်းကို ထုတ်ယူလိုက်တယ်။｜ကောင်တာမှာ လက်မှတ်သွားယူပါ။｜မင်းအတွက် ပါဆယ်သွားယူပေးမယ်။,取出 (qǔchū) — ထုတ်ယူသည်｜取得 (qǔdé) — ရရှိသည်｜领取 (lǐngqǔ) — သွားရောက်ယူသည်｜拿取 (náqǔ) — ယူသည်｜取票 (qǔpiào) — လက်မှတ်ယူသည်
951,2,取得,qǔ dé,acquire; gain; obtain,ရရှိသည်၊ အောင်မြင်ရရှိသည်,他取得了很好的成绩。｜我们取得了成功。｜她取得了进步。｜球队取得了胜利。｜经过努力，他取得了第一名。,"Tā qǔdé le hěn hǎo de chéngjì.｜Wǒmen qǔdé le chénggōng.｜Tā qǔdé le jìnbù.｜Qiúduì qǔdé le shènglì.｜Jīngguò nǔlì, tā qǔdé le dì yī míng.","He achieved very good results.｜We achieved success.｜She made progress.｜The team achieved victory.｜Through hard work, he got first place.",သူ ရလဒ်ကောင်းတွေ ရရှိခဲ့တယ်။｜ကျွန်တော်တို့ အောင်မြင်မှုရခဲ့တယ်။｜သူမ တိုးတက်မှုရခဲ့တယ်။｜အသင်းက အောင်ပွဲရခဲ့တယ်။｜ကြိုးစားမှုကြောင့် သူ ပထမရခဲ့တယ်။,成功 (chénggōng) — အောင်မြင်မှု｜取得成功 (qǔdé chénggōng) — အောင်မြင်မှုရသည်｜取得进步 (qǔdé jìnbù) — တိုးတက်မှုရသည်｜取得成绩 (qǔdé chéngjì) — ရလဒ်ရရှိသည်｜取得胜利 (qǔdé shènglì) — အောင်ပွဲရသည်
952,2,全,quán,whole; entire; complete,အားလုံး၊ အပြည့်,我们全家都来了。｜这本书全是中文。｜我全都知道。｜他把饭全吃完了。｜今天下雨了，地面全湿了。,"Wǒmen quánjiā dōu lái le.｜Zhè běn shū quán shì Zhōngwén.｜Wǒ quán dōu zhīdào.｜Tā bǎ fàn quán chī wán le.｜Jīntiān xiàyǔ le, dìmiàn quán shī le.","Our whole family came.｜This book is entirely in Chinese.｜I know everything.｜He ate all the food.｜It rained today, and the ground is completely wet.",ကျွန်တော်တို့ တစ်မိသားစုလုံး လာတယ်။｜ဒီစာအုပ်က တရုတ်စာချည်းပဲ။｜ကျွန်တော် အားလုံးသိတယ်။｜သူ ထမင်းအားလုံး စားပြီးပြီ။｜ဒီနေ့ မိုးရွာလို့ မြေကြီးတစ်ခုလုံး စိုနေတယ်။,全部 (quánbù) — အားလုံး｜完全 (wánquán) — လုံးဝ｜全都 (quándōu) — အားလုံး｜全是 (quánshì) — အားလုံးဖြစ်သည်｜全面 (quánmiàn) — ပြည့်စုံသော
953,2,全部,quánbù,whole,အားလုံး,这些东西全部是我的。｜学生们全部到了。｜我把作业全部做完了。｜这些书全部都很好。｜钱已经全部花完了。,Zhèxiē dōngxi quánbù shì wǒ de.｜Xuéshengmen quánbù dào le.｜Wǒ bǎ zuòyè quánbù zuò wán le.｜Zhèxiē shū quánbù dōu hěn hǎo.｜Qián yǐjīng quánbù huā wán le.,All of these things are mine.｜All the students have arrived.｜I finished all the homework.｜All these books are good.｜The money has all been spent.,ဒီပစ္စည်းတွေအားလုံးက ကျွန်တော့်ဟာတွေ။｜ကျောင်းသားတွေအားလုံး ရောက်ပြီ။｜အိမ်စာတွေအားလုံး လုပ်ပြီးပြီ။｜ဒီစာအုပ်တွေအားလုံး ကောင်းတယ်။｜ပိုက်ဆံတွေအားလုံး သုံးပြီးပြီ။,全部 (quánbù) — အားလုံး｜全都 (quándōu) — အားလုံး｜全体 (quántǐ) — အားလုံးသောသူများ｜完全 (wánquán) — လုံးဝ｜全数 (quánshù) — အားလုံးသောပမာဏ
954,2,全国,quán guó,nationwide; entire country,တစ်နိုင်ငံလုံး,全国人民都知道这个消息。｜这个活动在全国举行。｜他走遍了全国。｜全国各地都有游客。｜这家店在全国都有分店。,Quánguó rénmín dōu zhīdào zhège xiāoxi.｜Zhège huódòng zài quánguó jǔxíng.｜Tā zǒu biàn le quánguó.｜Quánguó gèdì dōu yǒu yóukè.｜Zhè jiā diàn zài quánguó dōu yǒu fēndiàn.,People throughout the country know this news.｜This event is held nationwide.｜He traveled throughout the country.｜There are tourists all over the country.｜This shop has branches nationwide.,တစ်နိုင်ငံလုံးက လူတွေ ဒီသတင်းကို သိကြတယ်။｜ဒီပွဲကို တစ်နိုင်ငံလုံးမှာ ကျင်းပတယ်။｜သူ တစ်နိုင်ငံလုံး လှည့်လည်သွားခဲ့တယ်။｜တစ်နိုင်ငံလုံးမှာ ခရီးသွားတွေအများကြီးရှိတယ်။｜ဒီဆိုင်က တစ်နိုင်ငံလုံးမှာ ဆိုင်ခွဲတွေရှိတယ်။,中国 (Zhōngguó) — တရုတ်နိုင်ငံ｜全国各地 (quánguó gèdì) — တစ်နိုင်ငံလုံးအနှံ့｜全国人民 (quánguó rénmín) — တစ်နိုင်ငံလုံးမှပြည်သူများ｜全国性 (quánguóxìng) — တစ်နိုင်ငံလုံးဆိုင်ရာ｜全国统一 (quánguó tǒngyī) — တစ်နိုင်ငံလုံးတစ်ပြေးညီ
955,2,全家,quán jiā,whole family,တစ်မိသားစုလုံး,全家一起吃饭。｜我们全家都喜欢旅行。｜春节的时候全家团聚。｜全家人都很开心。｜这是我们全家的照片。,Quánjiā yìqǐ chīfàn.｜Wǒmen quánjiā dōu xǐhuan lǚxíng.｜Chūnjié de shíhou quánjiā tuánjù.｜Quánjiārén dōu hěn kāixīn.｜Zhè shì wǒmen quánjiā de zhàopiàn.,The whole family eats together.｜Our whole family likes traveling.｜The whole family reunites during the Spring Festival.｜The whole family is very happy.｜This is a photo of our whole family.,တစ်မိသားစုလုံး အတူတူ ထမင်းစားတယ်။｜ကျွန်တော်တို့မိသားစုအားလုံး ခရီးသွားရတာကြိုက်တယ်။｜တရုတ်နှစ်သစ်ကူးမှာ မိသားစုအားလုံး ပြန်ဆုံကြတယ်။｜မိသားစုအားလုံး အရမ်းပျော်ကြတယ်။｜ဒါက ကျွန်တော်တို့ မိသားစုအားလုံးရဲ့ ဓာတ်ပုံပါ။,家人 (jiārén) — မိသားစုဝင်များ｜家庭 (jiātíng) — မိသားစု｜全家人 (quánjiārén) — မိသားစုအားလုံး｜一家人 (yì jiā rén) — မိသားစုဝင်များ｜家里 (jiālǐ) — အိမ်မှာ
956,2,全年,quán nián,annual; yearly,တစ်နှစ်ပတ်လုံး,这家店全年营业。｜这里全年都很温暖。｜他全年都很忙。｜这个地方全年都有游客。｜我们全年都在学习。,Zhè jiā diàn quánnián yíngyè.｜Zhèlǐ quánnián dōu hěn wēnnuǎn.｜Tā quánnián dōu hěn máng.｜Zhège dìfang quánnián dōu yǒu yóukè.｜Wǒmen quánnián dōu zài xuéxí.,This shop is open all year.｜It is warm here all year.｜He is busy all year.｜There are tourists here all year.｜We study throughout the year.,ဒီဆိုင်က တစ်နှစ်ပတ်လုံး ဖွင့်တယ်။｜ဒီမှာ တစ်နှစ်ပတ်လုံး ပူနွေးတယ်။｜သူ တစ်နှစ်ပတ်လုံး အလုပ်များတယ်။｜ဒီနေရာမှာ တစ်နှစ်ပတ်လုံး ခရီးသွားတွေရှိတယ်။｜ကျွန်တော်တို့ တစ်နှစ်ပတ်လုံး စာလေ့လာတယ်။,全年 (quánnián) — တစ်နှစ်ပတ်လုံး｜年初 (niánchū) — နှစ်အစ｜年中 (niánzhōng) — နှစ်လယ်｜年末 (niánmò) — နှစ်ကုန်｜一年到头 (yì nián dào tóu) — တစ်နှစ်လုံး
957,2,全身,quán shēn,whole body,တစ်ကိုယ်လုံး,我全身都很累。｜雨水把他全身都淋湿了。｜运动以后全身出汗。｜她全身穿着白色的衣服。｜我感觉全身没有力气。,Wǒ quánshēn dōu hěn lèi.｜Yǔshuǐ bǎ tā quánshēn dōu línshī le.｜Yùndòng yǐhòu quánshēn chūhàn.｜Tā quánshēn chuānzhe báisè de yīfu.｜Wǒ gǎnjué quánshēn méiyǒu lìqì.,My whole body is tired.｜The rain soaked his whole body.｜My whole body sweats after exercising.｜She is wearing white clothes all over her body.｜I feel like I have no strength in my whole body.,ကျွန်တော့်တစ်ကိုယ်လုံး ပင်ပန်းနေတယ်။｜မိုးရေက သူ့တစ်ကိုယ်လုံးကို စိုရွှဲသွားစေတယ်။｜လေ့ကျင့်ခန်းလုပ်ပြီးရင် တစ်ကိုယ်လုံး ချွေးထွက်တယ်။｜သူမ တစ်ကိုယ်လုံး အဖြူရောင်အဝတ်အစားဝတ်ထားတယ်။｜တစ်ကိုယ်လုံး အားမရှိသလို ခံစားရတယ်။,身体 (shēntǐ) — ကိုယ်ခန္ဓာ｜全身心 (quánshēnxīn) — ကိုယ်စိတ်နှစ်ပါးလုံး｜全身上下 (quánshēn shàngxià) — တစ်ကိုယ်လုံး｜身体健康 (shēntǐ jiànkāng) — ကျန်းမာရေးကောင်းသည်｜全身而退 (quánshēn ér tuì) — ဘေးကင်းစွာ ပြန်ထွက်သည်
958,2,全体,quán tǐ,all; entire; whole,အားလုံးသောသူများ,全体学生都来了。｜请全体起立。｜全体员工参加了会议。｜全体同学都认真学习。｜全体人员都准备好了。,Quántǐ xuésheng dōu lái le.｜Qǐng quántǐ qǐlì.｜Quántǐ yuángōng cānjiā le huìyì.｜Quántǐ tóngxué dōu rènzhēn xuéxí.｜Quántǐ rényuán dōu zhǔnbèi hǎo le.,All the students have arrived.｜Everyone please stand up.｜All employees attended the meeting.｜All the students study seriously.｜Everyone is ready.,ကျောင်းသားအားလုံး ရောက်လာကြပြီ။｜အားလုံး မတ်တပ်ရပ်ပါ။｜ဝန်ထမ်းအားလုံး အစည်းအဝေးတက်ကြတယ်။｜ကျောင်းသားအားလုံး စာကို သေချာလေ့လာကြတယ်။｜လူအားလုံး အဆင်သင့်ဖြစ်ပြီ။,全体 (quántǐ) — အားလုံး｜全体人员 (quántǐ rényuán) — ဝန်ထမ်းအားလုံး｜全体学生 (quántǐ xuésheng) — ကျောင်းသားအားလုံး｜全体员工 (quántǐ yuángōng) — ဝန်ထမ်းအားလုံး｜全体成员 (quántǐ chéngyuán) — အဖွဲ့ဝင်အားလုံး
959,2,然后,ránhòu,Then,ထို့နောက်,我先吃饭，然后去学校。｜先做作业，然后玩游戏。｜他洗完澡，然后睡觉。｜我们先讨论，然后决定。｜下雨了，然后天气变冷了。,"Wǒ xiān chīfàn, ránhòu qù xuéxiào.｜Xiān zuò zuòyè, ránhòu wán yóuxì.｜Tā xǐ wán zǎo, ránhòu shuìjiào.｜Wǒmen xiān tǎolùn, ránhòu juédìng.｜Xiàyǔ le, ránhòu tiānqì biàn lěng le.","I eat first, then go to school.｜First do your homework, then play games.｜He took a shower, then went to sleep.｜We discuss first, then decide.｜It rained, and then the weather became cold.",အရင်ထမင်းစားပြီးမှ ကျောင်းသွားမယ်။｜အရင်အိမ်စာလုပ်ပြီးမှ ဂိမ်းကစား။｜သူ ရေချိုးပြီးတော့ အိပ်ရာဝင်တယ်။｜ကျွန်တော်တို့ အရင်ဆွေးနွေးပြီးတော့ ဆုံးဖြတ်မယ်။｜မိုးရွာပြီးတော့ ရာသီဥတုအေးလာတယ်။,后来 (hòulái) — နောက်ပိုင်း｜然后 (ránhòu) — ထို့နောက်｜之后 (zhīhòu) — ထို့နောက်｜接着 (jiēzhe) — ဆက်ပြီးတော့｜最后 (zuìhòu) — နောက်ဆုံး
960,2,让,ràng,Give Way,ခွင့်ပြုသည်၊ စေသည်,让我看看。｜请让我进去。｜妈妈让我早点回家。｜老师让我们安静下来。｜这件事让我很开心。,Ràng wǒ kànkan.｜Qǐng ràng wǒ jìnqù.｜Māma ràng wǒ zǎodiǎn huí jiā.｜Lǎoshī ràng wǒmen ānjìng xiàlái.｜Zhè jiàn shì ràng wǒ hěn kāixīn.,Let me have a look.｜Please let me go in.｜My mother lets me go home early.｜The teacher asks us to quiet down.｜This matter makes me very happy.,လုပ်ခွင့်ပေးပါ။｜ဝင်ခွင့်ပေးပါ။｜အမေက ကျွန်တော့်ကို စောစောအိမ်ပြန်ဖို့ ပြောတယ်။｜ဆရာက ကျွန်တော်တို့ကို ငြိမ်ငြိမ်နေခိုင်းတယ်။｜ဒီကိစ္စက ကျွန်တော့်ကို အရမ်းပျော်စေတယ်။,允许 (yǔnxǔ) — ခွင့်ပြုသည်｜让开 (ràngkāi) — ဖယ်ပေးသည်｜让步 (ràngbù) — လျှော့ပေးသည်｜让给 (rànggěi) — ပေးလိုက်သည်｜让座 (ràngzuò) — ထိုင်ခုံဖယ်ပေးသည်
961,2,热情,rèqíng,Enthusiasm,နွေးထွေးဖော်ရွေသည်၊ စိတ်အားထက်သန်သည်,他对客人很热情。｜这里的人非常热情。｜她热情地帮助了我。｜大家热情欢迎新同学。｜他的性格很热情。,Tā duì kèrén hěn rèqíng.｜Zhèlǐ de rén fēicháng rèqíng.｜Tā rèqíng de bāngzhù le wǒ.｜Dàjiā rèqíng huānyíng xīn tóngxué.｜Tā de xìnggé hěn rèqíng.,He is very warm toward guests.｜The people here are very friendly.｜She warmly helped me.｜Everyone warmly welcomed the new student.｜He has a warm personality.,သူက ဧည့်သည်တွေအပေါ် အရမ်းဖော်ရွေတယ်။｜ဒီကလူတွေက အရမ်းဖော်ရွေကြတယ်။｜သူမက ကျွန်တော့်ကို စိတ်ရင်းနဲ့ ကူညီခဲ့တယ်။｜လူတိုင်းက ကျောင်းသားအသစ်ကို နွေးနွေးထွေးထွေး ကြိုဆိုကြတယ်။｜သူ့ရဲ့စိတ်နေစိတ်ထားက ဖော်ရွေတယ်။,热心 (rèxīn) — စိတ်ရင်းနဲ့ကူညီတတ်သည်｜热烈 (rèliè) — ပြင်းပြသည်｜热情洋溢 (rèqíng yángyì) — စိတ်အားထက်သန်သည်｜热情地 (rèqíng de) — နွေးနွေးထွေးထွေး｜热情好客 (rèqíng hàokè) — ဧည့်ဝတ်ကျေသည်
962,2,人口,rénkǒu,population,လူဦးရေ,这个城市的人口很多。｜中国是一个人口很多的国家。｜这里的人口越来越多。｜这个城市有多少人口？｜人口增长很快。,Zhège chéngshì de rénkǒu hěn duō.｜Zhōngguó shì yí ge rénkǒu hěn duō de guójiā.｜Zhèlǐ de rénkǒu yuèláiyuè duō.｜Zhège chéngshì yǒu duōshao rénkǒu?｜Rénkǒu zēngzhǎng hěn kuài.,This city has a large population.｜China is a country with a large population.｜The population here is increasing.｜What is the population of this city?｜The population is growing quickly.,ဒီမြို့မှာ လူဦးရေများတယ်။｜တရုတ်နိုင်ငံက လူဦးရေများတဲ့နိုင်ငံတစ်နိုင်ငံပါ။｜ဒီနေရာက လူဦးရေ ပိုပိုများလာတယ်။｜ဒီမြို့မှာ လူဦးရေဘယ်လောက်ရှိလဲ။｜လူဦးရေက မြန်မြန်တိုးလာတယ်။,人口增长 (rénkǒu zēngzhǎng) — လူဦးရေတိုးပွားမှု｜人口数量 (rénkǒu shùliàng) — လူဦးရေအရေအတွက်｜人口统计 (rénkǒu tǒngjì) — လူဦးရေစာရင်း｜人口密度 (rénkǒu mìdù) — လူဦးရေသိပ်သည်းဆ｜总人口 (zǒng rénkǒu) — စုစုပေါင်းလူဦးရေ
963,2,人们,rén men,people,လူများ,人们都喜欢和平。｜人们正在排队。｜这里的人们很友好。｜人们需要保护环境。｜很多人们来这里旅游。,Rénmen dōu xǐhuan hépíng.｜Rénmen zhèngzài páiduì.｜Zhèlǐ de rénmen hěn yǒuyì.｜Rénmen xūyào bǎohù huánjìng.｜Hěn duō rénmen lái zhèlǐ lǚyóu.,People all like peace.｜People are lining up.｜The people here are very friendly.｜People need to protect the environment.｜Many people come here to travel.,လူတွေက ငြိမ်းချမ်းရေးကို ကြိုက်ကြတယ်။｜လူတွေ တန်းစီနေကြတယ်။｜ဒီကလူတွေက အရမ်းဖော်ရွေကြတယ်။｜လူတွေက သဘာဝပတ်ဝန်းကျင်ကို ကာကွယ်ဖို့ လိုတယ်။｜လူအများကြီး ဒီကို ခရီးလာကြတယ်။,人民 (rénmín) — ပြည်သူလူထု｜人类 (rénlèi) — လူသားမျိုးနွယ်｜大家 (dàjiā) — လူတိုင်း｜大家伙儿 (dàjiāhuǒr) — လူအများ｜普通人 (pǔtōng rén) — သာမန်လူ
964,2,人数,rén shù,number of people,လူဦးရေအရေအတွက်,参加活动的人数很多。｜班里学生的人数是三十人。｜我们要统计人数。｜今天来的人数比昨天多。｜请告诉我参加人数。,Cānjiā huódòng de rénshù hěn duō.｜Bān lǐ xuésheng de rénshù shì sānshí rén.｜Wǒmen yào tǒngjì rénshù.｜Jīntiān lái de rénshù bǐ zuótiān duō.｜Qǐng gàosu wǒ cānjiā rénshù.,There are many people participating in the activity.｜There are thirty students in the class.｜We need to count the number of people.｜More people came today than yesterday.｜Please tell me the number of participants.,လှုပ်ရှားမှုမှာ ပါဝင်တဲ့လူအရေအတွက် များတယ်။｜အတန်းထဲမှာ ကျောင်းသား ၃၀ ယောက်ရှိတယ်။｜ကျွန်တော်တို့ လူအရေအတွက်ကို ရေတွက်ရမယ်။｜ဒီနေ့လာတဲ့လူအရေအတွက်က မနေ့ကထက်ပိုတယ်။｜ပါဝင်မယ့်လူအရေအတွက်ကို ပြောပြပါ။,人数统计 (rénshù tǒngjì) — လူအရေအတွက်စာရင်း｜总人数 (zǒng rénshù) — စုစုပေါင်းလူအရေအတွက်｜人数限制 (rénshù xiànzhì) — လူအရေအတွက်ကန့်သတ်ချက်｜参加人数 (cānjiā rénshù) — ပါဝင်သူအရေအတွက်｜人数很多 (rénshù hěn duō) — လူအရေအတွက်များသည်
965,2,认为,rènwéi,think,ထင်သည်၊ ယူဆသည်,我认为他说得对。｜我认为学习很重要。｜你认为怎么样？｜大家认为这个办法很好。｜我认为他不会迟到。,Wǒ rènwéi tā shuō de duì.｜Wǒ rènwéi xuéxí hěn zhòngyào.｜Nǐ rènwéi zěnmeyàng?｜Dàjiā rènwéi zhège bànfǎ hěn hǎo.｜Wǒ rènwéi tā bú huì chídào.,I think he is right.｜I think studying is important.｜What do you think?｜Everyone thinks this method is good.｜I think he won't be late.,သူပြောတာမှန်တယ်လို့ ကျွန်တော်ထင်တယ်။｜စာလေ့လာတာ အရေးကြီးတယ်လို့ ထင်တယ်။｜မင်းဘယ်လိုထင်လဲ။｜လူတိုင်းက ဒီနည်းလမ်းက ကောင်းတယ်လို့ ထင်ကြတယ်။｜သူနောက်ကျမှာမဟုတ်ဘူးလို့ ထင်တယ်။,认为正确 (rènwéi zhèngquè) — မှန်ကန်သည်ဟုယူဆသည်｜认为重要 (rènwéi zhòngyào) — အရေးကြီးသည်ဟုယူဆသည်｜认为可以 (rènwéi kěyǐ) — ရသည်ဟုယူဆသည်｜认为是 (rènwéi shì) — ဖြစ်သည်ဟုယူဆသည်｜个人认为 (gèrén rènwéi) — ကိုယ်ပိုင်အမြင်အရယူဆသည်
966,2,日报,rì bào,"daily, journal",နေ့စဉ်သတင်းစာ,我每天早上看日报。｜这份日报今天出版了。｜日报上有很多新闻。｜爸爸喜欢读日报。｜这家报纸是地方日报。,Wǒ měitiān zǎoshang kàn rìbào.｜Zhè fèn rìbào jīntiān chūbǎn le.｜Rìbào shàng yǒu hěn duō xīnwén.｜Bàba xǐhuan dú rìbào.｜Zhè jiā bàozhǐ shì dìfāng rìbào.,I read the daily newspaper every morning.｜This daily newspaper was published today.｜There is a lot of news in the daily newspaper.｜My father likes reading the daily newspaper.｜This newspaper is a local daily.,ကျွန်တော် မနက်တိုင်း နေ့စဉ်သတင်းစာဖတ်တယ်။｜ဒီနေ့ ဒီနေ့စဉ်သတင်းစာ ထုတ်ဝေတယ်။｜နေ့စဉ်သတင်းစာထဲမှာ သတင်းအများကြီးရှိတယ်။｜အဖေက နေ့စဉ်သတင်းစာဖတ်ရတာ ကြိုက်တယ်။｜ဒီသတင်းစာက ဒေသတွင်းနေ့စဉ်သတင်းစာပါ။,新闻 (xīnwén) — သတင်း｜报纸 (bàozhǐ) — သတင်းစာ｜日报社 (rìbàoshè) — နေ့စဉ်သတင်းစာတိုက်｜日报新闻 (rìbào xīnwén) — နေ့စဉ်သတင်း｜每日 (měirì) — နေ့စဉ်
967,2,日子,rìzi,"life, days",နေ့ရက်၊ ဘဝ,最近的日子过得很开心。｜这几天日子很忙。｜我们的日子越来越好了。｜那段日子我很难忘。｜希望以后的日子更好。,Zuìjìn de rìzi guò de hěn kāixīn.｜Zhè jǐ tiān rìzi hěn máng.｜Wǒmen de rìzi yuèláiyuè hǎo le.｜Nà duàn rìzi wǒ hěn nánwàng.｜Xīwàng yǐhòu de rìzi gèng hǎo.,Life has been very happy recently.｜These days have been very busy.｜Our lives are getting better and better.｜I will never forget those days.｜I hope the days ahead will be better.,မကြာသေးခင်က နေ့ရက်တွေက အရမ်းပျော်စရာကောင်းတယ်။｜ဒီရက်ပိုင်း အရမ်းအလုပ်များတယ်။｜ကျွန်တော်တို့ဘဝက ပိုပိုကောင်းလာတယ်။｜အဲ့ဒီအချိန်က နေ့ရက်တွေကို ဘယ်တော့မှမမေ့ဘူး။｜ရှေ့လာမယ့်နေ့ရက်တွေ ပိုကောင်းလာပါစေလို့ မျှော်လင့်တယ်။,日常生活 (rìcháng shēnghuó) — နေ့စဉ်ဘဝ｜日子过得好 (rìzi guò de hǎo) — ဘဝအဆင်ပြေသည်｜好日子 (hǎo rìzi) — ကောင်းသောနေ့ရက်များ｜日子忙 (rìzi máng) — နေ့ရက်များအလုပ်များသည်｜难忘的日子 (nánwàng de rìzi) — မမေ့နိုင်သောနေ့ရက်
968,2,如果,rúguǒ,If,အကယ်၍,如果明天下雨，我们就不去。｜如果你有时间，请来我家。｜如果喜欢，就拿走吧。｜如果他来了，告诉我。｜如果你累了，就休息一下。,"Rúguǒ míngtiān xiàyǔ, wǒmen jiù bú qù.｜Rúguǒ nǐ yǒu shíjiān, qǐng lái wǒ jiā.｜Rúguǒ xǐhuan, jiù ná zǒu ba.｜Rúguǒ tā lái le, gàosu wǒ.｜Rúguǒ nǐ lèi le, jiù xiūxi yíxià.","If it rains tomorrow, we won't go.｜If you have time, please come to my house.｜If you like it, take it.｜If he comes, tell me.｜If you're tired, take a rest.",မနက်ဖြန် မိုးရွာရင် မသွားဘူး။｜မင်းအချိန်ရှိရင် ငါ့အိမ်ကိုလာပါ။｜ကြိုက်ရင် ယူသွားပါ။｜သူလာရင် ငါ့ကိုပြောပါ။｜ပင်ပန်းရင် အနားယူပါ။,即使 (jíshǐ) — သော်လည်း｜如果说 (rúguǒ shuō) — အကယ်၍ဆိုရင်｜假如 (jiǎrú) — အကယ်၍｜要是 (yàoshi) — အကယ်၍｜如果……就…… (rúguǒ...jiù...) — အကယ်၍...ရင်...
969,2,入口,rùkǒu,Entrance,ဝင်ပေါက်,请从入口进去。｜入口在哪里？｜这个入口很小。｜我们在商场入口见面。｜请不要站在入口。,Qǐng cóng rùkǒu jìnqù.｜Rùkǒu zài nǎr?｜Zhège rùkǒu hěn xiǎo.｜Wǒmen zài shāngchǎng rùkǒu jiànmiàn.｜Qǐng bú yào zhàn zài rùkǒu.,Please enter through the entrance.｜Where is the entrance?｜This entrance is very small.｜Let's meet at the mall entrance.｜Please don't stand at the entrance.,ဝင်ပေါက်ကနေ ဝင်ပါ။｜ဝင်ပေါက်က ဘယ်မှာလဲ။｜ဒီဝင်ပေါက်က အရမ်းသေးတယ်။｜ကျွန်တော်တို့ စျေးဝယ်စင်တာဝင်ပေါက်မှာ တွေ့ကြမယ်။｜ဝင်ပေါက်မှာ မရပ်ပါနဲ့။,出口 (chūkǒu) — ထွက်ပေါက်｜入口处 (rùkǒu chù) — ဝင်ပေါက်နေရာ｜入口门 (rùkǒu mén) — ဝင်ပေါက်တံခါး｜入口处标志 (rùkǒu chù biāozhì) — ဝင်ပေါက်အမှတ်အသား｜从入口进入 (cóng rùkǒu jìnrù) — ဝင်ပေါက်မှဝင်သည်
970,2,商量,shāngliang,discuss,တိုင်ပင်ဆွေးနွေးသည်,我们商量一下吧。｜这件事需要大家商量。｜我和朋友商量了旅行计划。｜他们正在商量什么时候出发。｜有什么问题可以一起商量。,Wǒmen shāngliang yíxià ba.｜Zhè jiàn shì xūyào dàjiā shāngliang.｜Wǒ hé péngyou shāngliang le lǚxíng jìhuà.｜Tāmen zhèngzài shāngliang shénme shíhou chūfā.｜Yǒu shénme wèntí kěyǐ yìqǐ shāngliang.,"Let's discuss it.｜This matter needs to be discussed by everyone.｜I discussed the travel plan with my friend.｜They are discussing when to leave.｜If there is a problem, we can discuss it together.",တိုင်ပင်ဆွေးနွေးကြရအောင်။｜ဒီကိစ္စကို လူတိုင်းတိုင်ပင်ဖို့ လိုတယ်။｜ကျွန်တော် သူငယ်ချင်းနဲ့ ခရီးအစီအစဉ်ကို တိုင်ပင်ခဲ့တယ်။｜သူတို့ ဘယ်တော့ထွက်မလဲဆိုတာ တိုင်ပင်နေကြတယ်။｜ပြဿနာရှိရင် အတူတူတိုင်ပင်လို့ရတယ်။,讨论 (tǎolùn) — ဆွေးနွေးသည်｜商量好 (shāngliang hǎo) — တိုင်ပင်ပြီးဆုံးဖြတ်သည်｜商量事情 (shāngliang shìqing) — ကိစ္စတိုင်ပင်သည်｜一起商量 (yìqǐ shāngliang) — အတူတိုင်ပင်သည်｜商量办法 (shāngliang bànfǎ) — နည်းလမ်းတိုင်ပင်သည်
971,2,商人,shāng rén,businessman,ကုန်သည်၊ စီးပွားရေးသမား,那个商人很有钱。｜商人在市场上卖东西。｜这位商人来自北京。｜很多商人来这里做生意。｜他是一名年轻的商人。,Nàge shāngrén hěn yǒuqián.｜Shāngrén zài shìchǎng shàng mài dōngxi.｜Zhè wèi shāngrén láizì Běijīng.｜Hěn duō shāngrén lái zhèlǐ zuò shēngyi.｜Tā shì yì míng niánqīng de shāngrén.,That businessman is very rich.｜The businessman sells things at the market.｜This businessman is from Beijing.｜Many businessmen come here to do business.｜He is a young businessman.,အဲ့ဒီကုန်သည်က အရမ်းချမ်းသာတယ်။｜ကုန်သည်က ဈေးမှာ ပစ္စည်းရောင်းတယ်။｜ဒီကုန်သည်က ပေကျင်းကလာတာ။｜ကုန်သည်အများကြီး ဒီကို စီးပွားရေးလုပ်ဖို့လာကြတယ်။｜သူက လူငယ်စီးပွားရေးသမားတစ်ယောက်ပါ။,商店 (shāngdiàn) — ဆိုင်｜生意 (shēngyi) — စီးပွားရေး｜商场 (shāngchǎng) — စျေးဝယ်စင်တာ｜商界 (shāngjiè) — စီးပွားရေးလောက｜小商人 (xiǎo shāngrén) — ကုန်သည်ငယ်
972,2,上周,shàng zhōu,last week,ပြီးခဲ့သောအပတ်,上周我去了北京。｜上周天气很好。｜我上周很忙。｜上周我们举行了活动。｜你上周去哪儿了？,Shàng zhōu wǒ qù le Běijīng.｜Shàng zhōu tiānqì hěn hǎo.｜Wǒ shàng zhōu hěn máng.｜Shàng zhōu wǒmen jǔxíng le huódòng.｜Nǐ shàng zhōu qù nǎr le?,I went to Beijing last week.｜The weather was good last week.｜I was very busy last week.｜We held an activity last week.｜Where did you go last week?,ပြီးခဲ့တဲ့အပတ်က ပေကျင်းကို သွားခဲ့တယ်။｜ပြီးခဲ့တဲ့အပတ်က ရာသီဥတုကောင်းတယ်။｜ပြီးခဲ့တဲ့အပတ်က ကျွန်တော် အရမ်းအလုပ်များတယ်။｜ပြီးခဲ့တဲ့အပတ်က ကျွန်တော်တို့ လှုပ်ရှားမှုတစ်ခုလုပ်ခဲ့တယ်။｜ပြီးခဲ့တဲ့အပတ်က မင်းဘယ်သွားခဲ့လဲ။,上个月 (shàng ge yuè) — ပြီးခဲ့တဲ့လ｜上星期 (shàng xīngqī) — ပြီးခဲ့တဲ့အပတ်｜上次 (shàng cì) — ပြီးခဲ့တဲ့အခေါက်｜上周末 (shàng zhōumò) — ပြီးခဲ့တဲ့အပတ်ကုန်｜上周一 (shàng zhōu yī) — ပြီးခဲ့တဲ့တနင်္လာနေ့
973,2,少数,shǎo shù,small number; few; minority,အနည်းစု,只有少数人知道这件事。｜少数学生没有参加。｜少数人喜欢这样做。｜这是少数人的意见。｜少数民族有自己的文化。,Zhǐyǒu shǎoshù rén zhīdào zhè jiàn shì.｜Shǎoshù xuésheng méiyǒu cānjiā.｜Shǎoshù rén xǐhuan zhèyàng zuò.｜Zhè shì shǎoshù rén de yìjiàn.｜Shǎoshù mínzú yǒu zìjǐ de wénhuà.,Only a small number of people know this matter.｜A small number of students did not participate.｜A few people like doing it this way.｜This is the opinion of a minority.｜Ethnic minorities have their own cultures.,ဒီကိစ္စကို သိတဲ့လူက အနည်းစုပဲရှိတယ်။｜ကျောင်းသားအနည်းစု မပါဝင်ခဲ့ကြဘူး။｜ဒီလိုလုပ်ရတာကို လူအနည်းစုက ကြိုက်တယ်။｜ဒါက အနည်းစုရဲ့အမြင်ပါ။｜တိုင်းရင်းသားအနည်းစုတွေမှာ ကိုယ်ပိုင်ယဉ်ကျေးမှုရှိတယ်။,少数民族 (shǎoshù mínzú) — တိုင်းရင်းသားအနည်းစု｜少数人 (shǎoshù rén) — လူအနည်းစု｜少数意见 (shǎoshù yìjiàn) — အနည်းစုအမြင်｜少数情况 (shǎoshù qíngkuàng) — အနည်းစုအခြေအနေ｜极少数 (jí shǎoshù) — အလွန်နည်းစု
974,2,少年,shào nián,juvenile; young person,လူငယ်,这个少年正在学习。｜少年应该努力学习。｜那个少年很有礼貌。｜很多少年喜欢运动。｜他年轻的时候是个少年。,Zhège shàonián zhèngzài xuéxí.｜Shàonián yīnggāi nǔlì xuéxí.｜Nàge shàonián hěn yǒu lǐmào.｜Hěn duō shàonián xǐhuan yùndòng.｜Tā niánqīng de shíhou shì ge shàonián.,This teenager is studying.｜Teenagers should study hard.｜That teenager is very polite.｜Many teenagers like sports.｜He was a teenager when he was young.,ဒီလူငယ်လေး စာလေ့လာနေတယ်။｜လူငယ်တွေ စာကြိုးစားသင့်တယ်။｜အဲ့ဒီလူငယ်လေးက ယဉ်ကျေးတယ်။｜လူငယ်အများကြီးက အားကစားကြိုက်ကြတယ်။｜သူငယ်ငယ်တုန်းက လူငယ်တစ်ယောက်ဖြစ်ခဲ့တယ်။,青少年 (qīngshàonián) — လူငယ်များ｜少年时代 (shàonián shídài) — လူငယ်ဘဝ｜少年儿童 (shàonián értóng) — လူငယ်နှင့်ကလေးများ｜少年宫 (shàonián gōng) — လူငယ်စင်တာ｜少年犯 (shàonián fàn) — အရွယ်မရောက်သေးသောပြစ်မှုကျူးလွန်သူ
975,2,身边,shēn biān,at [by] one’s side,အနီးအနား၊ ဘေးမှာ,他坐在我身边。｜请坐在我身边。｜我身边有很多朋友。｜她一直在我身边。｜手机就在我身边。,Tā zuò zài wǒ shēnbiān.｜Qǐng zuò zài wǒ shēnbiān.｜Wǒ shēnbiān yǒu hěn duō péngyou.｜Tā yìzhí zài wǒ shēnbiān.｜Shǒujī jiù zài wǒ shēnbiān.,He is sitting beside me.｜Please sit beside me.｜There are many friends around me.｜She has always been by my side.｜The phone is right beside me.,သူက ကျွန်တော့်ဘေးမှာ ထိုင်နေတယ်။｜ကျွန်တော့်ဘေးမှာ ထိုင်ပါ။｜ကျွန်တော့်အနားမှာ သူငယ်ချင်းတွေအများကြီးရှိတယ်။｜သူမက အမြဲတမ်း ကျွန်တော့်ဘေးမှာရှိတယ်။｜ဖုန်းက ကျွန်တော့်ဘေးမှာပဲရှိတယ်။,身边的人 (shēnbiān de rén) — အနီးအနားကလူများ｜身边事 (shēnbiān shì) — အနီးအနားကကိစ္စ｜身边有 (shēnbiān yǒu) — အနားမှာရှိသည်｜在身边 (zài shēnbiān) — အနားမှာရှိသည်｜陪在身边 (péi zài shēnbiān) — အနားမှာအဖော်ပြုသည်
976,2,什么样,shén me yàng,what kind,ဘယ်လိုမျိုး,你喜欢什么样的工作？｜你想买什么样的衣服？｜你喜欢什么样的人？｜你想住什么样的房子？｜这里是什么样的地方？,Nǐ xǐhuan shénme yàng de gōngzuò?｜Nǐ xiǎng mǎi shénme yàng de yīfu?｜Nǐ xǐhuan shénme yàng de rén?｜Nǐ xiǎng zhù shénme yàng de fángzi?｜Zhèlǐ shì shénme yàng de dìfang?,What kind of work do you like?｜What kind of clothes do you want to buy?｜What kind of people do you like?｜What kind of house do you want to live in?｜What kind of place is this?,မင်း ဘယ်လိုအလုပ်မျိုးကို ကြိုက်လဲ။｜မင်း ဘယ်လိုအဝတ်အစားမျိုး ဝယ်ချင်လဲ။｜မင်း ဘယ်လိုလူမျိုးကို ကြိုက်လဲ။｜မင်း ဘယ်လိုအိမ်မျိုးမှာ နေချင်လဲ။｜ဒီနေရာက ဘယ်လိုနေရာမျိုးလဲ။,什么样子 (shénme yàngzi) — ဘယ်လိုပုံစံ｜什么样的人 (shénme yàng de rén) — ဘယ်လိုလူမျိုး｜什么样的东西 (shénme yàng de dōngxi) — ဘယ်လိုပစ္စည်းမျိုး｜什么样的生活 (shénme yàng de shēnghuó) — ဘယ်လိုဘဝမျိုး｜什么样的地方 (shénme yàng de dìfang) — ဘယ်လိုနေရာမျိုး
977,2,生（动）,shēng,give birth; be born,မွေးသည်၊ ဖြစ်ပေါ်သည်,妈妈生了一个孩子。｜这棵树生了很多新叶子。｜问题生了变化。｜他突然生气了。｜这个故事发生了新的变化。,Māma shēng le yí ge háizi.｜Zhè kē shù shēng le hěn duō xīn yèzi.｜Wèntí shēng le biànhuà.｜Tā tūrán shēngqì le.｜Zhège gùshi fāshēng le xīn de biànhuà.,My mother gave birth to a child.｜This tree has grown many new leaves.｜The situation has undergone changes.｜He suddenly became angry.｜The story developed a new change.,အမေက ကလေးတစ်ယောက် မွေးတယ်။｜ဒီသစ်ပင်မှာ အရွက်သစ်တွေအများကြီး ပေါက်လာတယ်။｜အခြေအနေမှာ ပြောင်းလဲမှုဖြစ်လာတယ်။｜သူ ရုတ်တရက် စိတ်ဆိုးလာတယ်။｜ဒီဇာတ်လမ်းမှာ အပြောင်းအလဲအသစ် ဖြစ်လာတယ်။,生孩子 (shēng háizi) — ကလေးမွေးသည်｜生病 (shēngbìng) — ဖျားနာသည်｜生气 (shēngqì) — စိတ်ဆိုးသည်｜发生 (fāshēng) — ဖြစ်ပေါ်သည်｜产生 (chǎnshēng) — ဖြစ်ပေါ်လာသည်
978,2,生词,shēng cí,new word,စကားလုံးအသစ်,我学了很多生词。｜这个生词是什么意思？｜请把生词写下来。｜老师解释了几个生词。｜我每天复习生词。,Wǒ xué le hěn duō shēngcí.｜Zhège shēngcí shì shénme yìsi?｜Qǐng bǎ shēngcí xiě xiàlái.｜Lǎoshī jiěshì le jǐ ge shēngcí.｜Wǒ měitiān fùxí shēngcí.,I learned many new words.｜What does this new word mean?｜Please write down the new words.｜The teacher explained several new words.｜I review new words every day.,စကားလုံးအသစ်တွေ အများကြီး လေ့လာခဲ့တယ်။｜ဒီစကားလုံးအသစ်က ဘာအဓိပ္ပာယ်လဲ။｜စကားလုံးအသစ်တွေကို ချရေးပါ။｜ဆရာက စကားလုံးအသစ်တချို့ကို ရှင်းပြတယ်။｜ကျွန်တော် နေ့တိုင်း စကားလုံးအသစ်တွေ ပြန်လေ့လာတယ်။,词语 (cíyǔ) — စကားလုံး｜新词 (xīncí) — စကားလုံးအသစ်｜词汇 (cíhuì) — ဝေါဟာရ｜生词表 (shēngcí biǎo) — စကားလုံးအသစ်စာရင်း｜生词本 (shēngcí běn) — စကားလုံးအသစ်မှတ်စုစာအုပ်
979,2,生活,shēnghuó,Life,ဘဝ၊ နေထိုင်မှု,我喜欢现在的生活。｜城市生活很方便。｜他的生活很忙。｜我们应该珍惜生活。｜生活中有很多有趣的事情。,Wǒ xǐhuan xiànzài de shēnghuó.｜Chéngshì shēnghuó hěn fāngbiàn.｜Tā de shēnghuó hěn máng.｜Wǒmen yīnggāi zhēnxī shēnghuó.｜Shēnghuó zhōng yǒu hěn duō yǒuqù de shìqing.,I like my life now.｜City life is convenient.｜His life is very busy.｜We should cherish life.｜There are many interesting things in life.,အခုလက်ရှိဘဝကို ကြိုက်တယ်။｜မြို့ပြဘဝက အဆင်ပြေတယ်။｜သူ့ဘဝက အရမ်းအလုပ်များတယ်။｜ဘဝကို တန်ဖိုးထားသင့်တယ်။｜ဘဝမှာ စိတ်ဝင်စားစရာအရာတွေ အများကြီးရှိတယ်။,生活方式 (shēnghuó fāngshì) — နေထိုင်မှုပုံစံ｜生活费 (shēnghuófèi) — နေထိုင်စရိတ်｜生活水平 (shēnghuó shuǐpíng) — နေထိုင်မှုအဆင့်｜日常生活 (rìcháng shēnghuó) — နေ့စဉ်ဘဝ｜生活环境 (shēnghuó huánjìng) — နေထိုင်မှုပတ်ဝန်းကျင်
980,2,声音,shēngyīn,voice,အသံ,我听到了一个奇怪的声音。｜这个声音很好听。｜请小声一点，不要发出声音。｜我听见了他的声音。｜房间里没有声音。,"Wǒ tīngdào le yí ge qíguài de shēngyīn.｜Zhège shēngyīn hěn hǎotīng.｜Qǐng xiǎoshēng yìdiǎn, bú yào fāchū shēngyīn.｜Wǒ tīngjiàn le tā de shēngyīn.｜Fángjiān lǐ méiyǒu shēngyīn.",I heard a strange sound.｜This sound is pleasant to listen to.｜Please speak more quietly and don't make a sound.｜I heard his voice.｜There is no sound in the room.,သူ့အသံက နားထောင်လို့ကောင်းတယ်။｜ထူးဆန်းတဲ့အသံတစ်ခုကို ကြားလိုက်တယ်။｜ဒီအသံက အရမ်းကျယ်တယ်။｜မင်းအသံကို ကြိုက်တယ်။｜အခန်းထဲမှာ အသံမရှိဘူး။,声音 (shēngyīn) — အသံ｜声音很大 (shēngyīn hěn dà) — အသံကျယ်သည်｜声音很好听 (shēngyīn hěn hǎotīng) — အသံနားထောင်လို့ကောင်းသည်｜小声 (xiǎoshēng) — အသံတိုးတိုး｜发出声音 (fāchū shēngyīn) — အသံထွက်သည်
981,2,省（名）,shěng,province,ပြည်နယ်,我来自云南省。｜这个省很大。｜四川省有很多美食。｜他在这个省工作。｜中国有很多省。,Wǒ láizì Yúnnán Shěng.｜Zhège shěng hěn dà.｜Sìchuān Shěng yǒu hěn duō měishí.｜Tā zài zhège shěng gōngzuò.｜Zhōngguó yǒu hěn duō shěng.,I am from Yunnan Province.｜This province is very large.｜Sichuan Province has a lot of delicious food.｜He works in this province.｜China has many provinces.,ကျွန်တော် ယူနန်ပြည်နယ်ကပါ။｜ဒီပြည်နယ်က အရမ်းကြီးတယ်။｜စီချွမ်ပြည်နယ်မှာ အစားအစာကောင်းတွေ အများကြီးရှိတယ်။｜သူ ဒီပြည်နယ်မှာ အလုပ်လုပ်တယ်။｜တရုတ်နိုင်ငံမှာ ပြည်နယ်အများကြီးရှိတယ်။,省份 (shěngfèn) — ပြည်နယ်｜省会 (shěnghuì) — ပြည်နယ်မြို့တော်｜云南省 (Yúnnán Shěng) — ယူနန်ပြည်နယ်｜四川省 (Sìchuān Shěng) — စီချွမ်ပြည်နယ်｜省内 (shěngnèi) — ပြည်နယ်အတွင်း
982,2,省（动）,shěng,economize; save; omit; leave out,ချွေတာသည်,我们应该节省时间。｜请节省一点水。｜这样可以省很多钱。｜坐公共汽车比较省钱。｜我们要学会节省。,Wǒmen yīnggāi jiéshěng shíjiān.｜Qǐng jiéshěng yìdiǎn shuǐ.｜Zhèyàng kěyǐ shěng hěn duō qián.｜Zuò gōnggòng qìchē bǐjiào shěngqián.｜Wǒmen yào xuéhuì jiéshěng.,We should save time.｜Please save a little water.｜This can save a lot of money.｜Taking the bus is more economical.｜We should learn to save.,ကျွန်တော်တို့ အချိန်ကို ချွေတာသင့်တယ်။｜ရေနည်းနည်း ချွေတာပါ။｜ဒီလိုလုပ်ရင် ပိုက်ဆံအများကြီး ချွေတာနိုင်တယ်။｜ဘတ်စ်ကားစီးတာ ပိုက်ဆံပိုချွေတာတယ်။｜ကျွန်တော်တို့ ချွေတာတတ်အောင် သင်ယူသင့်တယ်။,节省 (jiéshěng) — ချွေတာသည်｜省钱 (shěngqián) — ပိုက်ဆံချွေတာသည်｜省时间 (shěng shíjiān) — အချိန်ချွေတာသည်｜省水 (shěng shuǐ) — ရေချွေတာသည်｜节省费用 (jiéshěng fèiyòng) — ကုန်ကျစရိတ်ချွေတာသည်
983,2,十分,shífēn,very,အလွန်၊ တကယ်ကို,今天十分冷。｜我十分喜欢这本书。｜这个问题十分重要。｜她十分努力。｜谢谢你的帮助，我十分感谢你。,"Jīntiān shífēn lěng.｜Wǒ shífēn xǐhuan zhè běn shū.｜Zhège wèntí shífēn zhòngyào.｜Tā shífēn nǔlì.｜Xièxie nǐ de bāngzhù, wǒ shífēn gǎnxiè nǐ.",It is very cold today.｜I like this book very much.｜This problem is very important.｜She works very hard.｜Thank you for your help; I am very grateful.,ဒီနေ့ အရမ်းအေးတယ်။｜ဒီစာအုပ်ကို ကျွန်တော် အရမ်းကြိုက်တယ်။｜ဒီပြဿနာက အရမ်းအရေးကြီးတယ်။｜သူမ အရမ်းကြိုးစားတယ်။｜မင်းရဲ့အကူအညီအတွက် ကျေးဇူးတင်တယ်၊ တကယ်ကျေးဇူးတင်ပါတယ်။,非常 (fēicháng) — အလွန်｜特别 (tèbié) — အထူးသဖြင့်｜十分重要 (shífēn zhòngyào) — အလွန်အရေးကြီးသည်｜十分喜欢 (shífēn xǐhuan) — အလွန်ကြိုက်သည်｜十分努力 (shífēn nǔlì) — အလွန်ကြိုးစားသည်
984,2,实际,shíjì,Actual,လက်တွေ့၊ အမှန်တကယ်,实际情况和我们想的不一样。｜这只是一个实际问题。｜我们要考虑实际情况。｜实际生活中有很多困难。｜这个计划很实际。,Shíjì qíngkuàng hé wǒmen xiǎng de bù yíyàng.｜Zhè zhǐ shì yí ge shíjì wèntí.｜Wǒmen yào kǎolǜ shíjì qíngkuàng.｜Shíjì shēnghuó zhōng yǒu hěn duō kùnnan.｜Zhège jìhuà hěn shíjì.,The actual situation is different from what we thought.｜This is only a practical problem.｜We need to consider the actual situation.｜There are many difficulties in real life.｜This plan is practical.,လက်တွေ့အခြေအနေက ကျွန်တော်တို့ထင်ထားတာနဲ့ မတူဘူး။｜ဒါက လက်တွေ့ပြဿနာတစ်ခုပဲ။｜လက်တွေ့အခြေအနေကို ထည့်သွင်းစဉ်းစားရမယ်။｜လက်တွေ့ဘဝမှာ အခက်အခဲတွေအများကြီးရှိတယ်။｜ဒီအစီအစဉ်က လက်တွေ့ကျတယ်။,实际上 (shíjì shàng) — တကယ်တော့｜实际情况 (shíjì qíngkuàng) — လက်တွေ့အခြေအနေ｜实际生活 (shíjì shēnghuó) — လက်တွေ့ဘဝ｜实际问题 (shíjì wèntí) — လက်တွေ့ပြဿနာ｜实际需要 (shíjì xūyào) — လက်တွေ့လိုအပ်ချက်
985,2,实习,shíxí,Internship,အလုပ်သင်,我暑假在一家医院实习。｜他正在公司实习。｜实习期间我学到了很多东西。｜她下个月开始实习。｜这次实习对我很有帮助。,Wǒ shǔjià zài yì jiā yīyuàn shíxí.｜Tā zhèngzài zài gōngsī shíxí.｜Shíxí qījiān wǒ xué dào le hěn duō dōngxi.｜Tā xià ge yuè kāishǐ shíxí.｜Zhè cì shíxí duì wǒ hěn yǒu bāngzhù.,I am doing an internship at a hospital during summer vacation.｜He is interning at a company.｜I learned many things during my internship.｜She will start her internship next month.｜This internship has been very helpful to me.,နွေရာသီအားလပ်ရက်မှာ ဆေးရုံတစ်ခုမှာ အလုပ်သင်ဆင်းတယ်။｜သူ ကုမ္ပဏီမှာ အလုပ်သင်ဆင်းနေတယ်။｜အလုပ်သင်ကာလအတွင်း အရာတွေအများကြီး သင်ယူခဲ့တယ်။｜သူမ နောက်လမှာ အလုပ်သင်စမယ်။｜ဒီအလုပ်သင်က ကျွန်တော့်အတွက် အရမ်းအကျိုးရှိတယ်။,实习生 (shíxíshēng) — အလုပ်သင်｜实习期 (shíxí qī) — အလုပ်သင်ကာလ｜实习工作 (shíxí gōngzuò) — အလုပ်သင်အလုပ်｜实习机会 (shíxí jīhuì) — အလုပ်သင်အခွင့်အရေး｜实习经验 (shíxí jīngyàn) — အလုပ်သင်အတွေ့အကြုံ
986,2,实现,shíxiàn,Realization,အကောင်အထည်ဖော်သည်,我希望实现自己的梦想。｜这个计划已经实现了。｜我们终于实现了目标。｜科技让很多梦想成为现实。｜只要努力，就能实现目标。,"Wǒ xīwàng shíxiàn zìjǐ de mèngxiǎng.｜Zhège jìhuà yǐjīng shíxiàn le.｜Wǒmen zhōngyú shíxiàn le mùbiāo.｜Kējì ràng hěn duō mèngxiǎng chéngwéi xiànshí.｜Zhǐyào nǔlì, jiù néng shíxiàn mùbiāo.","I hope to realize my dream.｜This plan has already been realized.｜We finally achieved our goal.｜Technology has made many dreams a reality.｜As long as we work hard, we can achieve our goal.",ကိုယ့်အိပ်မက်ကို အကောင်အထည်ဖော်နိုင်ဖို့ မျှော်လင့်တယ်။｜ဒီအစီအစဉ်က အကောင်အထည်ဖော်ပြီးပြီ။｜နောက်ဆုံးမှာ ကျွန်တော်တို့ ရည်မှန်းချက်ကို အကောင်အထည်ဖော်နိုင်ခဲ့တယ်။｜နည်းပညာက အိပ်မက်အများကြီးကို အမှန်တကယ်ဖြစ်လာစေတယ်။｜ကြိုးစားသရွေ့ ရည်မှန်းချက်ကို အကောင်အထည်ဖော်နိုင်တယ်။,实现梦想 (shíxiàn mèngxiǎng) — အိပ်မက်အကောင်အထည်ဖော်သည်｜实现目标 (shíxiàn mùbiāo) — ရည်မှန်းချက်အကောင်အထည်ဖော်သည်｜实现计划 (shíxiàn jìhuà) — အစီအစဉ်အကောင်အထည်ဖော်သည်｜实现愿望 (shíxiàn yuànwàng) — ဆန္ဒအကောင်အထည်ဖော်သည်｜成为现实 (chéngwéi xiànshí) — အမှန်တကယ်ဖြစ်လာသည်
987,2,实在,shízài,real; indeeed,တကယ်ပဲ၊ အမှန်တကယ်,他说的话是实在的。｜这件衣服实在太贵了。｜我实在不知道怎么办。｜这里的饭实在很好吃。｜她是一个实在的人。,Tā shuō de huà shì shízài de.｜Zhè jiàn yīfu shízài tài guì le.｜Wǒ shízài bù zhīdào zěnme bàn.｜Zhèlǐ de fàn shízài hěn hǎochī.｜Tā shì yí ge shízài de rén.,What he said was sincere.｜These clothes are really too expensive.｜I really don't know what to do.｜The food here is really delicious.｜She is a very honest person.,သူပြောတဲ့စကားက ရိုးသားတယ်။｜ဒီအဝတ်အစားက တကယ်ဈေးကြီးလွန်းတယ်။｜ကျွန်တော် တကယ်ဘာလုပ်ရမလဲ မသိဘူး။｜ဒီနေရာက အစားအစာက တကယ်အရသာရှိတယ်။｜သူမက ရိုးသားတဲ့လူတစ်ယောက်ပါ။,诚实 (chéngshí) — ရိုးသားသည်｜老实 (lǎoshi) — ရိုးသား/အေးဆေးသည်｜实话 (shíhuà) — အမှန်အတိုင်းပြောသောစကား｜实实在在 (shíshí zàizài) — တကယ်တမ်း｜实在话 (shízàihuà) — အမှန်အတိုင်းစကား
988,2,实在,shízai,done carefully,တကယ်ပဲ၊ အမှန်တကယ်,他实在太累了。｜这个问题实在很难。｜我实在没有时间。｜这家店的服务实在不错。｜他说得很实在。,Tā shízài tài lèi le.｜Zhège wèntí shízài hěn nán.｜Wǒ shízài méiyǒu shíjiān.｜Zhè jiā diàn de fúwù shízài búcuò.｜Tā shuō de hěn shízài.,He is really too tired.｜This problem is really difficult.｜I really don't have time.｜The service at this shop is really good.｜What he said was very sincere.,သူ တကယ်အရမ်းပင်ပန်းနေပြီ။｜ဒီပြဿနာက တကယ်ခက်တယ်။｜ကျွန်တော့်မှာ တကယ်အချိန်မရှိဘူး။｜ဒီဆိုင်ရဲ့ဝန်ဆောင်မှုက တကယ်ကောင်းတယ်။｜သူပြောတာက တကယ်ရိုးသားတယ်။,实在太贵 (shízài tài guì) — တကယ်ဈေးကြီးလွန်းသည်｜实在很难 (shízài hěn nán) — တကယ်ခက်သည်｜实在不知道 (shízài bù zhīdào) — တကယ်မသိပါ｜实在不行 (shízài bùxíng) — တကယ်မဖြစ်နိုင်ပါ｜实在没有时间 (shízài méiyǒu shíjiān) — တကယ်အချိန်မရှိပါ
989,2,食物,shíwù,food,အစားအစာ,我喜欢中国菜和其他食物。｜这些食物很好吃。｜冰箱里有很多食物。｜不要浪费食物。｜我们需要买一些食物。,Wǒ xǐhuan Zhōngguó cài hé qítā shíwù.｜Zhèxiē shíwù hěn hǎochī.｜Bīngxiāng lǐ yǒu hěn duō shíwù.｜Bú yào làngfèi shíwù.｜Wǒmen xūyào mǎi yìxiē shíwù.,I like Chinese food and other foods.｜These foods are delicious.｜There is a lot of food in the refrigerator.｜Don't waste food.｜We need to buy some food.,တရုတ်အစားအစာနဲ့ တခြားအစားအစာတွေကို ကြိုက်တယ်။｜ဒီအစားအစာတွေက အရသာရှိတယ်။｜ရေခဲသေတ္တာထဲမှာ အစားအစာတွေအများကြီးရှိတယ်။｜အစားအစာတွေကို မဖြုန်းတီးနဲ့။｜အစားအစာနည်းနည်း ဝယ်ဖို့လိုတယ်။,食品 (shípǐn) — အစားအစာ｜食物 (shíwù) — အစားအစာ｜食材 (shícái) — ချက်ပြုတ်ရန်အစားအစာ｜美食 (měishí) — အရသာရှိသောအစားအစာ｜食堂 (shítáng) — စားသောက်ခန်း
990,2,使用,shǐyòng,Use,အသုံးပြုသည်,请正确使用这个软件。｜我每天使用电脑学习。｜这个词应该怎么使用？｜不要使用别人的东西。｜我们可以使用这个方法。,Qǐng zhèngquè shǐyòng zhège ruǎnjiàn.｜Wǒ měitiān shǐyòng diànnǎo xuéxí.｜Zhège cí yīnggāi zěnme shǐyòng?｜Bú yào shǐyòng biérén de dōngxi.｜Wǒmen kěyǐ shǐyòng zhège fāngfǎ.,Please use this software correctly.｜I use a computer to study every day.｜How should this word be used?｜Don't use other people's things.｜We can use this method.,ဒီဆော့ဖ်ဝဲကို မှန်မှန်ကန်ကန် အသုံးပြုပါ။｜နေ့တိုင်း ကွန်ပျူတာကို စာလေ့လာဖို့ အသုံးပြုတယ်။｜ဒီစကားလုံးကို ဘယ်လိုအသုံးပြုရမလဲ။｜သူများပစ္စည်းကို မသုံးနဲ့။｜ဒီနည်းလမ်းကို အသုံးပြုလို့ရတယ်။,使用方法 (shǐyòng fāngfǎ) — အသုံးပြုပုံ｜使用电脑 (shǐyòng diànnǎo) — ကွန်ပျူတာအသုံးပြုသည်｜使用软件 (shǐyòng ruǎnjiàn) — ဆော့ဖ်ဝဲအသုံးပြုသည်｜使用工具 (shǐyòng gōngjù) — ကိရိယာအသုံးပြုသည်｜使用方法 (shǐyòng fāngfǎ) — အသုံးပြုနည်း
991,2,市,shì,city,မြို့,我们去市里买东西。｜这个市很漂亮。｜他住在市中心。｜这个市有很多公园。｜我在市里工作。,Wǒmen qù shì lǐ mǎi dōngxi.｜Zhège shì hěn piàoliang.｜Tā zhù zài shì zhōngxīn.｜Zhège shì yǒu hěn duō gōngyuán.｜Wǒ zài shì lǐ gōngzuò.,We are going to the city to buy things.｜This city is beautiful.｜He lives in the city center.｜This city has many parks.｜I work in the city.,ကျွန်တော်တို့ မြို့ထဲကို ပစ္စည်းဝယ်ဖို့ သွားမယ်။｜ဒီမြို့က လှတယ်။｜သူ မြို့လယ်မှာ နေတယ်။｜ဒီမြို့မှာ ပန်းခြံတွေအများကြီးရှိတယ်။｜ကျွန်တော် မြို့ထဲမှာ အလုပ်လုပ်တယ်။,市中心 (shì zhōngxīn) — မြို့လယ်｜市区 (shìqū) — မြို့ဧရိယာ｜城市 (chéngshì) — မြို့ပြ｜市场 (shìchǎng) — ဈေးကွက်｜市民 (shìmín) — မြို့နေပြည်သူ
992,2,市长,shì zhǎng,mayor,မြို့တော်ဝန်,市长今天参加了会议。｜市长发表了讲话。｜市长来到学校参观。｜市长正在接受采访。｜市长宣布了新的计划。,Shìzhǎng jīntiān cānjiā le huìyì.｜Shìzhǎng fābiǎo le jiǎnghuà.｜Shìzhǎng láidào xuéxiào cānguān.｜Shìzhǎng zhèngzài jiēshòu cǎifǎng.｜Shìzhǎng xuānbù le xīn de jìhuà.,The mayor attended the meeting today.｜The mayor gave a speech.｜The mayor came to visit the school.｜The mayor is being interviewed.｜The mayor announced a new plan.,မြို့တော်ဝန်က ဒီနေ့ အစည်းအဝေးတက်ခဲ့တယ်။｜မြို့တော်ဝန်က မိန့်ခွန်းပြောခဲ့တယ်။｜မြို့တော်ဝန်က ကျောင်းကို လာလည်တယ်။｜မြို့တော်ဝန်က အင်တာဗျူးလုပ်ခံနေရတယ်။｜မြို့တော်ဝန်က အစီအစဉ်အသစ်တစ်ခုကို ကြေညာခဲ့တယ်။,市政府 (shì zhèngfǔ) — မြို့အစိုးရ｜市长办公室 (shìzhǎng bàngōngshì) — မြို့တော်ဝန်ရုံး｜市长会议 (shìzhǎng huìyì) — မြို့တော်ဝန်အစည်းအဝေး｜市长讲话 (shìzhǎng jiǎnghuà) — မြို့တော်ဝန်မိန့်ခွန်း｜市长选举 (shìzhǎng xuǎnjǔ) — မြို့တော်ဝန်ရွေးကောက်ပွဲ
993,2,事情,shìqing,Thing,ကိစ္စ၊ အကြောင်းအရာ,这件事情很重要。｜我有一件事情要告诉你。｜昨天发生了一件有趣的事情。｜这件事情已经解决了。｜我们慢慢商量这件事情。,Zhè jiàn shìqing hěn zhòngyào.｜Wǒ yǒu yí jiàn shìqing yào gàosu nǐ.｜Zuótiān fāshēng le yí jiàn yǒuqù de shìqing.｜Zhè jiàn shìqing yǐjīng jiějué le.｜Wǒmen mànmàn shāngliang zhè jiàn shìqing.,This matter is very important.｜I have something to tell you.｜An interesting thing happened yesterday.｜This matter has already been solved.｜Let's discuss this matter slowly.,ဒီကိစ္စက အရမ်းအရေးကြီးတယ်။｜မင်းကို ပြောစရာကိစ္စတစ်ခုရှိတယ်။｜မနေ့က စိတ်ဝင်စားစရာကောင်းတဲ့အဖြစ်အပျက်တစ်ခု ဖြစ်ခဲ့တယ်။｜ဒီကိစ္စကို ဖြေရှင်းပြီးပြီ။｜ဒီကိစ္စကို ဖြည်းဖြည်းချင်း ဆွေးနွေးကြရအောင်။,事情发生 (shìqing fāshēng) — ကိစ္စဖြစ်ပွားသည်｜重要事情 (zhòngyào shìqing) — အရေးကြီးသောကိစ္စ｜有趣的事情 (yǒuqù de shìqing) — စိတ်ဝင်စားစရာကိစ္စ｜事情解决 (shìqing jiějué) — ကိစ္စဖြေရှင်းသည်｜事情经过 (shìqing jīngguò) — ကိစ္စဖြစ်စဉ်
994,2,收,shōu,collect,လက်ခံသည်၊ သိမ်းသည်,请收下这份礼物。｜我帮你收衣服。｜他把钱收起来了。｜快递员正在收件。｜银行下午五点停止收款。,Qǐng shōu xià zhè fèn lǐwù.｜Wǒ bāng nǐ shōu yīfu.｜Tā bǎ qián shōu qǐlái le.｜Kuàidìyuán zhèngzài shōujiàn.｜Yínháng xiàwǔ wǔ diǎn tíngzhǐ shōukuǎn.,Please accept this gift.｜I'll help you collect the clothes.｜He put the money away.｜The delivery person is collecting parcels.｜The bank stops receiving payments at five in the afternoon.,ဒီလက်ဆောင်ကို လက်ခံပါ။｜မင်းအဝတ်တွေကို သိမ်းပေးမယ်။｜သူ ပိုက်ဆံကို သိမ်းထားလိုက်တယ်။｜ပို့ဆောင်ရေးသမားက ပစ္စည်းလက်ခံနေတယ်။｜ဘဏ်က ညနေ ၅ နာရီမှာ ငွေလက်ခံတာ ရပ်တယ်။,收钱 (shōu qián) — ငွေလက်ခံသည်｜收衣服 (shōu yīfu) — အဝတ်သိမ်းသည်｜收件 (shōujiàn) — ပစ္စည်းလက်ခံသည်｜收起来 (shōu qǐlái) — သိမ်းထားသည်｜收下 (shōu xià) — လက်ခံယူသည်
995,2,收到,shōu dào,receive; obtain,လက်ခံရရှိသည်,我昨天收到了你的邮件。｜我已经收到钱了。｜你收到我的消息了吗？｜他收到了一份礼物。｜我们刚刚收到通知。,Wǒ zuótiān shōudào le nǐ de yóujiàn.｜Wǒ yǐjīng shōudào qián le.｜Nǐ shōudào wǒ de xiāoxi le ma?｜Tā shōudào le yí fèn lǐwù.｜Wǒmen gānggāng shōudào tōngzhī.,I received your email yesterday.｜I have already received the money.｜Did you receive my message?｜He received a gift.｜We just received the notice.,မနေ့က မင်းရဲ့အီးမေးလ်ကို လက်ခံရရှိခဲ့တယ်။｜ပိုက်ဆံကို လက်ခံရရှိပြီးပြီ။｜မင်း ငါ့မက်ဆေ့ချ်ကို ရပြီလား။｜သူ လက်ဆောင်တစ်ခု လက်ခံရရှိခဲ့တယ်။｜ကျွန်တော်တို့ အခုလေးတင် အကြောင်းကြားစာ ရရှိခဲ့တယ်။,收到消息 (shōudào xiāoxi) — သတင်းရရှိသည်｜收到邮件 (shōudào yóujiàn) — အီးမေးလ်ရရှိသည်｜收到通知 (shōudào tōngzhī) — အကြောင်းကြားစာရရှိသည်｜收到礼物 (shōudào lǐwù) — လက်ဆောင်ရရှိသည်｜收到钱 (shōudào qián) — ငွေရရှိသည်
996,2,收入,shōurù,income,ဝင်ငွေ,我的收入不高。｜他的收入增加了。｜这份工作的收入不错。｜家庭收入很重要。｜她每个月都有固定收入。,Wǒ de shōurù bù gāo.｜Tā de shōurù zēngjiā le.｜Zhè fèn gōngzuò de shōurù búcuò.｜Jiātíng shōurù hěn zhòngyào.｜Tā měi ge yuè dōu yǒu gùdìng shōurù.,My income is not high.｜His income has increased.｜The income from this job is good.｜Family income is very important.｜She has a fixed income every month.,ကျွန်တော့်ဝင်ငွေက မမြင့်ဘူး။｜သူ့ဝင်ငွေ တိုးလာတယ်။｜ဒီအလုပ်ရဲ့ဝင်ငွေက မဆိုးဘူး။｜မိသားစုဝင်ငွေက အရေးကြီးတယ်။｜သူ့မှာ လစဉ်ပုံမှန်ဝင်ငွေရှိတယ်။,工资收入 (gōngzī shōurù) — လစာဝင်ငွေ｜月收入 (yuè shōurù) — လစဉ်ဝင်ငွေ｜收入增加 (shōurù zēngjiā) — ဝင်ငွေတိုးသည်｜收入来源 (shōurù láiyuán) — ဝင်ငွေရင်းမြစ်｜固定收入 (gùdìng shōurù) — ပုံမှန်ဝင်ငွေ
997,2,手表,shǒubiǎo,Wrist Watch,လက်ပတ်နာရီ,我的手表坏了。｜这块手表很漂亮。｜他戴着一块新手表。｜我的手表显示八点。｜请看一下你的手表。,Wǒ de shǒubiǎo huài le.｜Zhè kuài shǒubiǎo hěn piàoliang.｜Tā dàizhe yí kuài xīn shǒubiǎo.｜Wǒ de shǒubiǎo xiǎnshì bā diǎn.｜Qǐng kàn yíxià nǐ de shǒubiǎo.,My watch is broken.｜This watch is beautiful.｜He is wearing a new watch.｜My watch shows eight o'clock.｜Please look at your watch.,ကျွန်တော့်လက်ပတ်နာရီ ပျက်သွားတယ်။｜ဒီလက်ပတ်နာရီက လှတယ်။｜သူ လက်ပတ်နာရီအသစ်တစ်လုံး ဝတ်ထားတယ်။｜ကျွန်တော့်နာရီက ၈ နာရီလို့ ပြနေတယ်။｜မင်းရဲ့လက်ပတ်နာရီကို ကြည့်လိုက်ပါ။,手表品牌 (shǒubiǎo pǐnpái) — လက်ပတ်နာရီအမှတ်တံဆိပ်｜新手表 (xīn shǒubiǎo) — လက်ပတ်နာရီအသစ်｜手表坏了 (shǒubiǎo huài le) — လက်ပတ်နာရီပျက်သည်｜戴手表 (dài shǒubiǎo) — လက်ပတ်နာရီဝတ်သည်｜看手表 (kàn shǒubiǎo) — လက်ပတ်နာရီကြည့်သည်
998,2,受到,shòudào,Suffer,ခံစားရသည်၊ ကြုံတွေ့ရသည်,他受到了老师的表扬。｜我受到了很多帮助。｜这个问题受到了大家的关注。｜她受到了很好的教育。｜我们受到了热烈欢迎。,Tā shòudào le lǎoshī de biǎoyáng.｜Wǒ shòudào le hěn duō bāngzhù.｜Zhège wèntí shòudào le dàjiā de guānzhù.｜Tā shòudào le hěn hǎo de jiàoyù.｜Wǒmen shòudào le rèliè huānyíng.,He received praise from the teacher.｜I received a lot of help.｜This issue received everyone's attention.｜She received a good education.｜We received a warm welcome.,သူ ဆရာ့ဆီက ချီးကျူးခံရတယ်။｜ကျွန်တော် အကူအညီအများကြီး ရခဲ့တယ်။｜ဒီကိစ္စက လူတိုင်းရဲ့ အာရုံစိုက်မှုကို ခံရတယ်။｜သူမ ကောင်းမွန်တဲ့ပညာရေးကို ရရှိခဲ့တယ်။｜ကျွန်တော်တို့ နွေးထွေးစွာ ကြိုဆိုခံခဲ့ရတယ်။,受到帮助 (shòudào bāngzhù) — အကူအညီရသည်｜受到影响 (shòudào yǐngxiǎng) — သက်ရောက်မှုခံရသည်｜受到关注 (shòudào guānzhù) — အာရုံစိုက်ခံရသည်｜受到欢迎 (shòudào huānyíng) — ကြိုဆိုခံရသည်｜受到表扬 (shòudào biǎoyáng) — ချီးကျူးခံရသည်
999,2,舒服,shūfu,comfortable,သက်တောင့်သက်သာရှိသည်,这张床很舒服。｜这里坐着很舒服。｜穿这双鞋很舒服。｜今天的天气很舒服。｜我觉得这里非常舒服。,Zhè zhāng chuáng hěn shūfu.｜Zhèlǐ zuòzhe hěn shūfu.｜Chuān zhè shuāng xié hěn shūfu.｜Jīntiān de tiānqì hěn shūfu.｜Wǒ juéde zhèlǐ fēicháng shūfu.,This bed is comfortable.｜It is comfortable to sit here.｜These shoes are comfortable to wear.｜The weather is comfortable today.｜I feel very comfortable here.,ဒီအိပ်ရာက သက်တောင့်သက်သာရှိတယ်။｜ဒီမှာထိုင်ရတာ သက်တောင့်သက်သာရှိတယ်။｜ဒီဖိနပ်က စီးရတာ သက်တောင့်သက်သာရှိတယ်။｜ဒီနေ့ ရာသီဥတုက သက်တောင့်သက်သာရှိတယ်။｜ဒီနေရာမှာ အရမ်းသက်တောင့်သက်သာရှိတယ်။,舒服的衣服 (shūfu de yīfu) — သက်တောင့်သက်သာရှိသောအဝတ်｜睡得舒服 (shuì de shūfu) — သက်တောင့်သက်သာအိပ်သည်｜坐得舒服 (zuò de shūfu) — သက်တောင့်သက်သာထိုင်သည်｜感觉舒服 (gǎnjué shūfu) — သက်တောင့်သက်သာခံစားရသည်｜很舒服 (hěn shūfu) — အရမ်းသက်တောင့်သက်သာရှိသည်
1000,2,熟,shú,ripe; cooked; familiar; skilled,ရင်းနှီးသည်၊ ကျွမ်းကျင်သည်၊ ကျက်သည်,这个地方我很熟。｜他很熟悉这份工作。｜我们已经很熟了。｜她对这里很熟。｜我跟他还不太熟。,Zhège dìfang wǒ hěn shú.｜Tā hěn shúxī zhè fèn gōngzuò.｜Wǒmen yǐjīng hěn shú le.｜Tā duì zhèlǐ hěn shú.｜Wǒ gēn tā hái bú tài shú.,This place is very familiar to me.｜He is very familiar with this work.｜We have become quite familiar with each other.｜She is very familiar with this place.｜I am not very familiar with him yet.,ဒီနေရာကို ကျွန်တော် ရင်းနှီးတယ်။｜သူက ဒီအလုပ်ကို ကောင်းကောင်းကျွမ်းတယ်။｜ကျွန်တော်တို့ တစ်ယောက်နဲ့တစ်ယောက် ရင်းနှီးလာကြပြီ။｜သူမ ဒီနေရာကို ကောင်းကောင်းသိတယ်။｜ကျွန်တော် သူနဲ့တော့ သိပ်မရင်းနှီးသေးဘူး။,熟悉 (shúxī) — ရင်းနှီးကျွမ်းဝင်သည်｜成熟 (chéngshú) — ရင့်ကျက်သည်｜熟练 (shúliàn) — ကျွမ်းကျင်သည်｜熟人 (shúrén) — အသိမိတ်ဆွေ｜熟悉地 (shúxī de) — ရင်းနှီးစွာ
1001,2,数,shǔ,to count,ရေတွက်သည်၊ အရေအတွက်,请数一下这些书。｜我会从一数到十。｜孩子们正在数人数。｜请再数一遍。｜他正在数钱。,Qǐng shǔ yíxià zhèxiē shū.｜Wǒ huì cóng yī shǔ dào shí.｜Háizimen zhèngzài shǔ rénshù.｜Qǐng zài shǔ yí biàn.｜Tā zhèngzài shǔ qián.,Please count these books.｜I can count from one to ten.｜The children are counting the number of people.｜Please count again.｜He is counting the money.,ဒီစာအုပ်တွေကို ရေတွက်ပေးပါ။｜တစ်ကနေ ဆယ်အထိ ရေတွက်တတ်တယ်။｜ကလေးတွေ လူအရေအတွက်ကို ရေတွက်နေကြတယ်။｜ထပ်ပြီး တစ်ခါရေတွက်ပေးပါ။｜သူ ပိုက်ဆံရေတွက်နေတယ်။,数学 (shùxué) — သင်္ချာ｜数钱 (shǔ qián) — ငွေရေတွက်သည်｜数数 (shǔshù) — ရေတွက်သည်｜数目 (shùmù) — အရေအတွက်｜人数 (rénshù) — လူဦးရေ
1002,2,数字,shùzì,number,ဂဏန်း၊ နံပါတ်,请记住这个数字。｜你的电话号码是多少？｜书里有很多数字。｜这个数字很大。｜他正在写数字。,Qǐng jìzhù zhège shùzì.｜Nǐ de diànhuà hàomǎ shì duōshao?｜Shū lǐ yǒu hěn duō shùzì.｜Zhège shùzì hěn dà.｜Tā zhèngzài xiě shùzì.,Please remember this number.｜What is your phone number?｜There are many numbers in the book.｜This number is very large.｜He is writing numbers.,ဒီနံပါတ်ကို မှတ်ထားပါ။｜မင်းဖုန်းနံပါတ်က ဘာလဲ။｜စာအုပ်ထဲမှာ ဂဏန်းတွေ အများကြီးရှိတယ်။｜ဒီဂဏန်းက အရမ်းကြီးတယ်။｜သူ ဂဏန်းတွေရေးနေတယ်။,数学 (shùxué) — သင်္ချာ｜号码 (hàomǎ) — နံပါတ်｜数字化 (shùzìhuà) — ဒစ်ဂျစ်တယ်ပြောင်းလဲခြင်း｜数字键 (shùzì jiàn) — ဂဏန်းခလုတ်｜阿拉伯数字 (Ālābó shùzì) — အာရဗီဂဏန်း
1003,2,水平,shuǐpíng,level,အဆင့်၊ အရည်အချင်း,他的中文水平很高。｜我们的水平不一样。｜她的英语水平很好。｜我有能力完成这项工作。｜多练习可以提高水平。,Tā de Zhōngwén shuǐpíng hěn gāo.｜Wǒmen de shuǐpíng bù yíyàng.｜Tā de Yīngyǔ shuǐpíng hěn hǎo.｜Wǒ yǒu nénglì wánchéng zhè xiàng gōngzuò.｜Duō liànxí kěyǐ tígāo shuǐpíng.,His Chinese level is very high.｜Our levels are different.｜Her English level is very good.｜I have the ability to complete this work.｜More practice can improve your level.,သူ့တရုတ်စာအဆင့်က အရမ်းမြင့်တယ်။｜ကျွန်တော်တို့ရဲ့ အဆင့်မတူဘူး။｜သူ့အင်္ဂလိပ်စာအဆင့်က အရမ်းကောင်းတယ်။｜ဒီအလုပ်ကို ပြီးအောင်လုပ်နိုင်တဲ့ အရည်အချင်းရှိတယ်။｜ပိုလေ့ကျင့်ရင် အဆင့်တိုးတက်လာနိုင်တယ်။,提高水平 (tígāo shuǐpíng) — အဆင့်မြှင့်သည်｜汉语水平 (Hànyǔ shuǐpíng) — တရုတ်ဘာသာအဆင့်｜水平高 (shuǐpíng gāo) — အဆင့်မြင့်သည်｜水平低 (shuǐpíng dī) — အဆင့်နိမ့်သည်｜技术水平 (jìshù shuǐpíng) — နည်းပညာအဆင့်
1004,2,顺利,shùnlì,smoothly,ချောမွေ့စွာ၊ အဆင်ပြေစွာ,考试进行得很顺利。｜祝你旅途顺利。｜他的工作进行得很顺利。｜一切都很顺利。｜希望你明天顺利到达。,Kǎoshì jìnxíng de hěn shùnlì.｜Zhù nǐ lǚtú shùnlì.｜Tā de gōngzuò jìnxíng de hěn shùnlì.｜Yíqiè dōu hěn shùnlì.｜Xīwàng nǐ míngtiān shùnlì dàodá.,The exam went smoothly.｜Have a smooth journey.｜His work went smoothly.｜Everything went smoothly.｜I hope you arrive safely tomorrow.,စာမေးပွဲက အဆင်ပြေပြေ ပြီးသွားတယ်။｜ခရီးစဉ်အဆင်ပြေပါစေ။｜သူ့အလုပ်က အဆင်ပြေပြေ ပြီးသွားတယ်။｜အရာအားလုံး အဆင်ပြေသွားတယ်။｜မနက်ဖြန် ဘေးကင်းအဆင်ပြေစွာ ရောက်ပါစေလို့ မျှော်လင့်တယ်။,顺利进行 (shùnlì jìnxíng) — ချောမွေ့စွာလုပ်ဆောင်သည်｜顺利完成 (shùnlì wánchéng) — အောင်မြင်စွာပြီးမြောက်သည်｜一路顺风 (yílù shùnfēng) — ခရီးချောမွေ့ပါစေ｜顺利通过 (shùnlì tōngguò) — အောင်မြင်စွာဖြတ်ကျော်သည်｜工作顺利 (gōngzuò shùnlì) — အလုပ်အဆင်ပြေသည်
1005,2,说明,shuōmíng,Explain,ရှင်းပြသည်၊ ဖော်ပြသည်,老师说明了这个词的意思。｜请说明一下这个问题。｜他说明了原因。｜请说明这张图片的意思。｜我向他说明了情况。,Lǎoshī shuōmíng le zhège cí de yìsi.｜Qǐng shuōmíng yíxià zhège wèntí.｜Tā shuōmíng le yuányīn.｜Qǐng shuōmíng zhāng túpiàn de yìsi.｜Wǒ xiàng tā shuōmíng le qíngkuàng.,The teacher explained the meaning of this word.｜Please explain this problem.｜He explained the reason.｜Please explain what this picture means.｜I explained the situation to him.,ဆရာက ဒီစကားလုံးရဲ့ အဓိပ္ပာယ်ကို ရှင်းပြတယ်။｜ဒီပြဿနာကို ရှင်းပြပေးပါ။｜သူက အကြောင်းရင်းကို ရှင်းပြတယ်။｜ဒီပုံက ဘာကိုဆိုလိုလဲ ရှင်းပြပေးပါ။｜ကျွန်တော် သူ့ကို အခြေအနေကို ရှင်းပြခဲ့တယ်။,说明书 (shuōmíngshū) — အသုံးပြုနည်းစာအုပ်｜说明原因 (shuōmíng yuányīn) — အကြောင်းပြချက်ရှင်းပြသည်｜说明情况 (shuōmíng qíngkuàng) — အခြေအနေရှင်းပြသည်｜说明问题 (shuōmíng wèntí) — ပြဿနာဖော်ပြသည်｜说明白 (shuō míngbai) — ရှင်းရှင်းလင်းလင်းရှင်းပြသည်
1006,2,司机,sījī,Driver,ယာဉ်မောင်း,他是一名司机。｜司机把我们送到了车站。｜这个司机开车很小心。｜他的爸爸是一名司机。｜司机很熟悉这条路。,Tā shì yì míng sījī.｜Sījī bǎ wǒmen sòng dào le chēzhàn.｜Zhège sījī kāichē hěn xiǎoxīn.｜Tā de bàba shì yì míng sījī.｜Sījī hěn shúxī zhè tiáo lù.,He is a driver.｜The driver took us to the station.｜This driver drives very carefully.｜His father is a driver.｜The driver knows this road well.,သူက ယာဉ်မောင်းတစ်ယောက်ပါ။｜ယာဉ်မောင်းက ကျွန်တော်တို့ကို ဘူတာရုံထိ ပို့ပေးတယ်။｜ဒီယာဉ်မောင်းက ကားကို သတိထားပြီး မောင်းတယ်။｜သူ့အဖေက ယာဉ်မောင်းတစ်ယောက်ပါ။｜ယာဉ်မောင်းက ဒီလမ်းကို ကောင်းကောင်းသိတယ်။,开车 (kāichē) — ကားမောင်းသည်｜出租车司机 (chūzūchē sījī) — တက္ကစီယာဉ်မောင်း｜司机证 (sījī zhèng) — ယာဉ်မောင်းလိုင်စင်｜女司机 (nǚ sījī) — အမျိုးသမီးယာဉ်မောင်း｜公交车司机 (gōngjiāochē sījī) — ဘတ်စ်ကားယာဉ်မောင်း
1007,2,送到,sòng dào,sent to (place),ပို့ရောက်သည်,他把东西送到我家。｜请把饭送到桌子上。｜快递已经送到了。｜他把文件送到了办公室。｜东西昨天送到了。,Tā bǎ dōngxi sòng dào wǒ jiā.｜Qǐng bǎ fàn sòng dào zhuōzi shàng.｜Kuàidì yǐjīng sòng dào le.｜Tā bǎ wénjiàn sòng dào le bàngōngshì.｜Dōngxi zuótiān sòng dào le.,He delivered the things to my home.｜Please deliver the food to the table.｜The package has been delivered.｜He delivered the documents to the office.｜The things were delivered yesterday.,သူက ပစ္စည်းကို ကျွန်တော့်အိမ်ထိ ပို့ပေးတယ်။｜အစားအစာကို စားပွဲပေါ်ထိ ပို့ပေးပါ။｜ပါဆယ်က ပို့ပြီးသွားပြီ။｜သူက စာရွက်စာတမ်းတွေကို ရုံးထိ ပို့ပေးတယ်။｜ပစ္စည်းက မနေ့က ပို့ရောက်တယ်။,送货 (sònghuò) — ကုန်ပစ္စည်းပို့သည်｜送到家 (sòng dào jiā) — အိမ်အရောက်ပို့သည်｜送到学校 (sòng dào xuéxiào) — ကျောင်းအရောက်ပို့သည်｜送到这里 (sòng dào zhèlǐ) — ဒီနေရာအထိပို့သည်｜送到手 (sòng dào shǒu) — လက်ထဲအရောက်ပို့သည်
1008,2,送给,sòng gěi,give to (somebody or organization),ပေးပို့သည်,这是送给你的礼物。｜他送给我一本书。｜妈妈送给她一件衣服。｜请把这封信送给老师。｜他送给朋友一个礼物。,Zhè shì sòng gěi nǐ de lǐwù.｜Tā sòng gěi wǒ yì běn shū.｜Māma sòng gěi tā yí jiàn yīfu.｜Qǐng bǎ zhè fēng xìn sòng gěi lǎoshī.｜Tā sòng gěi péngyou yí ge lǐwù.,This is a gift for you.｜He gave me a book.｜Mom gave her a piece of clothing.｜Please give this letter to the teacher.｜He gave his friend a gift.,ဒီဟာက မင်းအတွက် ပေးတဲ့လက်ဆောင်ပါ။｜သူက ကျွန်တော့်ကို စာအုပ်တစ်အုပ်ပေးတယ်။｜အမေက သူမကို အဝတ်တစ်ထည်ပေးတယ်။｜ဒီစာကို ဆရာ့ဆီ ပေးပေးပါ။｜သူက သူ့သူငယ်ချင်းကို လက်ဆောင်တစ်ခု ပေးတယ်။,送礼物给 (sòng lǐwù gěi) — လက်ဆောင်ပေးသည်｜送给朋友 (sòng gěi péngyou) — သူငယ်ချင်းကိုပေးသည်｜送给妈妈 (sòng gěi māma) — အမေ့ကိုပေးသည်｜送给你 (sòng gěi nǐ) — မင်းကိုပေးသည်｜送给老师 (sòng gěi lǎoshī) — ဆရာ့ကိုပေးသည်
1009,2,算,suàn,count; calculate,တွက်သည်,这个怎么算？｜我正在算钱。｜老师让学生算这道题。｜我算错了这个数字。｜你算一下总共多少钱。,Zhège zěnme suàn?｜Wǒ zhèngzài suàn qián.｜Lǎoshī ràng xuésheng suàn zhè dào tí.｜Wǒ suàn cuò le zhège shùzì.｜Nǐ suàn yíxià zǒnggòng duōshao qián.,How do we calculate this?｜I am counting the money.｜The teacher asked the students to calculate this problem.｜I calculated this number incorrectly.｜Calculate how much it costs altogether.,ဒါကို ဘယ်လိုတွက်ရမလဲ။｜ကျွန်တော် ပိုက်ဆံတွက်နေတယ်။｜ဆရာက ကျောင်းသားတွေကို ဒီပုစ္ဆာတွက်ခိုင်းတယ်။｜ဒီဂဏန်းကို ကျွန်တော် မှားတွက်လိုက်တယ်။｜စုစုပေါင်း ဘယ်လောက်ကျလဲ တွက်ကြည့်ပါ။,计算 (jìsuàn) — တွက်ချက်သည်｜算钱 (suàn qián) — ငွေတွက်သည်｜算术 (suànshù) — ဂဏန်းသင်္ချာ｜算一下 (suàn yíxià) — တစ်ချက်တွက်ကြည့်သည်｜算错 (suàncuò) — တွက်မှားသည်
1010,2,虽然,suī rán,although; though,...ပေမယ့်,虽然下雨，但是我们还是出去了。｜虽然他很累，但是他继续工作。｜虽然很贵，但是我想买这个包。｜虽然她很忙，但是她帮助了我。｜虽然有困难，但是他没有放弃。,"Suīrán xiàyǔ, dànshì wǒmen háishì chūqù le.｜Suīrán tā hěn lèi, dànshì tā jìxù gōngzuò.｜Suīrán hěn guì, dànshì wǒ xiǎng mǎi zhège bāo.｜Suīrán tā hěn máng, dànshì tā bāngzhù le wǒ.｜Suīrán yǒu kùnnan, dànshì tā méiyǒu fàngqì.","Although it rained, we still went outside.｜Although he was tired, he continued working.｜Although it is expensive, I want to buy this bag.｜Although she was busy, she helped me.｜Although there were difficulties, he did not give up.",မိုးရွာပေမယ့် ကျွန်တော်တို့ အပြင်ထွက်ခဲ့တယ်။｜သူပင်ပန်းပေမယ့် အလုပ်ဆက်လုပ်တယ်။｜ဈေးကြီးပေမယ့် ဒီအိတ်ကို ဝယ်ချင်တယ်။｜သူမအလုပ်များပေမယ့် ကျွန်တော့်ကို ကူညီခဲ့တယ်။｜အခက်အခဲရှိပေမယ့် သူလက်မလျှော့ဘူး။,虽然……但是…… (suīrán...dànshì...) — ...ပေမယ့်｜虽然……可是…… (suīrán...kěshì...) — ...ပေမယ့်｜虽然……不过…… (suīrán...búguò...) — ...ပေမယ့်｜虽然如此 (suīrán rúcǐ) — ဒီလိုဖြစ်ပေမယ့်｜虽然说 (suīrán shuō) — ပြောရမယ်ဆိုရင်...ပေမယ့်
1011,2,随便,suíbiàn,casual,လွတ်လွတ်လပ်လပ်၊ အလွယ်တကူ,你随便选吧。｜你随便吃。｜这件事不能随便做。｜你随便坐哪里都可以。｜你可以随便看看。,Nǐ suíbiàn xuǎn ba.｜Nǐ suíbiàn chī.｜Zhè jiàn shì bù néng suíbiàn zuò.｜Nǐ suíbiàn zuò nǎlǐ dōu kěyǐ.｜Nǐ kěyǐ suíbiàn kànkan.,Choose whatever you like.｜Eat whatever you like.｜You can't do this carelessly.｜Sit wherever you like.｜You can look around freely.,မင်းကြိုက်တာကို ရွေးလို့ရတယ်။｜မင်းကြိုက်သလို စားပါ။｜ဒီကိစ္စကို ပေါ့ပေါ့ဆဆ မလုပ်နဲ့။｜ကြိုက်တဲ့နေရာမှာ ထိုင်လို့ရတယ်။｜အေးအေးဆေးဆေး ကြည့်လို့ရတယ်။,随便吃 (suíbiàn chī) — လွတ်လွတ်လပ်လပ်စားသည်｜随便看 (suíbiàn kàn) — အလွယ်တကူကြည့်သည်｜随便说 (suíbiàn shuō) — လွယ်လွယ်ပြောသည်｜随便问 (suíbiàn wèn) — လွတ်လွတ်လပ်လပ်မေးသည်｜随便坐 (suíbiàn zuò) — လွတ်လွတ်လပ်လပ်ထိုင်သည်
1012,2,随时,suíshí,at any time,အချိန်မရွေး,你随时可以给我打电话。｜有需要随时来找我。｜他随时可以开始工作。｜我们随时都可以见面。｜有问题随时问我。,Nǐ suíshí kěyǐ gěi wǒ dǎ diànhuà.｜Yǒu xūyào suíshí lái zhǎo wǒ.｜Tā suíshí kěyǐ kāishǐ gōngzuò.｜Wǒmen suíshí dōu kěyǐ jiànmiàn.｜Yǒu wèntí suíshí wèn.,You can call me anytime.｜Come to me anytime if you need help.｜He can start work at any time.｜We can meet anytime.｜Ask anytime if you have questions.,ကျွန်တော့်ကို အချိန်မရွေး ဖုန်းဆက်လို့ရတယ်။｜အကူအညီလိုရင် အချိန်မရွေး လာပါ။｜သူ အချိန်မရွေး အလုပ်စလုပ်နိုင်တယ်။｜ကျွန်တော်တို့ အချိန်မရွေး တွေ့လို့ရတယ်။｜မေးစရာရှိရင် အချိန်မရွေး မေးပါ။,随时联系 (suíshí liánxì) — အချိန်မရွေးဆက်သွယ်သည်｜随时准备 (suíshí zhǔnbèi) — အချိန်မရွေးအဆင်သင့်ဖြစ်သည်｜随时可以 (suíshí kěyǐ) — အချိန်မရွေးရသည်｜随时欢迎 (suíshí huānyíng) — အချိန်မရွေးကြိုဆိုသည်｜随时回来 (suíshí huílái) — အချိန်မရွေးပြန်လာသည်
1013,2,所以,suǒ yǐ,so,ဒါကြောင့်,今天下雨，所以我不出去。｜他很累，所以早睡了。｜我想学习，所以去了图书馆。｜今天很忙，所以不能来。｜他生病了，所以没去学校。,"Jīntiān xiàyǔ, suǒyǐ wǒ bù chūqù.｜Tā hěn lèi, suǒyǐ zǎo shuì le.｜Wǒ xiǎng xuéxí, suǒyǐ qù le túshūguǎn.｜Jīntiān hěn máng, suǒyǐ bù néng lái.｜Tā shēngbìng le, suǒyǐ méi qù xuéxiào.","It is raining today, so I won't go out.｜He was very tired, so he went to bed early.｜I wanted to study, so I went to the library.｜I am busy today, so I can't come.｜He was sick, so he didn't go to school.",ဒီနေ့ မိုးရွာတယ်၊ ဒါကြောင့် ကျွန်တော် အပြင်မထွက်ဘူး။｜သူ အရမ်းပင်ပန်းတယ်၊ ဒါကြောင့် စောစောအိပ်တယ်။｜စာလေ့လာချင်လို့ စာကြည့်တိုက်ကို သွားတယ်။｜ဒီနေ့ အလုပ်များတယ်၊ ဒါကြောင့် မလာနိုင်ဘူး။｜သူ နေမကောင်းလို့ ကျောင်းမသွားဘူး။,所以说 (suǒyǐ shuō) — ဒါကြောင့်ပြောရရင်｜所以呢 (suǒyǐ ne) — ဒါကြောင့်လေ｜所以才 (suǒyǐ cái) — ဒါကြောင့်မှ｜所以没有 (suǒyǐ méiyǒu) — ဒါကြောင့်မရှိ｜所以我觉得 (suǒyǐ wǒ juéde) — ဒါကြောင့်ကျွန်တော်ထင်တယ်
1014,2,所有,suǒyǒu,All,အားလုံး,所有的书都是我的。｜所有学生都到了。｜所有的食物都吃完了。｜我把所有房间都打扫了。｜他有所有需要的东西。,Suǒyǒu de shū dōu shì wǒ de.｜Suǒyǒu xuésheng dōu dào le.｜Suǒyǒu de shíwù dōu chī wán le.｜Wǒ bǎ suǒyǒu fángjiān dōu dǎsǎo le.｜Tā yǒu suǒyǒu xūyào de dōngxi.,All the books are mine.｜All the students have arrived.｜All the food has been eaten.｜I cleaned all the rooms.｜He has everything he needs.,စာအုပ်တွေအားလုံးက ကျွန်တော့်ဟာတွေပါ။｜ကျောင်းသားအားလုံး ရောက်နေပြီ။｜အစားအစာအားလုံး စားပြီးပြီ။｜အခန်းအားလုံးကို သန့်ရှင်းရေးလုပ်ခဲ့တယ်။｜သူလိုအပ်တာအားလုံး ရှိတယ်။,所有人 (suǒyǒu rén) — လူအားလုံး｜所有的 (suǒyǒu de) — အားလုံး၏｜所有东西 (suǒyǒu dōngxi) — အရာအားလုံး｜所有时间 (suǒyǒu shíjiān) — အချိန်အားလုံး｜所有问题 (suǒyǒu wèntí) — ပြဿနာအားလုံး
1015,2,它,tā,it,၎င်း၊ အဲဒါ,这个是它的包。｜那只狗很可爱。｜我不能吃它。｜我不知道它的事情。｜把它放在桌子上。,Zhège shì tā de bāo.｜Nà zhī gǒu hěn kě'ài.｜Wǒ bù néng chī tā.｜Wǒ bù zhīdào tā de shìqing.｜Bǎ tā fàng zài zhuōzi shàng.,This is its bag.｜That dog is very cute.｜I can't eat it.｜I don't know about it.｜Put it on the table.,ဒီဟာက သူ့အိတ်ပါ။｜အဲ့ဒီခွေးက အရမ်းချစ်စရာကောင်းတယ်။｜အဲ့ဒါကို ကျွန်တော် မစားနိုင်ဘူး။｜အဲ့ဒီအကြောင်းကို ကျွန်တော် မသိဘူး။｜အဲ့ဒါကို စားပွဲပေါ်တင်လိုက်ပါ။,它的 (tā de) — ၎င်း၏｜它是 (tā shì) — ၎င်းသည်｜它们 (tāmen) — ၎င်းတို့｜它自己 (tā zìjǐ) — ၎င်းကိုယ်တိုင်｜其他的 (qítā de) — အခြားအရာများ
1016,2,它们,tā men,they,၎င်းတို့၊ အဲဒါတွေ,它们正在房间里玩。｜它们都很可爱。｜它们正在树上爬。｜它们已经出去了。｜不要打扰它们。,Tāmen zhèngzài fángjiān lǐ wán.｜Tāmen dōu hěn kě'ài.｜Tāmen zhèngzài shù shàng pá.｜Tāmen yǐjīng chūqù le.｜Bú yào dǎrǎo tāmen.,They are playing in the room.｜They are all very cute.｜They are climbing the tree.｜They have already gone outside.｜Don't disturb them.,သူတို့ အခန်းထဲမှာ ကစားနေကြတယ်။｜သူတို့အားလုံး အရမ်းချစ်စရာကောင်းတယ်။｜သူတို့ သစ်ပင်ပေါ်တက်နေကြတယ်။｜သူတို့ အပြင်ထွက်သွားကြပြီ။｜သူတို့ကို မနှောင့်ယှက်နဲ့။,它们的 (tāmen de) — ၎င်းတို့၏｜它们是 (tāmen shì) — ၎င်းတို့သည်｜它们自己 (tāmen zìjǐ) — ၎င်းတို့ကိုယ်တိုင်｜这些它们 (zhèxiē tāmen) — ဒီအရာတွေ｜它们都 (tāmen dōu) — ၎င်းတို့အားလုံး
1017,2,太太,tàitai,Ma’am,ဇနီး၊ မိန်းမ,她是他的太太。｜那位女士是他的太太。｜他的太太今天去上班了。｜我昨天见到了他的太太。｜他的太太很温柔。,Tā shì tā de tàitai.｜Nà wèi nǚshì shì tā de tàitai.｜Tā de tàitai jīntiān qù shàngbān le.｜Wǒ zuótiān jiàn dào le tā de tàitai.｜Tā de tàitai hěn wēnróu.,She is his wife.｜That woman is his wife.｜His wife went to work today.｜I met his wife yesterday.｜His wife is very gentle.,သူမက သူ့ဇနီးပါ။｜အဲ့ဒီအမျိုးသမီးက သူ့ဇနီးပါ။｜သူ့ဇနီး ဒီနေ့ အလုပ်သွားတယ်။｜မနေ့က သူ့ဇနီးကို တွေ့ခဲ့တယ်။｜သူ့ဇနီးက အရမ်းနူးညံ့သိမ်မွေ့တယ်။,先生 (xiānsheng) — မစ္စတာ/အမျိုးသား｜夫人 (fūrén) — ဇနီး/အမျိုးသမီး｜妻子 (qīzi) — ဇနီး｜老公 (lǎogōng) — ခင်ပွန်း｜老婆 (lǎopo) — ဇနီး
1018,2,太阳,tàiyáng,sun,နေ,今天太阳很大。｜太阳从东方升起。｜我喜欢在太阳下散步。｜早上的太阳很漂亮。｜太阳下山以后天气变凉了。,Jīntiān tàiyáng hěn dà.｜Tàiyáng cóng dōngfāng shēngqǐ.｜Wǒ xǐhuan zài tàiyáng xià sànbù.｜Zǎoshang de tàiyáng hěn piàoliang.｜Tàiyáng xiàshān yǐhòu tiānqì biàn liáng le.,The sun is very strong today.｜The sun rises in the east.｜I like walking in the sun.｜The morning sun is beautiful.｜The weather becomes cooler after sunset.,ဒီနေ့ နေက အရမ်းပူတယ်။｜နေက အရှေ့ဘက်က ထွက်တယ်။｜နေထဲမှာ လမ်းလျှောက်ရတာ ကြိုက်တယ်။｜မနက်ခင်းနေက အရမ်းလှတယ်။｜နေဝင်ပြီးရင် ရာသီဥတု အေးလာတယ်။,阳光 (yángguāng) — နေရောင်｜太阳光 (tàiyángguāng) — နေရောင်ခြည်｜太阳能 (tàiyángnéng) — နေရောင်ခြည်စွမ်းအင်｜日出 (rìchū) — နေထွက်ခြင်း｜日落 (rìluò) — နေဝင်ခြင်း
1019,2,态度,tàidu,attitude,သဘောထား,他的态度很好。｜你对这件事的态度怎么样？｜老师听取了学生的态度。｜他对工作的态度很认真。｜好的态度可以帮助我们做好工作。,Tā de tàidu hěn hǎo.｜Nǐ duì zhè jiàn shì de tàidu zěnmeyàng?｜Lǎoshī tīngqǔ le xuésheng de tàidu.｜Tā duì gōngzuò de tàidu hěn rènzhēn.｜Hǎo de tàidu kěyǐ bāngzhù wǒmen zuò hǎo gōngzuò.,His attitude is very good.｜What is your attitude toward this matter?｜The teacher listened to the students' attitudes.｜He has a serious attitude toward work.｜A good attitude can help us do our work well.,သူ့သဘောထားက အရမ်းကောင်းတယ်။｜ဒီကိစ္စအပေါ် မင်းရဲ့သဘောထားက ဘယ်လိုလဲ။｜ဆရာက ကျောင်းသားတွေရဲ့ သဘောထားတွေကို နားထောင်တယ်။｜သူ့အလုပ်အပေါ် သဘောထားက အရမ်းအလေးအနက်ရှိတယ်။｜ကောင်းမွန်တဲ့သဘောထားက အလုပ်ကို ကောင်းကောင်းလုပ်နိုင်အောင် ကူညီပေးတယ်။,态度好 (tàidù hǎo) — သဘောထားကောင်းသည်｜态度不好 (tàidù bù hǎo) — သဘောထားမကောင်း｜工作态度 (gōngzuò tàidù) — အလုပ်သဘောထား｜学习态度 (xuéxí tàidù) — စာလေ့လာသဘောထား｜态度认真 (tàidù rènzhēn) — သဘောထားအလေးအနက်ရှိသည်
1020,2,讨论,tǎolùn,discuss,ဆွေးနွေးသည်,我们正在讨论这个问题。｜老师和学生讨论了学习计划。｜他们在讨论明天的活动。｜我们需要讨论一下这个事情。｜大家一起讨论了这个问题。,Wǒmen zhèngzài tǎolùn zhège wèntí.｜Lǎoshī hé xuésheng tǎolùn le xuéxí jìhuà.｜Tāmen zài tǎolùn míngtiān de huódòng.｜Wǒmen xūyào tǎolùn yíxià zhège shìqing.｜Dàjiā yìqǐ tǎolùn le zhège wèntí.,We are discussing this problem.｜The teacher and students discussed the study plan.｜They are discussing tomorrow's activity.｜We need to discuss this matter.｜Everyone discussed this problem together.,ကျွန်တော်တို့ ဒီပြဿနာကို ဆွေးနွေးနေကြတယ်။｜ဆရာနဲ့ကျောင်းသားတွေ စာလေ့လာရေးအစီအစဉ်ကို ဆွေးနွေးခဲ့ကြတယ်။｜သူတို့ မနက်ဖြန်လုပ်မယ့် လှုပ်ရှားမှုကို ဆွေးနွေးနေကြတယ်။｜ကျွန်တော်တို့ ဒီကိစ္စကို နည်းနည်းဆွေးနွေးဖို့လိုတယ်။｜အားလုံး အတူတူ ဒီပြဿနာကို ဆွေးနွေးခဲ့ကြတယ်။,讨论问题 (tǎolùn wèntí) — ပြဿနာဆွေးနွေးသည်｜讨论会 (tǎolùn huì) — ဆွေးနွေးပွဲ｜讨论一下 (tǎolùn yíxià) — ဆွေးနွေးကြည့်သည်｜讨论计划 (tǎolùn jìhuà) — အစီအစဉ်ဆွေးနွေးသည်｜讨论结果 (tǎolùn jiéguǒ) — ဆွေးနွေးမှုရလဒ်
1021,2,套,tào,set,အစုံ၊ အထပ်၊ စုံ,我买了一套新衣服。｜这套书很有用。｜他买了一套茶具。｜这套房子很漂亮。｜我有一套中文书。,Wǒ mǎi le yí tào xīn yīfu.｜Zhè tào shū hěn yǒuyòng.｜Tā mǎi le yí tào chájù.｜Zhè tào fángzi hěn piàoliang.｜Wǒ yǒu yí tào Zhōngwén shū.,I bought a new set of clothes.｜This set of books is useful.｜He bought a set of tea utensils.｜This house is beautiful.｜I have a set of Chinese books.,အဝတ်အစားအသစ်တစ်စုံ ဝယ်ခဲ့တယ်။｜ဒီစာအုပ်တစ်စုံက အသုံးဝင်တယ်။｜သူ လက်ဖက်ရည်အသုံးအဆောင်တစ်စုံ ဝယ်ခဲ့တယ်။｜ဒီအိမ်က အရမ်းလှတယ်။｜ကျွန်တော့်မှာ တရုတ်စာအုပ်တစ်စုံရှိတယ်။,一套 (yí tào) — တစ်စုံ｜套装 (tàozhuāng) — အစုံဝတ်စုံ｜一套房子 (yí tào fángzi) — အိမ်တစ်လုံး/အိမ်တစ်စုံ｜成套 (chéngtào) — အစုံလိုက်｜套用 (tàoyòng) — ပုံစံအတိုင်း အသုံးပြုသည်
1022,2,特别,tèbié,Especially,အထူး၊ အထူးသဖြင့်,今天特别冷。｜她特别喜欢中国菜。｜这个地方特别安静。｜他对我特别好。｜这件衣服特别漂亮。,Jīntiān tèbié lěng.｜Tā tèbié xǐhuan Zhōngguó cài.｜Zhège dìfang tèbié ānjìng.｜Tā duì wǒ tèbié hǎo.｜Zhè jiàn yīfu tèbié piàoliang.,It is especially cold today.｜She especially likes Chinese food.｜This place is especially quiet.｜He is especially kind to me.｜These clothes are especially beautiful.,ဒီနေ့ အထူးသဖြင့် အေးတယ်။｜သူမ တရုတ်အစားအစာကို အထူးကြိုက်တယ်။｜ဒီနေရာက အထူးတိတ်ဆိတ်တယ်။｜သူက ကျွန်တော့်အပေါ် အထူးကောင်းတယ်။｜ဒီအဝတ်အစားက အထူးလှတယ်။,特别好 (tèbié hǎo) — အထူးကောင်းသည်｜特别喜欢 (tèbié xǐhuan) — အထူးကြိုက်သည်｜特别是 (tèbié shì) — အထူးသဖြင့်｜特别注意 (tèbié zhùyì) — အထူးဂရုစိုက်သည်｜特别重要 (tèbié zhòngyào) — အထူးအရေးကြီးသည်
1023,2,特点,tèdiǎn,Characteristic,ထူးခြားချက်၊ လက္ခဏာ,这个城市有什么特点？｜这个产品的特点是什么？｜他的特点是很认真。｜这家店有自己的特点。｜这本书的特点很明显。,Zhège chéngshì yǒu shénme tèdiǎn?｜Zhège chǎnpǐn de tèdiǎn shì shénme?｜Tā de tèdiǎn shì hěn rènzhēn.｜Zhè jiā diàn yǒu zìjǐ de tèdiǎn.｜Zhè běn shū de tèdiǎn hěn míngxiǎn.,What are the characteristics of this city?｜What is the characteristic of this product?｜His characteristic is that he is very serious.｜This shop has its own characteristics.｜The characteristics of this book are obvious.,ဒီမြို့ရဲ့ ထူးခြားချက်က ဘာလဲ။｜ဒီထုတ်ကုန်ရဲ့ ထူးခြားချက်က ဘာလဲ။｜သူ့ရဲ့ထူးခြားချက်က အရမ်းဂရုတစိုက်တာပဲ။｜ဒီဆိုင်မှာ ကိုယ်ပိုင်ထူးခြားချက်ရှိတယ်။｜ဒီစာအုပ်ရဲ့ ထူးခြားချက်က သိသာတယ်။,特点明显 (tèdiǎn míngxiǎn) — ထူးခြားချက်သိသာသည်｜主要特点 (zhǔyào tèdiǎn) — အဓိကထူးခြားချက်｜特点之一 (tèdiǎn zhī yī) — ထူးခြားချက်တစ်ခု｜个人特点 (gèrén tèdiǎn) — ကိုယ်ပိုင်ထူးခြားချက်｜特点不同 (tèdiǎn bùtóng) — ထူးခြားချက်မတူ
1024,2,疼,téng,hurt,နာသည်၊ နာကျင်သည်,我的头很疼。｜他今天肚子疼。｜我的脚有一点疼。｜哪里疼？｜昨天运动以后腿很疼。,Wǒ de tóu hěn téng.｜Tā jīntiān dùzi téng.｜Wǒ de jiǎo yǒu yìdiǎn téng.｜Nǎlǐ téng?｜Zuótiān yùndòng yǐhòu tuǐ hěn téng.,My head hurts.｜His stomach hurts today.｜My foot hurts a little.｜Where does it hurt?｜My legs hurt after exercising yesterday.,ကျွန်တော့်ခေါင်းနာတယ်။｜သူ ဒီနေ့ဗိုက်နာတယ်။｜ကျွန်တော့်ခြေထောက် နည်းနည်းနာတယ်။｜ဘယ်နေရာနာတာလဲ။｜မနေ့က အားကစားလုပ်ပြီးတော့ ခြေထောက်နာတယ်။,头疼 (tóuténg) — ခေါင်းနာသည်｜肚子疼 (dùzi téng) — ဗိုက်နာသည်｜疼痛 (téngtòng) — နာကျင်မှု｜疼得厉害 (téng de lìhai) — အရမ်းနာသည်｜疼起来 (téng qǐlái) — နာလာသည်
1025,2,提,tí,carry,ယူသည်၊ ကိုင်သည်,请把书提起来。｜她提着一个包。｜我帮你提行李。｜他手里提着水果。｜这个箱子太重了，我提不动。,"Qǐng bǎ shū tí qǐlái.｜Tā tízhe yí ge bāo.｜Wǒ bāng nǐ tí xíngli.｜Tā shǒu lǐ tízhe shuǐguǒ.｜Zhège xiāngzi tài zhòng le, wǒ tí bu dòng.",Please lift the book up.｜She is carrying a bag.｜I will help you carry the luggage.｜He is carrying fruit in his hand.｜This box is too heavy; I can't lift it.,စာအုပ်ကို မပါအောင် မြှောက်ပေးပါ။｜သူမ အိတ်တစ်လုံးကို ကိုင်ထားတယ်။｜ကျွန်တော် မင်းကို အထုပ်အပိုးသယ်ပေးမယ်။｜သူ့လက်ထဲမှာ သစ်သီးကိုင်ထားတယ်။｜ဒီသေတ္တာက အရမ်းလေးလို့ မမြှောက်နိုင်ဘူး။,提高 (tígāo) — မြှင့်တင်သည်｜提着 (tízhe) — ကိုင်ထားသည်｜提问 (tíwèn) — မေးခွန်းမေးသည်｜提包 (tíbāo) — လက်ဆွဲအိတ်｜提行李 (tí xíngli) — အထုပ်အပိုးသယ်သည်
1026,2,提出,tí chū,put forward; propose; raise,တင်ပြသည်၊ အဆိုပြုသည်,老师提出了一个问题。｜他提出了自己的意见。｜我们提出了新的计划。｜她提出了一个好办法。｜会议上有人提出了这个问题。,Lǎoshī tíchū le yí ge wèntí.｜Tā tíchū le zìjǐ de yìjiàn.｜Wǒmen tíchū le xīn de jìhuà.｜Tā tíchū le yí ge hǎo bànfǎ.｜Huìyì shàng yǒurén tíchū le zhège wèntí.,The teacher raised a question.｜He put forward his opinion.｜We proposed a new plan.｜She suggested a good method.｜Someone raised this issue at the meeting.,ဆရာက မေးခွန်းတစ်ခု တင်ပြခဲ့တယ်။｜သူက သူ့အမြင်ကို တင်ပြခဲ့တယ်။｜ကျွန်တော်တို့ အစီအစဉ်အသစ်တစ်ခု တင်ပြခဲ့တယ်။｜သူမ နည်းလမ်းကောင်းတစ်ခု အဆိုပြုခဲ့တယ်။｜အစည်းအဝေးမှာ တစ်ယောက်ယောက်က ဒီပြဿနာကို တင်ပြခဲ့တယ်။,提意见 (tí yìjiàn) — အမြင်တင်ပြသည်｜提出问题 (tíchū wèntí) — ပြဿနာတင်ပြသည်｜提出建议 (tíchū jiànyì) — အကြံပြုချက်တင်ပြသည်｜提出要求 (tíchū yāoqiú) — တောင်းဆိုချက်တင်ပြသည်｜提出计划 (tíchū jìhuà) — အစီအစဉ်တင်ပြသည်
1027,2,提到,tí dào,mention; refer to,ဖော်ပြသည်၊ ပြောပြသည်,老师提到了你的名字。｜他说话时提到了这件事。｜我刚才提到过这个问题。｜她没有提到昨天的事情。｜报告中提到了很多例子。,Lǎoshī tídào le nǐ de míngzi.｜Tā shuōhuà shí tídào le zhè jiàn shì.｜Wǒ gāngcái tídào guo zhège wèntí.｜Tā méiyǒu tídào zuótiān de shìqing.｜Bàogào zhōng tídào le hěn duō lìzi.,The teacher mentioned your name.｜He mentioned this matter while speaking.｜I mentioned this problem just now.｜She did not mention yesterday's matter.｜Many examples were mentioned in the report.,ဆရာက မင်းနာမည်ကို ထည့်ပြောခဲ့တယ်။｜သူ စကားပြောရင်း ဒီကိစ္စကို ပြောခဲ့တယ်။｜ကျွန်တော် ခုနက ဒီပြဿနာကို ပြောခဲ့တယ်။｜သူမ မနေ့ကကိစ္စကို မပြောခဲ့ဘူး။｜အစီရင်ခံစာထဲမှာ ဥပမာအများကြီး ဖော်ပြထားတယ်။,提到名字 (tídào míngzi) — နာမည်ထည့်ပြောသည်｜提到过 (tídào guo) — ဖော်ပြခဲ့ဖူးသည်｜提到问题 (tídào wèntí) — ပြဿနာကို ဖော်ပြသည်｜提到事情 (tídào shìqing) — ကိစ္စကို ဖော်ပြသည်｜提到一次 (tídào yí cì) — တစ်ကြိမ်ဖော်ပြသည်
1028,2,提高,tígāo,"increase, promote",မြှင့်တင်သည်၊ တိုးတက်စေသည်,我们要提高汉语水平。｜运动可以提高身体素质。｜这个方法能提高效率。｜他努力提高自己的成绩。｜多听中文可以提高听力。,Wǒmen yào tígāo Hànyǔ shuǐpíng.｜Yùndòng kěyǐ tígāo shēntǐ sùzhì.｜Zhège fāngfǎ néng tígāo xiàolǜ.｜Tā nǔlì tígāo zìjǐ de chéngjì.｜Duō tīng Zhōngwén kěyǐ tígāo tīnglì.,We need to improve our Chinese level.｜Exercise can improve physical fitness.｜This method can improve efficiency.｜He works hard to improve his grades.｜Listening to more Chinese can improve listening skills.,ကျွန်တော်တို့ တရုတ်စာအရည်အချင်းကို မြှင့်တင်ရမယ်။｜အားကစားလုပ်တာက ကိုယ်ခန္ဓာကျန်းမာရေးကို တိုးတက်စေနိုင်တယ်။｜ဒီနည်းလမ်းက ထိရောက်မှုကို မြှင့်တင်နိုင်တယ်။｜သူ စာအမှတ်ကောင်းရအောင် ကြိုးစားပြီး တိုးတက်အောင်လုပ်တယ်။｜တရုတ်စကားကို များများနားထောင်တာက နားထောင်နိုင်စွမ်းကို တိုးတက်စေနိုင်တယ်။,提高水平 (tígāo shuǐpíng) — အရည်အချင်းမြှင့်တင်သည်｜提高成绩 (tígāo chéngjì) — အမှတ်တိုးတက်စေသည်｜提高效率 (tígāo xiàolǜ) — ထိရောက်မှုမြှင့်တင်သည်｜提高能力 (tígāo nénglì) — စွမ်းရည်မြှင့်တင်သည်｜提高质量 (tígāo zhìliàng) — အရည်အသွေးမြှင့်တင်သည်
1029,2,题,tí,topic,မေးခွန်း၊ ပြဿနာ,老师给我们出了一个题。｜这道题很难。｜我不会做这道题。｜请回答这个问题。｜考试有很多数学题。,Lǎoshī gěi wǒmen chū le yí ge tí.｜Zhè dào tí hěn nán.｜Wǒ bú huì zuò zhè dào tí.｜Qǐng huídá zhège wèntí.｜Kǎoshì yǒu hěn duō shùxué tí.,The teacher gave us a question.｜This question is difficult.｜I can't solve this question.｜Please answer this question.｜There are many math questions on the exam.,ဆရာက ကျွန်တော်တို့ကို မေးခွန်းတစ်ခု ပေးခဲ့တယ်။｜ဒီမေးခွန်းက ခက်တယ်။｜ဒီမေးခွန်းကို ကျွန်တော် မဖြေနိုင်ဘူး။｜ဒီမေးခွန်းကို ဖြေပေးပါ။｜စာမေးပွဲမှာ သင်္ချာမေးခွန်းတွေအများကြီးပါတယ်။,问题 (wèntí) — မေးခွန်း/ပြဿနာ｜问题题目 (wèntí tímù) — မေးခွန်း｜数学题 (shùxué tí) — သင်္ချာမေးခွန်း｜考试题 (kǎoshì tí) — စာမေးပွဲမေးခွန်း｜题目 (tímù) — မေးခွန်း/ခေါင်းစဉ်
1030,2,体育,tǐyù,Sports,အားကစား၊ ကာယပညာ,我喜欢体育。｜体育对身体很重要。｜学校有体育课。｜他每天做体育运动。｜体育可以让我们更健康。,Wǒ xǐhuan tǐyù.｜Tǐyù duì shēntǐ hěn zhòngyào.｜Xuéxiào yǒu tǐyù kè.｜Tā měitiān zuò tǐyù yùndòng.｜Tǐyù kěyǐ ràng wǒmen gèng jiànkāng.,I like sports.｜Sports are important for our health.｜The school has a physical education class.｜He exercises every day.｜Sports can make us healthier.,ကျွန်တော် အားကစားကို ကြိုက်တယ်။｜အားကစားက ကျန်းမာရေးအတွက် အရေးကြီးတယ်။｜ကျောင်းမှာ ကာယပညာအတန်းရှိတယ်။｜သူ နေ့တိုင်း အားကစားလုပ်တယ်။｜အားကစားလုပ်တာက ကျွန်တော်တို့ကို ပိုကျန်းမာစေတယ်။,体育课 (tǐyù kè) — ကာယပညာအတန်း｜运动 (yùndòng) — အားကစားလုပ်သည်｜体育运动 (tǐyù yùndòng) — အားကစား｜体育老师 (tǐyù lǎoshī) — ကာယပညာဆရာ｜体育比赛 (tǐyù bǐsài) — အားကစားပြိုင်ပွဲ
1031,2,体育场,tǐ yù chǎng,stadium,အားကစားကွင်း,学校旁边有一个体育场。｜我们下午去体育场踢足球。｜体育场里有很多人。｜这个体育场很大。｜比赛在体育场举行。,Xuéxiào pángbiān yǒu yí ge tǐyùchǎng.｜Wǒmen xiàwǔ qù tǐyùchǎng tī zúqiú.｜Tǐyùchǎng lǐ yǒu hěn duō rén.｜Zhège tǐyùchǎng hěn dà.｜Bǐsài zài tǐyùchǎng jǔxíng.,There is a sports field next to the school.｜We are going to the sports field to play soccer this afternoon.｜There are many people in the sports field.｜This sports field is very large.｜The competition is held at the sports field.,ကျောင်းဘေးမှာ အားကစားကွင်းတစ်ခုရှိတယ်။｜ဒီနေ့မွန်းလွဲပိုင်း အားကစားကွင်းကို ဘောလုံးသွားကန်မယ်။｜အားကစားကွင်းထဲမှာ လူတွေအများကြီးရှိတယ်။｜ဒီအားကစားကွင်းက အရမ်းကျယ်တယ်။｜ပြိုင်ပွဲကို အားကစားကွင်းမှာ ကျင်းပတယ်။,体育比赛 (tǐyù bǐsài) — အားကစားပြိုင်ပွဲ｜足球场 (zúqiúchǎng) — ဘောလုံးကွင်း｜篮球场 (lánqiúchǎng) — ဘတ်စကက်ဘောကွင်း｜运动场 (yùndòngchǎng) — အားကစားကွင်း｜比赛场地 (bǐsài chǎngdì) — ပြိုင်ပွဲနေရာ
1032,2,体育馆,tǐ yù guǎn,stadium; gymnasium; gym,အားကစားရုံ,我们学校有一个体育馆。｜下雨的时候可以在体育馆运动。｜体育馆里很干净。｜学生们正在体育馆打篮球。｜今天晚上体育馆有比赛。,Wǒmen xuéxiào yǒu yí ge tǐyùguǎn.｜Xiàyǔ de shíhou kěyǐ zài tǐyùguǎn yùndòng.｜Tǐyùguǎn lǐ hěn gānjìng.｜Xuéshengmen zhèngzài tǐyùguǎn dǎ lánqiú.｜Jīntiān wǎnshang tǐyùguǎn yǒu bǐsài.,Our school has a gymnasium.｜We can exercise in the gym when it rains.｜The gym is very clean.｜The students are playing basketball in the gym.｜There is a competition in the gym tonight.,ကျွန်တော်တို့ကျောင်းမှာ အားကစားရုံတစ်ခုရှိတယ်။｜မိုးရွာတဲ့အချိန် အားကစားရုံထဲမှာ လေ့ကျင့်ခန်းလုပ်လို့ရတယ်။｜အားကစားရုံက အရမ်းသန့်ရှင်းတယ်။｜ကျောင်းသားတွေ အားကစားရုံထဲမှာ ဘတ်စကက်ဘောကစားနေကြတယ်။｜ဒီည အားကစားရုံမှာ ပြိုင်ပွဲရှိတယ်။,体育活动 (tǐyù huódòng) — အားကစားလှုပ်ရှားမှု｜体育课 (tǐyù kè) — ကာယပညာအတန်း｜篮球馆 (lánqiúguǎn) — ဘတ်စကက်ဘောအားကစားရုံ｜健身馆 (jiànshēnguǎn) — လေ့ကျင့်ခန်းရုံ｜运动馆 (yùndòngguǎn) — အားကစားရုံ
1033,2,天上,tiān shàng,the sky; heaven,ကောင်းကင်ပေါ်မှာ,鸟在天上飞。｜天上有很多云。｜太阳挂在天上。｜我看到一只飞机在天上。｜天上的月亮很漂亮。,Niǎo zài tiānshàng fēi.｜Tiānshàng yǒu hěn duō yún.｜Tàiyáng guà zài tiānshàng.｜Wǒ kàndào yì zhī fēijī zài tiānshàng.｜Tiānshàng de yuèliang hěn piàoliang.,Birds fly in the sky.｜There are many clouds in the sky.｜The sun is in the sky.｜I saw an airplane in the sky.｜The moon in the sky is beautiful.,ငှက်တွေက ကောင်းကင်ပေါ်မှာ ပျံနေကြတယ်။｜ကောင်းကင်ပေါ်မှာ တိမ်တွေအများကြီးရှိတယ်။｜နေက ကောင်းကင်ပေါ်မှာရှိတယ်။｜ကောင်းကင်ပေါ်မှာ လေယာဉ်တစ်စီး ပျံနေတာတွေ့တယ်။｜ကောင်းကင်ပေါ်က လက အရမ်းလှတယ်။,天空 (tiānkōng) — ကောင်းကင်｜云 (yún) — တိမ်｜太阳 (tàiyáng) — နေ｜月亮 (yuèliang) — လ｜飞机 (fēijī) — လေယာဉ်
1034,2,条,tiáo,strip,ကြောင်း၊ ချောင်း၊ အစင်း (ရေတွက်စကားလုံး),桌子上有一条鱼。｜我买了两条裤子。｜这条路很长。｜河里有很多鱼。｜请给我一条毛巾。,Zhuōzi shàng yǒu yì tiáo yú.｜Wǒ mǎi le liǎng tiáo kùzi.｜Zhè tiáo lù hěn cháng.｜Hé lǐ yǒu hěn duō yú.｜Qǐng gěi wǒ yì tiáo máojīn.,There is a fish on the table.｜I bought two pairs of pants.｜This road is very long.｜There are many fish in the river.｜Please give me a towel.,စားပွဲပေါ်မှာ ငါးတစ်ကောင်ရှိတယ်။｜ဘောင်းဘီနှစ်ထည် ဝယ်ခဲ့တယ်။｜ဒီလမ်းက အရမ်းရှည်တယ်။｜မြစ်ထဲမှာ ငါးတွေအများကြီးရှိတယ်။｜မျက်နှာသုတ်ပဝါတစ်ထည် ပေးပါ။,一条 (yì tiáo) — တစ်ချောင်း/တစ်ကြောင်း｜一条鱼 (yì tiáo yú) — ငါးတစ်ကောင်｜一条路 (yì tiáo lù) — လမ်းတစ်လမ်း｜一条河 (yì tiáo hé) — မြစ်တစ်စင်း｜一条裤子 (yì tiáo kùzi) — ဘောင်းဘီတစ်ထည်
1035,2,条件,tiáojiàn,condition,အခြေအနေ၊ သတ်မှတ်ချက်,这个工作需要什么条件？｜这里的生活条件很好。｜学习需要一定的条件。｜如果条件允许，我会去。｜我们已经准备好了所有条件。,"Zhège gōngzuò xūyào shénme tiáojiàn?｜Zhèlǐ de shēnghuó tiáojiàn hěn hǎo.｜Xuéxí xūyào yídìng de tiáojiàn.｜Rúguǒ tiáojiàn yǔnxǔ, wǒ huì qù.｜Wǒmen yǐjīng zhǔnbèi hǎo le suǒyǒu tiáojiàn.","What conditions does this job require?｜The living conditions here are very good.｜Learning requires certain conditions.｜If conditions allow, I will go.｜We have prepared all the necessary conditions.",ဒီအလုပ်အတွက် ဘယ်လိုအခြေအနေတွေ လိုအပ်လဲ။｜ဒီနေရာမှာ နေထိုင်မှုအခြေအနေက အရမ်းကောင်းတယ်။｜စာလေ့လာဖို့ သတ်မှတ်ထားတဲ့အခြေအနေတွေ လိုအပ်တယ်။｜အခြေအနေပေးရင် ကျွန်တော် သွားမယ်။｜လိုအပ်တဲ့အခြေအနေတွေအားလုံးကို ကျွန်တော်တို့ ပြင်ဆင်ပြီးပြီ။,条件好 (tiáojiàn hǎo) — အခြေအနေကောင်း｜生活条件 (shēnghuó tiáojiàn) — နေထိုင်မှုအခြေအနေ｜必要条件 (bìyào tiáojiàn) — လိုအပ်သောအခြေအနေ｜工作条件 (gōngzuò tiáojiàn) — အလုပ်အခြေအနေ｜条件允许 (tiáojiàn yǔnxǔ) — အခြေအနေပေးသည်
1036,2,听讲,tīng jiǎng,attend a lecture; listen to a talk,စာသင်ကြားချက်ကို နားထောင်သည်,老师讲课的时候，我们要认真听讲。｜学生们正在听讲。｜上课的时候不要说话，要听讲。｜他在课堂上认真听讲。｜听讲可以帮助我们学好知识。,"Lǎoshī jiǎngkè de shíhou, wǒmen yào rènzhēn tīngjiǎng.｜Xuéshengmen zhèngzài tīngjiǎng.｜Shàngkè de shíhou bú yào shuōhuà, yào tīngjiǎng.｜Tā zài kètáng shàng rènzhēn tīngjiǎng.｜Tīngjiǎng kěyǐ bāngzhù wǒmen xué hǎo zhīshi.","When the teacher is teaching, we should listen carefully.｜The students are listening to the lesson.｜Don't talk during class; listen carefully.｜He listens carefully in class.｜Listening to lessons can help us learn well.",ဆရာစာသင်နေတဲ့အချိန်မှာ သေချာနားထောင်သင့်တယ်။｜ကျောင်းသားတွေ စာသင်တာကို နားထောင်နေကြတယ်။｜စာသင်ချိန်မှာ စကားမပြောဘဲ သေချာနားထောင်ပါ။｜သူ စာသင်ခန်းထဲမှာ သေချာနားထောင်တယ်။｜စာသင်တာကို နားထောင်ခြင်းက စာကောင်းကောင်းလေ့လာနိုင်အောင် ကူညီပေးတယ်။,听课 (tīngkè) — စာသင်တာနားထောင်သည်｜认真听讲 (rènzhēn tīngjiǎng) — သေချာနားထောင်သည်｜听老师讲课 (tīng lǎoshī jiǎngkè) — ဆရာစာသင်တာနားထောင်သည်｜听讲认真 (tīngjiǎng rènzhēn) — သေချာနားထောင်သည်｜课堂听讲 (kètáng tīngjiǎng) — စာသင်ခန်းထဲတွင် နားထောင်သည်
1037,2,听说,tīng shuō,be told; hear of,ကြားသည်၊ ကြားဖူးသည်,我听说他明天要来。｜听说这家饭店很好吃。｜我听说你找到了新工作。｜听说今天会下雨。｜我听说她会说中文。,Wǒ tīngshuō tā míngtiān yào lái.｜Tīngshuō zhè jiā fàndiàn hěn hǎochī.｜Wǒ tīngshuō nǐ zhǎodào le xīn gōngzuò.｜Tīngshuō jīntiān huì xiàyǔ.｜Wǒ tīngshuō tā huì shuō Zhōngwén.,I heard that he is coming tomorrow.｜I heard that this restaurant is very good.｜I heard that you found a new job.｜I heard that it will rain today.｜I heard that she can speak Chinese.,သူ မနက်ဖြန်လာမယ်လို့ ကြားတယ်။｜ဒီစားသောက်ဆိုင်က အရမ်းကောင်းတယ်လို့ ကြားတယ်။｜မင်း အလုပ်အသစ်ရပြီလို့ ကြားတယ်။｜ဒီနေ့ မိုးရွာမယ်လို့ ကြားတယ်။｜သူမ တရုတ်စကားပြောတတ်တယ်လို့ ကြားတယ်။,听到 (tīngdào) — ကြားရသည်｜听见 (tīngjiàn) — ကြားသည်｜听说过 (tīngshuō guo) — ကြားဖူးသည်｜听起来 (tīng qǐlái) — ကြားရသည်｜听新闻 (tīng xīnwén) — သတင်းနားထောင်သည်
1038,2,停,tíng,Stop,ရပ်သည်,请在这里停。｜汽车停在门口。｜他突然停下来了。｜公共汽车在这里停。｜雨停了以后，我们再走。,"Qǐng zài zhèlǐ tíng.｜Qìchē tíng zài ménkǒu.｜Tā tūrán tíng xiàlái le.｜Gōnggòng qìchē zài zhèlǐ tíng.｜Yǔ tíng le yǐhòu, wǒmen zài zǒu.",Please stop here.｜The car is parked at the entrance.｜He suddenly stopped.｜The bus stops here.｜We will leave after the rain stops.,ဒီမှာ ရပ်ပေးပါ။｜ကားက ဝင်ပေါက်မှာ ရပ်ထားတယ်။｜သူ ရုတ်တရက် ရပ်လိုက်တယ်။｜ဘတ်စ်ကားက ဒီမှာ ရပ်တယ်။｜မိုးတိတ်ပြီးရင် ကျွန်တော်တို့ ထွက်မယ်။,停下来 (tíng xiàlái) — ရပ်လိုက်သည်｜停止 (tíngzhǐ) — ရပ်တန့်သည်｜停下 (tíngxià) — ရပ်လိုက်သည်｜停留 (tíngliú) — ခဏနေသည်｜停电 (tíngdiàn) — လျှပ်စစ်မီးပြတ်သည်
1039,2,停车,tíng chē,park,ကားရပ်သည်,请不要在这里停车。｜他把车停在路边。｜这里可以停车吗？｜我的爸爸每天开车去停车。｜这辆车停了很久。,Qǐng bú yào zài zhèlǐ tíngchē.｜Tā bǎ chē tíng zài lùbiān.｜Zhèlǐ kěyǐ tíngchē ma?｜Wǒ de bàba měitiān kāichē qù tíngchē.｜Zhè liàng chē tíng le hěn jiǔ.,Please don't park here.｜He parked the car by the roadside.｜Can we park here?｜My father drives to park every day.｜This car has been parked for a long time.,ဒီမှာ ကားမရပ်ပါနဲ့။｜သူ ကားကို လမ်းဘေးမှာ ရပ်ထားတယ်။｜ဒီမှာ ကားရပ်လို့ရလား။｜အဖေက နေ့တိုင်း ကားမောင်းပြီး ကားရပ်တယ်။｜ဒီကားက အကြာကြီး ရပ်ထားတာ။,停车场 (tíngchēchǎng) — ကားရပ်နားရာနေရာ｜停车位 (tíngchēwèi) — ကားရပ်နေရာ｜停车费 (tíngchēfèi) — ကားရပ်ခ｜停车禁止 (tíngchē jìnzhǐ) — ကားရပ်ခွင့်မပြု｜停车时间 (tíngchē shíjiān) — ကားရပ်ချိန်
1040,2,停车场,tíng chē chǎng,parking lot,ကားရပ်နားရာနေရာ,前面有一个停车场。｜停车场里有很多车。｜我们把车停在停车场。｜这个停车场很大。｜附近没有停车场。,Qiánmiàn yǒu yí ge tíngchēchǎng.｜Tíngchēchǎng lǐ yǒu hěn duō chē.｜Wǒmen bǎ chē tíng zài tíngchēchǎng.｜Zhège tíngchēchǎng hěn dà.｜Fùjìn méiyǒu tíngchēchǎng.,There is a parking lot ahead.｜There are many cars in the parking lot.｜We parked the car in the parking lot.｜This parking lot is very large.｜There is no parking lot nearby.,ရှေ့မှာ ကားရပ်နားရာနေရာတစ်ခုရှိတယ်။｜ကားရပ်နားရာနေရာမှာ ကားတွေအများကြီးရှိတယ်။｜ကျွန်တော်တို့ ကားကို ကားရပ်နားရာနေရာမှာ ရပ်ခဲ့တယ်။｜ဒီကားရပ်နားရာနေရာက အရမ်းကျယ်တယ်။｜အနီးအနားမှာ ကားရပ်နားရာနေရာ မရှိဘူး။,停车 (tíngchē) — ကားရပ်သည်｜停车场 (tíngchēchǎng) — ကားရပ်နားရာနေရာ｜车位 (chēwèi) — ကားရပ်နေရာ｜开车 (kāichē) — ကားမောင်းသည်｜路边停车 (lùbiān tíngchē) — လမ်းဘေးကားရပ်သည်
1041,2,挺（副）,tǐng,very; quite; pretty; rather,တော်တော်၊ အတော်,这个菜挺好吃的。｜今天的天气挺好的。｜她中文说得挺好。｜这里的环境挺安静。｜这件衣服挺漂亮的。,Zhège cài tǐng hǎochī de.｜Jīntiān de tiānqì tǐng hǎo de.｜Tā Zhōngwén shuō de tǐng hǎo.｜Zhèlǐ de huánjìng tǐng ānjìng.｜Zhè jiàn yīfu tǐng piàoliang de.,This dish is pretty tasty.｜The weather is pretty good today.｜Her Chinese is pretty good.｜The environment here is quite quiet.｜These clothes are pretty beautiful.,ဒီဟင်းက တော်တော်စားလို့ကောင်းတယ်။｜ဒီနေ့ ရာသီဥတုက တော်တော်ကောင်းတယ်။｜သူမ တရုတ်စကားပြောတာ တော်တော်ကောင်းတယ်။｜ဒီနေရာရဲ့ ပတ်ဝန်းကျင်က တော်တော်ငြိမ်တယ်။｜ဒီအဝတ်အစားက တော်တော်လှတယ်။,挺不错 (tǐng búcuò) — တော်တော်ကောင်းသည်｜挺好的 (tǐng hǎo de) — တော်တော်ကောင်းသည်｜挺漂亮 (tǐng piàoliang) — တော်တော်လှသည်｜挺有趣 (tǐng yǒuqù) — တော်တော်စိတ်ဝင်စားဖို့ကောင်းသည်｜挺方便 (tǐng fāngbiàn) — တော်တော်အဆင်ပြေသည်
1042,2,挺好,tǐng hǎo,very good; not half bad,တော်တော်ကောင်းသည်,这家饭店挺好的。｜你的中文说得挺好。｜今天的天气挺好。｜这个办法挺好。｜这里住着挺好。,Zhè jiā fàndiàn tǐng hǎo de.｜Nǐ de Zhōngwén shuō de tǐng hǎo.｜Jīntiān de tiānqì tǐng hǎo.｜Zhège bànfǎ tǐng hǎo.｜Zhèlǐ zhù zhe tǐng hǎo.,This restaurant is pretty good.｜Your Chinese is pretty good.｜The weather is pretty good today.｜This method is pretty good.｜It's pretty nice to live here.,ဒီစားသောက်ဆိုင်က တော်တော်ကောင်းတယ်။｜မင်းတရုတ်စကားပြောတာ တော်တော်ကောင်းတယ်။｜ဒီနေ့ ရာသီဥတုက တော်တော်ကောင်းတယ်။｜ဒီနည်းလမ်းက တော်တော်ကောင်းတယ်။｜ဒီမှာနေထိုင်ရတာ တော်တော်ကောင်းတယ်။,挺不错 (tǐng búcuò) — တော်တော်ကောင်းသည်｜挺好吃 (tǐng hǎochī) — တော်တော်စားလို့ကောင်းသည်｜挺漂亮 (tǐng piàoliang) — တော်တော်လှသည်｜挺方便 (tǐng fāngbiàn) — တော်တော်အဆင်ပြေသည်｜挺有意思 (tǐng yǒu yìsi) — တော်တော်စိတ်ဝင်စားဖို့ကောင်းသည်
1043,2,通,tōng,through; common; all; understand; expert,ဖြတ်သန်းသည်၊ ဆက်သွယ်သည်,这条路可以通到学校。｜这座桥连接了两个城市。｜电话打不通。｜这条河通向大海。｜我们可以坐公交车过去。,Zhè tiáo lù kěyǐ tōng dào xuéxiào.｜Zhè zuò qiáo liánjiē le liǎng ge chéngshì.｜Diànhuà dǎ bù tōng.｜Zhè tiáo hé tōng xiàng dàhǎi.｜Wǒmen kěyǐ zuò gōnggòng qìchē guòqù.,This road leads to the school.｜This bridge connects two cities.｜The phone cannot get through.｜This river leads to the sea.｜We can take the bus there.,ဒီလမ်းက ကျောင်းကို ရောက်တယ်။｜ဒီတံတားက မြို့နှစ်မြို့ကို ဆက်သွယ်ထားတယ်။｜ဖုန်းခေါ်လို့ မဝင်ဘူး။｜ဒီမြစ်က ပင်လယ်ထဲကို စီးဝင်တယ်။｜ကျွန်တော်တို့ ဘတ်စ်ကားစီးပြီး အဲဒီကို သွားလို့ရတယ်။,通道 (tōngdào) — ဖြတ်သန်းလမ်း｜通往 (tōngwǎng) — ဦးတည်သွားသည်｜通过 (tōngguò) — ဖြတ်သန်းသည်｜打通 (dǎtōng) — ဆက်သွယ်နိုင်အောင်လုပ်သည်｜通电话 (tōng diànhuà) — ဖုန်းပြောသည်
1044,2,通过,tōngguò,adopt,ဖြတ်ကျော်သည်၊ အောင်မြင်သည်,我通过了考试。｜我们通过这座桥。｜他通过了面试。｜我通过朋友认识了他。｜学生们通过练习提高了中文水平。,Wǒ tōngguò le kǎoshì.｜Wǒmen tōngguò zhè zuò qiáo.｜Tā tōngguò le miànshì.｜Wǒ tōngguò péngyou rènshi le tā.｜Xuéshengmen tōngguò liànxí tígāo le Zhōngwén shuǐpíng.,I passed the exam.｜We cross this bridge.｜He passed the interview.｜I got to know him through a friend.｜The students improved their Chinese level through practice.,ကျွန်တော် စာမေးပွဲအောင်တယ်။｜ကျွန်တော်တို့ ဒီတံတားကို ဖြတ်တယ်။｜သူ အင်တာဗျူးအောင်တယ်။｜သူငယ်ချင်းတစ်ယောက်ကနေတစ်ဆင့် သူနဲ့သိကျွမ်းခဲ့တယ်။｜ကျောင်းသားတွေ လေ့ကျင့်ခြင်းကနေတစ်ဆင့် တရုတ်စာအဆင့်ကို တိုးတက်အောင်လုပ်ခဲ့ကြတယ်။,通过考试 (tōngguò kǎoshì) — စာမေးပွဲအောင်သည်｜通过面试 (tōngguò miànshì) — အင်တာဗျူးအောင်သည်｜通过练习 (tōngguò liànxí) — လေ့ကျင့်ခြင်းမှတစ်ဆင့်｜通过桥 (tōngguò qiáo) — တံတားကိုဖြတ်သည်｜通过检查 (tōngguò jiǎnchá) — စစ်ဆေးမှုအောင်မြင်သည်
1045,2,通知,tōngzhī,notice,အသိပေးသည်၊ အကြောင်းကြားသည်,老师通知我们明天考试。｜学校通知学生放假。｜请通知我时间。｜他已经通知了大家。｜公司通知员工开会。,Lǎoshī tōngzhī wǒmen míngtiān kǎoshì.｜Xuéxiào tōngzhī xuésheng fàngjià.｜Qǐng tōngzhī wǒ shíjiān.｜Tā yǐjīng tōngzhī le dàjiā.｜Gōngsī tōngzhī yuángōng kāihuì.,The teacher informed us that there is an exam tomorrow.｜The school informed the students about the holiday.｜Please inform me of the time.｜He has already informed everyone.｜The company informed the employees about the meeting.,ဆရာက မနက်ဖြန် စာမေးပွဲရှိတယ်လို့ ကျွန်တော်တို့ကို အသိပေးတယ်။｜ကျောင်းက ကျောင်းသားတွေကို ကျောင်းပိတ်ရက်အကြောင်း အသိပေးတယ်။｜အချိန်ကို ကျွန်တော့်ကို အသိပေးပါ။｜သူ လူတိုင်းကို အသိပေးပြီးပြီ။｜ကုမ္ပဏီက ဝန်ထမ်းတွေကို အစည်းအဝေးအကြောင်း အသိပေးတယ်။,通知消息 (tōngzhī xiāoxi) — အသိပေးစာ｜通知单 (tōngzhī dān) — အသိပေးစာရွက်｜通知书 (tōngzhī shū) — အသိပေးစာ｜通知时间 (tōngzhī shíjiān) — အချိန်အသိပေးသည်｜提前通知 (tíqián tōngzhī) — ကြိုတင်အသိပေးသည်
1046,2,同时,tóngshí,meanwhile,တစ်ချိန်တည်းမှာ,我们同时到达了。｜他们同时说话。｜我同时学习中文和英语。｜我们同时开始工作。｜她同时做两件事情。,Wǒmen tóngshí dàodá le.｜Tāmen tóngshí shuōhuà.｜Wǒ tóngshí xuéxí Zhōngwén hé Yīngyǔ.｜Wǒmen tóngshí kāishǐ gōngzuò.｜Tā tóngshí zuò liǎng jiàn shìqing.,We arrived at the same time.｜They spoke at the same time.｜I study Chinese and English at the same time.｜We started working at the same time.｜She does two things at the same time.,ကျွန်တော်တို့ တစ်ချိန်တည်း ရောက်လာကြတယ်။｜သူတို့ တစ်ချိန်တည်း စကားပြောကြတယ်။｜ကျွန်တော် တရုတ်စာနဲ့ အင်္ဂလိပ်စာကို တစ်ချိန်တည်း လေ့လာတယ်။｜ကျွန်တော်တို့ တစ်ချိန်တည်း အလုပ်စတင်ကြတယ်။｜သူမ တစ်ချိန်တည်းမှာ အရာနှစ်ခုလုပ်တယ်။,同时进行 (tóngshí jìnxíng) — တစ်ချိန်တည်းလုပ်ဆောင်သည်｜同时发生 (tóngshí fāshēng) — တစ်ချိန်တည်းဖြစ်ပွားသည်｜同时使用 (tóngshí shǐyòng) — တစ်ချိန်တည်းအသုံးပြုသည်｜与此同时 (yǔcǐ tóngshí) — တစ်ချိန်တည်းမှာ｜同时参加 (tóngshí cānjiā) — တစ်ချိန်တည်းပါဝင်သည်
1047,2,同事,tóngshì,Colleague,လုပ်ဖော်ကိုင်ဖက်,我的同事很友好。｜他是我的新同事。｜我和同事一起吃午饭。｜同事帮助了我。｜我们和同事关系很好。,Wǒ de tóngshì hěn yǒuhǎo.｜Tā shì wǒ de xīn tóngshì.｜Wǒ hé tóngshì yìqǐ chī wǔfàn.｜Tóngshì bāngzhù le wǒ.｜Wǒmen hé tóngshì guānxì hěn hǎo.,My colleague is very friendly.｜He is my new colleague.｜I have lunch with my colleagues.｜My colleague helped me.｜We have a good relationship with our colleagues.,ကျွန်တော့်လုပ်ဖော်ကိုင်ဖက်က အရမ်းဖော်ရွေတယ်။｜သူက ကျွန်တော့်လုပ်ဖော်ကိုင်ဖက်အသစ်ပါ။｜ကျွန်တော် လုပ်ဖော်ကိုင်ဖက်တွေနဲ့ နေ့လယ်စာစားတယ်။｜လုပ်ဖော်ကိုင်ဖက်က ကျွန်တော့်ကို ကူညီပေးတယ်။｜ကျွန်တော်တို့ လုပ်ဖော်ကိုင်ဖက်တွေနဲ့ ဆက်ဆံရေးကောင်းတယ်။,同事们 (tóngshìmen) — လုပ်ဖော်ကိုင်ဖက်များ｜女同事 (nǚ tóngshì) — အမျိုးသမီးလုပ်ဖော်ကိုင်ဖက်｜男同事 (nán tóngshì) — အမျိုးသားလုပ်ဖော်ကိုင်ဖက်｜同事关系 (tóngshì guānxì) — လုပ်ဖော်ကိုင်ဖက်ဆက်ဆံရေး｜老同事 (lǎo tóngshì) — လုပ်ဖော်ကိုင်ဖက်ဟောင်း
1048,2,同样,tóng yàng,same,တူညီသော၊ အတူတူ,我们有同样的想法。｜他们穿着同样的衣服。｜我和他有同样的问题。｜这两个东西看起来同样好。｜大家都有同样的机会。,Wǒmen yǒu tóngyàng de xiǎngfǎ.｜Tāmen chuānzhe tóngyàng de yīfu.｜Wǒ hé tā yǒu tóngyàng de wèntí.｜Zhè liǎng ge dōngxi kàn qǐlái tóngyàng hǎo.｜Dàjiā dōu yǒu tóngyàng de jīhuì.,We have the same idea.｜They are wearing the same clothes.｜I have the same problem as him.｜These two things look equally good.｜Everyone has the same opportunity.,ကျွန်တော်တို့မှာ အတွေးအမြင်တူတယ်။｜သူတို့ တူညီတဲ့အဝတ်အစားတွေ ဝတ်ထားတယ်။｜ကျွန်တော်နဲ့သူမှာ တူညီတဲ့ပြဿနာရှိတယ်။｜ဒီအရာနှစ်ခုက တူတူကောင်းသလိုပဲ။｜လူတိုင်းမှာ တူညီတဲ့အခွင့်အရေးရှိတယ်။,同样的 (tóngyàng de) — တူညီသော｜同样重要 (tóngyàng zhòngyào) — အလားတူအရေးကြီးသည်｜同样大小 (tóngyàng dàxiǎo) — အရွယ်အစားတူသည်｜同样方法 (tóngyàng fāngfǎ) — တူညီသောနည်းလမ်း｜同样问题 (tóngyàng wèntí) — တူညီသောပြဿနာ
1049,2,头（名、量）,tóu,head; beginning or end; side; (measure word),ခေါင်း၊ ကောင် (တိရစ္ဆာန်ရေတွက်),我的头很疼。｜他有一个大头。｜这头牛很大。｜那头猪很胖。｜我看到一头大象。,Wǒ de tóu hěn téng.｜Tā yǒu yí ge dà tóu.｜Zhè tóu niú hěn dà.｜Nà tóu zhū hěn pàng.｜Wǒ kàndào yì tóu dàxiàng.,My head hurts.｜He has a big head.｜This cow is big.｜That pig is fat.｜I saw an elephant.,ကျွန်တော့်ခေါင်းနာတယ်။｜သူ့မှာ ခေါင်းကြီးတယ်။｜ဒီနွားက ကြီးတယ်။｜အဲ့ဒီဝက်က ဝတယ်။｜ကျွန်တော် ဆင်တစ်ကောင်တွေ့တယ်။,头疼 (tóuténg) — ခေါင်းကိုက်သည်｜头部 (tóubù) — ခေါင်းပိုင်း｜头脑 (tóunǎo) — ဦးနှောက်｜一头牛 (yì tóu niú) — နွားတစ်ကောင်｜一头猪 (yì tóu zhū) — ဝက်တစ်ကောင်
1050,2,头（里头）,tóu,suffix (inside),အတွင်းပိုင်း၊ အထဲ,里头有很多书。｜盒子里头是什么？｜房间里头有人。｜包里头有手机。｜门里头很安静。,Lǐtou yǒu hěn duō shū.｜Hézi lǐtou shì shénme?｜Fángjiān lǐtou yǒu rén.｜Bāo lǐtou yǒu shǒujī.｜Mén lǐtou hěn ānjìng.,There are many books inside.｜What is inside the box?｜There is someone inside the room.｜There is a phone inside the bag.｜It is quiet inside the door.,အထဲမှာ စာအုပ်တွေအများကြီးရှိတယ်။｜သေတ္တာထဲမှာ ဘာရှိလဲ။｜အခန်းထဲမှာ လူတစ်ယောက်ရှိတယ်။｜အိတ်ထဲမှာ ဖုန်းရှိတယ်။｜တံခါးအတွင်းဘက်မှာ တိတ်ဆိတ်တယ်။,里头 (lǐtou) — အထဲ｜里头有 (lǐtou yǒu) — အထဲမှာရှိသည်｜屋里头 (wū lǐtou) — အိမ်အတွင်း｜房间里头 (fángjiān lǐtou) — အခန်းအတွင်း｜包里头 (bāo lǐtou) — အိတ်အတွင်း
1051,2,头发,tóufa,Hair,ဆံပင်,她的头发很长。｜我的头发是黑色的。｜他正在洗头发。｜你的头发很好看。｜我想剪头发。,Tā de tóufa hěn cháng.｜Wǒ de tóufa shì hēisè de.｜Tā zhèngzài xǐ tóufa.｜Nǐ de tóufa hěn hǎokàn.｜Wǒ xiǎng jiǎn tóufa.,Her hair is long.｜My hair is black.｜He is washing his hair.｜Your hair looks nice.｜I want to cut my hair.,သူမဆံပင်က ရှည်တယ်။｜ကျွန်တော့်ဆံပင်က အနက်ရောင်ပါ။｜သူ ဆံပင်လျှော်နေတယ်။｜မင်းဆံပင်က ကြည့်လို့ကောင်းတယ်။｜ဆံပင်ညှပ်ချင်တယ်။,长头发 (cháng tóufa) — ဆံပင်ရှည်｜短头发 (duǎn tóufa) — ဆံပင်တို｜洗头发 (xǐ tóufa) — ဆံပင်လျှော်သည်｜剪头发 (jiǎn tóufa) — ဆံပင်ညှပ်သည်｜黑头发 (hēi tóufa) — အနက်ရောင်ဆံပင်
1052,2,图片,tú piàn,picture; photograph,ပုံ၊ ရုပ်ပုံ,这张图片很好看。｜请给我看一下图片。｜我在手机里保存了很多图片。｜这张图片是我拍的。｜网上有很多漂亮的图片。,Zhè zhāng túpiàn hěn hǎokàn.｜Qǐng gěi wǒ kàn yíxià túpiàn.｜Wǒ zài shǒujī lǐ bǎocún le hěn duō túpiàn.｜Zhè zhāng túpiàn shì wǒ pāi de.｜Wǎngshàng yǒu hěn duō piàoliang de túpiàn.,This picture looks very nice.｜Please show me the picture.｜I saved many pictures on my phone.｜I took this picture.｜There are many beautiful pictures online.,ဒီပုံက အရမ်းကြည့်ကောင်းတယ်။｜ပုံကို ပြပေးပါ။｜ကျွန်တော့်ဖုန်းထဲမှာ ပုံတွေအများကြီး သိမ်းထားတယ်။｜ဒီပုံကို ကျွန်တော် ရိုက်ထားတာ။｜အင်တာနက်ပေါ်မှာ လှပတဲ့ပုံတွေအများကြီးရှိတယ်။,图片库 (túpiàn kù) — ပုံစုစည်းမှု｜图片信息 (túpiàn xìnxī) — ပုံအချက်အလက်｜图片文件 (túpiàn wénjiàn) — ပုံဖိုင်｜图片编辑 (túpiàn biānjí) — ပုံတည်းဖြတ်ခြင်း｜图片分享 (túpiàn fēnxiǎng) — ပုံမျှဝေခြင်း
1053,2,推,tuī,push,တွန်းသည်,请推一下门。｜他把车推走了。｜不要推我。｜她正在推购物车。｜我帮你把桌子推过去。,Qǐng tuī yíxià mén.｜Tā bǎ chē tuī zǒu le.｜Bú yào tuī wǒ.｜Tā zhèngzài tuī gòuwùchē.｜Wǒ bāng nǐ bǎ zhuōzi tuī guòqù.,Please push the door.｜He pushed the car away.｜Don't push me.｜She is pushing a shopping cart.｜I will help you push the table over.,တံခါးကို တွန်းပေးပါ။｜သူ ကားကို တွန်းရွှေ့လိုက်တယ်။｜ကျွန်တော့်ကို မတွန်းနဲ့။｜သူ ဈေးဝယ်လှည်းကို တွန်းနေတယ်။｜စားပွဲကို ဟိုဘက်ရွှေ့ဖို့ ကျွန်တော် ကူတွန်းပေးမယ်။,推开 (tuī kāi) — တွန်းဖွင့်သည်｜推门 (tuī mén) — တံခါးတွန်းသည်｜推车 (tuī chē) — လှည်းတွန်းသည်｜推动 (tuīdòng) — ရှေ့ဆက်တွန်းအားပေးသည်｜推迟 (tuīchí) — ရွှေ့ဆိုင်းသည်
1054,2,腿,tuǐ,leg,ခြေထောက်,我的腿很疼。｜他坐下来休息腿。｜她的腿受伤了。｜我昨天走了很久，腿很累。｜他的腿很长。,"Wǒ de tuǐ hěn téng.｜Tā zuò xiàlái xiūxi tuǐ.｜Tā de tuǐ shòushāng le.｜Wǒ zuótiān zǒu le hěn jiǔ, tuǐ hěn lèi.｜Tā de tuǐ hěn cháng.","My leg hurts.｜He sat down to rest his legs.｜Her leg is injured.｜I walked for a long time yesterday, so my legs are tired.｜His legs are long.",ကျွန်တော့်ခြေထောက်နာတယ်။｜သူ ခြေထောက်အနားယူဖို့ ထိုင်လိုက်တယ်။｜သူမခြေထောက် ဒဏ်ရာရထားတယ်။｜မနေ့က အကြာကြီးလမ်းလျှောက်ခဲ့လို့ ခြေထောက်တွေ ပင်ပန်းတယ်။｜သူ့ခြေထောက်တွေက ရှည်တယ်။,腿疼 (tuǐ téng) — ခြေထောက်နာသည်｜大腿 (dàtuǐ) — ပေါင်｜小腿 (xiǎotuǐ) — ခြေသလုံး｜腿部 (tuǐbù) — ခြေထောက်ပိုင်း｜腿长 (tuǐ cháng) — ခြေထောက်ရှည်သည်
1055,2,外地,wài dì,other places; nonlocal,အခြားဒေသ၊ ဇာတိဒေသမဟုတ်သောနေရာ,他去外地工作了。｜我第一次去外地旅游。｜她从外地回来了。｜很多人来到外地学习。｜外地的生活和这里不一样。,Tā qù wàidì gōngzuò le.｜Wǒ dì yī cì qù wàidì lǚyóu.｜Tā cóng wàidì huílái le.｜Hěn duō rén láidào wàidì xuéxí.｜Wàidì de shēnghuó hé zhèlǐ bù yíyàng.,He went to another area for work.｜I traveled to another area for the first time.｜She has returned from another area.｜Many people come to other areas to study.｜Life in other areas is different from here.,သူ အလုပ်လုပ်ဖို့ အခြားဒေသကို သွားတယ်။｜ကျွန်တော် ပထမဆုံးအကြိမ် အခြားဒေသကို ခရီးသွားခဲ့တယ်။｜သူမ အခြားဒေသကနေ ပြန်လာပြီ။｜လူအများကြီးက စာလေ့လာဖို့ အခြားဒေသတွေကို လာကြတယ်။｜အခြားဒေသက နေထိုင်မှုပုံစံက ဒီနေရာနဲ့ မတူဘူး။,外地人 (wàidì rén) — အခြားဒေသမှလူ｜外地工作 (wàidì gōngzuò) — အခြားဒေသတွင်အလုပ်လုပ်သည်｜外地旅游 (wàidì lǚyóu) — အခြားဒေသသို့ခရီးသွားသည်｜外地回来 (wàidì huílái) — အခြားဒေသမှပြန်လာသည်｜外地生活 (wàidì shēnghuó) — အခြားဒေသတွင်နေထိုင်မှု
1056,2,外卖,wài mài,takeaway; take out,အပြင်က မှာယူစားသောက်သောအစားအစာ,我们晚上点外卖。｜外卖已经送到了。｜这家店的外卖很好吃。｜我今天不想做饭，想叫外卖。｜外卖可以送到家。,"Wǒmen wǎnshang diǎn wàimài.｜Wàimài yǐjīng sòng dào le.｜Zhè jiā diàn de wàimài hěn hǎochī.｜Wǒ jīntiān bù xiǎng zuòfàn, xiǎng jiào wàimài.｜Wàimài kěyǐ sòng dào jiā.","We order takeout at night.｜The takeout has already been delivered.｜The food from this restaurant is delicious.｜I don't want to cook today, so I want to order takeout.｜Takeout can be delivered to your home.",ကျွန်တော်တို့ ညဘက် အပြင်စာမှာစားတယ်။｜မှာထားတဲ့အစားအစာ ရောက်လာပြီ။｜ဒီဆိုင်က မှာစားတဲ့အစားအစာက အရမ်းစားကောင်းတယ်။｜ဒီနေ့ ဟင်းမချက်ချင်လို့ အပြင်စာမှာစားချင်တယ်။｜အပြင်စာကို အိမ်အထိ ပို့ပေးလို့ရတယ်။,外卖店 (wàimài diàn) — အပြင်စာဆိုင်｜点外卖 (diǎn wàimài) — အပြင်စာမှာသည်｜叫外卖 (jiào wàimài) — အပြင်စာမှာသည်｜外卖员 (wàimàiyuán) — အပြင်စာပို့သူ｜外卖平台 (wàimài píngtái) — အပြင်စာမှာယူသည့် platform
1057,2,完,wán,finish,ပြီးသည်,我吃完了。｜作业做完了。｜电影看完了。｜饭已经吃完了。｜事情终于完了。,Wǒ chī wán le.｜Zuòyè zuò wán le.｜Diànyǐng kàn wán le.｜Fàn yǐjīng chī wán le.｜Shìqing zhōngyú wán le.,I have finished eating.｜The homework is finished.｜I have finished watching the movie.｜The food has already been eaten.｜The matter is finally over.,ကျွန်တော် စားပြီးပြီ။｜အိမ်စာပြီးပြီ။｜ရုပ်ရှင်ကြည့်ပြီးပြီ။｜ထမင်းစားပြီးပြီ။｜ကိစ္စက နောက်ဆုံးတော့ ပြီးသွားပြီ။,完了 (wán le) — ပြီးသွားပြီ｜吃完 (chī wán) — စားပြီးသည်｜做完 (zuò wán) — လုပ်ပြီးသည်｜看完 (kàn wán) — ကြည့်ပြီးသည်｜用完 (yòng wán) — အသုံးပြုပြီးသည်
1058,2,完成,wánchéng,complete,ပြီးမြောက်သည်,我已经完成作业了。｜他完成了工作。｜我们今天完成了任务。｜她完成了考试。｜项目已经完成了。,Wǒ yǐjīng wánchéng zuòyè le.｜Tā wánchéng le gōngzuò.｜Wǒmen jīntiān wánchéng le rènwu.｜Tā wánchéng le kǎoshì.｜Xiàngmù yǐjīng wánchéng le.,I have already completed my homework.｜He completed the work.｜We completed the task today.｜She completed the exam.｜The project has been completed.,ကျွန်တော် အိမ်စာပြီးအောင်လုပ်ပြီးပြီ။｜သူ အလုပ်ပြီးအောင်လုပ်ခဲ့တယ်။｜ဒီနေ့ ကျွန်တော်တို့ တာဝန်ပြီးအောင်လုပ်ခဲ့တယ်။｜သူ စာမေးပွဲပြီးအောင်ဖြေခဲ့တယ်။｜ပရောဂျက်ပြီးသွားပြီ။,完成任务 (wánchéng rènwu) — တာဝန်ပြီးမြောက်သည်｜完成工作 (wánchéng gōngzuò) — အလုပ်ပြီးမြောက်သည်｜完成作业 (wánchéng zuòyè) — အိမ်စာပြီးမြောက်သည်｜完成项目 (wánchéng xiàngmù) — ပရောဂျက်ပြီးမြောက်သည်｜完成考试 (wánchéng kǎoshì) — စာမေးပွဲဖြေပြီးမြောက်သည်
1059,2,完全,wánquán,completely,လုံးဝ၊ အပြည့်အဝ,我完全明白了。｜这个答案完全正确。｜我完全同意你的看法。｜他完全不知道这件事。｜这里完全没有问题。,Wǒ wánquán míngbai le.｜Zhège dá'àn wánquán zhèngquè.｜Wǒ wánquán tóngyì nǐ de kànfǎ.｜Tā wánquán bù zhīdào zhè jiàn shì.｜Zhèlǐ wánquán méiyǒu wèntí.,I completely understand now.｜This answer is completely correct.｜I completely agree with your opinion.｜He knows absolutely nothing about this matter.｜There is absolutely no problem here.,အခု ကျွန်တော် လုံးဝနားလည်ပြီ။｜ဒီအဖြေက လုံးဝမှန်တယ်။｜မင်းရဲ့အမြင်ကို ကျွန်တော် လုံးဝသဘောတူတယ်။｜သူ ဒီကိစ္စကို လုံးဝမသိဘူး။｜ဒီမှာ လုံးဝပြဿနာမရှိဘူး။,完全正确 (wánquán zhèngquè) — လုံးဝမှန်ကန်သည်｜完全一样 (wánquán yíyàng) — လုံးဝတူညီသည်｜完全不同 (wánquán bùtóng) — လုံးဝမတူသည်｜完全明白 (wánquán míngbai) — လုံးဝနားလည်သည်｜完全没有 (wánquán méiyǒu) — လုံးဝမရှိ
1060,2,晚安,wǎn ān,good night,ကောင်းသောညချမ်းဖြစ်ပါစေ။ အိမ်မက်လှလှမက်ပါစေ။,晚安，祝你做个好梦。｜晚安，明天见。｜妈妈对我说晚安。｜睡觉前别忘了说晚安。｜我每天晚上都会跟家人说晚安。,"Wǎn'ān, zhù nǐ zuò ge hǎo mèng.｜Wǎn'ān, míngtiān jiàn.｜Māma duì wǒ shuō wǎn'ān.｜Shuìjiào qián bié wàng le shuō wǎn'ān.｜Wǒ měitiān wǎnshang dōu huì gēn jiārén shuō wǎn'ān.","Good night. I hope you have a good dream.｜Good night, see you tomorrow.｜Mom said good night to me.｜Don't forget to say good night before sleeping.｜I say good night to my family every night.",ကောင်းသောညချမ်းပါ။ အိပ်မက်လှလှမက်ပါစေ။｜ကောင်းသောညချမ်းဖြစ်ပါစေ၊ မနက်ဖြန်တွေ့မယ်။｜အမေက ကျွန်တော့်ကို အိပ်မက်လှလှမက်ပါစေလို့ ပြောတယ်။｜အိပ်ရာမဝင်ခင် အိပ်မက်လှလှမက်ပါစေလို့ ပြောဖို့ မမေ့နဲ့။｜ကျွန်တော် ညတိုင်း မိသားစုကို အိပ်မက်လှလှမက်ပါစေလို့ ပြောတယ်။,晚上 (wǎnshang) — ည｜睡觉 (shuìjiào) — အိပ်သည်｜梦 (mèng) — အိပ်မက်｜晚 (wǎn) — နောက်ကျသည်｜明天 (míngtiān) — မနက်ဖြန်
1061,2,晚报,wǎn bào,evening paper; evening news,ညနေခင်း သတင်းစာ,我每天早上看晚报。｜晚报上有很多新闻。｜爸爸正在看晚报。｜今天的晚报已经出来了。｜他买了一份晚报。,Wǒ měitiān zǎoshang kàn wǎnbào.｜Wǎnbào shàng yǒu hěn duō xīnwén.｜Bàba zhèngzài kàn wǎnbào.｜Jīntiān de wǎnbào yǐjīng chūlái le.｜Tā mǎi le yí fèn wǎnbào.,I read the evening newspaper every morning.｜There is a lot of news in the evening newspaper.｜Dad is reading the evening newspaper.｜Today's evening newspaper is already out.｜He bought an evening newspaper.,ကျွန်တော် မနက်တိုင်း ညနေခင်းသတင်းစာဖတ်တယ်။｜ညနေခင်းသတင်းစာထဲမှာ သတင်းအများကြီးရှိတယ်။｜အဖေ ညနေခင်းသတင်းစာဖတ်နေတယ်။｜ဒီနေ့ညနေခင်းသတင်းစာ ထွက်နေပြီ။｜သူ ညနေခင်းသတင်းစာတစ်စောင် ဝယ်ခဲ့တယ်။,新闻 (xīnwén) — သတင်း｜报纸 (bàozhǐ) — သတင်းစာ｜晚间新闻 (wǎnjiān xīnwén) — ညသတင်း｜日报 (rìbào) — နေ့စဉ်သတင်းစာ｜新闻报 (xīnwénbào) — သတင်းစာ
1062,2,晚餐,wǎn cān,dinner; supper,ညစာ,我们一起吃晚餐吧。｜今天的晚餐很好吃。｜妈妈正在准备晚餐。｜晚餐七点开始。｜我通常和家人一起吃晚餐。,Wǒmen yìqǐ chī wǎncān ba.｜Jīntiān de wǎncān hěn hǎochī.｜Māma zhèngzài zhǔnbèi wǎncān.｜Wǎncān qī diǎn kāishǐ.｜Wǒ tōngcháng hé jiārén yìqǐ chī wǎncān.,Let's have dinner together.｜Today's dinner is delicious.｜Mom is preparing dinner.｜Dinner starts at seven.｜I usually have dinner with my family.,အတူတူ ညစာစားကြရအောင်။｜ဒီနေ့ညစာ အရမ်းစားကောင်းတယ်။｜အမေ ညစာပြင်နေတယ်။｜ညစာက ၇ နာရီမှာ စတယ်။｜ကျွန်တော် ပုံမှန် မိသားစုနဲ့အတူ ညစာစားတယ်။,早饭 (zǎofàn) — မနက်စာ｜午饭 (wǔfàn) — နေ့လယ်စာ｜吃饭 (chīfàn) — အစားစားသည်｜饭菜 (fàncài) — ထမင်းဟင်း｜晚饭 (wǎnfàn) — ညစာ
1063,2,晚会,wǎn huì,evening party,ညပွဲ၊ ညအခမ်းအနား,学校今晚举行晚会。｜晚会八点开始。｜大家都在准备晚会。｜昨天的晚会很有趣。｜她在晚会上唱了一首歌。,Xuéxiào jīnwǎn jǔxíng wǎnhuì.｜Wǎnhuì bā diǎn kāishǐ.｜Dàjiā dōu zài zhǔnbèi wǎnhuì.｜Zuótiān de wǎnhuì hěn yǒuqù.｜Tā zài wǎnhuì shàng chàng le yì shǒu gē.,The school is holding an evening party tonight.｜The evening party starts at eight.｜Everyone is preparing for the evening party.｜Yesterday's evening party was interesting.｜She sang a song at the evening party.,ဒီည ကျောင်းမှာ ညပွဲကျင်းပမယ်။｜ညပွဲက ၈ နာရီမှာ စတယ်။｜အားလုံး ညပွဲအတွက် ပြင်ဆင်နေကြတယ်။｜မနေ့က ညပွဲက အရမ်းစိတ်ဝင်စားဖို့ကောင်းတယ်။｜သူမ ညပွဲမှာ သီချင်းတစ်ပုဒ်ဆိုခဲ့တယ်။,活动 (huódòng) — လှုပ်ရှားမှု၊ ပွဲ｜节目 (jiémù) — အစီအစဉ်｜演出 (yǎnchū) — ဖျော်ဖြေပွဲ｜聚会 (jùhuì) — စုဝေးပွဲ｜举行 (jǔxíng) — ကျင်းပသည်
1064,2,碗,wǎn,bowl,ပန်းကန်၊ ပန်းကန်လုံး,请给我一个碗。｜这个碗很漂亮。｜桌子上有三个碗。｜我把饭放进碗里。｜这个碗是妈妈买的。,Qǐng gěi wǒ yí ge wǎn.｜Zhège wǎn hěn piàoliang.｜Zhuōzi shàng yǒu sān ge wǎn.｜Wǒ bǎ fàn fàng jìn wǎn lǐ.｜Zhège wǎn shì māma mǎi de.,Please give me a bowl.｜This bowl is beautiful.｜There are three bowls on the table.｜I put the rice into the bowl.｜Mom bought this bowl.,ပန်းကန်လုံးတစ်လုံး ပေးပါ။｜ဒီပန်းကန်က လှတယ်။｜စားပွဲပေါ်မှာ ပန်းကန်သုံးလုံးရှိတယ်။｜ကျွန်တော် ထမင်းကို ပန်းကန်ထဲ ထည့်လိုက်တယ်။｜ဒီပန်းကန်ကို အမေဝယ်ခဲ့တာ။,盘子 (pánzi) — ပန်းကန်ပြား｜饭碗 (fànwǎn) — ထမင်းပန်းကန်｜碗里 (wǎn lǐ) — ပန်းကန်ထဲ｜一碗 (yì wǎn) — တစ်ပန်းကန်｜大碗 (dà wǎn) — ပန်းကန်ကြီး
1065,2,万,wàn,ten thousand,တစ်သောင်း,这个城市有一万人。｜我花了一万块钱。｜一万个人参加了活动。｜这本书卖了一万本。｜他有一万元。,Zhège chéngshì yǒu yí wàn rén.｜Wǒ huā le yí wàn kuài qián.｜Yí wàn ge rén cānjiā le huódòng.｜Zhè běn shū mài le yí wàn běn.｜Tā yǒu yí wàn yuán.,This city has ten thousand people.｜I spent ten thousand yuan.｜Ten thousand people joined the event.｜This book sold ten thousand copies.｜He has ten thousand yuan.,ဒီမြို့မှာ လူတစ်သောင်းရှိတယ်။｜ကျွန်တော် ငွေတစ်သောင်းသုံးခဲ့တယ်။｜လူတစ်သောင်းက ဒီအစီအစဉ်မှာ ပါဝင်ခဲ့တယ်။｜ဒီစာအုပ် အုပ်ရေတစ်သောင်း ရောင်းခဲ့ရတယ်။｜သူ့မှာ ငွေတစ်သောင်းရှိတယ်။,千 (qiān) — တစ်ထောင်｜十万 (shí wàn) — တစ်သိန်း｜万元 (wàn yuán) — တစ်သောင်းယွမ်｜一万 (yí wàn) — တစ်သောင်း｜万块 (wàn kuài) — တစ်သောင်းငွေ
1066,2,网,wǎng,net; network,အင်တာနက်ကွန်ရက်၊ ကွန်ရက်,我喜欢看这个网站。｜这个网站很有用。｜请打开这个网站。｜我在网站上找到了信息。｜这个网站每天都有新内容。,Wǒ xǐhuan kàn zhège wǎngzhàn.｜Zhège wǎngzhàn hěn yǒuyòng.｜Qǐng dǎkāi zhège wǎngzhàn.｜Wǒ zài wǎngzhàn shàng zhǎodào le xìnxī.｜Zhège wǎngzhàn měitiān dōu yǒu xīn nèiróng.,I like visiting this website.｜This website is very useful.｜Please open this website.｜I found the information on the website.｜This website has new content every day.,ဒီဝက်ဘ်ဆိုက်ကို ကျွန်တော် ကြည့်ရတာကြိုက်တယ်။｜ဒီဝက်ဘ်ဆိုက်က အရမ်းအသုံးဝင်တယ်။｜ဒီဝက်ဘ်ဆိုက်ကို ဖွင့်ပါ။｜ဒီဝက်ဘ်ဆိုက်မှာ အချက်အလက်တွေ ရှာတွေ့ခဲ့တယ်။｜ဒီဝက်ဘ်ဆိုက်မှာ နေ့တိုင်း အကြောင်းအရာအသစ်တွေရှိတယ်။,网络 (wǎngluò) — အင်တာနက်ကွန်ရက်｜网上 (wǎngshàng) — အွန်လိုင်း｜网页 (wǎngyè) — ဝက်ဘ်စာမျက်နှာ｜上网 (shàngwǎng) — အင်တာနက်သုံးသည်｜网民 (wǎngmín) — အင်တာနက်အသုံးပြုသူ
1067,2,网球,wǎngqiú,Tennis,တင်းနစ်,我喜欢打网球。｜他每天练习网球。｜他们正在打网球。｜我哥哥很喜欢网球。｜周末我们一起去打网球吧。,Wǒ xǐhuan dǎ wǎngqiú.｜Tā měitiān liànxí wǎngqiú.｜Tāmen zhèngzài dǎ wǎngqiú.｜Wǒ gēge hěn xǐhuan wǎngqiú.｜Zhōumò wǒmen yìqǐ qù dǎ wǎngqiú ba.,I like playing tennis.｜He practices tennis every day.｜They are playing tennis.｜My older brother likes tennis very much.｜Let's play tennis together this weekend.,ကျွန်တော် တင်းနစ်ကစားရတာ ကြိုက်တယ်။｜သူ တင်းနစ်ကို နေ့တိုင်းလေ့ကျင့်တယ်။｜သူတို့ တင်းနစ်ကစားနေကြတယ်။｜ကျွန်တော့်အစ်ကိုက တင်းနစ်ကို အရမ်းကြိုက်တယ်။｜ဒီတစ်ပတ်ကုန်မှာ အတူတူ တင်းနစ်သွားကစားရအောင်။,网球场 (wǎngqiúchǎng) — တင်းနစ်ကွင်း｜网球拍 (wǎngqiúpāi) — တင်းနစ်ရက်ကက်｜打网球 (dǎ wǎngqiú) — တင်းနစ်ကစားသည်｜球场 (qiúchǎng) — အားကစားကွင်း｜运动 (yùndòng) — အားကစား
1068,2,网站,wǎngzhàn,website,ဝက်ဘ်ဆိုက်၊ အင်တာနက်စာမျက်နှာ,这个网站很好用。｜我经常访问这个网站。｜请把网站发给我。｜这个网站上有很多资料。｜你可以在网站上报名。,Zhège wǎngzhàn hěn hǎo yòng.｜Wǒ jīngcháng fǎngwèn zhège wǎngzhàn.｜Qǐng bǎ wǎngzhàn fā gěi wǒ.｜Zhège wǎngzhàn shàng yǒu hěn duō zīliào.｜Nǐ kěyǐ zài wǎngzhàn shàng bàomíng.,This website is easy to use.｜I often visit this website.｜Please send me the website.｜There is a lot of information on this website.｜You can register on the website.,ဒီဝက်ဘ်ဆိုက်က သုံးရတာလွယ်တယ်။｜ကျွန်တော် ဒီဝက်ဘ်ဆိုက်ကို မကြာခဏ ဝင်ကြည့်တယ်။｜ဒီဝက်ဘ်ဆိုက်ကို ကျွန်တော့်ဆီ ပို့ပေးပါ။｜ဒီဝက်ဘ်ဆိုက်မှာ အချက်အလက်အများကြီးရှိတယ်။｜ဒီဝက်ဘ်ဆိုက်မှာ စာရင်းသွင်းလို့ရတယ်။,网页 (wǎngyè) — ဝက်ဘ်စာမျက်နှာ｜网站地址 (wǎngzhàn dìzhǐ) — ဝက်ဘ်ဆိုက်လိပ်စာ｜网页设计 (wǎngyè shèjì) — ဝက်ဘ်စာမျက်နှာဒီဇိုင်း｜网站内容 (wǎngzhàn nèiróng) — ဝက်ဘ်ဆိုက်အကြောင်းအရာ｜访问网站 (fǎngwèn wǎngzhàn) — ဝက်ဘ်ဆိုက်ဝင်ကြည့်သည်
1069,2,往,wǎng,to,…ဘက်သို့၊ …ဆီသို့,我往学校走。｜他往前走了几步。｜请往这边看。｜我们往家里走。｜他一直往南走。,Wǒ wǎng xuéxiào zǒu.｜Tā wǎng qián zǒu le jǐ bù.｜Qǐng wǎng zhèbiān kàn.｜Wǒmen wǎng jiā lǐ zǒu.｜Tā yìzhí wǎng nán zǒu.,I walk toward school.｜He walked a few steps forward.｜Please look this way.｜We are walking home.｜He kept walking south.,ကျွန်တော် ကျောင်းဘက်ကို လျှောက်သွားတယ်။｜သူ ရှေ့ကို ခြေလှမ်းအနည်းငယ် လှမ်းသွားတယ်။｜ဒီဘက်ကို ကြည့်ပါ။｜ကျွန်တော်တို့ အိမ်ဘက်ကို လျှောက်သွားနေတယ်။｜သူ တောင်ဘက်ကို ဆက်လျှောက်သွားတယ်။,向 (xiàng) — …ဘက်သို့｜方向 (fāngxiàng) — ဦးတည်ချက်｜往前 (wǎng qián) — ရှေ့သို့｜往后 (wǎng hòu) — နောက်သို့｜往回 (wǎng huí) — နောက်ပြန်
1070,2,为,wèi,by,အတွက်၊ အဖြစ်,这是为你准备的礼物。｜我为你感到高兴。｜他为大家做了很多事情。｜我们为这次活动做准备。｜老师为学生准备了资料。,Zhè shì wèi nǐ zhǔnbèi de lǐwù.｜Wǒ wèi nǐ gǎndào gāoxìng.｜Tā wèi dàjiā zuò le hěn duō shìqing.｜Wǒmen wèi zhè cì huódòng zuò zhǔnbèi.｜Lǎoshī wèi xuésheng zhǔnbèi le zīliào.,This gift is prepared for you.｜I am happy for you.｜He did many things for everyone.｜We prepared for this event.｜The teacher prepared materials for the students.,ဒီလက်ဆောင်က မင်းအတွက် ပြင်ဆင်ထားတာ။｜မင်းအတွက် ကျွန်တော် ဝမ်းသာတယ်။｜သူ အားလုံးအတွက် အရာတွေအများကြီး လုပ်ပေးခဲ့တယ်။｜ဒီပွဲအတွက် ကျွန်တော်တို့ ပြင်ဆင်ခဲ့တယ်။｜ဆရာက ကျောင်းသားတွေအတွက် စာရွက်စာတမ်းတွေ ပြင်ဆင်ပေးခဲ့တယ်။,为了 (wèile) — …အတွက်｜因为 (yīnwèi) — …ကြောင့်｜为了你 (wèile nǐ) — မင်းအတွက်｜为人 (wéirén) — လူမှုဆက်ဆံရေး၊ အကျင့်စရိုက်｜作为 (zuòwéi) — …အဖြစ်
1071,2,为什么,wèishénme,Why,ဘာကြောင့်လဲ,你为什么不去？｜你为什么笑？｜我不知道他为什么迟到。｜为什么今天这么冷？｜你为什么喜欢学习中文？,Nǐ wèishénme bù qù?｜Nǐ wèishénme xiào?｜Wǒ bù zhīdào tā wèishénme chídào.｜Wèishénme jīntiān zhème lěng?｜Nǐ wèishénme xǐhuan xuéxí Zhōngwén?,Why aren't you going?｜Why are you laughing?｜I don't know why he was late.｜Why is it so cold today?｜Why do you like studying Chinese?,မင်း ဘာလို့မသွားတာလဲ။｜မင်း ဘာလို့ရယ်တာလဲ။｜သူ ဘာလို့နောက်ကျတာလဲဆိုတာ ကျွန်တော်မသိဘူး။｜ဒီနေ့ ဘာလို့ဒီလောက်အေးတာလဲ။｜မင်း ဘာလို့တရုတ်စာလေ့လာရတာ ကြိုက်တာလဲ။,怎么 (zěnme) — ဘယ်လို｜什么 (shénme) — ဘာ｜原因 (yuányīn) — အကြောင်းရင်း｜为什么会 (wèishénme huì) — ဘာကြောင့်ဖြစ်သည်｜因为 (yīnwèi) — …ကြောင့်
1072,2,位,wèi,person (measure word),ဦး/ယောက်/နေရာ (ရေတွက်စကားလုံး),这位老师很好。｜请问，这位是谁？｜那位先生是我的老师。｜我们学校有很多位老师。｜请坐这位。,"Zhè wèi lǎoshī hěn hǎo.｜Qǐngwèn, zhè wèi shì shéi?｜Nà wèi xiānsheng shì wǒ de lǎoshī.｜Wǒmen xuéxiào yǒu hěn duō wèi lǎoshī.｜Qǐng zuò zhè wèi.","This teacher is very good.｜Excuse me, who is this person?｜That gentleman is my teacher.｜There are many teachers at our school.｜Please sit here.",ဒီဆရာက အရမ်းကောင်းတယ်။｜တစ်ဆိတ်လောက်၊ ဒီလူက ဘယ်သူလဲ။｜အဲဒီလူကြီးက ကျွန်တော့်ဆရာပါ။｜ကျွန်တော်တို့ကျောင်းမှာ ဆရာအများကြီးရှိတယ်။｜ဒီနေရာမှာ ထိုင်ပါ။,先生 (xiānsheng) — မစ္စတာ/လူကြီး｜女士 (nǚshì) — အမျိုးသမီး｜一位 (yí wèi) — တစ်ဦး｜这位 (zhè wèi) — ဒီလူ｜那位 (nà wèi) — အဲဒီလူ
1073,2,味道,wèidào,taste,အရသာ,这个菜的味道很好。｜我喜欢这杯茶的味道。｜这个水果味道很甜。｜这道菜味道不错。｜这个药的味道很苦。,Zhège cài de wèidào hěn hǎo.｜Wǒ xǐhuan zhè bēi chá de wèidào.｜Zhège shuǐguǒ wèidào hěn tián.｜Zhè dào cài wèidào búcuò.｜Zhège yào de wèidào hěn kǔ.,This dish tastes very good.｜I like the taste of this tea.｜This fruit tastes sweet.｜This dish tastes good.｜This medicine tastes bitter.,ဒီဟင်းရဲ့အရသာက အရမ်းကောင်းတယ်။｜ဒီလက်ဖက်ရည်ရဲ့အရသာကို ကြိုက်တယ်။｜ဒီသစ်သီးက ချိုတယ်။｜ဒီဟင်းရဲ့အရသာက မဆိုးဘူး။｜ဒီဆေးရဲ့အရသာက ခါးတယ်။,味 (wèi) — အရသာ｜好味道 (hǎo wèidào) — အရသာကောင်း｜味很甜 (wèi hěn tián) — အရသာချိုသည်｜味道好 (wèidào hǎo) — အရသာကောင်းသည်｜口味 (kǒuwèi) — အစားအသောက်အရသာ
1074,2,喂（叹）,wèi,hello; hey,ဟယ်လို၊ အယ်… (အာမေဍိတ်),喂，你好！｜喂，你在哪里？｜喂，等一下！｜喂，你听得到吗？｜喂，别走那么快！,"Wéi, nǐ hǎo!｜Wéi, nǐ zài nǎlǐ?｜Wéi, děng yíxià!｜Wéi, nǐ tīng de dào ma?｜Wéi, bié zǒu nàme kuài!","Hello!｜Hey, where are you?｜Hey, wait a moment!｜Hello, can you hear me?｜Hey, don't walk so fast!",ဟယ်လို၊ မင်္ဂလာပါ။｜ဟယ်လို၊ မင်းဘယ်မှာလဲ။｜ဟယ်လို၊ ခဏစောင့်ဦး။｜ဟယ်လို၊ ကြားရလား။｜ဟယ်လို၊ ဒီလောက်မြန်မြန်မသွားနဲ့။,你好 (nǐ hǎo) — မင်္ဂလာပါ｜喂喂 (wéi wéi) — ဟယ်လိုဟယ်လို｜等一下 (děng yíxià) — ခဏစောင့်｜听见 (tīngjiàn) — ကြားသည်｜电话 (diànhuà) — ဖုန်း
1075,2,温度,wēndù,temperature,အပူချိန်,今天的温度很高。｜这里的温度很低。｜室内温度是多少？｜温度突然下降了。｜我喜欢二十度左右的温度。,Jīntiān de wēndù hěn gāo.｜Zhèlǐ de wēndù hěn dī.｜Shìnèi wēndù shì duōshao?｜Wēndù tūrán xiàjiàng le.｜Wǒ xǐhuan èrshí dù zuǒyòu de wēndù.,Today's temperature is very high.｜The temperature here is very low.｜What is the indoor temperature?｜The temperature suddenly dropped.｜I like a temperature of around 20 degrees.,ဒီနေ့အပူချိန်က အရမ်းမြင့်တယ်။｜ဒီနေရာက အပူချိန်အရမ်းနိမ့်တယ်။｜အခန်းတွင်းအပူချိန် ဘယ်လောက်လဲ။｜အပူချိန် ရုတ်တရက်ကျသွားတယ်။｜ဒီဂရီ ၂၀ ဝန်းကျင်အပူချိန်ကို ကျွန်တော်ကြိုက်တယ်။,温度计 (wēndùjì) — အပူချိန်တိုင်းကိရိယာ｜高温 (gāowēn) — အပူချိန်မြင့်ခြင်း｜低温 (dīwēn) — အပူချိန်နိမ့်ခြင်း｜气温 (qìwēn) — လေထုအပူချိန်｜温暖 (wēnnuǎn) — နွေးထွေးသည်
1076,2,闻,wén,smell,အနံ့ခံသည်၊ သတင်းကြားသည်,我闻到了花的香味。｜你闻一下这个。｜我闻到了一股香味。｜她闻到了饭菜的味道。｜你有没有闻到什么？,Wǒ wén dào le huā de xiāngwèi.｜Nǐ wén yíxià zhège.｜Wǒ wén dào le yì gǔ xiāngwèi.｜Tā wén dào le fàncài de wèidào.｜Nǐ yǒu méiyǒu wén dào shénme?,I smelled the fragrance of the flowers.｜Smell this.｜I smelled a fragrance.｜She smelled the food.｜Did you smell anything?,ပန်းတွေရဲ့ရနံ့ကို ကျွန်တော်ရလိုက်တယ်။｜ဒါကို အနံ့ခံကြည့်ပါ။｜မွှေးတဲ့အနံ့တစ်မျိုး ရလိုက်တယ်။｜သူမ အစားအစာရဲ့အနံ့ကို ရလိုက်တယ်။｜တစ်ခုခုအနံ့ရလား။,闻到 (wén dào) — အနံ့ရသည်｜气味 (qìwèi) — အနံ့｜香味 (xiāngwèi) — မွှေးရနံ့｜闻名 (wénmíng) — ကျော်ကြားသည်｜听闻 (tīngwén) — ကြားသိသည်
1077,2,问路,wèn lù,ask for directions,လမ်းမေးသည်,我想问路。｜请问，去车站怎么走？｜他正在向别人问路。｜我在路上问了一个人。｜游客正在问路。,"Wǒ xiǎng wèn lù.｜Qǐngwèn, qù chēzhàn zěnme zǒu?｜Tā zhèngzài xiàng biérén wèn lù.｜Wǒ zài lùshang wèn le yí ge rén.｜Yóukè zhèngzài wèn lù.","I want to ask for directions.｜Excuse me, how do I get to the station?｜He is asking someone for directions.｜I asked someone on the road.｜The tourist is asking for directions.",ကျွန်တော် လမ်းမေးချင်တယ်။｜တစ်ဆိတ်လောက်၊ ဘူတာရုံကို ဘယ်လိုသွားရမလဲ။｜သူ သူများဆီမှာ လမ်းမေးနေတယ်။｜လမ်းမှာ လူတစ်ယောက်ကို လမ်းမေးခဲ့တယ်။｜ခရီးသွားတစ်ယောက် လမ်းမေးနေတယ်။,路 (lù) — လမ်း｜问问 (wènwen) — မေးကြည့်သည်｜请问 (qǐngwèn) — တစ်ဆိတ်လောက်/မေးပါရစေ｜方向 (fāngxiàng) — ဦးတည်ရာ｜怎么走 (zěnme zǒu) — ဘယ်လိုသွားရမလဲ
1078,2,问题,wèntí,problem,မေးခွန်း၊ ပြဿနာ,我有一个问题。｜这个问题很难。｜老师回答了我的问题。｜你有什么问题吗？｜我们需要解决这个问题。,Wǒ yǒu yí ge wèntí.｜Zhège wèntí hěn nán.｜Lǎoshī huídá le wǒ de wèntí.｜Nǐ yǒu shénme wèntí ma?｜Wǒmen xūyào jiějué zhège wèntí.,I have a question.｜This problem is difficult.｜The teacher answered my question.｜Do you have any questions?｜We need to solve this problem.,ကျွန်တော့်မှာ မေးခွန်းတစ်ခုရှိတယ်။｜ဒီပြဿနာက ခက်တယ်။｜ဆရာက ကျွန်တော့်မေးခွန်းကို ဖြေပေးခဲ့တယ်။｜မင်းမှာ မေးစရာရှိလား။｜ဒီပြဿနာကို ဖြေရှင်းဖို့ လိုတယ်။,问题 (wèntí) — ပြဿနာ/မေးခွန်း｜回答 (huídá) — ဖြေကြားသည်｜解决 (jiějué) — ဖြေရှင်းသည်｜问题很难 (wèntí hěn nán) — ပြဿနာခက်သည်｜提问 (tíwèn) — မေးခွန်းမေးသည်
1079,2,午餐,wǔ cān,lunch,နေ့လယ်စာ,我们一起吃午餐吧。｜午餐已经准备好了。｜今天的午餐很好吃。｜我通常十二点吃午餐。｜他正在吃午餐。,Wǒmen yìqǐ chī wǔcān ba.｜Wǔcān yǐjīng zhǔnbèi hǎo le.｜Jīntiān de wǔcān hěn hǎochī.｜Wǒ tōngcháng shí'èr diǎn chī wǔcān.｜Tā zhèngzài chī wǔcān.,Let's have lunch together.｜Lunch is ready.｜Today's lunch is delicious.｜I usually have lunch at twelve.｜He is having lunch.,အတူတူ နေ့လယ်စာစားကြရအောင်။｜နေ့လယ်စာ အဆင်သင့်ဖြစ်ပြီ။｜ဒီနေ့နေ့လယ်စာက စားကောင်းတယ်။｜ကျွန်တော် ပုံမှန် ၁၂ နာရီမှာ နေ့လယ်စာစားတယ်။｜သူ နေ့လယ်စာစားနေတယ်။,早餐 (zǎocān) — မနက်စာ｜晚餐 (wǎncān) — ညစာ｜午饭 (wǔfàn) — နေ့လယ်စာ｜吃午餐 (chī wǔcān) — နေ့လယ်စာစားသည်｜午餐时间 (wǔcān shíjiān) — နေ့လယ်စာစားချိန်
1080,2,午睡,wǔ shuì,nap,နေ့လယ်အိပ်စက်ခြင်း,我每天中午午睡。｜午睡半个小时就够了。｜他吃完午餐后去午睡了。｜我没有时间午睡。｜午睡以后我感觉好多了。,Wǒ měitiān zhōngwǔ wǔshuì.｜Wǔshuì bàn ge xiǎoshí jiù gòu le.｜Tā chī wán wǔcān hòu qù wǔshuì le.｜Wǒ méiyǒu shíjiān wǔshuì.｜Wǔshuì yǐhòu wǒ gǎnjué hǎo duō le.,I take a nap every noon.｜Half an hour of napping is enough.｜He took a nap after lunch.｜I don't have time to nap.｜I feel much better after a nap.,ကျွန်တော် နေ့တိုင်း နေ့လယ်မှာ ခဏအိပ်တယ်။｜နာရီဝက်လောက် အိပ်ရင် လုံလောက်တယ်။｜သူ နေ့လယ်စာစားပြီး ခဏအိပ်တယ်။｜ကျွန်တော့်မှာ ခဏအိပ်ဖို့ အချိန်မရှိဘူး။｜ခဏအိပ်ပြီးတော့ ပိုသက်သာလာတယ်။,睡觉 (shuìjiào) — အိပ်သည်｜午休 (wǔxiū) — နေ့လယ်နားချိန်｜休息 (xiūxi) — အနားယူသည်｜睡午觉 (shuì wǔjiào) — နေ့လယ်တစ်ရေးအိပ်သည်｜半小时 (bàn xiǎoshí) — နာရီဝက်
1081,2,西北,xī běi,northwest,အနောက်မြောက်,北京在中国的西北部。｜西北地区冬天很冷。｜他来自西北。｜我们准备去西北旅行。｜西北的天气比较干燥。,Běijīng zài Zhōngguó de xīběi bù.｜Xīběi dìqū dōngtiān hěn lěng.｜Tā láizì xīběi.｜Wǒmen zhǔnbèi qù xīběi lǚxíng.｜Xīběi de tiānqì bǐjiào gānzào.,Beijing is in northwestern China.｜The northwest is very cold in winter.｜He comes from the northwest.｜We are preparing to travel to the northwest.｜The northwest is relatively dry.,ပေကျင်းက တရုတ်နိုင်ငံ အနောက်မြောက်ပိုင်းမှာရှိတယ်။｜အနောက်မြောက်ပိုင်းက ဆောင်းရာသီမှာ အရမ်းအေးတယ်။｜သူ အနောက်မြောက်ပိုင်းကလာတာ။｜ကျွန်တော်တို့ အနောက်မြောက်ပိုင်းကို ခရီးသွားဖို့ ပြင်ဆင်နေတယ်။｜အနောက်မြောက်ပိုင်းရာသီဥတုက ပိုခြောက်သွေ့တယ်။,东北 (dōngběi) — အရှေ့မြောက်｜西部 (xībù) — အနောက်ပိုင်း｜北部 (běibù) — မြောက်ပိုင်း｜西北部 (xīběibù) — အနောက်မြောက်ပိုင်း｜西北风 (xīběifēng) — အနောက်မြောက်လေ
1082,2,西餐,xī cān,western food,အနောက်တိုင်းအစားအစာ,我喜欢吃西餐。｜这家餐厅主要卖西餐。｜她正在学习做西餐。｜西餐通常有很多种菜。｜我们晚上去吃西餐吧。,Wǒ xǐhuan chī xīcān.｜Zhè jiā cāntīng zhǔyào mài xīcān.｜Tā zhèngzài xuéxí zuò xīcān.｜Xīcān tōngcháng yǒu hěn duō zhǒng cài.｜Wǒmen wǎnshang qù chī xīcān ba.,I like eating Western food.｜This restaurant mainly serves Western food.｜She is learning to cook Western food.｜Western food usually has many kinds of dishes.｜Let's eat Western food tonight.,ကျွန်တော် အနောက်တိုင်းအစားအစာ စားရတာကြိုက်တယ်။｜ဒီစားသောက်ဆိုင်က အဓိက အနောက်တိုင်းအစားအစာ ရောင်းတယ်။｜သူမ အနောက်တိုင်းအစားအစာ ချက်ပြုတ်ဖို့ လေ့လာနေတယ်။｜အနောက်တိုင်းအစားအစာမှာ ဟင်းအမျိုးအစားအများကြီးရှိတယ်။｜ဒီည အနောက်တိုင်းအစားအစာ သွားစားကြရအောင်။,中餐 (zhōngcān) — တရုတ်အစားအစာ｜西式 (xīshì) — အနောက်တိုင်းပုံစံ｜餐厅 (cāntīng) — စားသောက်ဆိုင်｜西餐厅 (xīcāntīng) — အနောက်တိုင်းစားသောက်ဆိုင်｜牛排 (niúpái) — အမဲသားစတိတ်
1083,2,西方,xī fāng,west,အနောက်နိုင်ငံ၊ အနောက်ဘက်,他想去西方国家旅行。｜西方文化和东方文化不同。｜这本书介绍了西方历史。｜很多人喜欢西方音乐。｜西方国家的生活方式不同。,Tā xiǎng qù xīfāng guójiā lǚxíng.｜Xīfāng wénhuà hé dōngfāng wénhuà bùtóng.｜Zhè běn shū jièshào le xīfāng lìshǐ.｜Hěn duō rén xǐhuan xīfāng yīnyuè.｜Xīfāng guójiā de shēnghuó fāngshì bùtóng.,He wants to travel to Western countries.｜Western culture is different from Eastern culture.｜This book introduces Western history.｜Many people like Western music.｜The lifestyles of Western countries are different.,သူ အနောက်နိုင်ငံတွေကို ခရီးသွားချင်တယ်။｜အနောက်တိုင်းယဉ်ကျေးမှုနဲ့ အရှေ့တိုင်းယဉ်ကျေးမှု မတူဘူး။｜ဒီစာအုပ်က အနောက်တိုင်းသမိုင်းကို မိတ်ဆက်ပေးထားတယ်။｜လူအများကြီးက အနောက်တိုင်းတေးဂီတကို ကြိုက်ကြတယ်။｜အနောက်နိုင်ငံတွေရဲ့ နေထိုင်မှုပုံစံက မတူဘူး။,东方 (dōngfāng) — အရှေ့တိုင်း｜西方文化 (xīfāng wénhuà) — အနောက်တိုင်းယဉ်ကျေးမှု｜西方国家 (xīfāng guójiā) — အနောက်နိုင်ငံ｜西方人 (xīfāng rén) — အနောက်တိုင်းသား｜西方历史 (xīfāng lìshǐ) — အနောက်တိုင်းသမိုင်း
1084,2,西南,xī nán,southwest,အနောက်တောင်,云南在中国的西南部。｜西南地区风景很美。｜他住在西南地区。｜我们计划去西南旅行。｜西南的天气比较温暖。,Yúnnán zài Zhōngguó de xīnán bù.｜Xīnán dìqū fēngjǐng hěn měi.｜Tā zhù zài xīnán dìqū.｜Wǒmen jìhuà qù xīnán lǚxíng.｜Xīnán de tiānqì bǐjiào wēnnuǎn.,Yunnan is in southwestern China.｜The southwest has beautiful scenery.｜He lives in the southwest.｜We plan to travel to the southwest.｜The southwest has relatively warm weather.,ယူနန်က တရုတ်နိုင်ငံ အနောက်တောင်ပိုင်းမှာရှိတယ်။｜အနောက်တောင်ပိုင်းက ရှုခင်းအရမ်းလှတယ်။｜သူ အနောက်တောင်ပိုင်းဒေသမှာ နေတယ်။｜ကျွန်တော်တို့ အနောက်တောင်ပိုင်းကို ခရီးသွားဖို့ စီစဉ်ထားတယ်။｜အနောက်တောင်ပိုင်းရာသီဥတုက ပိုနွေးတယ်။,东南 (dōngnán) — အရှေ့တောင်｜西南部 (xīnánbù) — အနောက်တောင်ပိုင်း｜西南地区 (xīnán dìqū) — အနောက်တောင်ဒေသ｜西南方 (xīnánfāng) — အနောက်တောင်ဘက်｜西南风 (xīnánfēng) — အနောက်တောင်လေ
1085,2,西医,xī yī,western medicine,အနောက်တိုင်းဆေးပညာ,他正在学习西医。｜西医和中医有一些不同。｜这家医院使用现代西医。｜她对西医很感兴趣。｜西医在世界上很常见。,Tā zhèngzài xuéxí xīyī.｜Xīyī hé zhōngyī yǒu yìxiē bùtóng.｜Zhè jiā yīyuàn shǐyòng xiàndài xīyī.｜Tā duì xīyī hěn gǎn xìngqù.｜Xīyī zài shìjiè shàng hěn chángjiàn.,He is studying Western medicine.｜Western medicine and traditional Chinese medicine are somewhat different.｜This hospital uses modern Western medicine.｜She is interested in Western medicine.｜Western medicine is common around the world.,သူ အနောက်တိုင်းဆေးပညာ လေ့လာနေတယ်။｜အနောက်တိုင်းဆေးပညာနဲ့ တရုတ်တိုင်းရင်းဆေးပညာက အနည်းငယ်ကွာတယ်။｜ဒီဆေးရုံမှာ ခေတ်မီအနောက်တိုင်းဆေးပညာကို အသုံးပြုတယ်။｜သူမ အနောက်တိုင်းဆေးပညာကို စိတ်ဝင်စားတယ်။｜အနောက်တိုင်းဆေးပညာကို ကမ္ဘာတစ်ဝန်းမှာ တွေ့ရများတယ်။,中医 (zhōngyī) — တရုတ်တိုင်းရင်းဆေး｜医学 (yīxué) — ဆေးပညာ｜医生 (yīshēng) — ဆရာဝန်｜现代医学 (xiàndài yīxué) — ခေတ်မီဆေးပညာ｜西医医生 (xīyī yīshēng) — အနောက်တိုင်းဆေးဆရာဝန်
1086,2,习惯,xíguàn,Habit,အလေ့အကျင့်,我已经习惯早起了。｜他习惯每天运动。｜我还不习惯这里的天气。｜这个习惯很好。｜你要慢慢习惯新的生活。,Wǒ yǐjīng xíguàn zǎoqǐ le.｜Tā xíguàn měitiān yùndòng.｜Wǒ hái bù xíguàn zhèlǐ de tiānqì.｜Zhège xíguàn hěn hǎo.｜Nǐ yào mànmàn xíguàn xīn de shēnghuó.,I have gotten used to getting up early.｜He is used to exercising every day.｜I am not used to the weather here yet.｜This is a good habit.｜You need to slowly get used to your new life.,ကျွန်တော် စောစောထတဲ့အကျင့် ရနေပြီ။｜သူ နေ့တိုင်းလေ့ကျင့်ခန်းလုပ်တဲ့အကျင့်ရှိတယ်။｜ဒီနေရာက ရာသီဥတုကို ကျွန်တော် မကျင့်သားသေးဘူး။｜ဒီအကျင့်က ကောင်းတယ်။｜ဘဝအသစ်ကို ဖြည်းဖြည်းချင်း အသားကျအောင်လုပ်ရမယ်။,习惯性 (xíguànxìng) — အကျင့်ဖြစ်နေခြင်း｜生活习惯 (shēnghuó xíguàn) — နေထိုင်မှုအလေ့အကျင့်｜好习惯 (hǎo xíguàn) — အကျင့်ကောင်း｜坏习惯 (huài xíguàn) — အကျင့်ဆိုး｜习惯于 (xíguàn yú) — …ကို အကျင့်ဖြစ်သည်
1087,2,洗衣机,xǐ yī jī,washing machine,အဝတ်လျှော်စက်,洗衣机坏了。｜妈妈正在用洗衣机洗衣服。｜这台洗衣机很好用。｜请把衣服放进洗衣机。｜我们需要买一台新的洗衣机。,Xǐyījī huài le.｜Māma zhèngzài yòng xǐyījī xǐ yīfu.｜Zhè tái xǐyījī hěn hǎo yòng.｜Qǐng bǎ yīfu fàng jìn xǐyījī.｜Wǒmen xūyào mǎi yì tái xīn de xǐyījī.,The washing machine is broken.｜Mom is washing clothes with the washing machine.｜This washing machine is easy to use.｜Please put the clothes into the washing machine.｜We need to buy a new washing machine.,အဝတ်လျှော်စက် ပျက်သွားပြီ။｜အမေက အဝတ်လျှော်စက်နဲ့ အဝတ်လျှော်နေတယ်။｜ဒီအဝတ်လျှော်စက်က သုံးရတာလွယ်တယ်။｜အဝတ်တွေကို အဝတ်လျှော်စက်ထဲ ထည့်ပါ။｜အဝတ်လျှော်စက်အသစ်တစ်လုံး ဝယ်ဖို့လိုတယ်။,洗衣 (xǐyī) — အဝတ်လျှော်ခြင်း｜衣服 (yīfu) — အဝတ်အစား｜洗衣服 (xǐ yīfu) — အဝတ်လျှော်သည်｜洗衣店 (xǐyīdiàn) — အဝတ်လျှော်ဆိုင်｜洗衣粉 (xǐyīfěn) — အဝတ်လျှော်ဆပ်ပြာမှုန့်
1088,2,洗澡,xǐzǎo,Take a shower,ရေချိုးသည်,我每天晚上洗澡。｜天气热的时候我喜欢洗澡。｜他正在洗澡。｜洗澡以后我觉得很舒服。｜你洗澡了吗？,Wǒ měitiān wǎnshang xǐzǎo.｜Tiānqì rè de shíhou wǒ xǐhuan xǐzǎo.｜Tā zhèngzài xǐzǎo.｜Xǐzǎo yǐhòu wǒ juéde hěn shūfu.｜Nǐ xǐzǎo le ma?,I take a shower every night.｜I like taking a shower when the weather is hot.｜He is taking a shower.｜I feel comfortable after taking a shower.｜Have you taken a shower?,ကျွန်တော် ညတိုင်း ရေချိုးတယ်။｜ရာသီဥတုပူတဲ့အချိန် ရေချိုးရတာကြိုက်တယ်။｜သူ ရေချိုးနေတယ်။｜ရေချိုးပြီးတော့ သက်တောင့်သက်သာဖြစ်တယ်။｜ရေချိုးပြီးပြီလား။,洗脸 (xǐliǎn) — မျက်နှာသစ်သည်｜洗手 (xǐshǒu) — လက်ဆေးသည်｜洗头 (xǐtóu) — ခေါင်းလျှော်သည်｜浴室 (yùshì) — ရေချိုးခန်း｜淋浴 (línyù) — ရေချိုးခြင်း
1089,2,下（量）,xià,(measure word),အကြိမ်၊ အခါ,我去过三下北京。｜老师把这句话说了两下。｜他敲了两下门。｜请再读两下。｜我看了两下就明白了。,Wǒ qù guo sān xià Běijīng.｜Lǎoshī bǎ zhè jù huà shuō le liǎng xià.｜Tā qiāo le liǎng xià mén.｜Qǐng zài dú liǎng xià.｜Wǒ kàn le liǎng xià jiù míngbai le.,I went to Beijing three times.｜The teacher said this sentence twice.｜He knocked on the door twice.｜Please read it twice more.｜I understood it after looking at it twice.,ကျွန်တော် ပေကျင်းကို သုံးကြိမ်သွားဖူးတယ်။｜ဆရာက ဒီစာကြောင်းကို နှစ်ကြိမ်ပြောခဲ့တယ်။｜သူ တံခါးကို နှစ်ချက်ခေါက်တယ်။｜နောက်ထပ် နှစ်ကြိမ်ဖတ်ပါ။｜နှစ်ကြိမ်လောက်ကြည့်ပြီးတော့ နားလည်သွားတယ်။,一下 (yíxià) — ခဏ/တစ်ချက်｜两下 (liǎng xià) — နှစ်ချက်｜三下 (sān xià) — သုံးချက်｜几下 (jǐ xià) — ဘယ်နှချက်｜一下子 (yíxiàzi) — ချက်ချင်း/တစ်ခဏအတွင်း
1090,2,下雪,xià xuě,snow; snowing,နှင်းကျသည်,今天下雪了。｜昨天晚上开始下雪。｜如果明天下雪，我们就不出门。｜这里冬天经常下雪。｜下雪的时候路很滑。,"Jīntiān xiàxuě le.｜Zuótiān wǎnshang kāishǐ xiàxuě.｜Rúguǒ míngtiān xiàxuě, wǒmen jiù bù chūmén.｜Zhèlǐ dōngtiān jīngcháng xiàxuě.｜Xiàxuě de shíhou lù hěn huá.","It snowed today.｜It started snowing last night.｜If it snows tomorrow, we won't go out.｜It often snows here in winter.｜The roads are slippery when it snows.",ဒီနေ့ နှင်းကျတယ်။｜မနေ့ညကစပြီး နှင်းကျတယ်။｜မနက်ဖြန် နှင်းကျရင် ကျွန်တော်တို့ အပြင်မထွက်ဘူး။｜ဒီမှာ ဆောင်းရာသီဆို မကြာခဏ နှင်းကျတယ်။｜နှင်းကျတဲ့အခါ လမ်းက ချော်တတ်တယ်။,下雨 (xiàyǔ) — မိုးရွာသည်｜雪 (xuě) — နှင်း｜冬天 (dōngtiān) — ဆောင်းရာသီ｜天气 (tiānqì) — ရာသီဥတု｜下大雪 (xià dàxuě) — နှင်းအများကြီးကျသည်
1091,2,下周,xià zhōu,next week,နောက်အပတ်,下周我要去北京。｜我们下周见吧。｜下周一有考试。｜他下周要开始工作。｜下周天气会很冷。,Xià zhōu wǒ yào qù Běijīng.｜Wǒmen xià zhōu jiàn ba.｜Xià zhōu yī yǒu kǎoshì.｜Tā xià zhōu yào kāishǐ gōngzuò.｜Xià zhōu tiānqì huì hěn lěng.,I will go to Beijing next week.｜Let's meet next week.｜There is an exam next Monday.｜He will start work next week.｜The weather will be very cold next week.,နောက်အပတ်မှာ ပေကျင်းကို သွားမယ်။｜နောက်အပတ်တွေ့ကြရအောင်။｜နောက်တနင်္လာနေ့မှာ စာမေးပွဲရှိတယ်။｜သူ နောက်အပတ်မှာ အလုပ်စလုပ်မယ်။｜နောက်အပတ် ရာသီဥတု အရမ်းအေးမယ်။,上周 (shàng zhōu) — ပြီးခဲ့တဲ့အပတ်｜下个月 (xià ge yuè) — နောက်လ｜下星期 (xià xīngqī) — နောက်အပတ်｜星期一 (xīngqī yī) — တနင်္လာနေ့｜周末 (zhōumò) — ပိတ်ရက်
1092,2,夏天,xià tiān,summer,နွေရာသီ,夏天很热。｜我喜欢夏天。｜夏天我们经常去游泳。｜北京的夏天很热。｜夏天晚上天黑得比较晚。,Xiàtiān hěn rè.｜Wǒ xǐhuan xiàtiān.｜Xiàtiān wǒmen jīngcháng qù yóuyǒng.｜Běijīng de xiàtiān hěn rè.｜Xiàtiān wǎnshang tiān hēi de bǐjiào wǎn.,Summer is very hot.｜I like summer.｜We often go swimming in summer.｜Summer in Beijing is very hot.｜It gets dark relatively late in summer.,နွေရာသီက အရမ်းပူတယ်။｜ကျွန်တော် နွေရာသီကို ကြိုက်တယ်။｜နွေရာသီမှာ ကျွန်တော်တို့ မကြာခဏ ရေကူးသွားကြတယ်။｜ပေကျင်းရဲ့ နွေရာသီက အရမ်းပူတယ်။｜နွေရာသီမှာ ညဘက် မှောင်တာ နည်းနည်းနောက်ကျတယ်။,春天 (chūntiān) — နွေဦး｜秋天 (qiūtiān) — ဆောင်းဦး｜冬天 (dōngtiān) — ဆောင်းရာသီ｜夏季 (xiàjì) — နွေရာသီ｜天气 (tiānqì) — ရာသီဥတု
1093,2,相同,xiāngtóng,identical,တူညီသည်,我们的想法不相同。｜这两个颜色完全相同。｜他们穿着相同的衣服。｜这两本书的内容相同。｜我们的意见不相同。,Wǒmen de xiǎngfǎ bù xiāngtóng.｜Zhè liǎng ge yánsè wánquán xiāngtóng.｜Tāmen chuānzhe xiāngtóng de yīfu.｜Zhè liǎng běn shū de nèiróng xiāngtóng.｜Wǒmen de yìjiàn bù xiāngtóng.,Our ideas are different.｜These two colors are exactly the same.｜They are wearing the same clothes.｜The contents of these two books are the same.｜Our opinions are different.,ကျွန်တော်တို့ရဲ့ အတွေးအမြင်တွေ မတူဘူး။｜ဒီအရောင်နှစ်ခုက လုံးဝတူတယ်။｜သူတို့ အဝတ်အစားတူတွေ ဝတ်ထားတယ်။｜ဒီစာအုပ်နှစ်အုပ်ရဲ့ အကြောင်းအရာက တူတယ်။｜ကျွန်တော်တို့ရဲ့ အမြင်တွေ မတူဘူး။,一样 (yíyàng) — တူသည်｜不同 (bùtóng) — မတူသည်｜相似 (xiāngsì) — ဆင်တူသည်｜一样的 (yíyàng de) — တူညီသော｜区别 (qūbié) — ကွာခြားချက်
1094,2,相信,xiāngxìn,believe,ယုံကြည်သည်,我相信你。｜我相信他说的话。｜你相信这个消息吗？｜我们应该相信自己。｜我相信他一定会成功。,Wǒ xiāngxìn nǐ.｜Wǒ xiāngxìn tā shuō de huà.｜Nǐ xiāngxìn zhège xiāoxi ma?｜Wǒmen yīnggāi xiāngxìn zìjǐ.｜Wǒ xiāngxìn tā yídìng huì chénggōng.,I believe you.｜I believe what he said.｜Do you believe this news?｜We should believe in ourselves.｜I believe he will definitely succeed.,မင်းကို ကျွန်တော် ယုံတယ်။｜သူပြောတာကို ကျွန်တော် ယုံတယ်။｜ဒီသတင်းကို မင်းယုံလား။｜ကိုယ့်ကိုယ်ကိုယ် ယုံကြည်သင့်တယ်။｜သူ သေချာပေါက် အောင်မြင်မယ်လို့ ကျွန်တော် ယုံတယ်။,信任 (xìnrèn) — ယုံကြည်သည်｜相信自己 (xiāngxìn zìjǐ) — ကိုယ့်ကိုယ်ကို ယုံကြည်သည်｜信心 (xìnxīn) — ယုံကြည်မှု｜不相信 (bù xiāngxìn) — မယုံကြည်｜信任感 (xìnrèn gǎn) — ယုံကြည်မှုခံစားချက်
1095,2,响,xiǎng,loud,အသံမြည်သည်,手机突然响了。｜门铃响了。｜外面响起了音乐声。｜他的手机一直在响。｜上课铃响了以后，学生们进了教室。,"Shǒujī tūrán xiǎng le.｜Ménlíng xiǎng le.｜Wàimiàn xiǎngqǐ le yīnyuè shēng.｜Tā de shǒujī yìzhí zài xiǎng.｜Shàngkè líng xiǎng le yǐhòu, xuéshengmen jìn le jiàoshì.","The phone suddenly rang.｜The doorbell rang.｜Music started playing outside.｜His phone kept ringing.｜After the class bell rang, the students entered the classroom.",ဖုန်းက ရုတ်တရက် မြည်လာတယ်။｜တံခါးခေါင်းလောင်း မြည်တယ်။｜အပြင်မှာ သီချင်းသံ ထွက်လာတယ်။｜သူ့ဖုန်းက အဆက်မပြတ် မြည်နေတယ်။｜အတန်းတက်ခေါင်းလောင်း မြည်ပြီးတော့ ကျောင်းသားတွေ စာသင်ခန်းထဲ ဝင်သွားကြတယ်။,声音 (shēngyīn) — အသံ｜响声 (xiǎngshēng) — အသံမြည်သံ｜响起 (xiǎngqǐ) — အသံထွက်လာသည်｜铃声 (língshēng) — ခေါင်းလောင်းသံ｜响亮 (xiǎngliàng) — အသံကျယ်သည်
1096,2,想到,xiǎng dào,think of; call to mind; have at heart,တွေးမိသည်၊ သတိရမိသည်,我突然想到一个好办法。｜看到这张照片，我想到以前的朋友。｜我想到明天还有考试。｜他想到一个问题。｜我刚刚想到你说的话。,"Wǒ tūrán xiǎngdào yí ge hǎo bànfǎ.｜Kàndào zhè zhāng zhàopiàn, wǒ xiǎngdào yǐqián de péngyou.｜Wǒ xiǎngdào míngtiān hái yǒu kǎoshì.｜Tā xiǎngdào yí ge wèntí.｜Wǒ gānggāng xiǎngdào nǐ shuō de huà.",I suddenly thought of a good idea.｜Seeing this photo made me think of an old friend.｜I remembered that I still have an exam tomorrow.｜He thought of a question.｜I just thought of what you said.,ကျွန်တော် ရုတ်တရက် နည်းလမ်းကောင်းတစ်ခုကို တွေးမိတယ်။｜ဒီဓာတ်ပုံကိုမြင်တော့ အရင်ကသူငယ်ချင်းတစ်ယောက်ကို သတိရမိတယ်။｜မနက်ဖြန် စာမေးပွဲရှိသေးတာကို ကျွန်တော် တွေးမိတယ်။｜သူ မေးခွန်းတစ်ခုကို တွေးမိတယ်။｜မင်းပြောခဲ့တာကို ကျွန်တော် ခုနက တွေးမိတယ်။,想到 (xiǎngdào) — တွေးမိသည်｜想起 (xiǎngqǐ) — သတိရသည်｜想法 (xiǎngfǎ) — အတွေးအမြင်｜想象 (xiǎngxiàng) — စိတ်ကူးသည်｜想一想 (xiǎng yì xiǎng) — စဉ်းစားကြည့်သည်
1097,2,想法,xiǎng fǎ,idea; opinion;thought,အတွေးအမြင်၊ အကြံ,你的想法很好。｜我有一个新的想法。｜你对这件事有什么想法？｜每个人都有自己的想法。｜我的想法和你不一样。,Nǐ de xiǎngfǎ hěn hǎo.｜Wǒ yǒu yí ge xīn de xiǎngfǎ.｜Nǐ duì zhè jiàn shì yǒu shénme xiǎngfǎ?｜Měi ge rén dōu yǒu zìjǐ de xiǎngfǎ.｜Wǒ de xiǎngfǎ hé nǐ bù yíyàng.,Your idea is good.｜I have a new idea.｜What do you think about this matter?｜Everyone has their own ideas.｜My idea is different from yours.,မင်းရဲ့အတွေးက ကောင်းတယ်။｜ကျွန်တော့်မှာ အတွေးအသစ်တစ်ခုရှိတယ်။｜ဒီကိစ္စနဲ့ပတ်သက်ပြီး မင်းဘယ်လိုထင်လဲ။｜လူတိုင်းမှာ ကိုယ့်အတွေးနဲ့ကိုယ် ရှိတယ်။｜ကျွန်တော့်အတွေးက မင်းနဲ့မတူဘူး။,想法 (xiǎngfǎ) — အတွေးအမြင်｜意见 (yìjiàn) — အမြင်｜办法 (bànfǎ) — နည်းလမ်း｜主意 (zhǔyi) — အကြံ｜看法 (kànfǎ) — ရှုမြင်ချက်
1098,2,想起,xiǎng qǐ,remember; recall; think of; call to mind,သတိရသည်,我突然想起他的名字。｜看到这张照片，我想起了小时候。｜我想起昨天发生的事情。｜她听到这首歌，想起了朋友。｜我终于想起答案了。,"Wǒ tūrán xiǎngqǐ tā de míngzi.｜Kàndào zhè zhāng zhàopiàn, wǒ xiǎngqǐ le xiǎoshíhou.｜Wǒ xiǎngqǐ zuótiān fāshēng de shìqing.｜Tā tīngdào zhè shǒu gē, xiǎngqǐ le péngyou.｜Wǒ zhōngyú xiǎngqǐ dá'àn le.","I suddenly remembered his name.｜Seeing this photo reminded me of my childhood.｜I remembered what happened yesterday.｜When she heard this song, she remembered her friend.｜I finally remembered the answer.",ကျွန်တော် ရုတ်တရက် သူ့နာမည်ကို သတိရတယ်။｜ဒီဓာတ်ပုံကိုမြင်တော့ ငယ်ငယ်တုန်းကအချိန်ကို သတိရတယ်။｜မနေ့က ဖြစ်ခဲ့တာကို ကျွန်တော် သတိရတယ်။｜ဒီသီချင်းကိုကြားတော့ သူမ သူငယ်ချင်းကို သတိရတယ်။｜နောက်ဆုံးတော့ အဖြေကို သတိရပြီ။,记得 (jìde) — မှတ်မိသည်｜回想 (huíxiǎng) — ပြန်လည်သတိရသည်｜记起 (jìqǐ) — သတိရလာသည်｜回忆 (huíyì) — အမှတ်တရ｜想念 (xiǎngniàn) — လွမ်းသည်
1099,2,向,xiàng,towards,…ဘက်သို့၊ …ကို,他向我走过来。｜请向右走。｜我们向老师问了一个问题。｜孩子向妈妈跑去。｜他向大家介绍了自己。,Tā xiàng wǒ zǒu guòlái.｜Qǐng xiàng yòu zǒu.｜Wǒmen xiàng lǎoshī wèn le yí ge wèntí.｜Háizi xiàng māma pǎo qù.｜Tā xiàng dàjiā jièshào le zìjǐ.,He walked toward me.｜Please go to the right.｜We asked the teacher a question.｜The child ran toward his mother.｜He introduced himself to everyone.,သူ ကျွန်တော့်ဘက်ကို လျှောက်လာတယ်။｜ညာဘက်ကို သွားပါ။｜ကျွန်တော်တို့ ဆရာ့ကို မေးခွန်းတစ်ခု မေးခဲ့တယ်။｜ကလေးက သူ့အမေဆီကို ပြေးသွားတယ်။｜သူ အားလုံးကို သူ့ကိုယ်သူ မိတ်ဆက်ပေးခဲ့တယ်။,向前 (xiàng qián) — ရှေ့ဘက်သို့｜向后 (xiàng hòu) — နောက်ဘက်သို့｜向右 (xiàng yòu) — ညာဘက်သို့｜向左 (xiàng zuǒ) — ဘယ်ဘက်သို့｜方向 (fāngxiàng) — ဦးတည်ရာ
1100,2,相机,xiàng jī,camera,ကင်မရာ,我的相机坏了。｜我喜欢用相机拍照。｜这台相机很贵。｜她买了一台新相机。｜请帮我拿一下相机。,Wǒ de xiàngjī huài le.｜Wǒ xǐhuan yòng xiàngjī pāizhào.｜Zhè tái xiàngjī hěn guì.｜Tā mǎi le yì tái xīn xiàngjī.｜Qǐng bāng wǒ ná yíxià xiàngjī.,My camera is broken.｜I like taking photos with a camera.｜This camera is expensive.｜She bought a new camera.｜Please help me get the camera.,ကျွန်တော့်ကင်မရာ ပျက်သွားပြီ။｜ကျွန်တော် ကင်မရာနဲ့ ဓာတ်ပုံရိုက်ရတာ ကြိုက်တယ်။｜ဒီကင်မရာက ဈေးကြီးတယ်။｜သူမ ကင်မရာအသစ်တစ်လုံး ဝယ်ခဲ့တယ်။｜ကင်မရာကို ယူပေးပါ။,拍照 (pāizhào) — ဓာတ်ပုံရိုက်သည်｜照片 (zhàopiàn) — ဓာတ်ပုံ｜手机 (shǒujī) — မိုဘိုင်းဖုန်း｜摄影 (shèyǐng) — ဓာတ်ပုံပညာ｜摄像机 (shèxiàngjī) — ဗီဒီယိုကင်မရာ
1101,2,像（动）,xiàng,be like; resemble; look like; such as,…နှင့်တူသည်,你很像你的妈妈。｜这个孩子像他的爸爸。｜她笑起来很像姐姐。｜这朵云像一只小鸟。｜他看起来像老师。,Nǐ hěn xiàng nǐ de māma.｜Zhège háizi xiàng tā de bàba.｜Tā xiào qǐlái hěn xiàng jiějie.｜Zhè duǒ yún xiàng yì zhī xiǎoniǎo.｜Tā kàn qǐlái xiàng lǎoshī.,You look very much like your mother.｜This child looks like his father.｜She looks like her older sister when she smiles.｜This cloud looks like a little bird.｜He looks like a teacher.,မင်းက မင်းအမေနဲ့ အရမ်းတူတယ်။｜ဒီကလေးက သူ့အဖေနဲ့တူတယ်။｜သူမ ပြုံးတဲ့အခါ အစ်မနဲ့တူတယ်။｜ဒီတိမ်က ငှက်ကလေးတစ်ကောင်နဲ့ တူတယ်။｜သူက ဆရာနဲ့တူတယ်။,好像 (hǎoxiàng) — …လိုထင်ရသည်｜像是 (xiàng shì) — …ကဲ့သို့ဖြစ်သည်｜不像 (bú xiàng) — မတူ｜很像 (hěn xiàng) — အရမ်းတူသည်｜相像 (xiāngxiàng) — ဆင်တူသည်
1102,2,小（小王）,xiǎo （ xiǎo wáng ）,prefix (Xiao Wang),အသက်ငယ်သူကို ခေါ်သည့်ရှေ့ဆက်စကား,小王是我的同学。｜小王今天没有来。｜我刚才看到小王了。｜小王正在教室里学习。｜请把这本书给小王。,Xiǎo Wáng shì wǒ de tóngxué.｜Xiǎo Wáng jīntiān méiyǒu lái.｜Wǒ gāngcái kàndào Xiǎo Wáng le.｜Xiǎo Wáng zhèngzài jiàoshì lǐ xuéxí.｜Qǐng bǎ zhè běn shū gěi Xiǎo Wáng.,Xiao Wang is my classmate.｜Xiao Wang didn't come today.｜I just saw Xiao Wang.｜Xiao Wang is studying in the classroom.｜Please give this book to Xiao Wang.,小王 (ရှောင်ဝမ်) က ကျွန်တော့်အတန်းဖော်ပါ။｜小王 ဒီနေ့ မလာဘူး။｜ကျွန်တော် ခုနက 小王 ကို တွေ့ခဲ့တယ်။｜小王 စာသင်ခန်းထဲမှာ စာလေ့လာနေတယ်။｜ဒီစာအုပ်ကို 小王 ကို ပေးလိုက်ပါ။,小李 (Xiǎo Lǐ) — ရှောင်လီ｜小张 (Xiǎo Zhāng) — ရှောင်ကျန်း｜小陈 (Xiǎo Chén) — ရှောင်ချန်｜小朋友 (xiǎopéngyou) — ကလေး｜年轻人 (niánqīng rén) — လူငယ်
1103,2,小声,xiǎo shēng,in a low voice; in whispers,အသံတိုးတိုး,请小声说话。｜孩子们在图书馆里小声说话。｜他说话的声音很小。｜请你小声一点。｜他们小声地讨论这个问题。,Qǐng xiǎoshēng shuōhuà.｜Háizimen zài túshūguǎn lǐ xiǎoshēng shuōhuà.｜Tā shuōhuà de shēngyīn hěn xiǎo.｜Qǐng nǐ xiǎoshēng yìdiǎn.｜Tāmen xiǎoshēng de tǎolùn zhège wèntí.,Please speak quietly.｜The children are speaking quietly in the library.｜His speaking voice is very soft.｜Please speak a little more quietly.｜They discussed the problem quietly.,ကျေးဇူးပြုပြီး အသံတိုးတိုးပြောပါ။｜ကလေးတွေ စာကြည့်တိုက်ထဲမှာ အသံတိုးတိုးပြောနေကြတယ်။｜သူပြောတဲ့အသံက အရမ်းတိုးတယ်။｜ကျေးဇူးပြုပြီး နည်းနည်းအသံတိုးတိုးပြောပါ။｜သူတို့ မေးခွန်းကို အသံတိုးတိုးနဲ့ ဆွေးနွေးနေကြတယ်။,小声说话 (xiǎoshēng shuōhuà) — အသံတိုးတိုးပြောသည်｜声音小 (shēngyīn xiǎo) — အသံတိုးသည်｜安静 (ānjìng) — တိတ်ဆိတ်သည်｜大声 (dàshēng) — အသံကျယ်ကျယ်｜轻声 (qīngshēng) — အသံတိုးတိုး
1104,2,小时候,xiǎo shí hou,in one’s childhood; when one was young,ငယ်ငယ်တုန်းက,我小时候很喜欢画画。｜小时候我住在这里。｜她小时候很可爱。｜我小时候经常和朋友一起玩。｜小时候的生活很快乐。,Wǒ xiǎoshíhou hěn xǐhuan huàhuà.｜Xiǎoshíhou wǒ zhù zài zhèlǐ.｜Tā xiǎoshíhou hěn kě'ài.｜Wǒ xiǎoshíhou jīngcháng hé péngyou yìqǐ wán.｜Xiǎoshíhou de shēnghuó hěn kuàilè.,I loved drawing when I was little.｜I lived here when I was little.｜She was very cute when she was little.｜I often played with friends when I was little.｜Life was happy when I was little.,ကျွန်တော် ငယ်ငယ်တုန်းက ပန်းချီဆွဲရတာ အရမ်းကြိုက်တယ်။｜ငယ်ငယ်တုန်းက ဒီမှာနေခဲ့တယ်။｜သူမ ငယ်ငယ်တုန်းက အရမ်းချစ်စရာကောင်းတယ်။｜ငယ်ငယ်တုန်းက သူငယ်ချင်းတွေနဲ့ မကြာခဏ အတူကစားခဲ့တယ်။｜ငယ်ငယ်တုန်းက ဘဝက ပျော်စရာကောင်းတယ်။,小时候 (xiǎoshíhou) — ငယ်ငယ်တုန်းက｜小时 (xiǎoshí) — နာရီ｜小时候的生活 (xiǎoshíhou de shēnghuó) — ငယ်ဘဝ｜童年 (tóngnián) — ကလေးဘဝ｜小时候的朋友 (xiǎoshíhou de péngyou) — ငယ်ဘဝသူငယ်ချင်း
1105,2,小说,xiǎoshuō,Novel,ဝတ္ထု,我喜欢看小说。｜这本小说很好看。｜她正在读一本小说。｜这是一部很有名的小说。｜我昨天看完了这本小说。,Wǒ xǐhuan kàn xiǎoshuō.｜Zhè běn xiǎoshuō hěn hǎokàn.｜Tā zhèngzài dú yì běn xiǎoshuō.｜Zhè shì yí bù hěn yǒumíng de xiǎoshuō.｜Wǒ zuótiān kàn wán le zhè běn xiǎoshuō.,I like reading novels.｜This novel is very interesting.｜She is reading a novel.｜This is a very famous novel.｜I finished reading this novel yesterday.,ဝတ္ထုဖတ်ရတာ ကျွန်တော်ကြိုက်တယ်။｜ဒီဝတ္ထုက ဖတ်လို့အရမ်းကောင်းတယ်။｜သူမ ဝတ္ထုတစ်အုပ် ဖတ်နေတယ်။｜ဒါက နာမည်ကြီးဝတ္ထုတစ်အုပ်ပါ။｜မနေ့က ဒီဝတ္ထုကို ဖတ်ပြီးသွားပြီ။,小说家 (xiǎoshuōjiā) — ဝတ္ထုရေးဆရာ｜长篇小说 (chángpiān xiǎoshuō) — ဝတ္ထုရှည်｜短篇小说 (duǎnpiān xiǎoshuō) — ဝတ္ထုတို｜小说书 (xiǎoshuō shū) — ဝတ္ထုစာအုပ်｜网络小说 (wǎngluò xiǎoshuō) — အွန်လိုင်းဝတ္ထု
1106,2,小心,xiǎoxīn,Look out,သတိထားသည်,过马路时要小心。｜小心一点，地上很滑。｜你走路要小心。｜小心别摔倒。｜开车时一定要小心。,"Guò mǎlù shí yào xiǎoxīn.｜Xiǎoxīn yìdiǎn, dìshang hěn huá.｜Nǐ zǒulù yào xiǎoxīn.｜Xiǎoxīn bié shuāidǎo.｜Kāichē shí yídìng yào xiǎoxīn.",Be careful when crossing the road.｜Be a little careful; the ground is slippery.｜You should be careful when walking.｜Be careful not to fall.｜You must be careful when driving.,လမ်းဖြတ်တဲ့အခါ သတိထားပါ။｜နည်းနည်းသတိထား၊ မြေပြင်က ချော်တယ်။｜လမ်းလျှောက်တဲ့အခါ သတိထားပါ။｜သတိထားပြီး မလဲကျအောင်နေပါ။｜ကားမောင်းတဲ့အခါ သေချာသတိထားရမယ်။,小心点 (xiǎoxīn diǎn) — သတိထားပါ｜小心翼翼 (xiǎoxīn yìyì) — အလွန်ဂရုစိုက်သည်｜小心眼 (xiǎoxīnyǎn) — စိတ်ကျဉ်းမြောင်းသည်｜当心 (dāngxīn) — သတိထားသည်｜注意 (zhùyì) — ဂရုပြုသည်
1107,2,小组,xiǎo zǔ,group,အဖွဲ့ငယ်,我们小组有五个人。｜这个小组正在讨论问题。｜我和他是同一个小组的。｜小组成员都来了。｜老师让我们分成几个小组。,Wǒmen xiǎozǔ yǒu wǔ ge rén.｜Zhège xiǎozǔ zhèngzài tǎolùn wèntí.｜Wǒ hé tā shì tóng yí ge xiǎozǔ de.｜Xiǎozǔ chéngyuán dōu lái le.｜Lǎoshī ràng wǒmen fēn chéng jǐ ge xiǎozǔ.,There are five people in our group.｜This group is discussing a problem.｜He and I are in the same group.｜All the group members came.｜The teacher divided us into several groups.,ကျွန်တော်တို့အဖွဲ့မှာ လူငါးယောက်ရှိတယ်။｜ဒီအဖွဲ့က ပြဿနာတစ်ခုကို ဆွေးနွေးနေတယ်။｜သူနဲ့ကျွန်တော်က အဖွဲ့တစ်ဖွဲ့တည်းကပါ။｜အဖွဲ့ဝင်တွေအားလုံး ရောက်လာကြတယ်။｜ဆရာက ကျွန်တော်တို့ကို အဖွဲ့အများကြီးခွဲလိုက်တယ်။,小组成员 (xiǎozǔ chéngyuán) — အဖွဲ့ဝင်｜小组活动 (xiǎozǔ huódòng) — အဖွဲ့လှုပ်ရှားမှု｜小组讨论 (xiǎozǔ tǎolùn) — အဖွဲ့လိုက်ဆွေးနွေးမှု｜分组 (fēnzǔ) — အဖွဲ့ခွဲသည်｜团队 (tuánduì) — အဖွဲ့
1108,2,校园,xiào yuán,campus; schoolyard,ကျောင်းဝင်း,我喜欢我们的校园。｜校园里有很多树。｜学生们正在校园里散步。｜这个校园很漂亮。｜放学后校园里很安静。,Wǒ xǐhuan wǒmen de xiàoyuán.｜Xiàoyuán lǐ yǒu hěn duō shù.｜Xuéshengmen zhèngzài xiàoyuán lǐ sànbù.｜Zhège xiàoyuán hěn piàoliang.｜Fàngxué hòu xiàoyuán lǐ hěn ānjìng.,I like our campus.｜There are many trees on campus.｜The students are walking around the campus.｜This campus is beautiful.｜The campus is quiet after school.,ကျွန်တော်တို့ကျောင်းဝင်းကို ကြိုက်တယ်။｜ကျောင်းဝင်းထဲမှာ သစ်ပင်တွေအများကြီးရှိတယ်။｜ကျောင်းသားတွေ ကျောင်းဝင်းထဲမှာ လမ်းလျှောက်နေကြတယ်။｜ဒီကျောင်းဝင်းက လှတယ်။｜ကျောင်းဆင်းပြီးရင် ကျောင်းဝင်းထဲမှာ တိတ်ဆိတ်တယ်။,校园生活 (xiàoyuán shēnghuó) — ကျောင်းဝင်းဘဝ｜校园活动 (xiàoyuán huódòng) — ကျောင်းလှုပ်ရှားမှု｜校园文化 (xiàoyuán wénhuà) — ကျောင်းယဉ်ကျေးမှု｜校园网 (xiàoyuán wǎng) — ကျောင်းကွန်ရက်｜学校 (xuéxiào) — ကျောင်း
1109,2,校长,xiàozhǎng,Principal,ကျောင်းအုပ်ကြီး,我们的校长很亲切。｜校长正在办公室里工作。｜校长今天给学生们讲话。｜学生们都认识校长。｜校长参加了学校的活动。,Wǒmen de xiàozhǎng hěn qīnqiè.｜Xiàozhǎng zhèngzài bàngōngshì lǐ gōngzuò.｜Xiàozhǎng jīntiān gěi xuéshengmen jiǎnghuà.｜Xuéshengmen dōu rènshi xiàozhǎng.｜Xiàozhǎng cānjiā le xuéxiào de huódòng.,Our principal is very friendly.｜The principal is working in the office.｜The principal is speaking to the students today.｜All the students know the principal.｜The principal attended the school activity.,ကျွန်တော်တို့ကျောင်းအုပ်ကြီးက အရမ်းဖော်ရွေတယ်။｜ကျောင်းအုပ်ကြီး ရုံးခန်းထဲမှာ အလုပ်လုပ်နေတယ်။｜ကျောင်းအုပ်ကြီး ဒီနေ့ ကျောင်းသားတွေကို စကားပြောတယ်။｜ကျောင်းသားတွေအားလုံး ကျောင်းအုပ်ကြီးကို သိကြတယ်။｜ကျောင်းအုပ်ကြီးက ကျောင်းလှုပ်ရှားမှုမှာ ပါဝင်ခဲ့တယ်။,副校长 (fùxiàozhǎng) — ဒုကျောင်းအုပ်｜校长办公室 (xiàozhǎng bàngōngshì) — ကျောင်းအုပ်ရုံးခန်း｜校长室 (xiàozhǎng shì) — ကျောင်းအုပ်ရုံးခန်း｜校领导 (xiào lǐngdǎo) — ကျောင်းခေါင်းဆောင်｜学校领导 (xuéxiào lǐngdǎo) — ကျောင်းခေါင်းဆောင်များ
1110,2,笑话,xiàohua,joke,ဟာသ၊ ရယ်စရာ,他给我们讲了一个笑话。｜这个笑话很好笑。｜我不明白这个笑话。｜大家听完笑话都笑了。｜她喜欢讲笑话。,Tā gěi wǒmen jiǎng le yí ge xiàohuà.｜Zhège xiàohuà hěn hǎoxiào.｜Wǒ bù míngbai zhège xiàohuà.｜Dàjiā tīng wán xiàohuà dōu xiào le.｜Tā xǐhuan jiǎng xiàohuà.,He told us a joke.｜This joke is very funny.｜I don't understand this joke.｜Everyone laughed after hearing the joke.｜She likes telling jokes.,သူ ကျွန်တော်တို့ကို ဟာသတစ်ခုပြောပြတယ်။｜ဒီဟာသက အရမ်းရယ်ရတယ်။｜ဒီဟာသကို ကျွန်တော် နားမလည်ဘူး။｜အားလုံး ဟာသနားထောင်ပြီး ရယ်ကြတယ်။｜သူမ ဟာသပြောရတာ ကြိုက်တယ်။,讲笑话 (jiǎng xiàohuà) — ဟာသပြောသည်｜好笑 (hǎoxiào) — ရယ်စရာကောင်းသည်｜笑声 (xiàoshēng) — ရယ်သံ｜幽默 (yōumò) — ဟာသဉာဏ်｜搞笑 (gǎoxiào) — ရယ်စရာကောင်းသည်
1111,2,笑话儿,xiào huàr,joke,ဟာသ၊ ရယ်စရာ,他给我讲了一个笑话儿。｜这个笑话儿真有意思。｜我听了一个很好笑的笑话儿。｜大家都喜欢听笑话儿。｜他说了几个笑话儿。,Tā gěi wǒ jiǎng le yí ge xiàohuàr.｜Zhège xiàohuàr zhēn yǒu yìsi.｜Wǒ tīng le yí ge hěn hǎoxiào de xiàohuàr.｜Dàjiā dōu xǐhuan tīng xiàohuàr.｜Tā shuō le jǐ ge xiàohuàr.,He told me a joke.｜This joke is really interesting.｜I heard a very funny joke.｜Everyone likes listening to jokes.｜He told several jokes.,သူ ကျွန်တော့်ကို ဟာသတစ်ခုပြောပြတယ်။｜ဒီဟာသက တကယ်စိတ်ဝင်စားဖို့ကောင်းတယ်။｜ကျွန်တော် အရမ်းရယ်ရတဲ့ဟာသတစ်ခု ကြားခဲ့တယ်။｜အားလုံး ဟာသနားထောင်ရတာ ကြိုက်ကြတယ်။｜သူ ဟာသအနည်းငယ် ပြောပြတယ်။,笑话 (xiàohuà) — ဟာသ｜讲笑话儿 (jiǎng xiàohuàr) — ဟာသပြောသည်｜好笑 (hǎoxiào) — ရယ်စရာကောင်းသည်｜笑声 (xiàoshēng) — ရယ်သံ｜幽默 (yōumò) — ဟာသဉာဏ်
1112,2,鞋,xié,shoes,ဖိနပ်,我的鞋脏了。｜这双鞋很舒服。｜我买了一双新鞋。｜你的鞋在哪里？｜这双鞋太小了。,Wǒ de xié zāng le.｜Zhè shuāng xié hěn shūfu.｜Wǒ mǎi le yì shuāng xīn xié.｜Nǐ de xié zài nǎlǐ?｜Zhè shuāng xié tài xiǎo le.,My shoes are dirty.｜These shoes are comfortable.｜I bought a new pair of shoes.｜Where are your shoes?｜These shoes are too small.,ကျွန်တော့်ဖိနပ်တွေ ညစ်ပတ်နေတယ်။｜ဒီဖိနပ်တစ်ရံက စီးရတာသက်တောင့်သက်သာရှိတယ်။｜ကျွန်တော် ဖိနပ်အသစ်တစ်ရံ ဝယ်ခဲ့တယ်။｜မင်းရဲ့ဖိနပ် ဘယ်မှာလဲ။｜ဒီဖိနပ်က သေးလွန်းတယ်။,鞋子 (xiézi) — ဖိနပ်｜鞋店 (xiédiàn) — ဖိနပ်ဆိုင်｜鞋带 (xiédài) — ဖိနပ်ကြိုး｜皮鞋 (píxié) — သားရေဖိနပ်｜运动鞋 (yùndòngxié) — အားကစားဖိနပ်
1113,2,心里,xīn lǐ,in the heart; at heart,စိတ်ထဲမှာ,我心里很高兴。｜我心里有点儿紧张。｜这句话一直在我心里。｜她心里很难过。｜我心里有一个问题。,Wǒ xīnli hěn gāoxìng.｜Wǒ xīnli yǒudiǎnr jǐnzhāng.｜Zhè jù huà yìzhí zài wǒ xīnli.｜Tā xīnli hěn nánguò.｜Wǒ xīnli yǒu yí ge wèntí.,I am very happy inside.｜I feel a little nervous inside.｜These words have stayed in my heart.｜She feels very sad inside.｜I have a question in my mind.,ကျွန်တော့်စိတ်ထဲမှာ အရမ်းပျော်တယ်။｜ကျွန်တော့်စိတ်ထဲမှာ နည်းနည်းစိတ်လှုပ်ရှားနေတယ်။｜ဒီစကားက ကျွန်တော့်စိတ်ထဲမှာ အမြဲရှိနေတယ်။｜သူမ စိတ်ထဲမှာ အရမ်းဝမ်းနည်းနေတယ်။｜ကျွန်တော့်စိတ်ထဲမှာ မေးခွန်းတစ်ခုရှိတယ်။,心中 (xīnzhōng) — စိတ်ထဲမှာ｜心情 (xīnqíng) — စိတ်ခံစားချက်｜内心 (nèixīn) — အတွင်းစိတ်｜心里话 (xīnlihuà) — စိတ်ထဲကစကား｜心里有数 (xīnli yǒushù) — အခြေအနေကိုသိထားသည်
1114,2,心情,xīnqíng,mood,စိတ်ခံစားချက်,今天我的心情很好。｜听到这个消息，我的心情很复杂。｜她现在心情不好。｜音乐让我的心情变好了。｜希望你每天都有好心情。,"Jīntiān wǒ de xīnqíng hěn hǎo.｜Tīngdào zhège xiāoxi, wǒ de xīnqíng hěn fùzá.｜Tā xiànzài xīnqíng bù hǎo.｜Yīnyuè ràng wǒ de xīnqíng biàn hǎo le.｜Xīwàng nǐ měitiān dōu yǒu hǎo xīnqíng.",I am in a good mood today.｜My mood is complicated after hearing this news.｜She is in a bad mood now.｜Music made me feel better.｜I hope you are in a good mood every day.,ဒီနေ့ ကျွန်တော့်စိတ်ခံစားချက်က အရမ်းကောင်းတယ်။｜ဒီသတင်းကြားပြီး ကျွန်တော့်စိတ်ခံစားချက်က ရှုပ်ထွေးနေတယ်။｜သူမ အခု စိတ်မကောင်းဘူး။｜သီချင်းနားထောင်ရင် ကျွန်တော့်စိတ်ပိုကောင်းလာတယ်။｜မင်းနေ့တိုင်း စိတ်ကောင်းရွှင်လန်းပါစေ။,好心情 (hǎo xīnqíng) — စိတ်ကောင်းရွှင်လန်းမှု｜心情不好 (xīnqíng bù hǎo) — စိတ်မကောင်းဖြစ်သည်｜心情愉快 (xīnqíng yúkuài) — စိတ်ရွှင်လန်းသည်｜心情复杂 (xīnqíng fùzá) — စိတ်ခံစားချက်ရှုပ်ထွေးသည်｜心情变化 (xīnqíng biànhuà) — စိတ်ခံစားချက်ပြောင်းလဲမှု
1115,2,心中,xīn zhōng,in the heart; at heart; in mind,စိတ်ထဲမှာ,我心中有一个梦想。｜他心中很感动。｜这件事一直在我心中。｜她心中充满了希望。｜我心中有很多问题。,Wǒ xīnzhōng yǒu yí ge mèngxiǎng.｜Tā xīnzhōng hěn gǎndòng.｜Zhè jiàn shì yìzhí zài wǒ xīnzhōng.｜Tā xīnzhōng chōngmǎn le xīwàng.｜Wǒ xīnzhōng yǒu hěn duō wèntí.,I have a dream in my heart.｜He is deeply moved inside.｜This matter has always been in my heart.｜Her heart is full of hope.｜I have many questions in my heart.,ကျွန်တော့်စိတ်ထဲမှာ အိပ်မက်တစ်ခုရှိတယ်။｜သူ့စိတ်ထဲမှာ အရမ်းခံစားရတယ်။｜ဒီကိစ္စက ကျွန်တော့်စိတ်ထဲမှာ အမြဲရှိနေတယ်။｜သူမရဲ့စိတ်ထဲမှာ မျှော်လင့်ချက်တွေနဲ့ ပြည့်နေတယ်။｜ကျွန်တော့်စိတ်ထဲမှာ မေးခွန်းတွေအများကြီးရှိတယ်။,心里 (xīnli) — စိတ်ထဲမှာ｜内心 (nèixīn) — အတွင်းစိတ်｜心中有数 (xīnzhōng yǒushù) — အခြေအနေကို သိထားသည်｜心中充满 (xīnzhōng chōngmǎn) — စိတ်ထဲတွင် ပြည့်နေသည်｜心愿 (xīnyuàn) — စိတ်ဆန္ဒ
1116,2,新闻,xīnwén,news,သတင်း,我每天早上看新闻。｜这个新闻很重要。｜我刚刚看到一条新闻。｜新闻里说今天会下雨。｜他喜欢看国际新闻。,Wǒ měitiān zǎoshang kàn xīnwén.｜Zhège xīnwén hěn zhòngyào.｜Wǒ gānggāng kàn dào yì tiáo xīnwén.｜Xīnwén lǐ shuō jīntiān huì xiàyǔ.｜Tā xǐhuan kàn guójì xīnwén.,I watch the news every morning.｜This news is very important.｜I just saw a piece of news.｜The news says it will rain today.｜He likes watching international news.,ကျွန်တော် မနက်တိုင်း သတင်းကြည့်တယ်။｜ဒီသတင်းက အရမ်းအရေးကြီးတယ်။｜ကျွန်တော် ခုနက သတင်းတစ်ပုဒ်တွေ့တယ်။｜ဒီနေ့ မိုးရွာမယ်လို့ သတင်းမှာပြောတယ်။｜သူ နိုင်ငံတကာသတင်းတွေ ကြည့်ရတာကြိုက်တယ်။,新闻报道 (xīnwén bàodào) — သတင်းအစီရင်ခံစာ｜新闻记者 (xīnwén jìzhě) — သတင်းထောက်｜新闻节目 (xīnwén jiémù) — သတင်းအစီအစဉ်｜国际新闻 (guójì xīnwén) — နိုင်ငံတကာသတင်း｜新闻网站 (xīnwén wǎngzhàn) — သတင်းဝက်ဘ်ဆိုက်
1117,2,信（名）,xìn,letter; mail; faith,စာ,我给朋友写了一封信。｜这封信是昨天收到的。｜请把这封信给我。｜她正在读一封信。｜我很久没有收到他的信了。,Wǒ gěi péngyou xiě le yì fēng xìn.｜Zhè fēng xìn shì zuótiān shōudào de.｜Qǐng bǎ zhè fēng xìn gěi wǒ.｜Tā zhèngzài dú yì fēng xìn.｜Wǒ hěn jiǔ méiyǒu shōudào tā de xìn le.,I wrote a letter to my friend.｜This letter was received yesterday.｜Please give me this letter.｜She is reading a letter.｜I haven't received his letter for a long time.,ကျွန်တော် သူငယ်ချင်းကို စာတစ်စောင်ရေးခဲ့တယ်။｜ဒီစာကို မနေ့က လက်ခံရရှိခဲ့တယ်။｜ဒီစာကို ကျွန်တော့်ကို ပေးပါ။｜သူမ စာတစ်စောင် ဖတ်နေတယ်။｜သူ့ဆီက စာမရတာ ကြာပြီ။,写信 (xiě xìn) — စာရေးသည်｜一封信 (yì fēng xìn) — စာတစ်စောင်｜信件 (xìnjiàn) — စာ｜来信 (láixìn) — ရောက်လာသောစာ｜回信 (huíxìn) — စာပြန်သည်
1118,2,信号,xìnhào,signal,အချက်ပြ၊ signal,手机没有信号。｜这里的信号很好。｜我的手机信号很弱。｜地铁里没有信号。｜请检查一下网络信号。,Shǒujī méiyǒu xìnhào.｜Zhèlǐ de xìnhào hěn hǎo.｜Wǒ de shǒujī xìnhào hěn ruò.｜Dìtiě lǐ méiyǒu xìnhào.｜Qǐng jiǎnchá yíxià wǎngluò xìnhào.,There is no signal on the phone.｜The signal is good here.｜My phone signal is weak.｜There is no signal on the subway.｜Please check the network signal.,ဖုန်းမှာ signal မရှိဘူး။｜ဒီနေရာမှာ signal ကောင်းတယ်။｜ကျွန်တော့်ဖုန်း signal အားနည်းတယ်။｜မြေအောက်ရထားထဲမှာ signal မရှိဘူး။｜Network signal ကို စစ်ပေးပါ။,手机信号 (shǒujī xìnhào) — ဖုန်း signal｜网络信号 (wǎngluò xìnhào) — ကွန်ရက် signal｜信号灯 (xìnhàodēng) — အချက်ပြမီး｜信号强 (xìnhào qiáng) — signal အားကောင်းသည်｜信号弱 (xìnhào ruò) — signal အားနည်းသည်
1119,2,信息,xìnxī,information,သတင်းအချက်အလက်,我需要更多信息。｜请给我一些信息。｜这个网站提供很多信息。｜我刚刚收到一条信息。｜这些信息非常重要。,Wǒ xūyào gèng duō xìnxī.｜Qǐng gěi wǒ yìxiē xìnxī.｜Zhège wǎngzhàn tígōng hěn duō xìnxī.｜Wǒ gānggāng shōudào yì tiáo xìnxī.｜Zhèxiē xìnxī fēicháng zhòngyào.,I need more information.｜Please give me some information.｜This website provides a lot of information.｜I just received a message.｜This information is very important.,ကျွန်တော် သတင်းအချက်အလက် ပိုလိုတယ်။｜ကျေးဇူးပြုပြီး အချက်အလက်အချို့ ပေးပါ။｜ဒီဝက်ဘ်ဆိုက်မှာ အချက်အလက်တွေအများကြီး ပေးထားတယ်။｜ကျွန်တော် ခုနက message တစ်စောင် လက်ခံရရှိတယ်။｜ဒီအချက်အလက်တွေက အရမ်းအရေးကြီးတယ်။,信息量 (xìnxīliàng) — အချက်အလက်ပမာဏ｜信息技术 (xìnxī jìshù) — သတင်းအချက်အလက်နည်းပညာ｜个人信息 (gèrén xìnxī) — ကိုယ်ရေးအချက်အလက်｜信息来源 (xìnxī láiyuán) — အချက်အလက်ရင်းမြစ်｜信息安全 (xìnxī ānquán) — အချက်အလက်လုံခြုံရေး
1120,2,信心,xìnxīn,confidence,ယုံကြည်မှု,我对自己很有信心。｜老师给了我信心。｜我们有信心完成这项工作。｜她对考试很有信心。｜不要失去信心。,Wǒ duì zìjǐ hěn yǒu xìnxīn.｜Lǎoshī gěi le wǒ xìnxīn.｜Wǒmen yǒu xìnxīn wánchéng zhè xiàng gōngzuò.｜Tā duì kǎoshì hěn yǒu xìnxīn.｜Bú yào shīqù xìnxīn.,I have a lot of confidence in myself.｜The teacher gave me confidence.｜We are confident that we can finish this work.｜She is very confident about the exam.｜Don't lose confidence.,ကိုယ့်ကိုယ်ကို ယုံကြည်မှုအများကြီးရှိတယ်။｜ဆရာက ကျွန်တော့်ကို ယုံကြည်မှု ပေးခဲ့တယ်။｜ဒီအလုပ်ကို ပြီးအောင်လုပ်နိုင်မယ်လို့ ကျွန်တော်တို့ ယုံကြည်တယ်။｜သူမ စာမေးပွဲအတွက် ယုံကြည်မှုရှိတယ်။｜ယုံကြည်မှုမပျောက်ပါစေနဲ့။,信心十足 (xìnxīn shízú) — ယုံကြည်မှုအပြည့်ရှိသည်｜增强信心 (zēngqiáng xìnxīn) — ယုံကြည်မှုတိုးစေသည်｜失去信心 (shīqù xìnxīn) — ယုံကြည်မှုဆုံးရှုံးသည်｜建立信心 (jiànlì xìnxīn) — ယုံကြည်မှုတည်ဆောက်သည်｜充满信心 (chōngmǎn xìnxīn) — ယုံကြည်မှုအပြည့်ရှိသည်
1121,2,信用卡,xìnyòngkǎ,Credit card,ခရက်ဒစ်ကတ်,我没有信用卡。｜他用信用卡买东西。｜这张信用卡不能用了。｜我想申请一张信用卡。｜信用卡可以用来付款。,Wǒ méiyǒu xìnyòngkǎ.｜Tā yòng xìnyòngkǎ mǎi dōngxi.｜Zhè zhāng xìnyòngkǎ bù néng yòng le.｜Wǒ xiǎng shēnqǐng yì zhāng xìnyòngkǎ.｜Xìnyòngkǎ kěyǐ yòng lái fùkuǎn.,I don't have a credit card.｜He uses a credit card to buy things.｜This credit card can't be used anymore.｜I want to apply for a credit card.｜A credit card can be used for payment.,ကျွန်တော့်မှာ ခရက်ဒစ်ကတ် မရှိဘူး။｜သူ ခရက်ဒစ်ကတ်သုံးပြီး ပစ္စည်းဝယ်တယ်။｜ဒီခရက်ဒစ်ကတ် သုံးလို့မရတော့ဘူး။｜ခရက်ဒစ်ကတ်တစ်ခု လျှောက်ချင်တယ်။｜ခရက်ဒစ်ကတ်ကို ငွေပေးချေဖို့ သုံးလို့ရတယ်။,信用卡号 (xìnyòngkǎ hào) — ခရက်ဒစ်ကတ်နံပါတ်｜信用卡付款 (xìnyòngkǎ fùkuǎn) — ခရက်ဒစ်ကတ်ဖြင့် ငွေပေးချေခြင်း｜信用额度 (xìnyòng édù) — ခရက်ဒစ်ကန့်သတ်ချက်｜银行卡 (yínhángkǎ) — ဘဏ်ကတ်｜借记卡 (jièjìkǎ) — ဒက်ဘစ်ကတ်
1122,2,星星,xīng xing,star,ကြယ်,天上有很多星星。｜今晚的星星很漂亮。｜我喜欢看星星。｜那颗星星很亮。｜孩子们在数星星。,Tiānshàng yǒu hěn duō xīngxing.｜Jīnwǎn de xīngxing hěn piàoliang.｜Wǒ xǐhuan kàn xīngxing.｜Nà kē xīngxing hěn liàng.｜Háizimen zài shǔ xīngxing.,There are many stars in the sky.｜The stars are beautiful tonight.｜I like looking at the stars.｜That star is very bright.｜The children are counting the stars.,ကောင်းကင်မှာ ကြယ်တွေအများကြီးရှိတယ်။｜ဒီည ကြယ်တွေက အရမ်းလှတယ်။｜ကျွန်တော် ကြယ်တွေကြည့်ရတာ ကြိုက်တယ်။｜အဲ့ဒီကြယ်က အရမ်းတောက်ပတယ်။｜ကလေးတွေ ကြယ်တွေကို ရေတွက်နေကြတယ်။,星光 (xīngguāng) — ကြယ်ရောင်｜星空 (xīngkōng) — ကြယ်ပြည့်ကောင်းကင်｜星座 (xīngzuò) — ကြယ်စု｜星球 (xīngqiú) — ဂြိုဟ်｜流星 (liúxīng) — ကြယ်ကြွေ
1123,2,行动,xíngdòng,Get some action,လုပ်ဆောင်ချက်၊ လှုပ်ရှားမှု,我们应该马上行动。｜他的行动很快。｜这次行动很成功。｜我们需要采取行动。｜行动比语言更重要。,Wǒmen yīnggāi mǎshàng xíngdòng.｜Tā de xíngdòng hěn kuài.｜Zhè cì xíngdòng hěn chénggōng.｜Wǒmen xūyào cǎiqǔ xíngdòng.｜Xíngdòng bǐ yǔyán gèng zhòngyào.,We should act immediately.｜His movements are very fast.｜This action was successful.｜We need to take action.｜Action is more important than words.,ကျွန်တော်တို့ ချက်ချင်း လုပ်ဆောင်သင့်တယ်။｜သူ့ရဲ့ လှုပ်ရှားမှုက အရမ်းမြန်တယ်။｜ဒီလုပ်ဆောင်ချက်က အောင်မြင်တယ်။｜ကျွန်တော်တို့ လုပ်ဆောင်ချက်ယူဖို့ လိုတယ်။｜လုပ်ဆောင်ချက်က စကားထက် ပိုအရေးကြီးတယ်။,行动起来 (xíngdòng qǐlái) — စတင်လုပ်ဆောင်သည်｜采取行动 (cǎiqǔ xíngdòng) — လုပ်ဆောင်ချက်ယူသည်｜行动计划 (xíngdòng jìhuà) — လုပ်ဆောင်ချက်အစီအစဉ်｜实际行动 (shíjì xíngdòng) — လက်တွေ့လုပ်ဆောင်ချက်｜联合行动 (liánhé xíngdòng) — ပူးပေါင်းလုပ်ဆောင်ချက်
1124,2,行人,xíngrén,pedestrian,လမ်းလျှောက်သူ,行人过马路时要小心。｜这里有很多行人。｜司机应该让行人先走。｜行人正在等红灯。｜这条路上的行人很多。,Xíngrén guò mǎlù shí yào xiǎoxīn.｜Zhèlǐ yǒu hěn duō xíngrén.｜Sījī yīnggāi ràng xíngrén xiān zǒu.｜Xíngrén zhèngzài děng hóngdēng.｜Zhè tiáo lù shàng de xíngrén hěn duō.,Pedestrians should be careful when crossing the road.｜There are many pedestrians here.｜Drivers should let pedestrians go first.｜The pedestrians are waiting for the red light.｜There are many pedestrians on this road.,လမ်းဖြတ်တဲ့အခါ လမ်းလျှောက်သူတွေ သတိထားသင့်တယ်။｜ဒီမှာ လမ်းလျှောက်သူတွေအများကြီးရှိတယ်။｜ကားမောင်းသူတွေက လမ်းလျှောက်သူတွေကို အရင်သွားခွင့်ပေးသင့်တယ်။｜လမ်းလျှောက်သူတွေ မီးနီကို စောင့်နေကြတယ်။｜ဒီလမ်းမှာ လမ်းလျှောက်သူတွေအများကြီးရှိတယ်။,行人道 (xíngrén dào) — လမ်းလျှောက်သူလမ်း｜行人过街 (xíngrén guòjiē) — လမ်းလျှောက်သူ လမ်းဖြတ်ခြင်း｜行人路 (xíngrén lù) — လူသွားလမ်း｜行人安全 (xíngrén ānquán) — လမ်းလျှောက်သူလုံခြုံရေး｜行人天桥 (xíngrén tiānqiáo) — လူကူးတံတား
1125,2,行为,xíngwéi,behavior,အပြုအမူ,他的行为很奇怪。｜我们应该注意自己的行为。｜这种行为是不对的。｜老师批评了他的行为。｜每个人都应该对自己的行为负责。,Tā de xíngwéi hěn qíguài.｜Wǒmen yīnggāi zhùyì zìjǐ de xíngwéi.｜Zhè zhǒng xíngwéi shì bú duì de.｜Lǎoshī pīpíng le tā de xíngwéi.｜Měi ge rén dōu yīnggāi duì zìjǐ de xíngwéi fùzé.,His behavior is strange.｜We should pay attention to our behavior.｜This kind of behavior is wrong.｜The teacher criticized his behavior.｜Everyone should be responsible for their own behavior.,သူ့အပြုအမူက ထူးဆန်းတယ်။｜ကျွန်တော်တို့ ကိုယ့်အပြုအမူကို သတိထားသင့်တယ်။｜ဒီလိုအပြုအမူက မမှန်ဘူး။｜ဆရာက သူ့အပြုအမူကို ဝေဖန်ခဲ့တယ်။｜လူတိုင်း ကိုယ့်အပြုအမူအတွက် ကိုယ်တိုင် တာဝန်ယူသင့်တယ်။,行为习惯 (xíngwéi xíguàn) — အပြုအမူအလေ့အထ｜行为方式 (xíngwéi fāngshì) — အပြုအမူပုံစံ｜不良行为 (bùliáng xíngwéi) — မကောင်းသောအပြုအမူ｜行为规范 (xíngwéi guīfàn) — အပြုအမူစည်းမျဉ်း｜行为表现 (xíngwéi biǎoxiàn) — အပြုအမူဖော်ပြချက်
1126,2,姓,xìng,surname,မျိုးရိုးအမည်,你姓什么？｜我姓王。｜他的姓很特别。｜请告诉我你的姓。｜她和我同姓。,Nǐ xìng shénme?｜Wǒ xìng Wáng.｜Tā de xìng hěn tèbié.｜Qǐng gàosu wǒ nǐ de xìng.｜Tā hé wǒ tóng xìng.,What is your surname?｜My surname is Wang.｜His surname is special.｜Please tell me your surname.｜She has the same surname as me.,မင်းမျိုးရိုးအမည်က ဘာလဲ။｜ကျွန်တော့်မျိုးရိုးအမည်က ဝမ်ပါ။｜သူ့မျိုးရိုးအမည်က ထူးခြားတယ်။｜မင်းရဲ့မျိုးရိုးအမည်ကို ပြောပြပါ။｜သူနဲ့ကျွန်တော် မျိုးရိုးအမည်တူတယ်။,姓名 (xìngmíng) — အမည်｜姓氏 (xìngshì) — မျိုးရိုးအမည်｜同姓 (tóngxìng) — မျိုးရိုးအမည်တူ｜复姓 (fùxìng) — နှစ်လုံးမျိုးရိုးအမည်｜姓王 (xìng Wáng) — ဝမ်မျိုးရိုးဖြစ်သည်
1127,2,姓名,xìng míng,full name,အမည်,请告诉我你的姓名。｜我的姓名是王丽。｜报名时需要填写姓名。｜他的姓名写错了。｜姓名不能随便填写。,Qǐng gàosu wǒ nǐ de xìngmíng.｜Wǒ de xìngmíng shì Wáng Lì.｜Bàomíng shí xūyào tiánxiě xìngmíng.｜Tā de xìngmíng xiě cuò le.｜Xìngmíng bù néng suíbiàn tiánxiě.,Please tell me your full name.｜My name is Wang Li.｜You need to fill in your name when registering.｜His name was written incorrectly.｜You cannot fill in a name carelessly.,မင်းရဲ့နာမည်အပြည့်အစုံကို ပြောပြပါ။｜ကျွန်တော့်နာမည်က ဝမ်လီပါ။｜စာရင်းသွင်းတဲ့အခါ နာမည်ရေးရတယ်။｜သူ့နာမည်ကို မှားရေးထားတယ်။｜နာမည်ကို စိတ်ကြိုက်ရေးလို့မရဘူး။,名字 (míngzi) — နာမည်｜姓名表 (xìngmíng biǎo) — အမည်စာရင်း｜姓名证件 (xìngmíng zhèngjiàn) — အမည်ပါ အထောက်အထား｜真实姓名 (zhēnshí xìngmíng) — အမည်ရင်း｜姓名信息 (xìngmíng xìnxī) — အမည်အချက်အလက်
1128,2,休假,xiū jià,have a holiday; take a vacation; be on furlough,အလုပ်ပိတ်ရက်ယူသည်,我下个月要休假。｜她正在休假。｜休假以后我要去旅行。｜员工每年都有休假时间。｜我想休假几天。,Wǒ xià ge yuè yào xiūjià.｜Tā zhèngzài xiūjià.｜Xiūjià yǐhòu wǒ yào qù lǚxíng.｜Yuángōng měi nián dōu yǒu xiūjià shíjiān.｜Wǒ xiǎng xiūjià jǐ tiān.,I am going on vacation next month.｜She is on vacation.｜I will travel after my vacation.｜Employees have vacation time every year.｜I want to take a few days off.,နောက်လမှာ အားလပ်ရက်ယူမယ်။｜သူမ အားလပ်ရက်ယူနေတယ်။｜အားလပ်ရက်ပြီးရင် ခရီးသွားမယ်။｜ဝန်ထမ်းတွေ နှစ်တိုင်း အားလပ်ရက်ရှိတယ်။｜ရက်အနည်းငယ် အားလပ်ရက်ယူချင်တယ်။,假期 (jiàqī) — အားလပ်ရက်｜休假日 (xiūjià rì) — အလုပ်ပိတ်ရက်｜请假 (qǐngjià) — ခွင့်ယူသည်｜放假 (fàngjià) — ကျောင်း/အလုပ်ပိတ်သည်｜休息 (xiūxi) — အနားယူသည်
1129,2,许多,xǔduō,many,အများကြီး၊ များစွာ,这里有许多学生。｜我有许多事情要做。｜商店里有许多客人。｜她认识许多人。｜这个问题有许多答案。,Zhèlǐ yǒu xǔduō xuésheng.｜Wǒ yǒu xǔduō shìqing yào zuò.｜Shāngdiàn lǐ yǒu xǔduō kèrén.｜Tā rènshi xǔduō rén.｜Zhège wèntí yǒu xǔduō dá'àn.,There are many students here.｜I have many things to do.｜There are many guests in the shop.｜She knows many people.｜This problem has many answers.,ဒီမှာ ကျောင်းသားတွေအများကြီးရှိတယ်။｜ကျွန်တော်လုပ်စရာတွေ အများကြီးရှိတယ်။｜ဆိုင်ထဲမှာ ဧည့်သည်တွေအများကြီးရှိတယ်။｜သူမ လူအများကြီးကို သိတယ်။｜ဒီမေးခွန်းမှာ အဖြေအများကြီးရှိတယ်။,很多 (hěn duō) — အများကြီး｜不少 (bù shǎo) — မနည်း｜大量 (dàliàng) — အမြောက်အမြား｜众多 (zhòngduō) — အများအပြား｜许多人 (xǔduō rén) — လူအများကြီး
1130,2,选,xuǎn,choose; select; pick,ရွေးသည်,你可以选一个。｜我不知道选哪个。｜她选了一件漂亮的衣服。｜请选你喜欢的颜色。｜我们一起选吧。,Nǐ kěyǐ xuǎn yí ge.｜Wǒ bù zhīdào xuǎn nǎ ge.｜Tā xuǎn le yí jiàn piàoliang de yīfu.｜Qǐng xuǎn nǐ xǐhuan de yánsè.｜Wǒmen yìqǐ xuǎn ba.,You can choose one.｜I don't know which one to choose.｜She chose a beautiful piece of clothing.｜Please choose the color you like.｜Let's choose together.,တစ်ခုရွေးလို့ရတယ်။｜ဘယ်တစ်ခုရွေးရမလဲ မသိဘူး။｜သူမ လှတဲ့အဝတ်အစားတစ်ထည်ကို ရွေးခဲ့တယ်။｜မင်းကြိုက်တဲ့အရောင်ကို ရွေးပါ။｜အတူတူရွေးကြရအောင်။,选择 (xuǎnzé) — ရွေးချယ်သည်｜选项 (xuǎnxiàng) — ရွေးချယ်စရာ｜选手 (xuǎnshǒu) — ပြိုင်ပွဲဝင်｜选出来 (xuǎn chūlái) — ရွေးထုတ်သည်｜挑选 (tiāoxuǎn) — ရွေးချယ်သည်
1131,2,学期,xuéqī,Semester,စာသင်နှစ်ဝက်,这个学期很忙。｜下个学期什么时候开始？｜我这学期学了很多东西。｜新学期就要开始了。｜这个学期我想努力学习。,Zhège xuéqī hěn máng.｜Xià ge xuéqī shénme shíhou kāishǐ?｜Wǒ zhè ge xuéqī xué le hěn duō dōngxi.｜Xīn xuéqī jiù yào kāishǐ le.｜Zhège xuéqī wǒ xiǎng nǔlì xuéxí.,This semester is busy.｜When does next semester start?｜I learned many things this semester.｜The new semester is about to start.｜I want to study hard this semester.,ဒီစာသင်နှစ်ဝက်က အလုပ်များတယ်။｜နောက်စာသင်နှစ်ဝက်က ဘယ်တော့စမလဲ။｜ဒီစာသင်နှစ်ဝက်မှာ အရာတွေအများကြီး သင်ယူခဲ့တယ်။｜စာသင်နှစ်ဝက်သစ် စတော့မယ်။｜ဒီစာသင်နှစ်ဝက်မှာ ကြိုးစားပြီး စာလေ့လာချင်တယ်။,上学期 (shàng xuéqī) — ပြီးခဲ့သောစာသင်နှစ်ဝက်｜下学期 (xià xuéqī) — နောက်စာသင်နှစ်ဝက်｜新学期 (xīn xuéqī) — စာသင်နှစ်ဝက်သစ်｜学期末 (xuéqī mò) — စာသင်နှစ်ဝက်အဆုံး｜学期开始 (xuéqī kāishǐ) — စာသင်နှစ်ဝက်စတင်ခြင်း
1132,2,雪,xuě,Snow,နှင်း,冬天这里会下雪。｜昨天晚上下雪了。｜孩子们喜欢玩雪。｜雪已经停了。｜山上有很多雪。,Dōngtiān zhèlǐ huì xiàxuě.｜Zuótiān wǎnshang xiàxuě le.｜Háizimen xǐhuan wán xuě.｜Xuě yǐjīng tíng le.｜Shān shàng yǒu hěn duō xuě.,It snows here in winter.｜It snowed last night.｜The children like playing in the snow.｜The snow has stopped.｜There is a lot of snow on the mountain.,ဆောင်းရာသီမှာ ဒီမှာ နှင်းကျတယ်။｜မနေ့ညက နှင်းကျတယ်။｜ကလေးတွေ နှင်းနဲ့ကစားရတာ ကြိုက်တယ်။｜နှင်းကျတာ ရပ်သွားပြီ။｜တောင်ပေါ်မှာ နှင်းတွေအများကြီးရှိတယ်။,雪花 (xuěhuā) — နှင်းပွင့်｜下雪 (xiàxuě) — နှင်းကျသည်｜雪人 (xuěrén) — နှင်းလူ｜大雪 (dàxuě) — နှင်းအများကြီးကျခြင်း｜雪山 (xuěshān) — နှင်းဖုံးတောင်
1133,2,颜色,yánsè,colour,အရောင်,你喜欢什么颜色？｜我喜欢蓝色。｜这种颜色很好看。｜她穿了一件红色的衣服。｜请告诉我你喜欢的颜色。,Nǐ xǐhuan shénme yánsè?｜Wǒ xǐhuan lánsè.｜Zhè zhǒng yánsè hěn hǎokàn.｜Tā chuān le yí jiàn hóngsè de yīfu.｜Qǐng gàosu wǒ nǐ xǐhuan de yánsè.,What color do you like?｜I like blue.｜This color looks nice.｜She is wearing a red dress.｜Please tell me what color you like.,မင်း ဘယ်အရောင်ကို ကြိုက်လဲ။｜ကျွန်တော် အပြာရောင်ကို ကြိုက်တယ်။｜ဒီအရောင်က အရမ်းလှတယ်။｜သူမ အနီရောင်အဝတ်အစား ဝတ်ထားတယ်။｜မင်းကြိုက်တဲ့အရောင်ကို ပြောပြပါ။,红色 (hóngsè) — အနီရောင်｜蓝色 (lánsè) — အပြာရောင်｜绿色 (lǜsè) — အစိမ်းရောင်｜黑色 (hēisè) — အနက်ရောင်｜白色 (báisè) — အဖြူရောင်
1134,2,眼,yǎn,eye,မျက်လုံး,我的眼睛很累。｜她有一双漂亮的眼睛。｜我的眼睛进了东西。｜请闭上眼睛。｜他的眼睛很大。,Wǒ de yǎnjing hěn lèi.｜Tā yǒu yì shuāng piàoliang de yǎnjing.｜Wǒ de yǎnjing jìn le dōngxi.｜Qǐng bì shàng yǎnjing.｜Tā de yǎnjing hěn dà.,My eyes are tired.｜She has beautiful eyes.｜Something got into my eye.｜Please close your eyes.｜His eyes are big.,ကျွန်တော့်မျက်လုံးတွေ ပင်ပန်းနေတယ်။｜သူမမှာ လှပတဲ့မျက်လုံးတစ်စုံရှိတယ်။｜ကျွန်တော့်မျက်လုံးထဲ တစ်ခုခုဝင်သွားတယ်။｜မျက်လုံးမှိတ်ပါ။｜သူ့မျက်လုံးတွေက ကြီးတယ်။,眼睛 (yǎnjing) — မျက်လုံး｜眼镜 (yǎnjìng) — မျက်မှန်｜眼神 (yǎnshén) — မျက်လုံးအမူအရာ｜眼泪 (yǎnlèi) — မျက်ရည်｜眼前 (yǎnqián) — မျက်စိရှေ့တွင်
1135,2,眼睛,yǎnjing,Eye,မျက်လုံး,我的眼睛有点儿累。｜她的眼睛很漂亮。｜请闭上眼睛。｜他的眼睛很大。｜我昨天眼睛不舒服。,Wǒ de yǎnjing yǒudiǎnr lèi.｜Tā de yǎnjing hěn piàoliang.｜Qǐng bì shàng yǎnjing.｜Tā de yǎnjing hěn dà.｜Wǒ zuótiān yǎnjing bù shūfu.,My eyes are a little tired.｜Her eyes are beautiful.｜Please close your eyes.｜His eyes are big.｜My eyes felt uncomfortable yesterday.,မျက်လုံးတွေ နည်းနည်းပင်ပန်းနေတယ်။｜သူမရဲ့မျက်လုံးတွေ လှတယ်။｜မျက်လုံးမှိတ်ပါ။｜သူ့မျက်လုံးတွေ ကြီးတယ်။｜မနေ့က ကျွန်တော့်မျက်လုံးတွေ မသက်မသာဖြစ်တယ်။,眼神 (yǎnshén) — မျက်လုံးအကြည့်｜眼泪 (yǎnlèi) — မျက်ရည်｜眼镜 (yǎnjìng) — မျက်မှန်｜闭眼 (bì yǎn) — မျက်လုံးမှိတ်သည်｜睁眼 (zhēng yǎn) — မျက်လုံးဖွင့်သည်
1136,2,养,yǎng,raise; keep; support; cultivate,မွေးမြူသည်၊ ပြုစုသည်,我喜欢养猫。｜她在家养了一只狗。｜父母把孩子养大了。｜我们要好好养花。｜他养成了早睡的习惯。,Wǒ xǐhuan yǎng māo.｜Tā zài jiā yǎng le yì zhī gǒu.｜Fùmǔ bǎ háizi yǎng dà le.｜Wǒmen yào hǎohāo yǎng huā.｜Tā yǎngchéng le zǎoshuì de xíguàn.,I like keeping cats.｜She keeps a dog at home.｜The parents raised their child.｜We should take good care of the flowers.｜He developed a habit of going to bed early.,ကျွန်တော် ကြောင်မွေးရတာ ကြိုက်တယ်။｜သူမ အိမ်မှာ ခွေးတစ်ကောင်မွေးထားတယ်။｜မိဘတွေက ကလေးကို ပြုစုပျိုးထောင်ခဲ့တယ်။｜ကျွန်တော်တို့ ပန်းတွေကို ကောင်းကောင်းပြုစုသင့်တယ်။｜သူ စောစောအိပ်တဲ့အကျင့် ရလာတယ်။,养活 (yǎnghuó) — ကျွေးမွေးသည်｜养成 (yǎngchéng) — အကျင့်ဖြစ်လာစေသည်｜养花 (yǎng huā) — ပန်းစိုက်/ပြုစုသည်｜养狗 (yǎng gǒu) — ခွေးမွေးသည်｜培养 (péiyǎng) — ပြုစုပျိုးထောင်သည်
1137,2,样子,yàngzi,A look,ပုံစံ၊ အသွင်အပြင်,这个衣服的样子很好看。｜我喜欢这双鞋的样子。｜他现在的样子很开心。｜你喜欢什么样子？｜这个房子的样子很特别。,Zhège yīfu de yàngzi hěn hǎokàn.｜Wǒ xǐhuan zhè shuāng xié de yàngzi.｜Tā xiànzài de yàngzi hěn kāixīn.｜Nǐ xǐhuan shénme yàngzi?｜Zhège fángzi de yàngzi hěn tèbié.,The style of this clothes is nice.｜I like the way these shoes look.｜He looks very happy now.｜What kind of style do you like?｜The appearance of this house is very special.,ဒီအဝတ်အစားရဲ့ပုံစံက လှတယ်။｜ဒီဖိနပ်ပုံစံကို ကျွန်တော်ကြိုက်တယ်။｜အခု သူပျော်နေတဲ့ပုံပဲ။｜မင်း ဘယ်လိုပုံစံကို ကြိုက်လဲ။｜ဒီအိမ်ရဲ့ပုံစံက ထူးခြားတယ်။,样子好看 (yàngzi hǎokàn) — ပုံစံလှသည်｜什么样 (shénme yàng) — ဘယ်လိုပုံစံ｜样式 (yàngshì) — ပုံစံ｜模样 (múyàng) — အသွင်အပြင်｜同样 (tóngyàng) — အတူတူပုံစံ
1138,2,要求,yāoqiú,Requirement,တောင်းဆိုသည်၊ လိုအပ်ချက်,老师要求我们认真学习。｜学校要求学生穿校服。｜我对自己的要求很高。｜他要求我早点儿到。｜请按照要求完成作业。,Lǎoshī yāoqiú wǒmen rènzhēn xuéxí.｜Xuéxiào yāoqiú xuésheng chuān xiàofú.｜Wǒ duì zìjǐ de yāoqiú hěn gāo.｜Tā yāoqiú wǒ zǎodiǎnr dào.｜Qǐng ànzhào yāoqiú wánchéng zuòyè.,The teacher requires us to study hard.｜The school requires students to wear uniforms.｜My standards for myself are high.｜He asked me to arrive early.｜Please complete the homework according to the requirements.,ဆရာက ကျွန်တော်တို့ကို သေချာစာလေ့လာဖို့ တောင်းဆိုတယ်။｜ကျောင်းက ကျောင်းသားတွေကို ယူနီဖောင်းဝတ်ဖို့ သတ်မှတ်ထားတယ်။｜ကိုယ့်ကိုယ်ကို သတ်မှတ်ထားတဲ့စံနှုန်း မြင့်တယ်။｜သူက ကျွန်တော့်ကို စောစောရောက်ဖို့ တောင်းဆိုတယ်။｜သတ်မှတ်ချက်အတိုင်း အိမ်စာကို ပြီးအောင်လုပ်ပါ။,要求高 (yāoqiú gāo) — လိုအပ်ချက်မြင့်သည်｜要求低 (yāoqiú dī) — လိုအပ်ချက်နိမ့်သည်｜提出要求 (tíchū yāoqiú) — တောင်းဆိုချက်တင်ပြသည်｜符合要求 (fúhé yāoqiú) — သတ်မှတ်ချက်နှင့်ကိုက်ညီသည်｜要求严格 (yāoqiú yángé) — သတ်မှတ်ချက်တင်းကျပ်သည်
1139,2,药,yào,drug,ဆေး,医生给我开了药。｜这种药一天吃两次。｜吃药以后要多喝水。｜这个药很有效。｜我忘了带药。,Yīshēng gěi wǒ kāi le yào.｜Zhè zhǒng yào yì tiān chī liǎng cì.｜Chī yào yǐhòu yào duō hē shuǐ.｜Zhège yào hěn yǒuxiào.｜Wǒ wàng le dài yào.,The doctor prescribed medicine for me.｜This medicine is taken twice a day.｜Drink more water after taking the medicine.｜This medicine is effective.｜I forgot to bring my medicine.,ဆရာဝန်က ကျွန်တော့်အတွက် ဆေးပေးတယ်။｜ဒီဆေးကို တစ်နေ့နှစ်ကြိမ် သောက်ရတယ်။｜ဆေးသောက်ပြီးရင် ရေများများသောက်ရမယ်။｜ဒီဆေးက ထိရောက်တယ်။｜ကျွန်တော် ဆေးယူလာဖို့ မေ့သွားတယ်။,吃药 (chī yào) — ဆေးသောက်သည်｜药物 (yàowù) — ဆေးဝါး｜药品 (yàopǐn) — ဆေးဝါးပစ္စည်း｜中药 (zhōngyào) — တရုတ်ဆေး｜西药 (xīyào) — အနောက်တိုင်းဆေး
1140,2,药店,yào diàn,pharmacy,ဆေးဆိုင်,附近有一家药店。｜我去药店买药。｜这家药店晚上也开门。｜药店里有很多种药。｜妈妈让我去药店。,Fùjìn yǒu yì jiā yàodiàn.｜Wǒ qù yàodiàn mǎi yào.｜Zhè jiā yàodiàn wǎnshang yě kāimén.｜Yàodiàn lǐ yǒu hěn duō zhǒng yào.｜Māma ràng wǒ qù yàodiàn.,There is a pharmacy nearby.｜I went to the pharmacy to buy medicine.｜This pharmacy is also open at night.｜There are many kinds of medicine in the pharmacy.｜My mother asked me to go to the pharmacy.,အနီးအနားမှာ ဆေးဆိုင်တစ်ဆိုင်ရှိတယ်။｜ကျွန်တော် ဆေးဝယ်ဖို့ ဆေးဆိုင်သွားတယ်။｜ဒီဆေးဆိုင်က ညဘက်လည်း ဖွင့်တယ်။｜ဆေးဆိုင်မှာ ဆေးအမျိုးအစားအများကြီးရှိတယ်။｜အမေက ကျွန်တော့်ကို ဆေးဆိုင်သွားခိုင်းတယ်။,买药 (mǎi yào) — ဆေးဝယ်သည်｜药房 (yàofáng) — ဆေးဆိုင်｜药剂师 (yàojìshī) — ဆေးဝါးကျွမ်းကျင်သူ｜药品 (yàopǐn) — ဆေးဝါး｜医院 (yīyuàn) — ဆေးရုံ
1141,2,药片,yào piàn,pill,ဆေးပြား,医生让我每天吃两片药片。｜这种药片不能多吃。｜我把药片放在桌子上。｜他吃完药片就休息了。｜请按照说明吃药片。,Yīshēng ràng wǒ měitiān chī liǎng piàn yàopiàn.｜Zhè zhǒng yàopiàn bù néng duō chī.｜Wǒ bǎ yàopiàn fàng zài zhuōzi shàng.｜Tā chī wán yàopiàn jiù xiūxi.｜Qǐng ànzhào shuōmíng chī yàopiàn.,The doctor told me to take two tablets every day.｜This kind of tablet should not be taken too much.｜I put the tablets on the table.｜He rested after taking the tablets.｜Please take the tablets according to the instructions.,ဆရာဝန်က နေ့တိုင်း ဆေးပြားနှစ်ပြားသောက်ဖို့ ပြောတယ်။｜ဒီဆေးပြားကို အများကြီးမသောက်ရဘူး။｜ကျွန်တော် ဆေးပြားတွေကို စားပွဲပေါ်တင်ထားတယ်။｜သူ ဆေးပြားသောက်ပြီး အနားယူတယ်။｜ညွှန်ကြားချက်အတိုင်း ဆေးပြားသောက်ပါ။,一片药 (yí piàn yào) — ဆေးပြားတစ်ပြား｜药片盒 (yàopiàn hé) — ဆေးပြားဘူး｜吞药片 (tūn yàopiàn) — ဆေးပြားမျိုသည်｜药片说明 (yàopiàn shuōmíng) — ဆေးပြားညွှန်ကြားချက်｜维生素片 (wéishēngsù piàn) — ဗီတာမင်ဆေးပြား
1142,2,药水,yào shuǐ,liquid medicine; potion,ဆေးရည်,医生给孩子开了药水。｜这种药水一天喝三次。｜药水已经喝完了。｜请把药水放在冰箱里。｜这瓶药水是谁的？,Yīshēng gěi háizi kāi le yàoshuǐ.｜Zhè zhǒng yàoshuǐ yì tiān hē sān cì.｜Yàoshuǐ yǐjīng hē wán le.｜Qǐng bǎ yàoshuǐ fàng zài bīngxiāng lǐ.｜Zhè píng yàoshuǐ shì shéi de?,The doctor prescribed liquid medicine for the child.｜This liquid medicine is taken three times a day.｜The liquid medicine has been finished.｜Please keep the liquid medicine in the refrigerator.｜Whose medicine is this bottle?,ဆရာဝန်က ကလေးအတွက် ဆေးရည်ပေးတယ်။｜ဒီဆေးရည်ကို တစ်နေ့သုံးကြိမ် သောက်ရတယ်။｜ဆေးရည်ကုန်သွားပြီ။｜ဆေးရည်ကို ရေခဲသေတ္တာထဲ ထည့်ထားပါ။｜ဒီဆေးရည်ဘူးက ဘယ်သူ့ဟာလဲ။,喝药水 (hē yàoshuǐ) — ဆေးရည်သောက်သည်｜药水瓶 (yàoshuǐ píng) — ဆေးရည်ဘူး｜止咳药水 (zhǐké yàoshuǐ) — ချောင်းဆိုးဆေးရည်｜眼药水 (yǎnyàoshuǐ) — မျက်စိဆေးရည်｜药液 (yàoyè) — ဆေးရည်
1143,2,也许,yěxǔ,perhaps,ဖြစ်ကောင်းဖြစ်နိုင်သည်,也许明天会下雨。｜他也许不会来了。｜我也许有时间。｜她也许已经回家了。｜这件事也许是真的。,Yěxǔ míngtiān huì xiàyǔ.｜Tā yěxǔ bú huì lái le.｜Wǒ yěxǔ yǒu shíjiān.｜Tā yěxǔ yǐjīng huí jiā le.｜Zhè jiàn shì yěxǔ shì zhēn de.,It may rain tomorrow.｜He may not come.｜I may have time.｜She may already have gone home.｜This may be true.,မနက်ဖြန် မိုးရွာနိုင်တယ်။｜သူ လာချင်မှလာမယ်။｜ကျွန်တော် အချိန်ရကောင်းရနိုင်တယ်။｜သူမ အိမ်ပြန်ရောက်ပြီးသား ဖြစ်ကောင်းဖြစ်နိုင်တယ်။｜ဒီကိစ္စက အမှန်ဖြစ်နိုင်တယ်။,可能 (kěnéng) — ဖြစ်နိုင်သည်｜也许会 (yěxǔ huì) — ဖြစ်ကောင်းဖြစ်နိုင်သည်｜也许是 (yěxǔ shì) — ဖြစ်ကောင်းဖြစ်နိုင်သည်｜大概 (dàgài) — ခန့်မှန်းခြေ｜或许 (huòxǔ) — ဖြစ်ကောင်းဖြစ်နိုင်သည်
1144,2,夜,yè,night,ည,今天晚上没有月亮。｜我喜欢安静的夜。｜夜很黑。｜这个夜晚很特别。｜我们在夜里回家。,Jīntiān wǎnshang méiyǒu yuèliang.｜Wǒ xǐhuan ānjìng de yè.｜Yè hěn hēi.｜Zhège yèwǎn hěn tèbié.｜Wǒmen zài yè lǐ huí jiā.,There is no moon tonight.｜I like quiet nights.｜The night is dark.｜This night is special.｜We went home at night.,ဒီည လမရှိဘူး။｜ကျွန်တော် တိတ်ဆိတ်တဲ့ညတွေကို ကြိုက်တယ်။｜ညက မှောင်တယ်။｜ဒီညက ထူးခြားတယ်။｜ကျွန်တော်တို့ ညဘက်မှာ အိမ်ပြန်ခဲ့တယ်။,夜晚 (yèwǎn) — ညဘက်｜夜里 (yèli) — ညဘက်｜黑夜 (hēiyè) — မှောင်မိုက်သောည｜深夜 (shēnyè) — ညနက်｜夜生活 (yèshēnghuó) — ညဘဝ
1145,2,夜里,yè lǐ,at night,ညဘက်,夜里不要一个人出去。｜他夜里睡得很好。｜我常常在夜里学习。｜夜里外面很安静。｜昨天夜里下了雨。,Yè lǐ bú yào yí ge rén chūqù.｜Tā yè lǐ shuì de hěn hǎo.｜Wǒ chángcháng zài yè lǐ xuéxí.｜Yè lǐ wàimiàn hěn ānjìng.｜Zuótiān yè lǐ xià le yǔ.,Don't go out alone at night.｜He sleeps well at night.｜I often study at night.｜It is very quiet outside at night.｜It rained last night.,ညဘက် တစ်ယောက်တည်း အပြင်မထွက်နဲ့။｜သူ ညဘက် ကောင်းကောင်းအိပ်တယ်။｜ကျွန်တော် ညဘက်မှာ မကြာခဏ စာလေ့လာတယ်။｜ညဘက် အပြင်မှာ အရမ်းတိတ်ဆိတ်တယ်။｜မနေ့ညက မိုးရွာတယ်။,夜晚 (yèwǎn) — ညဘက်｜半夜 (bànyè) — သန်းခေါင်ယံ｜深夜 (shēnyè) — ညနက်｜夜间 (yèjiān) — ညအချိန်｜夜班 (yèbān) — ညအလုပ်ချိန်
1146,2,一部分,yí bù fèn,a part; a portion,တစ်စိတ်တစ်ပိုင်း,一部分学生已经回家了。｜我只吃了一部分。｜这本书的一部分很有意思。｜一部分钱已经花完了。｜我们需要完成一部分工作。,Yí bùfen xuésheng yǐjīng huí jiā le.｜Wǒ zhǐ chī le yí bùfen.｜Zhè běn shū de yí bùfen hěn yǒuyìsi.｜Yí bùfen qián yǐjīng huā wán le.｜Wǒmen xūyào wánchéng yí bùfen gōngzuò.,Some of the students have already gone home.｜I only ate part of it.｜Part of this book is interesting.｜Part of the money has already been spent.｜We need to finish part of the work.,ကျောင်းသားတချို့ အိမ်ပြန်ပြီးပြီ။｜ကျွန်တော် တစ်စိတ်တစ်ပိုင်းပဲ စားခဲ့တယ်။｜ဒီစာအုပ်ရဲ့ တစ်စိတ်တစ်ပိုင်းက စိတ်ဝင်စားဖို့ကောင်းတယ်။｜ပိုက်ဆံတချို့ သုံးပြီးသွားပြီ။｜အလုပ်ရဲ့ တစ်စိတ်တစ်ပိုင်းကို ပြီးအောင်လုပ်ဖို့လိုတယ်။,一部分人 (yí bùfen rén) — လူတချို့｜一部分时间 (yí bùfen shíjiān) — အချိန်တစ်စိတ်တစ်ပိုင်း｜一部分钱 (yí bùfen qián) — ပိုက်ဆံတစ်စိတ်တစ်ပိုင်း｜部分地区 (bùfen dìqū) — ဒေသတချို့｜大部分 (dà bùfen) — အများစု
1147,2,一定,yídìng,Certain,သေချာပေါက်,你一定要小心。｜他一定会来的。｜我一定会帮助你。｜明天一定很忙。｜这件事一定是真的。,Nǐ yídìng yào xiǎoxīn.｜Tā yídìng huì lái de.｜Wǒ yídìng huì bāngzhù nǐ.｜Míngtiān yídìng hěn máng.｜Zhè jiàn shì yídìng shì zhēn de.,You must be careful.｜He will definitely come.｜I will definitely help you.｜Tomorrow will definitely be busy.｜This must be true.,မင်း သေချာပေါက် သတိထားရမယ်။｜သူ သေချာပေါက်လာလိမ့်မယ်။｜ကျွန်တော် မင်းကို သေချာပေါက်ကူညီမယ်။｜မနက်ဖြန် သေချာပေါက် အလုပ်များမယ်။｜ဒီကိစ္စက သေချာပေါက် အမှန်ပဲ။,一定要 (yídìng yào) — သေချာပေါက်လုပ်ရမည်｜一定会 (yídìng huì) — သေချာပေါက်ဖြစ်မည်｜不一定 (bù yídìng) — မသေချာ｜一定的 (yídìng de) — သေချာသော｜一定时间 (yídìng shíjiān) — သတ်မှတ်ထားသောအချိန်
1148,2,一共,yígòng,Altogether,စုစုပေါင်း,我们一共五个人。｜这些东西一共多少钱？｜一共花了三百块钱。｜我们一共学习了两个小时。｜这里一共有十本书。,Wǒmen yígòng wǔ ge rén.｜Zhèxiē dōngxi yígòng duōshao qián?｜Yígòng huā le sānbǎi kuài qián.｜Wǒmen yígòng xuéxí le liǎng ge xiǎoshí.｜Zhèlǐ yígòng yǒu shí běn shū.,There are five of us in total.｜How much are these things altogether?｜It cost 300 yuan in total.｜We studied for two hours in total.｜There are ten books here altogether.,ကျွန်တော်တို့ စုစုပေါင်း လူငါးယောက်ရှိတယ်။｜ဒီပစ္စည်းတွေ စုစုပေါင်း ဘယ်လောက်ကျလဲ။｜စုစုပေါင်း ယွမ် ၃၀၀ ကုန်တယ်။｜ကျွန်တော်တို့ စုစုပေါင်း နှစ်နာရီ စာလေ့လာခဲ့တယ်။｜ဒီမှာ စုစုပေါင်း စာအုပ် ၁၀ အုပ်ရှိတယ်။,一共多少 (yígòng duōshao) — စုစုပေါင်းဘယ်လောက်｜一共五个 (yígòng wǔ ge) — စုစုပေါင်းငါးခု｜总共 (zǒnggòng) — စုစုပေါင်း｜一共花费 (yígòng huāfèi) — စုစုပေါင်းကုန်ကျသည်｜一共需要 (yígòng xūyào) — စုစုပေါင်းလိုအပ်သည်
1149,2,一会儿（副）,yí huìr,awhile; in a moment; presently,ခဏ၊ ခဏလေး,我一会儿就回来。｜请等我一会儿。｜我们休息一会儿吧。｜他一会儿要去上课。｜你等一会儿再走。,Wǒ yíhuìr jiù huílái.｜Qǐng děng wǒ yíhuìr.｜Wǒmen xiūxi yíhuìr ba.｜Tā yíhuìr yào qù shàngkè.｜Nǐ děng yíhuìr zài zǒu.,I'll be back in a little while.｜Please wait for me for a while.｜Let's rest for a while.｜He is going to class in a little while.｜Wait a little while before you leave.,ခဏနေ ပြန်လာမယ်။｜ကျွန်တော့်ကို ခဏစောင့်ပါ။｜ခဏနားရအောင်။｜သူ ခဏနေ စာသင်ခန်းသွားမယ်။｜ခဏစောင့်ပြီးမှ သွားပါ။,一会儿后 (yíhuìr hòu) — ခဏကြာပြီးနောက်｜等一会儿 (děng yíhuìr) — ခဏစောင့်သည်｜一会儿见 (yíhuìr jiàn) — ခဏနေတွေ့မယ်｜一会儿再说 (yíhuìr zài shuō) — ခဏနေမှပြောမယ်｜过一会儿 (guò yíhuìr) — ခဏကြာပြီး
1150,2,一路平安,yí lù píng ān,safe journey; have a pleasant journey,ခရီးလမ်းတစ်လျှောက် ဘေးကင်းပါစေ,祝你一路平安。｜朋友坐飞机回家，我祝他一路平安。｜希望你一路平安。｜明天你要出发了，祝你一路平安。｜大家都祝他一路平安。,"Yī lù píng'ān.｜Péngyou zuò fēijī huí jiā, wǒ zhù tā yī lù píng'ān.｜Xīwàng nǐ yī lù píng'ān.｜Míngtiān nǐ yào chūfā le, zhù nǐ yī lù píng'ān.｜Dàjiā dōu zhù tā yī lù píng'ān.","I wish you a safe journey.｜My friend is flying home, so I wished him a safe journey.｜I hope you have a safe journey.｜You are leaving tomorrow, so I wish you a safe journey.｜Everyone wished him a safe journey.",ခရီးလမ်းတစ်လျှောက် ဘေးကင်းပါစေ။｜သူငယ်ချင်းက လေယာဉ်နဲ့အိမ်ပြန်မှာမို့ ခရီးလမ်းတစ်လျှောက် ဘေးကင်းပါစေလို့ ဆုတောင်းပေးခဲ့တယ်။｜ခရီးလမ်းတစ်လျှောက် ဘေးကင်းပါစေလို့ မျှော်လင့်တယ်။｜မနက်ဖြန် ထွက်ခွာတော့မှာမို့ ခရီးလမ်းတစ်လျှောက် ဘေးကင်းပါစေ။｜လူတိုင်းက သူ့ကို ခရီးလမ်းတစ်လျှောက် ဘေးကင်းပါစေလို့ ဆုတောင်းပေးကြတယ်။,平安 (píng'ān) — ဘေးကင်းခြင်း｜安全 (ānquán) — လုံခြုံသည်｜一路 (yīlù) — လမ်းတစ်လျှောက်｜平安到达 (píng'ān dàodá) — ဘေးကင်းစွာ ရောက်ရှိသည်｜保重 (bǎozhòng) — ကိုယ့်ကိုယ်ကို ဂရုစိုက်ပါ
1151,2,一路顺风,yí lù shùn fēng,Bon voyage,ခရီးစဉ်အဆင်ပြေပါစေ,祝你一路顺风。｜明天我要回家，朋友祝我一路顺风。｜祝你一路顺风，到了给我打电话。｜他要出国了，我们祝他一路顺风。｜希望你一路顺风。,"Zhù nǐ yī lù shùnfēng.｜Míngtiān wǒ yào huí jiā, péngyou zhù wǒ yī lù shùnfēng.｜Zhù nǐ yī lù shùnfēng, dào le gěi wǒ dǎ diànhuà.｜Tā yào chūguó le, wǒmen zhù tā yī lù shùnfēng.｜Xīwàng nǐ yī lù shùnfēng.","Have a safe and smooth journey.｜I am going home tomorrow, and my friend wished me a safe journey.｜Have a safe journey and call me when you arrive.｜He is going abroad, so we wished him a smooth journey.｜I hope you have a safe journey.",ခရီးစဉ်အဆင်ပြေပါစေ။｜မနက်ဖြန် အိမ်ပြန်မလို့ သူငယ်ချင်းက ခရီးစဉ်အဆင်ပြေပါစေလို့ ပြောတယ်။｜ခရီးစဉ်အဆင်ပြေပါစေ၊ ရောက်ရင် ကျွန်တော့်ကို ဖုန်းဆက်ပါ။｜သူ နိုင်ငံခြားသွားတော့မလို့ ကျွန်တော်တို့က ခရီးစဉ်အဆင်ပြေပါစေလို့ ဆုတောင်းပေးကြတယ်။｜ခရီးစဉ်အဆင်ပြေပါစေလို့ မျှော်လင့်တယ်။,顺风 (shùnfēng) — လေကောင်းတိုက်ခြင်း｜顺利 (shùnlì) — အဆင်ပြေသည်｜旅途 (lǚtú) — ခရီးစဉ်｜旅途顺利 (lǚtú shùnlì) — ခရီးစဉ်အဆင်ပြေသည်｜一路顺利 (yīlù shùnlì) — လမ်းတစ်လျှောက် အဆင်ပြေသည်
1152,2,已经,yǐjīng,Already,ပြီးသား၊ ယခုအချိန်ထိ,我已经吃饭了。｜他已经回家了。｜我已经完成作业了。｜电影已经开始了。｜你已经知道这件事了吗？,Wǒ yǐjīng chīfàn le.｜Tā yǐjīng huí jiā le.｜Wǒ yǐjīng wánchéng zuòyè le.｜Diànyǐng yǐjīng kāishǐ le.｜Nǐ yǐjīng zhīdào zhè jiàn shì le ma?,I have already eaten.｜He has already gone home.｜I have already finished my homework.｜The movie has already started.｜Do you already know about this?,ကျွန်တော် ထမင်းစားပြီးပြီ။｜သူ အိမ်ပြန်ပြီးပြီ။｜ကျွန်တော် အိမ်စာလုပ်ပြီးပြီ။｜ရုပ်ရှင်စပြီးပြီ။｜ဒီကိစ္စကို မင်းသိပြီးပြီလား။,已经完成 (yǐjīng wánchéng) — ပြီးမြောက်ပြီး｜已经有 (yǐjīng yǒu) — ရှိပြီးသား｜已经开始 (yǐjīng kāishǐ) — စတင်ပြီး｜已经知道 (yǐjīng zhīdào) — သိပြီးသား｜已经结束 (yǐjīng jiéshù) — ပြီးဆုံးပြီး
1153,2,以后,yǐ hòu,after; later on; afterwards; later,နောက်ပိုင်း၊ နောင်,以后我会更加努力。｜以后有时间再来吧。｜我们以后再讨论这个问题。｜他以后想去中国学习。｜请你以后早点睡觉。,Yǐhòu wǒ huì gèngjiā nǔlì.｜Yǐhòu yǒu shíjiān zài lái ba.｜Wǒmen yǐhòu zài tǎolùn zhège wèntí.｜Tā yǐhòu xiǎng qù Zhōngguó xuéxí.｜Qǐng nǐ yǐhòu zǎodiǎn shuìjiào.,I will work harder in the future.｜Come again when you have time later.｜We will discuss this problem later.｜He wants to study in China in the future.｜Please go to bed earlier in the future.,နောက်ပိုင်းမှာ ကျွန်တော် ပိုကြိုးစားမယ်။｜နောက်မှ အချိန်ရရင် ပြန်လာပါ။｜ဒီပြဿနာကို နောက်မှ ဆွေးနွေးမယ်။｜နောင်မှာ သူ တရုတ်နိုင်ငံသွားပြီး စာသင်ချင်တယ်။｜နောက်ပိုင်းမှာ စောစောအိပ်ပါ။,将来 (jiānglái) — အနာဂတ်｜以后再说 (yǐhòu zài shuō) — နောက်မှပြောမယ်｜未来 (wèilái) — အနာဂတ်｜后来 (hòulái) — နောက်ပိုင်းမှာ｜今后 (jīnhòu) — ယခုနောက်ပိုင်း
1154,2,以前,yǐqián,before,အရင်၊ ယခင်,我以前住在这里。｜以前我不喜欢喝咖啡。｜他以前是我的老师。｜我以前去过北京。｜以前这里没有这么多人。,Wǒ yǐqián zhù zài zhèlǐ.｜Yǐqián wǒ bù xǐhuan hē kāfēi.｜Tā yǐqián shì wǒ de lǎoshī.｜Wǒ yǐqián qù guo Běijīng.｜Yǐqián zhèlǐ méiyǒu zhème duō rén.,I used to live here.｜I didn't like coffee before.｜He used to be my teacher.｜I have been to Beijing before.｜There weren't so many people here before.,အရင်က ဒီမှာနေခဲ့တယ်။｜အရင်က ကော်ဖီမကြိုက်ဘူး။｜သူ အရင်က ကျွန်တော့်ဆရာဖြစ်ခဲ့တယ်။｜ကျွန်တော် အရင်က ပေကျင်းကို ရောက်ဖူးတယ်။｜အရင်က ဒီမှာ လူအများကြီးမရှိဘူး။,从前 (cóngqián) — အရင်က｜过去 (guòqù) — အတိတ်｜以前的 (yǐqián de) — ယခင်က｜原来 (yuánlái) — မူလက｜过去常常 (guòqù chángcháng) — အရင်က မကြာခဏ
1155,2,以上,yǐ shàng,above; over,အထက်၊ ထက်ပို၍,五点以上不能进入。｜十岁以上的孩子可以参加。｜考试成绩在八十分以上。｜楼上有三间房。｜以上是我的看法。,Wǔ diǎn yǐshàng bù néng jìnrù.｜Shí suì yǐshàng de háizi kěyǐ cānjiā.｜Kǎoshì chéngjī zài bāshí fēn yǐshàng.｜Lóushàng yǒu sān jiān fáng.｜Yǐshàng shì wǒ de kànfǎ.,You cannot enter if you are under five years old.｜Children over ten can participate.｜The exam score is above eighty points.｜There are three rooms upstairs.｜The above is my opinion.,ငါးနှစ်အထက်မှ ဝင်လို့ရတယ်။｜ဆယ်နှစ်အထက် ကလေးတွေ ပါဝင်လို့ရတယ်။｜စာမေးပွဲရမှတ်က ၈၀ အထက်ရှိတယ်။｜အပေါ်ထပ်မှာ အခန်းသုံးခန်းရှိတယ်။｜အထက်မှာ ဖော်ပြထားတာက ကျွန်တော့်အမြင်ပါ။,上面 (shàngmiàn) — အပေါ်ဘက်｜以上 (yǐshàng) — အထက်｜超过 (chāoguò) — ကျော်လွန်သည်｜以上内容 (yǐshàng nèiróng) — အထက်ပါအကြောင်းအရာ｜楼上 (lóushàng) — အပေါ်ထပ်
1156,2,以外,yǐ wài,beyond; outside; other than; except,အပြင်၊ မှတစ်ပါး,除了你以外，大家都来了。｜周末以外我每天都上班。｜这件事以外没有别的问题。｜除了学习以外，他还喜欢运动。｜会议时间以外不要打电话。,"Chúle nǐ yǐwài, dàjiā dōu lái le.｜Zhōumò yǐwài wǒ měitiān dōu shàngbān.｜Zhè jiàn shì yǐwài méiyǒu bié de wèntí.｜Chúle xuéxí yǐwài, tā hái xǐhuan yùndòng.｜Huìyì shíjiān yǐwài bú yào dǎ diànhuà.","Everyone came except you.｜I work every day except weekends.｜There are no other problems besides this matter.｜Besides studying, he also likes sports.｜Please don't call outside the meeting time.",မင်းကလွဲရင် အားလုံးလာကြတယ်။｜ပိတ်ရက်ကလွဲရင် နေ့တိုင်းအလုပ်လုပ်တယ်။｜ဒီကိစ္စကလွဲရင် တခြားပြဿနာမရှိဘူး။｜စာလေ့လာတာအပြင် သူ အားကစားလည်းကြိုက်တယ်။｜အစည်းအဝေးချိန်ကလွဲရင် ဖုန်းမဆက်ပါနဲ့။,除了 (chúle) — မှတစ်ပါး｜另外 (lìngwài) — ထပ်မံ၍｜除此以外 (chúcǐ yǐwài) — ဒါ့အပြင်｜此外 (cǐwài) — ထို့အပြင်｜外面 (wàimiàn) — အပြင်ဘက်
1157,2,以为,yǐwéi,Think,ထင်သည်၊ မှတ်ယူသည်,我以为你今天不来了。｜我以为他是老师。｜她以为明天会下雨。｜我以为这件事很简单。｜你以为我不知道吗？,Wǒ yǐwéi nǐ jīntiān bù lái le.｜Wǒ yǐwéi tā shì lǎoshī.｜Tā yǐwéi míngtiān huì xiàyǔ.｜Wǒ yǐwéi zhè jiàn shì hěn jiǎndān.｜Nǐ yǐwéi wǒ bù zhīdào ma?,I thought you weren't coming today.｜I thought he was a teacher.｜She thought it would rain tomorrow.｜I thought this matter was simple.｜Do you think I don't know?,မင်းဒီနေ့မလာဘူးလို့ ထင်ခဲ့တယ်။｜သူက ဆရာလို့ ထင်ခဲ့တယ်။｜သူမ မနက်ဖြန် မိုးရွာမယ်လို့ ထင်ခဲ့တယ်။｜ဒီကိစ္စက ရိုးရှင်းတယ်လို့ ထင်ခဲ့တယ်။｜ငါမသိဘူးလို့ မင်းထင်နေတာလား။,认为 (rènwéi) — ယူဆသည်｜以为是 (yǐwéi shì) — ...လို့ထင်သည်｜我以为 (wǒ yǐwéi) — ကျွန်တော်ထင်တာ｜误以为 (wù yǐwéi) — မှားယွင်းထင်သည်｜认为自己 (rènwéi zìjǐ) — ကိုယ့်ကိုယ်ကို ယူဆသည်
1158,2,以下,yǐ xià,below; under,အောက်၊ အောက်ပါ,以下内容很重要。｜请看以下说明。｜以下问题请认真回答。｜价格在一百元以下。｜以下是今天的新闻。,Yǐxià nèiróng hěn zhòngyào.｜Qǐng kàn yǐxià shuōmíng.｜Yǐxià wèntí qǐng rènzhēn huídá.｜Jiàgé zài yì bǎi yuán yǐxià.｜Yǐxià shì jīntiān de xīnwén.,The following content is important.｜Please read the following instructions.｜Please answer the following questions carefully.｜The price is below 100 yuan.｜The following is today's news.,အောက်ပါအကြောင်းအရာက အရေးကြီးတယ်။｜အောက်ပါရှင်းလင်းချက်ကို ဖတ်ပါ။｜အောက်ပါမေးခွန်းတွေကို သေချာဖြေပါ။｜ဈေးနှုန်းက ယွမ် ၁၀၀ အောက်မှာရှိတယ်။｜အောက်မှာ ဖော်ပြထားတာက ဒီနေ့သတင်းပါ။,下面 (xiàmiàn) — အောက်ဘက်｜以下 (yǐxià) — အောက်ပါ｜如下 (rúxià) — အောက်ပါအတိုင်း｜以下内容 (yǐxià nèiróng) — အောက်ပါအကြောင်းအရာ｜楼下 (lóuxià) — အောက်ထပ်
1159,2,椅子,yǐzi,Chair,ကုလားထိုင်,请坐在椅子上。｜这把椅子很舒服。｜房间里有四把椅子。｜他坐在椅子上看书。｜请把椅子搬过来。,Qǐng zuò zài yǐzi shàng.｜Zhè bǎ yǐzi hěn shūfu.｜Fángjiān lǐ yǒu sì bǎ yǐzi.｜Tā zuò zài yǐzi shàng kàn shū.｜Qǐng bǎ yǐzi bān guòlái.,Please sit on the chair.｜This chair is comfortable.｜There are four chairs in the room.｜He is sitting on the chair and reading.｜Please move the chair over here.,ကုလားထိုင်ပေါ်မှာ ထိုင်ပါ။｜ဒီကုလားထိုင်က သက်တောင့်သက်သာရှိတယ်။｜အခန်းထဲမှာ ကုလားထိုင်လေးလုံးရှိတယ်။｜သူ ကုလားထိုင်ပေါ်မှာထိုင်ပြီး စာဖတ်နေတယ်။｜ကုလားထိုင်ကို ဒီဘက်ရွှေ့ပေးပါ။,椅背 (yǐbèi) — ကုလားထိုင်နောက်မှီ｜椅子腿 (yǐzi tuǐ) — ကုလားထိုင်ခြေ｜座椅 (zuòyǐ) — ထိုင်ခုံ｜办公椅 (bàngōng yǐ) — ရုံးသုံးကုလားထိုင်｜沙发椅 (shāfā yǐ) — ဆိုဖာကုလားထိုင်
1160,2,一般,yìbān,commonly,ယေဘုယျ၊ ပုံမှန်,一般情况下，我晚上十点睡觉。｜今天的天气一般。｜他的中文水平很一般。｜我一般坐公交车上班。｜一般人都喜欢休息。,"Yìbān qíngkuàng xià, wǒ wǎnshang shí diǎn shuìjiào.｜Jīntiān de tiānqì yìbān.｜Tā de Zhōngwén shuǐpíng hěn yìbān.｜Wǒ yìbān zuò gōngjiāo chē shàngbān.｜Yìbān rén dōu xǐhuan xiūxi.","Generally speaking, I go to bed at ten at night.｜The weather is average today.｜His Chinese level is average.｜I usually take the bus to work.｜Most people like to rest.",ယေဘုယျအားဖြင့် ည ၁၀ နာရီမှာ အိပ်တယ်။｜ဒီနေ့ရာသီဥတုက ပုံမှန်ပဲ။｜သူ့တရုတ်စာအဆင့်က ပုံမှန်ပဲ။｜ပုံမှန်ဆို ဘတ်စ်ကားနဲ့ အလုပ်သွားတယ်။｜လူအများစုက အနားယူရတာ ကြိုက်တယ်။,通常 (tōngcháng) — ပုံမှန်အားဖြင့်｜普通 (pǔtōng) — သာမန်｜一般来说 (yìbān lái shuō) — ယေဘုယျအားဖြင့်｜一般情况 (yìbān qíngkuàng) — ပုံမှန်အခြေအနေ｜平常 (píngcháng) — ပုံမှန်
1161,2,一点点,yì diǎn diǎn,a little bit,နည်းနည်းလေး,我只吃了一点点。｜给我一点点时间。｜这里还有一点点水。｜我懂了一点点。｜我只会说一点点中文。,Wǒ zhǐ chī le yìdiǎndiǎn.｜Gěi wǒ yìdiǎndiǎn shíjiān.｜Zhèlǐ hái yǒu yìdiǎndiǎn shuǐ.｜Wǒ dǒng le yìdiǎndiǎn.｜Wǒ zhǐ huì shuō yìdiǎndiǎn Zhōngwén.,I only ate a little bit.｜Give me a little bit of time.｜There is still a little bit of water here.｜I understand a little bit.｜I can only speak a little Chinese.,နည်းနည်းလေးပဲ စားခဲ့တယ်။｜နည်းနည်းလေး အချိန်ပေးပါ။｜ဒီမှာ ရေနည်းနည်းလေး ကျန်သေးတယ်။｜နည်းနည်းလေး နားလည်တယ်။｜တရုတ်စကား နည်းနည်းလေးပဲ ပြောတတ်တယ်။,一点 (yìdiǎn) — နည်းနည်း｜一点儿 (yìdiǎnr) — နည်းနည်းလေး｜一点点时间 (yìdiǎndiǎn shíjiān) — အချိန်နည်းနည်းလေး｜一点点钱 (yìdiǎndiǎn qián) — ငွေနည်းနည်းလေး｜一点点水 (yìdiǎndiǎn shuǐ) — ရေနည်းနည်းလေး
1162,2,一生,yì shēng,lifetime; all one’s life,ဘဝတစ်လျှောက်,我想一生都和家人在一起。｜他一生都在努力学习。｜这是一生难忘的经历。｜她一生都喜欢音乐。｜我们要珍惜一生的时间。,Wǒ xiǎng yìshēng dōu hé jiārén zài yìqǐ.｜Tā yìshēng dōu zài nǔlì xuéxí.｜Zhè shì yìshēng nánwàng de jīnglì.｜Tā yìshēng dōu xǐhuan yīnyuè.｜Wǒmen yào zhēnxī yìshēng de shíjiān.,I want to be with my family for my whole life.｜He studied hard throughout his life.｜This is an unforgettable experience in a lifetime.｜She has loved music all her life.｜We should cherish the time of our lives.,ကျွန်တော် ဘဝတစ်လျှောက် မိသားစုနဲ့အတူ နေချင်တယ်။｜သူ့ဘဝတစ်လျှောက် စာကို ကြိုးစားလေ့လာခဲ့တယ်။｜ဒါက ဘဝတစ်လျှောက် မမေ့နိုင်တဲ့ အတွေ့အကြုံပါ။｜သူမ ဘဝတစ်လျှောက် ဂီတကို ကြိုက်ခဲ့တယ်။｜ကျွန်တော်တို့ ဘဝရဲ့အချိန်တွေကို တန်ဖိုးထားသင့်တယ်။,一生一世 (yìshēng yíshì) — ဘဝတစ်လျှောက်｜终身 (zhōngshēn) — တစ်သက်တာ｜一辈子 (yíbèizi) — ဘဝတစ်လျှောက်｜终生 (zhōngshēng) — တစ်သက်တာ｜人生 (rénshēng) — ဘဝ
1163,2,一直,yìzhí,always,အမြဲ၊ တစ်လျှောက်လုံး,他一直在等你。｜我一直喜欢中文。｜她一直没有回来。｜请一直往前走。｜天气一直很好。,Tā yìzhí zài děng nǐ.｜Wǒ yìzhí xǐhuan Zhōngwén.｜Tā yìzhí méiyǒu huílái.｜Qǐng yìzhí wǎng qián zǒu.｜Tiānqì yìzhí hěn hǎo.,He has been waiting for you.｜I have always liked Chinese.｜She still hasn't come back.｜Please keep walking straight ahead.｜The weather has always been good.,သူ မင်းကို အမြဲစောင့်နေတယ်။｜ကျွန်တော် တရုတ်စာကို အမြဲကြိုက်တယ်။｜သူမ အခုထိ ပြန်မလာသေးဘူး။｜ရှေ့ကိုပဲ တည့်တည့်ဆက်လျှောက်ပါ။｜ရာသီဥတုက အမြဲကောင်းတယ်။,一直以来 (yìzhí yǐlái) — အစဉ်အမြဲ｜一直走 (yìzhí zǒu) — တည့်တည့်ဆက်သွားသည်｜一直等 (yìzhí děng) — အမြဲစောင့်သည်｜一直在 (yìzhí zài) — အမြဲလုပ်နေသည်｜始终 (shǐzhōng) — အစမှအဆုံးတိုင်
1164,2,亿,yì,100 million,သန်းတစ်ရာ,这个城市有一亿人口。｜中国有十四亿多人口。｜这家公司价值一亿元。｜一亿是一个很大的数字。｜这个项目需要一亿元。,Zhège chéngshì yǒu yí yì rénkǒu.｜Zhōngguó yǒu shísì yì duō rénkǒu.｜Zhè jiā gōngsī jiàzhí yí yì yuán.｜Yí yì shì yí ge hěn dà de shùzì.｜Zhège xiàngmù xūyào yí yì yuán.,This city has 100 million people.｜China has more than 1.4 billion people.｜This company is worth 100 million yuan.｜One hundred million is a very large number.｜This project needs 100 million yuan.,ဒီမြို့မှာ လူဦးရေ သန်း ၁၀၀ ရှိတယ်။｜တရုတ်နိုင်ငံမှာ လူဦးရေ သန်း ၁၄၀၀ ကျော်ရှိတယ်။｜ဒီကုမ္ပဏီရဲ့တန်ဖိုးက ယွမ် သန်း ၁၀၀ ရှိတယ်။｜သန်း ၁၀၀ ဆိုတာ အရမ်းကြီးတဲ့ ဂဏန်းတစ်ခုပါ။｜ဒီပရောဂျက်အတွက် ယွမ် သန်း ၁၀၀ လိုအပ်တယ်။,"十亿 (shí yì) — သန်း ၁၀၀၀｜一百亿 (yì bǎi yì) — သန်း ၁၀,၀၀၀｜亿万 (yìwàn) — သန်းပေါင်းများစွာ｜亿元 (yì yuán) — ယွမ် သန်း ၁၀၀｜人口 (rénkǒu) — လူဦးရေ"
1165,2,意见,yìjiàn,Opinion,အမြင်၊ ထင်မြင်ချက်၊ အကြံပြုချက်,你有什么意见？｜我同意你的意见。｜老师听了我的意见。｜你可以发表自己的意见。｜大家对这件事有不同的意见。,Nǐ yǒu shénme yìjiàn?｜Wǒ tóngyì nǐ de yìjiàn.｜Lǎoshī tīng le wǒ de yìjiàn.｜Nǐ kěyǐ fābiǎo zìjǐ de yìjiàn.｜Dàjiā duì zhè jiàn shì yǒu bùtóng de yìjiàn.,What is your opinion?｜I agree with your opinion.｜The teacher heard my opinion.｜You can express your own opinion.｜Everyone has different opinions about this matter.,ဒီကိစ္စနဲ့ပတ်သက်ပြီး မင်းရဲ့အမြင်က ဘာလဲ။｜မင်းရဲ့အမြင်ကို ကျွန်တော် သဘောတူတယ်။｜ဆရာက ကျွန်တော့်အမြင်ကို နားထောင်ခဲ့တယ်။｜ကိုယ့်အမြင်ကို ထုတ်ဖော်ပြောလို့ရတယ်။｜ဒီကိစ္စနဲ့ပတ်သက်ပြီး လူတိုင်းရဲ့အမြင် မတူကြဘူး။,意见不同 (yìjiàn bùtóng) — အမြင်မတူ｜个人意见 (gèrén yìjiàn) — ကိုယ်ပိုင်အမြင်｜发表意见 (fābiǎo yìjiàn) — အမြင်ထုတ်ဖော်ပြောသည်｜听取意见 (tīngqǔ yìjiàn) — အမြင်ကိုနားထောင်သည်｜意见书 (yìjiànshū) — အမြင်စာတမ်း
1166,2,意思,yìsi,Meaning,အဓိပ္ပာယ်၊ ဆိုလိုရင်း,你是什么意思？｜我明白你的意思了。｜这句话是什么意思？｜我不知道他的意思。｜你的意思是我们明天去吗？,Nǐ shì shénme yìsi?｜Wǒ míngbái nǐ de yìsi le.｜Zhè jù huà shì shénme yìsi?｜Wǒ bù zhīdào tā de yìsi.｜Nǐ de yìsi shì wǒmen míngtiān qù ma?,What do you mean?｜I understand what you mean now.｜What does this sentence mean?｜I don't know what he means.｜Do you mean we are going tomorrow?,မင်းဘာကိုဆိုလိုတာလဲ။｜မင်းဆိုလိုတာကို အခုနားလည်ပြီ။｜ဒီစာကြောင်းက ဘာအဓိပ္ပာယ်လဲ။｜သူဘာကိုဆိုလိုလဲ မသိဘူး။｜မနက်ဖြန်သွားမယ်လို့ မင်းဆိုလိုတာလား။,意思是 (yìsi shì) — ဆိုလိုသည်｜有意思 (yǒu yìsi) — စိတ်ဝင်စားစရာကောင်းသည်｜没意思 (méi yìsi) — စိတ်မဝင်စားစရာ｜不好意思 (bù hǎoyìsi) — အားနာသည်｜什么意思 (shénme yìsi) — ဘာအဓိပ္ပာယ်လဲ
1167,2,因为,yīn wèi,because,ကြောင့်၊ အတွက်ကြောင့်,因为今天下雨，所以我没出去。｜我喜欢他，因为他很善良。｜因为身体不舒服，她没有来上课。｜他迟到了，因为路上很堵。｜因为天气很好，我们去了公园。,"Yīnwèi jīntiān xiàyǔ, suǒyǐ wǒ méi chūqù.｜Wǒ xǐhuan tā, yīnwèi tā hěn shànliáng.｜Yīnwèi shēntǐ bù shūfu, tā méiyǒu lái shàngkè.｜Tā chídào le, yīnwèi lùshang hěn dǔ.｜Yīnwèi tiānqì hěn hǎo, wǒmen qù le gōngyuán.",I didn't go out because it rained today.｜I like him because he is kind.｜She didn't come to class because she felt unwell.｜He was late because there was a traffic jam.｜We went to the park because the weather was good.,ဒီနေ့မိုးရွာလို့ ကျွန်တော် အပြင်မထွက်ဘူး။｜သူက သဘောကောင်းလို့ ကျွန်တော် သူ့ကိုကြိုက်တယ်။｜နေမကောင်းလို့ သူမ စာသင်ချိန်မလာဘူး။｜လမ်းပိတ်လို့ သူနောက်ကျတယ်။｜ရာသီဥတုကောင်းလို့ ကျွန်တော်တို့ ပန်းခြံသွားခဲ့တယ်။,因为…所以… (yīnwèi...suǒyǐ...) — ...ကြောင့် ...ဖြစ်သည်｜因为如此 (yīnwèi rúcǐ) — ဒီလိုဖြစ်တဲ့အတွက်｜因为天气 (yīnwèi tiānqì) — ရာသီဥတုကြောင့်｜因为工作 (yīnwèi gōngzuò) — အလုပ်ကြောင့်｜因为生病 (yīnwèi shēngbìng) — နေမကောင်းလို့
1168,2,阴,yīn,Yin,တိမ်ထူသော၊ နေမသာသော,今天是阴天。｜明天可能是阴天。｜阴天的时候天气比较凉快。｜今天一直是阴天。｜我不太喜欢阴天。,Jīntiān shì yīntiān.｜Míngtiān kěnéng shì yīntiān.｜Yīntiān de shíhou tiānqì bǐjiào liángkuai.｜Jīntiān yìzhí shì yīntiān.｜Wǒ bù tài xǐhuan yīntiān.,Today is cloudy.｜It may be cloudy tomorrow.｜It is relatively cool on cloudy days.｜It has been cloudy all day today.｜I don't really like cloudy days.,ဒီနေ့ တိမ်ထူတယ်။｜မနက်ဖြန် တိမ်ထူနိုင်တယ်။｜တိမ်ထူတဲ့နေ့တွေမှာ ရာသီဥတုက အေးအေးလေးဖြစ်တယ်။｜ဒီနေ့တစ်နေ့လုံး တိမ်ထူနေတယ်။｜ကျွန်တော် တိမ်ထူတဲ့နေ့တွေကို သိပ်မကြိုက်ဘူး။,阴影 (yīnyǐng) — အရိပ်｜阴凉 (yīnliáng) — အေးမြသောနေရာ｜阴暗 (yīn'àn) — မှောင်မိုက်သော｜阴雨 (yīnyǔ) — မိုးအုံ့မိုးရွာခြင်း｜阴历 (yīnlì) — တရုတ်လပြက္ခဒိန်
1169,2,阴天,yīn tiān,cloudy day; overcast sky,တိမ်ထူသောနေ့,今天是阴天。｜阴天没有太阳。｜阴天的时候很凉快。｜明天可能会是阴天。｜我喜欢晴天，不喜欢阴天。,"Jīntiān shì yīntiān.｜Yīntiān méiyǒu tàiyáng.｜Yīntiān de shíhou hěn liángkuai.｜Míngtiān kěnéng huì shì yīntiān.｜Wǒ xǐhuan qíngtiān, bù xǐhuan yīntiān.","Today is a cloudy day.｜There is no sun on cloudy days.｜It is cool when it is cloudy.｜It may be cloudy tomorrow.｜I like sunny days, not cloudy days.",ဒီနေ့ တိမ်ထူတဲ့နေ့ပါ။｜တိမ်ထူတဲ့နေ့မှာ နေမရှိဘူး။｜တိမ်ထူတဲ့အချိန်မှာ အေးအေးလေးဖြစ်တယ်။｜မနက်ဖြန် တိမ်ထူနိုင်တယ်။｜ကျွန်တော် နေသာတဲ့နေ့ကို ကြိုက်ပြီး တိမ်ထူတဲ့နေ့ကို မကြိုက်ဘူး။,多云 (duōyún) — တိမ်များသော｜天气阴 (tiānqì yīn) — ရာသီဥတုတိမ်ထူသည်｜阴沉 (yīnchén) — မိုးအုံ့အုံ့ဖြစ်သည်｜阴雨天 (yīnyǔtiān) — မိုးအုံ့မိုးရွာသောနေ့｜晴天 (qíngtiān) — နေသာသောနေ့
1170,2,音节,yīn jié,syllable,အသံအပိုင်း၊ syllable,“你好”有两个音节。｜这个词有三个音节。｜请注意这个音节的发音。｜每个音节都要读清楚。｜老师正在教我们音节。,“Nǐ hǎo” yǒu liǎng ge yīnjié.｜Zhège cí yǒu sān ge yīnjié.｜Qǐng zhùyì zhège yīnjié de fāyīn.｜Měi ge yīnjié dōu yào dú qīngchu.｜Lǎoshī zhèngzài jiāo wǒmen yīnjié.,“你好” has two syllables.｜This word has three syllables.｜Please pay attention to the pronunciation of this syllable.｜Each syllable should be pronounced clearly.｜The teacher is teaching us syllables.,“你好” မှာ အသံအပိုင်းနှစ်ပိုင်းရှိတယ်။｜ဒီစကားလုံးမှာ အသံအပိုင်းသုံးပိုင်းရှိတယ်။｜ဒီအသံအပိုင်းရဲ့ အသံထွက်ကို သတိထားပါ။｜အသံအပိုင်းတိုင်းကို ရှင်းရှင်းလင်းလင်း ဖတ်ရမယ်။｜ဆရာက ကျွန်တော်တို့ကို အသံအပိုင်းတွေအကြောင်း သင်ပေးနေတယ်။,音节数 (yīnjié shù) — အသံအပိုင်းအရေအတွက်｜单音节 (dānyīnjié) — အသံအပိုင်းတစ်ခုပါသော｜双音节 (shuāngyīnjié) — အသံအပိုင်းနှစ်ခုပါသော｜多音节 (duōyīnjié) — အသံအပိုင်းများသော｜音节发音 (yīnjié fāyīn) — အသံအပိုင်းအသံထွက်
1171,2,音乐,yīnyuè,Music,ဂီတ၊ တေးဂီတ,我喜欢听音乐。｜这首音乐很好听。｜她每天晚上听音乐。｜音乐可以让人放松。｜他很喜欢中国音乐。,Wǒ xǐhuan tīng yīnyuè.｜Zhè shǒu yīnyuè hěn hǎotīng.｜Tā měitiān wǎnshang tīng yīnyuè.｜Yīnyuè kěyǐ ràng rén fàngsōng.｜Tā hěn xǐhuan Zhōngguó yīnyuè.,I like listening to music.｜This piece of music sounds very nice.｜She listens to music every night.｜Music can help people relax.｜He really likes Chinese music.,ကျွန်တော် သီချင်းနားထောင်ရတာကြိုက်တယ်။｜ဒီတေးသီချင်းက နားထောင်လို့ကောင်းတယ်။｜သူမ ညတိုင်း သီချင်းနားထောင်တယ်။｜ဂီတက လူတွေကို စိတ်ပြေလျော့စေနိုင်တယ်။｜သူ တရုတ်ဂီတကို အရမ်းကြိုက်တယ်။,音乐家 (yīnyuèjiā) — ဂီတပညာရှင်｜音乐课 (yīnyuè kè) — ဂီတဘာသာရပ်｜音乐节目 (yīnyuè jiémù) — ဂီတအစီအစဉ်｜流行音乐 (liúxíng yīnyuè) — ခေတ်စားသောဂီတ｜古典音乐 (gǔdiǎn yīnyuè) — ဂန္ထဝင်ဂီတ
1172,2,音乐会,yīn yuè huì,concert,ဂီတဖျော်ဖြေပွဲ,周末我们去听音乐会。｜这场音乐会很精彩。｜她买了两张音乐会的票。｜音乐会晚上八点开始。｜我第一次参加音乐会。,Zhōumò wǒmen qù tīng yīnyuèhuì.｜Zhè chǎng yīnyuèhuì hěn jīngcǎi.｜Tā mǎi le liǎng zhāng yīnyuèhuì de piào.｜Yīnyuèhuì wǎnshang bā diǎn kāishǐ.｜Wǒ dì yī cì cānjiā yīnyuèhuì.,We are going to a concert this weekend.｜This concert is wonderful.｜She bought two concert tickets.｜The concert starts at 8 p.m.｜This is my first time attending a concert.,ဒီအပတ်ကုန်မှာ ဂီတဖျော်ဖြေပွဲသွားနားထောင်မယ်။｜ဒီဂီတဖျော်ဖြေပွဲက အရမ်းကောင်းတယ်။｜သူမ ဂီတဖျော်ဖြေပွဲလက်မှတ်နှစ်စောင် ဝယ်ခဲ့တယ်။｜ဂီတဖျော်ဖြေပွဲက ည ၈ နာရီမှာ စတယ်။｜ဒါက ကျွန်တော် ပထမဆုံး ဂီတဖျော်ဖြေပွဲတက်တာပါ။,演唱会 (yǎnchànghuì) — သီချင်းဖျော်ဖြေပွဲ｜音乐厅 (yīnyuètīng) — ဂီတခန်းမ｜演出 (yǎnchū) — ဖျော်ဖြေပွဲ｜音乐会门票 (yīnyuèhuì ménpiào) — ဂီတဖျော်ဖြေပွဲလက်မှတ်｜现场音乐会 (xiànchǎng yīnyuèhuì) — တိုက်ရိုက်ဂီတဖျော်ဖြေပွဲ
1173,2,银行,yínháng,Bank,ဘဏ်,我去银行取钱。｜银行几点关门？｜这家银行离我家很近。｜爸爸在银行工作。｜我需要去银行办事。,Wǒ qù yínháng qǔ qián.｜Yínháng jǐ diǎn guānmén?｜Zhè jiā yínháng lí wǒ jiā hěn jìn.｜Bàba zài yínháng gōngzuò.｜Wǒ xūyào qù yínháng bànshì.,I am going to the bank to withdraw money.｜What time does the bank close?｜This bank is very close to my home.｜My father works at a bank.｜I need to go to the bank to take care of something.,ကျွန်တော် ဘဏ်ကို ငွေထုတ်ဖို့သွားတယ်။｜ဘဏ်က ဘယ်အချိန်ပိတ်လဲ။｜ဒီဘဏ်က ကျွန်တော့်အိမ်နဲ့ အရမ်းနီးတယ်။｜အဖေက ဘဏ်မှာ အလုပ်လုပ်တယ်။｜ကျွန်တော် ဘဏ်ကို ကိစ္စတစ်ခုသွားလုပ်ဖို့လိုတယ်။,银行家 (yínhángjiā) — ဘဏ်လုပ်ငန်းရှင်｜银行账户 (yínháng zhànghù) — ဘဏ်အကောင့်｜银行贷款 (yínháng dàikuǎn) — ဘဏ်ချေးငွေ｜银行工作人员 (yínháng gōngzuò rényuán) — ဘဏ်ဝန်ထမ်း｜网上银行 (wǎngshàng yínháng) — အွန်လိုင်းဘဏ်
1174,2,银行卡,yín háng kǎ,bank card,ဘဏ်ကတ်,我的银行卡丢了。｜请把钱存进银行卡。｜这张银行卡可以在网上使用。｜我忘记带银行卡了。｜他正在申请一张银行卡。,Wǒ de yínhángkǎ diū le.｜Qǐng bǎ qián cún jìn yínhángkǎ.｜Zhè zhāng yínhángkǎ kěyǐ zài wǎngshàng shǐyòng.｜Wǒ wàngjì dài yínhángkǎ le.｜Tā zhèngzài shēnqǐng yì zhāng yínhángkǎ.,I lost my bank card.｜Please put the money into the bank card.｜This bank card can be used online.｜I forgot to bring my bank card.｜He is applying for a bank card.,ကျွန်တော့်ဘဏ်ကတ် ပျောက်သွားပြီ။｜ငွေကို ဘဏ်ကတ်ထဲ ထည့်ပေးပါ။｜ဒီဘဏ်ကတ်ကို အွန်လိုင်းမှာ သုံးလို့ရတယ်။｜ကျွန်တော် ဘဏ်ကတ်ယူလာဖို့ မေ့သွားတယ်။｜သူ ဘဏ်ကတ်တစ်ကတ် လျှောက်နေတယ်။,银行卡号 (yínhángkǎ hào) — ဘဏ်ကတ်နံပါတ်｜银行卡密码 (yínhángkǎ mìmǎ) — ဘဏ်ကတ်လျှို့ဝှက်နံပါတ်｜信用卡 (xìnyòngkǎ) — ခရက်ဒစ်ကတ်｜借记卡 (jièjìkǎ) — ဒက်ဘစ်ကတ်｜银行卡余额 (yínhángkǎ yú'é) — ဘဏ်ကတ်လက်ကျန်ငွေ
1175,2,应该,yīnggāi,Should,သင့်သည်၊ လုပ်သင့်သည်,你应该早点睡觉。｜我们应该认真学习。｜下雨了，你应该带伞。｜你不应该说谎。｜遇到问题应该冷静。,"Nǐ yīnggāi zǎodiǎn shuìjiào.｜Wǒmen yīnggāi rènzhēn xuéxí.｜Xiàyǔ le, nǐ yīnggāi dài sǎn.｜Nǐ bù yīnggāi shuōhuǎng.｜Yùdào wèntí yīnggāi lěngjìng.","You should go to bed earlier.｜We should study hard.｜It is raining, so you should bring an umbrella.｜You should not lie.｜You should stay calm when you have a problem.",မင်း စောစောအိပ်သင့်တယ်။｜ကျွန်တော်တို့ ကြိုးစားပြီး စာလေ့လာသင့်တယ်။｜မိုးရွာနေပြီ၊ မင်းထီးယူသင့်တယ်။｜မင်း လိမ်မပြောသင့်ဘူး။｜ပြဿနာကြုံရင် စိတ်အေးအေးထားသင့်တယ်။,应该说 (yīnggāi shuō) — ပြောသင့်သည်｜应该做 (yīnggāi zuò) — လုပ်သင့်သည်｜应该注意 (yīnggāi zhùyì) — သတိထားသင့်သည်｜应该知道 (yīnggāi zhīdào) — သိသင့်သည်｜不应该 (bù yīnggāi) — မလုပ်သင့်
1176,2,英文,yīng wén,English,အင်္ဂလိပ်စာ,我正在学习英文。｜这本书有英文版本。｜他的英文很好。｜请把这句话翻译成英文。｜我每天读一点英文。,Wǒ zhèngzài xuéxí Yīngwén.｜Zhè běn shū yǒu Yīngwén bǎnběn.｜Tā de Yīngwén hěn hǎo.｜Qǐng bǎ zhè jù huà fānyì chéng Yīngwén.｜Wǒ měitiān dú yìdiǎn Yīngwén.,I am studying English.｜This book has an English version.｜His English is very good.｜Please translate this sentence into English.｜I read a little English every day.,ကျွန်တော် အင်္ဂလိပ်စာလေ့လာနေတယ်။｜ဒီစာအုပ်မှာ အင်္ဂလိပ်ဘာသာနဲ့ ထုတ်ထားတဲ့မူရှိတယ်။｜သူ့အင်္ဂလိပ်စာက အရမ်းကောင်းတယ်။｜ဒီစာကြောင်းကို အင်္ဂလိပ်လို ဘာသာပြန်ပေးပါ။｜ကျွန်တော် နေ့တိုင်း အင်္ဂလိပ်စာ နည်းနည်းဖတ်တယ်။,英文名 (Yīngwén míng) — အင်္ဂလိပ်နာမည်｜英文书 (Yīngwén shū) — အင်္ဂလိပ်စာအုပ်｜英文翻译 (Yīngwén fānyì) — အင်္ဂလိပ်ဘာသာပြန်｜英文单词 (Yīngwén dāncí) — အင်္ဂလိပ်ဝေါဟာရ｜英文句子 (Yīngwén jùzi) — အင်္ဂလိပ်စာကြောင်း
1177,2,英语,yīng yǔ,English,အင်္ဂလိပ်ဘာသာစကား,我的英语不太好。｜她正在学习英语。｜你会说英语吗？｜英语是很有用的语言。｜我每天练习英语口语。,Wǒ de Yīngyǔ bù tài hǎo.｜Tā zhèngzài xuéxí Yīngyǔ.｜Nǐ huì shuō Yīngyǔ ma?｜Yīngyǔ shì hěn yǒuyòng de yǔyán.｜Wǒ měitiān liànxí Yīngyǔ kǒuyǔ.,My English is not very good.｜She is studying English.｜Can you speak English?｜English is a very useful language.｜I practice spoken English every day.,ကျွန်တော့်အင်္ဂလိပ်စာ သိပ်မကောင်းဘူး။｜သူမ အင်္ဂလိပ်စာလေ့လာနေတယ်။｜မင်း အင်္ဂလိပ်လို ပြောတတ်လား။｜အင်္ဂလိပ်ဘာသာစကားက အရမ်းအသုံးဝင်တယ်။｜ကျွန်တော် နေ့တိုင်း အင်္ဂလိပ်စကားပြော လေ့ကျင့်တယ်။,英语课 (Yīngyǔ kè) — အင်္ဂလိပ်စာသင်ချိန်｜英语老师 (Yīngyǔ lǎoshī) — အင်္ဂလိပ်စာဆရာ｜英语学习 (Yīngyǔ xuéxí) — အင်္ဂလိပ်စာလေ့လာခြင်း｜英语口语 (Yīngyǔ kǒuyǔ) — အင်္ဂလိပ်စကားပြော｜英语考试 (Yīngyǔ kǎoshì) — အင်္ဂလိပ်စာမေးပွဲ
1178,2,影片,yǐng piàn,film; movie,ရုပ်ရှင်၊ ဗီဒီယို,这部影片很好看。｜我昨天看了一部中国影片。｜这部影片讲了一个有趣的故事。｜影片已经开始了。｜他很喜欢这部影片。,Zhè bù yǐngpiān hěn hǎokàn.｜Wǒ zuótiān kàn le yí bù Zhōngguó yǐngpiān.｜Zhè bù yǐngpiān jiǎng le yí ge yǒuqù de gùshi.｜Yǐngpiān yǐjīng kāishǐ le.｜Tā hěn xǐhuan zhè bù yǐngpiān.,This film is very good.｜I watched a Chinese film yesterday.｜This film tells an interesting story.｜The film has already started.｜He really likes this film.,ဒီရုပ်ရှင်က အရမ်းကောင်းတယ်။｜မနေ့က တရုတ်ရုပ်ရှင်တစ်ကား ကြည့်ခဲ့တယ်။｜ဒီရုပ်ရှင်မှာ စိတ်ဝင်စားစရာဇာတ်လမ်းတစ်ခု ပါတယ်။｜ရုပ်ရှင်စနေပြီ။｜သူ ဒီရုပ်ရှင်ကို အရမ်းကြိုက်တယ်။,电影 (diànyǐng) — ရုပ်ရှင်｜影片内容 (yǐngpiān nèiróng) — ရုပ်ရှင်အကြောင်းအရာ｜影片上映 (yǐngpiān shàngyìng) — ရုပ်ရှင်ပြသခြင်း｜影片导演 (yǐngpiān dǎoyǎn) — ရုပ်ရှင်ဒါရိုက်တာ｜影片故事 (yǐngpiān gùshi) — ရုပ်ရှင်ဇာတ်လမ်း
1179,2,影响,yǐngxiǎng,Influence,သက်ရောက်မှု၊ လွှမ်းမိုးမှု,这件事对我影响很大。｜天气会影响我们的计划。｜这部电影影响了很多人。｜他的意见对我没有影响。｜学习环境会影响学习效果。,Zhè jiàn shì duì wǒ yǐngxiǎng hěn dà.｜Tiānqì huì yǐngxiǎng wǒmen de jìhuà.｜Zhè bù diànyǐng yǐngxiǎng le hěn duō rén.｜Tā de yìjiàn duì wǒ méiyǒu yǐngxiǎng.｜Xuéxí huánjìng huì yǐngxiǎng xuéxí xiàoguǒ.,This matter has a big impact on me.｜The weather will affect our plans.｜This movie affected many people.｜His opinion has no effect on me.｜The learning environment affects learning results.,ဒီကိစ္စက ကျွန်တော့်အပေါ် သက်ရောက်မှုအရမ်းကြီးတယ်။｜ရာသီဥတုက ကျွန်တော်တို့အစီအစဉ်ကို သက်ရောက်နိုင်တယ်။｜ဒီရုပ်ရှင်က လူအများကြီးအပေါ် သက်ရောက်မှုရှိခဲ့တယ်။｜သူ့အမြင်က ကျွန်တော့်အပေါ် သက်ရောက်မှုမရှိဘူး။｜စာလေ့လာတဲ့ပတ်ဝန်းကျင်က စာလေ့လာမှုရလဒ်ကို သက်ရောက်မှုရှိတယ်။,影响力 (yǐngxiǎnglì) — သက်ရောက်မှုစွမ်းအား｜影响很大 (yǐngxiǎng hěn dà) — သက်ရောက်မှုကြီးသည်｜受到影响 (shòudào yǐngxiǎng) — သက်ရောက်မှုခံရသည်｜产生影响 (chǎnshēng yǐngxiǎng) — သက်ရောက်မှုဖြစ်စေသည်｜影响因素 (yǐngxiǎng yīnsù) — သက်ရောက်စေသောအကြောင်းရင်း
1180,2,永远,yǒngyuǎn,forever,အမြဲတမ်း၊ ထာဝရ,我永远不会忘记你。｜我希望我们永远是朋友。｜他永远支持我。｜父母永远爱自己的孩子。｜我永远记得这一天。,Wǒ yǒngyuǎn bú huì wàngjì nǐ.｜Wǒ xīwàng wǒmen yǒngyuǎn shì péngyou.｜Tā yǒngyuǎn zhīchí wǒ.｜Fùmǔ yǒngyuǎn ài zìjǐ de háizi.｜Wǒ yǒngyuǎn jìde zhè yì tiān.,I will never forget you.｜I hope we will always be friends.｜He will always support me.｜Parents always love their children.｜I will always remember this day.,ငါ မင်းကို ဘယ်တော့မှ မမေ့ဘူး။｜ငါတို့ အမြဲတမ်း သူငယ်ချင်းဖြစ်နေမယ်လို့ မျှော်လင့်တယ်။｜သူက ငါ့ကို အမြဲအားပေးတယ်။｜မိဘတွေက ကိုယ့်ကလေးတွေကို အမြဲချစ်ကြတယ်။｜ဒီနေ့ကို ငါ ဘယ်တော့မှ မမေ့ဘူး။,永久 (yǒngjiǔ) — အမြဲတမ်း၊ ထာဝရ｜永远不会 (yǒngyuǎn bú huì) — ဘယ်တော့မှ...မ｜永远的朋友 (yǒngyuǎn de péngyou) — ထာဝရသူငယ်ချင်း｜永远记住 (yǒngyuǎn jìzhù) — အမြဲမှတ်ထားသည်｜永远支持 (yǒngyuǎn zhīchí) — အမြဲအားပေးသည်
1181,2,油,yóu,oil; fat; grease,ဆီ,做菜需要油。｜锅里没有油了。｜这种油很贵。｜请少放一点油。｜我买了一瓶食用油。,Zuò cài xūyào yóu.｜Guō lǐ méiyǒu yóu le.｜Zhè zhǒng yóu hěn guì.｜Qǐng shǎo fàng yìdiǎn yóu.｜Wǒ mǎi le yì píng shíyòngyóu.,Cooking requires oil.｜There is no oil in the pot.｜This kind of oil is expensive.｜Please use a little less oil.｜I bought a bottle of cooking oil.,ဟင်းချက်ဖို့ ဆီလိုတယ်။｜အိုးထဲမှာ ဆီမရှိတော့ဘူး။｜ဒီလိုဆီက ဈေးကြီးတယ်။｜ဆီ နည်းနည်းလျှော့ထည့်ပါ။｜စားသုံးဆီတစ်ဘူး ဝယ်ခဲ့တယ်။,食用油 (shíyòngyóu) — စားသုံးဆီ｜汽油 (qìyóu) — ဓာတ်ဆီ｜油菜 (yóucài) — ဆီထုတ်ရန်သုံးသော မုန်ညင်းရွက်｜油瓶 (yóupíng) — ဆီဘူး｜花生油 (huāshēngyóu) — မြေပဲဆီ
1182,2,游客,yóu kè,tourist; visitor,ခရီးသွားဧည့်သည်,游客正在参观这个城市。｜这里每年有很多游客。｜游客喜欢拍照。｜我们帮助了一位游客。｜这些游客来自中国。,Yóukè zhèngzài cānguān zhège chéngshì.｜Zhèlǐ měinián yǒu hěn duō yóukè.｜Yóukè xǐhuan pāizhào.｜Wǒmen bāngzhù le yí wèi yóukè.｜Zhèxiē yóukè láizì Zhōngguó.,Tourists are visiting this city.｜There are many tourists here every year.｜Tourists like taking photos.｜We helped a tourist.｜These tourists are from China.,ခရီးသွားဧည့်သည်တွေ ဒီမြို့ကို လည်ပတ်နေကြတယ်။｜ဒီမှာ နှစ်တိုင်း ခရီးသွားဧည့်သည် အများကြီးရှိတယ်။｜ခရီးသွားဧည့်သည်တွေ ဓာတ်ပုံရိုက်ရတာ ကြိုက်တယ်။｜ကျွန်တော်တို့ ခရီးသွားဧည့်သည်တစ်ယောက်ကို ကူညီပေးခဲ့တယ်။｜ဒီခရီးသွားဧည့်သည်တွေက တရုတ်နိုင်ငံက လာတာပါ။,旅行者 (lǚxíngzhě) — ခရီးသွားသူ｜游客中心 (yóukè zhōngxīn) — ခရီးသွားဧည့်သည်စင်တာ｜游客区 (yóukè qū) — ခရီးသွားဧည့်သည်ဧရိယာ｜外国游客 (wàiguó yóukè) — နိုင်ငံခြားခရီးသွား｜游客很多 (yóukè hěn duō) — ခရီးသွားဧည့်သည်များသည်
1183,2,友好,yǒuhǎo,friendly,ဖော်ရွေသည်,他对别人很友好。｜这里的人都很友好。｜她是一个友好的人。｜我们应该友好地相处。｜老师对学生很友好。,Tā duì biérén hěn yǒuhǎo.｜Zhèlǐ de rén dōu hěn yǒuhǎo.｜Tā shì yí ge yǒuhǎo de rén.｜Wǒmen yīnggāi yǒuhǎo de xiāngchǔ.｜Lǎoshī duì xuésheng hěn yǒuhǎo.,He is friendly to others.｜The people here are very friendly.｜She is a friendly person.｜We should get along in a friendly way.｜The teacher is friendly to the students.,သူက တခြားလူတွေအပေါ် ဖော်ရွေတယ်။｜ဒီကလူတွေက အားလုံး ဖော်ရွေကြတယ်။｜သူမက ဖော်ရွေတဲ့လူတစ်ယောက်ပါ။｜ကျွန်တော်တို့ ဖော်ဖော်ရွေရွေနဲ့ အတူတူနေထိုင်သင့်တယ်။｜ဆရာက ကျောင်းသားတွေအပေါ် ဖော်ရွေတယ်။,友好地 (yǒuhǎo de) — ဖော်ရွေစွာ｜友好关系 (yǒuhǎo guānxì) — ခင်မင်ရင်းနှီးသောဆက်ဆံရေး｜友好相处 (yǒuhǎo xiāngchǔ) — ဖော်ဖော်ရွေရွေ အတူနေသည်｜友好城市 (yǒuhǎo chéngshì) — မိတ်ဖက်မြို့｜友好的人 (yǒuhǎo de rén) — ဖော်ရွေသောလူ
1184,2,有空儿,yǒu kòngr,be free; at leisure,အားတဲ့အချိန်ရှိသည်,你明天有空儿吗？｜我晚上有空儿。｜有空儿请来我家。｜我周末比较有空儿。｜你有空儿的时候告诉我。,Nǐ míngtiān yǒu kòngr ma?｜Wǒ wǎnshang yǒu kòngr.｜Yǒu kòngr qǐng lái wǒ jiā.｜Wǒ zhōumò bǐjiào yǒu kòngr.｜Nǐ yǒu kòngr de shíhou gàosu wǒ.,Are you free tomorrow?｜I am free in the evening.｜Come to my house when you are free.｜I am relatively free on weekends.｜Tell me when you are free.,မနက်ဖြန် မင်းအားလား။｜ညနေမှာ ငါအားတယ်။｜အားရင် ငါ့အိမ်ကို လာပါ။｜စနေ၊ တနင်္ဂနွေမှာ ငါ အတော်လေးအားတယ်။｜မင်းအားတဲ့အချိန် ငါ့ကိုပြောပါ။,有时间 (yǒu shíjiān) — အချိန်ရှိသည်｜有空的时候 (yǒu kòng de shíhou) — အားတဲ့အချိန်｜有空吗 (yǒu kòng ma) — အားလား｜有空再来 (yǒu kòng zài lái) — အားရင်ထပ်လာ｜空闲时间 (kòngxián shíjiān) — အားလပ်ချိန်
1185,2,有人,yǒu rén,someone; there’s someone,တစ်ယောက်ယောက်ရှိသည်၊ လူရှိသည်,教室里有人。｜门外有人在等你。｜这里有人吗？｜我知道有人喜欢这本书。｜房间里没有人。,Jiàoshì lǐ yǒu rén.｜Mén wài yǒu rén zài děng nǐ.｜Zhèlǐ yǒu rén ma?｜Wǒ zhīdào yǒu rén xǐhuan zhè běn shū.｜Fángjiān lǐ méiyǒu rén.,There is someone in the classroom.｜Someone is waiting for you outside the door.｜Is anyone here?｜I know someone likes this book.｜There is no one in the room.,စာသင်ခန်းထဲမှာ လူရှိတယ်။｜တံခါးအပြင်မှာ မင်းကိုစောင့်နေတဲ့လူရှိတယ်။｜ဒီမှာ လူရှိလား။｜ဒီစာအုပ်ကို ကြိုက်တဲ့လူရှိတာ ငါသိတယ်။｜အခန်းထဲမှာ လူမရှိဘူး။,有人吗 (yǒu rén ma) — လူရှိလား｜有人说 (yǒu rén shuō) — တချို့ကပြောသည်｜有人在等 (yǒu rén zài děng) — လူတစ်ယောက် စောင့်နေသည်｜有人喜欢 (yǒu rén xǐhuan) — ကြိုက်တဲ့လူရှိသည်｜有人来过 (yǒu rén láiguo) — လူတစ်ယောက်လာဖူးသည်
1186,2,有（一）点儿,yǒu （ yì ） diǎnr,a little bit,နည်းနည်း,我有一点儿累。｜今天有一点儿冷。｜这道菜有一点儿辣。｜我有一点儿饿了。｜她有一点儿不开心。,Wǒ yǒu yìdiǎnr lèi.｜Jīntiān yǒu yìdiǎnr lěng.｜Zhè dào cài yǒu yìdiǎnr là.｜Wǒ yǒu yìdiǎnr è le.｜Tā yǒu yìdiǎnr bù kāixīn.,I am a little tired.｜It is a little cold today.｜This dish is a little spicy.｜I am a little hungry.｜She is a little unhappy.,ငါ နည်းနည်းပင်ပန်းတယ်။｜ဒီနေ့ နည်းနည်းအေးတယ်။｜ဒီဟင်းက နည်းနည်းစပ်တယ်။｜ငါ နည်းနည်းဗိုက်ဆာလာပြီ။｜သူမ နည်းနည်းစိတ်မကောင်းဖြစ်နေတယ်။,一点儿 (yìdiǎnr) — နည်းနည်း｜一点点 (yìdiǎndiǎn) — အနည်းငယ်｜有一点儿累 (yǒu yìdiǎnr lèi) — နည်းနည်းပင်ပန်းသည်｜有一点儿冷 (yǒu yìdiǎnr lěng) — နည်းနည်းအေးသည်｜一点儿问题 (yìdiǎnr wèntí) — ပြဿနာနည်းနည်း
1187,2,有意思,yǒu yì si,interesting; significant,စိတ်ဝင်စားစရာကောင်းသည်,这个故事很有意思。｜你的想法很有意思。｜这本书很有意思。｜学习中文很有意思。｜昨天的电影很有意思。,Zhège gùshi hěn yǒuyìsi.｜Nǐ de xiǎngfǎ hěn yǒuyìsi.｜Zhè běn shū hěn yǒuyìsi.｜Xuéxí Zhōngwén hěn yǒuyìsi.｜Zuótiān de diànyǐng hěn yǒuyìsi.,This story is very interesting.｜Your idea is very interesting.｜This book is very interesting.｜Learning Chinese is very interesting.｜Yesterday's movie was very interesting.,ဒီဇာတ်လမ်းက အရမ်းစိတ်ဝင်စားဖို့ကောင်းတယ်။｜မင်းရဲ့အတွေးအမြင်က အရမ်းစိတ်ဝင်စားဖို့ကောင်းတယ်။｜ဒီစာအုပ်က အရမ်းစိတ်ဝင်စားဖို့ကောင်းတယ်။｜တရုတ်စာလေ့လာရတာ အရမ်းစိတ်ဝင်စားဖို့ကောင်းတယ်။｜မနေ့က ရုပ်ရှင်က အရမ်းစိတ်ဝင်စားဖို့ကောင်းတယ်။,有意思的书 (yǒuyìsi de shū) — စိတ်ဝင်စားဖို့ကောင်းသောစာအုပ်｜有意思的事情 (yǒuyìsi de shìqing) — စိတ်ဝင်စားဖို့ကောင်းသောကိစ္စ｜有意思吗 (yǒuyìsi ma) — စိတ်ဝင်စားဖို့ကောင်းလား｜真有意思 (zhēn yǒuyìsi) — တကယ်စိတ်ဝင်စားဖို့ကောင်းသည်｜很有意思 (hěn yǒuyìsi) — အရမ်းစိတ်ဝင်စားဖို့ကောင်းသည်
1188,2,又,yòu,also,ထပ်ပြီး၊ နောက်တစ်ကြိမ်,我又忘了。｜他今天又迟到了。｜我又看了一遍。｜她又买了一本书。｜明天我们又要上课了。,Wǒ yòu wàng le.｜Tā jīntiān yòu chídào le.｜Wǒ yòu kàn le yí biàn.｜Tā yòu mǎi le yì běn shū.｜Míngtiān wǒmen yòu yào shàngkè le.,I forgot again.｜He was late again today.｜I watched it again.｜She bought another book.｜We have classes again tomorrow.,ငါ ထပ်မေ့ပြန်ပြီ။｜သူ ဒီနေ့လည်း နောက်ကျပြန်တယ်။｜ငါ ထပ်ပြီးတစ်ခါ ကြည့်ခဲ့တယ်။｜သူမ စာအုပ်တစ်အုပ် ထပ်ဝယ်တယ်။｜မနက်ဖြန်လည်း ကျောင်းတက်ရဦးမယ်။,又来了 (yòu lái le) — ထပ်လာပြန်ပြီ｜又一次 (yòu yí cì) — နောက်တစ်ကြိမ်｜又要 (yòu yào) — ထပ်ပြီး...ရတော့မည်｜又是 (yòu shì) — ထပ်ပြီး...ဖြစ်သည်｜又买 (yòu mǎi) — ထပ်ဝယ်သည်
1189,2,鱼,yú,fish,ငါး,我喜欢吃鱼。｜这条鱼很大。｜鱼在水里游。｜妈妈买了两条鱼。｜这家餐厅的鱼很好吃。,Wǒ xǐhuan chī yú.｜Zhè tiáo yú hěn dà.｜Yú zài shuǐ lǐ yóu.｜Māma mǎi le liǎng tiáo yú.｜Zhè jiā cāntīng de yú hěn hǎochī.,I like eating fish.｜This fish is very big.｜The fish is swimming in the water.｜Mom bought two fish.｜The fish at this restaurant is delicious.,ငါ ငါးစားရတာ ကြိုက်တယ်။｜ဒီငါးက အရမ်းကြီးတယ်။｜ငါးက ရေထဲမှာ ကူးနေတယ်။｜အမေက ငါးနှစ်ကောင် ဝယ်လာတယ်။｜ဒီစားသောက်ဆိုင်က ငါးက အရမ်းအရသာရှိတယ်။,大鱼 (dà yú) — ငါးကြီး｜小鱼 (xiǎo yú) — ငါးသေး｜鱼肉 (yúròu) — ငါးအသား｜鱼汤 (yútāng) — ငါးဟင်းရည်｜鱼市场 (yú shìchǎng) — ငါးဈေး
1190,2,语言,yǔyán,language,ဘာသာစကား,学习语言需要时间。｜中文是一门很有意思的语言。｜他会说三种语言。｜语言是交流的重要工具。｜我喜欢学习新的语言。,Xuéxí yǔyán xūyào shíjiān.｜Zhōngwén shì yì mén hěn yǒuyìsi de yǔyán.｜Tā huì shuō sān zhǒng yǔyán.｜Yǔyán shì jiāoliú de zhòngyào gōngjù.｜Wǒ xǐhuan xuéxí xīn de yǔyán.,Learning a language takes time.｜Chinese is a very interesting language.｜He can speak three languages.｜Language is an important tool for communication.｜I like learning new languages.,ဘာသာစကားလေ့လာဖို့ အချိန်လိုတယ်။｜တရုတ်ဘာသာစကားက အရမ်းစိတ်ဝင်စားဖို့ကောင်းတဲ့ ဘာသာစကားတစ်ခုပါ။｜သူက ဘာသာစကားသုံးမျိုး ပြောတတ်တယ်။｜ဘာသာစကားက ဆက်သွယ်ရေးအတွက် အရေးကြီးတဲ့ကိရိယာတစ်ခုပါ။｜ငါ ဘာသာစကားအသစ်တွေ လေ့လာရတာကြိုက်တယ်။,外语 (wàiyǔ) — နိုင်ငံခြားဘာသာစကား｜中文 (Zhōngwén) — တရုတ်ဘာသာ｜英语 (Yīngyǔ) — အင်္ဂလိပ်ဘာသာ｜语言学习 (yǔyán xuéxí) — ဘာသာစကားလေ့လာခြင်း｜语言能力 (yǔyán nénglì) — ဘာသာစကားစွမ်းရည်
1191,2,原来,yuánlái,Original; formerly,မူလက၊ အခုမှသိရသည်,原来你也在这里！｜我原来不知道这件事。｜原来他是你的朋友。｜原来今天不上课。｜我原来住在这里。,Yuánlái nǐ yě zài zhèlǐ!｜Wǒ yuánlái bù zhīdào zhè jiàn shì.｜Yuánlái tā shì nǐ de péngyou.｜Yuánlái jīntiān bú shàngkè.｜Wǒ yuánlái zhù zài zhèlǐ.,So you are here too!｜I didn't know this before.｜So he is your friend.｜It turns out there is no class today.｜I used to live here.,အော် မင်းလည်း ဒီမှာရှိတာကိုး။｜ဒီကိစ္စကို အရင်က ငါမသိဘူး။｜အော် သူက မင်းသူငယ်ချင်းကိုး။｜အော် ဒီနေ့ စာသင်ချိန်မရှိဘူးကိုး။｜ငါ အရင်က ဒီမှာနေခဲ့တာ။,原来如此 (yuánlái rúcǐ) — အော် ဒီလိုကိုး｜原来是这样 (yuánlái shì zhèyàng) — အော် ဒီလိုဖြစ်တာကိုး｜原来的 (yuánlái de) — မူလက｜原来没有 (yuánlái méiyǒu) — အရင်ကမရှိ｜原来如此啊 (yuánlái rúcǐ a) — အော် ဒီလိုကိုး
1192,2,原因,yuányīn,Reason,အကြောင်းရင်း,你迟到的原因是什么？｜我不知道他的原因。｜生病是他请假的原因。｜你能告诉我原因吗？｜这是问题的主要原因。,Nǐ chídào de yuányīn shì shénme?｜Wǒ bù zhīdào tā de yuányīn.｜Shēngbìng shì tā qǐngjià de yuányīn.｜Nǐ néng gàosu wǒ yuányīn ma?｜Zhè shì wèntí de zhǔyào yuányīn.,What is the reason you were late?｜I don't know his reason.｜Being sick was the reason he took leave.｜Can you tell me the reason?｜This is the main reason for the problem.,မင်းနောက်ကျတဲ့ အကြောင်းရင်းက ဘာလဲ။｜သူ့ရဲ့အကြောင်းရင်းကို ငါမသိဘူး။｜နေမကောင်းတာက သူခွင့်ယူတဲ့အကြောင်းရင်းပါ။｜အကြောင်းရင်းကို ငါ့ကိုပြောပြနိုင်လား။｜ဒါက ပြဿနာရဲ့ အဓိကအကြောင်းရင်းပါ။,主要原因 (zhǔyào yuányīn) — အဓိကအကြောင်းရင်း｜原因是什么 (yuányīn shì shénme) — အကြောင်းရင်းကဘာလဲ｜因为...原因 (yīnwèi...yuányīn) — ...အကြောင်းကြောင့်｜原因之一 (yuányīn zhī yī) — အကြောင်းရင်းတစ်ခု｜找到原因 (zhǎodào yuányīn) — အကြောင်းရင်းရှာတွေ့သည်
1193,2,院,yuàn,yard; compound; courtyard; college,ဝင်း၊ ခြံဝင်း၊ ဆေးရုံဝင်း,医院的院子里有很多树。｜学校有一个大院。｜他们在院子里聊天。｜这个院里很安静。｜孩子们在院子里玩。,Yīyuàn de yuànzi lǐ yǒu hěn duō shù.｜Xuéxiào yǒu yí ge dà yuàn.｜Tāmen zài yuànzi lǐ liáotiān.｜Zhège yuàn lǐ hěn ānjìng.｜Háizimen zài yuànzi lǐ wán.,There are many trees in the hospital courtyard.｜The school has a large compound.｜They are chatting in the courtyard.｜This courtyard is very quiet.｜The children are playing in the courtyard.,ဆေးရုံဝင်းထဲမှာ သစ်ပင်တွေအများကြီးရှိတယ်။｜ကျောင်းမှာ ဝင်းကျယ်ကြီးတစ်ခုရှိတယ်။｜သူတို့ ဝင်းထဲမှာ စကားပြောနေကြတယ်။｜ဒီဝင်းက အရမ်းတိတ်ဆိတ်တယ်။｜ကလေးတွေ ဝင်းထဲမှာ ကစားနေကြတယ်။,医院 (yīyuàn) — ဆေးရုံ｜院子 (yuànzi) — ဝင်း｜校园 (xiàoyuán) — ကျောင်းဝင်း｜大院 (dàyuàn) — ဝင်းကြီး｜院里 (yuàn lǐ) — ဝင်းထဲ
1194,2,院长,yuàn zhǎng,dean,ဌာနမှူး၊ ကျောင်းအုပ်,院长正在开会。｜院长欢迎新学生。｜我见过这位院长。｜院长正在办公室里工作。｜大家都很尊敬院长。,Yuànzhǎng zhèngzài kāihuì.｜Yuànzhǎng huānyíng xīn xuésheng.｜Wǒ jiànguò zhè wèi yuànzhǎng.｜Yuànzhǎng zhèngzài bàngōngshì lǐ gōngzuò.｜Dàjiā dōu hěn zūnjìng yuànzhǎng.,The dean is having a meeting.｜The dean welcomes the new students.｜I have met this dean.｜The dean is working in the office.｜Everyone respects the dean.,ဌာနမှူးက အစည်းအဝေးလုပ်နေတယ်။｜ဌာနမှူးက ကျောင်းသားအသစ်တွေကို ကြိုဆိုတယ်။｜ဒီဌာနမှူးကို ငါတွေ့ဖူးတယ်။｜ဌာနမှူးက ရုံးခန်းထဲမှာ အလုပ်လုပ်နေတယ်။｜အားလုံးက ဌာနမှူးကို လေးစားကြတယ်။,副院长 (fùyuànzhǎng) — ဒုဌာနမှူး｜医院院长 (yīyuàn yuànzhǎng) — ဆေးရုံအုပ်｜校长 (xiàozhǎng) — ကျောင်းအုပ်｜院长办公室 (yuànzhǎng bàngōngshì) — ဌာနမှူးရုံးခန်း｜院长助理 (yuànzhǎng zhùlǐ) — ဌာနမှူးလက်ထောက်
1195,2,院子,yuàn zi,courtyard; yard,ခြံဝင်း၊ အိမ်ဝင်း,我们在院子里聊天。｜孩子们在院子里玩。｜院子里有很多花。｜我喜欢坐在院子里。｜奶奶正在院子里晒衣服。,Wǒmen zài yuànzi lǐ liáotiān.｜Háizimen zài yuànzi lǐ wán.｜Yuànzi lǐ yǒu hěn duō huā.｜Wǒ xǐhuan zuò zài yuànzi lǐ.｜Nǎinai zhèngzài yuànzi lǐ shài yīfu.,We chat in the yard.｜The children are playing in the yard.｜There are many flowers in the yard.｜I like sitting in the yard.｜Grandma is drying clothes in the yard.,ကျွန်တော်တို့ ခြံဝင်းထဲမှာ စကားပြောနေကြတယ်။｜ကလေးတွေ ခြံဝင်းထဲမှာ ကစားနေကြတယ်။｜ခြံဝင်းထဲမှာ ပန်းတွေအများကြီးရှိတယ်။｜ကျွန်တော် ခြံဝင်းထဲမှာ ထိုင်ရတာကြိုက်တယ်။｜အဘွားက ခြံဝင်းထဲမှာ အဝတ်တွေ လှန်းနေတယ်။,院落 (yuànluò) — ခြံဝင်း｜庭院 (tíngyuàn) — အိမ်ခြံဝင်း｜院门 (yuànmén) — ခြံဝင်းတံခါး｜院里 (yuàn lǐ) — ခြံဝင်းထဲ｜院外 (yuàn wài) — ခြံဝင်းအပြင်
1196,2,愿意,yuànyì,Be willing,ဆန္ဒရှိသည်၊ လုပ်ချင်သည်,我愿意帮助你。｜你愿意和我一起去吗？｜他愿意学习中文。｜我很愿意参加这个活动。｜如果你愿意，我们可以一起做。,"Wǒ yuànyì bāngzhù nǐ.｜Nǐ yuànyì hé wǒ yìqǐ qù ma?｜Tā yuànyì xuéxí Zhōngwén.｜Wǒ hěn yuànyì cānjiā zhège huódòng.｜Rúguǒ nǐ yuànyì, wǒmen kěyǐ yìqǐ zuò.","I am willing to help you.｜Are you willing to go with me?｜He is willing to study Chinese.｜I am very willing to participate in this activity.｜If you are willing, we can do it together.",ကျွန်တော် မင်းကို ကူညီပေးချင်တယ်။｜မင်း ကျွန်တော်နဲ့အတူ သွားချင်လား။｜သူ တရုတ်စာလေ့လာချင်တယ်။｜ဒီလှုပ်ရှားမှုမှာ ပါဝင်ဖို့ ကျွန်တော် အရမ်းဆန္ဒရှိတယ်။｜မင်းဆန္ဒရှိရင် ကျွန်တော်တို့ အတူတူလုပ်လို့ရတယ်။,乐意 (lèyì) — ဝမ်းမြောက်စွာလုပ်လိုသည်｜希望 (xīwàng) — မျှော်လင့်သည်｜同意 (tóngyì) — သဘောတူသည်｜愿望 (yuànwàng) — ဆန္ဒ｜自愿 (zìyuàn) — မိမိဆန္ဒအလျောက်
1197,2,月份,yuè fèn,month,လ၊ လပိုင်း,你最喜欢哪个月份？｜下个月是几月份？｜这个月份天气很热。｜每个月份都有不同的特点。｜我们计划在五月份旅行。,Nǐ zuì xǐhuan nǎge yuèfèn?｜Xià ge yuè shì jǐ yuèfèn?｜Zhège yuèfèn tiānqì hěn rè.｜Měi ge yuèfèn dōu yǒu bùtóng de tèdiǎn.｜Wǒmen jìhuà zài wǔ yuèfèn lǚxíng.,Which month do you like best?｜What month is next month?｜The weather is very hot this month.｜Every month has different characteristics.｜We plan to travel in May.,မင်း ဘယ်လပိုင်းကို အကြိုက်ဆုံးလဲ။｜နောက်လက ဘယ်လပိုင်းလဲ။｜ဒီလပိုင်းမှာ ရာသီဥတုအရမ်းပူတယ်။｜လတိုင်းမှာ မတူညီတဲ့ ထူးခြားချက်တွေရှိတယ်။｜မေလမှာ ခရီးသွားဖို့ ကျွန်တော်တို့ စီစဉ်ထားတယ်။,一月份 (yī yuèfèn) — ဇန်နဝါရီလ｜月份表 (yuèfèn biǎo) — လစာရင်း｜这个月 (zhège yuè) — ဒီလ｜下个月 (xià ge yuè) — နောက်လ｜上个月 (shàng ge yuè) — ပြီးခဲ့တဲ့လ
1198,2,月亮,yuèliang,Moon,လမင်း,今晚的月亮很漂亮。｜我喜欢看月亮。｜月亮出来了。｜今天晚上的月亮很圆。｜孩子们正在看天上的月亮。,Jīnwǎn de yuèliang hěn piàoliang.｜Wǒ xǐhuan kàn yuèliang.｜Yuèliang chūlái le.｜Jīntiān wǎnshang de yuèliang hěn yuán.｜Háizimen zhèngzài kàn tiānshàng de yuèliang.,The moon is beautiful tonight.｜I like looking at the moon.｜The moon has come out.｜The moon is very round tonight.｜The children are looking at the moon in the sky.,ဒီည လမင်းက အရမ်းလှတယ်။｜ကျွန်တော် လမင်းကို ကြည့်ရတာကြိုက်တယ်။｜လထွက်လာပြီ။｜ဒီည လမင်းက အရမ်းဝိုင်းတယ်။｜ကလေးတွေ ကောင်းကင်ပေါ်က လမင်းကို ကြည့်နေကြတယ်။,月光 (yuèguāng) — လရောင်｜月球 (yuèqiú) — လ｜满月 (mǎnyuè) — လပြည့်｜月色 (yuèsè) — လရောင်｜月初 (yuèchū) — လအစ
1199,2,越,yuè,The more,ပို၍...,天气越来越冷了。｜她越说越开心。｜我越学习越喜欢中文。｜这条路越走越近。｜他越吃越想吃。,Tiānqì yuèláiyuè lěng le.｜Tā yuè shuō yuè kāixīn.｜Wǒ yuè xuéxí yuè xǐhuan Zhōngwén.｜Zhè tiáo lù yuè zǒu yuè jìn.｜Tā yuè chī yuè xiǎng chī.,"The weather is getting colder and colder.｜The more she talks, the happier she becomes.｜The more I study, the more I like Chinese.｜The farther we walk along this road, the closer we get.｜The more he eats, the more he wants to eat.",ရာသီဥတုက ပိုပိုပြီးအေးလာတယ်။｜သူမ ပြောလေလေ ပိုပျော်လာလေလေပဲ။｜တရုတ်စာလေ့လာလေလေ ပိုကြိုက်လာလေလေပဲ။｜ဒီလမ်းအတိုင်း လျှောက်လေလေ ပိုနီးလာလေလေပဲ။｜စားလေလေ ပိုစားချင်လာလေလေပဲ။,越来越 (yuèláiyuè) — တဖြည်းဖြည်းပို၍｜越过 (yuèguò) — ဖြတ်ကျော်သည်｜超过 (chāoguò) — ကျော်လွန်သည်｜越发 (yuèfā) — ပို၍｜越是 (yuèshì) — ...လေလေ
1200,2,越来越,yuè lái yuè,more and more,တဖြည်းဖြည်းပို၍...,天气越来越好了。｜我的中文越来越好了。｜孩子越来越高了。｜这里的人越来越多。｜我对这个工作越来越感兴趣。,Tiānqì yuèláiyuè hǎo le.｜Wǒ de Zhōngwén yuèláiyuè hǎo le.｜Háizi yuèláiyuè gāo le.｜Zhèlǐ de rén yuèláiyuè duō.｜Wǒ duì zhège gōngzuò yuèláiyuè gǎn xìngqù.,The weather is getting better and better.｜My Chinese is getting better and better.｜The child is getting taller and taller.｜There are more and more people here.｜I am becoming more and more interested in this job.,ရာသီဥတုက တဖြည်းဖြည်းပိုကောင်းလာတယ်။｜ကျွန်တော့်တရုတ်စာက တဖြည်းဖြည်းပိုကောင်းလာတယ်။｜ကလေးက တဖြည်းဖြည်းပိုရှည်လာတယ်။｜ဒီနေရာမှာ လူတွေ ပိုပိုများလာတယ်။｜ဒီအလုပ်ကို ကျွန်တော် ပိုပိုစိတ်ဝင်စားလာတယ်။,越来越多 (yuèláiyuè duō) — ပိုပိုများလာသည်｜越来越快 (yuèláiyuè kuài) — ပိုပိုမြန်လာသည်｜越来越好 (yuèláiyuè hǎo) — ပိုပိုကောင်းလာသည်｜越来越大 (yuèláiyuè dà) — ပိုပိုကြီးလာသည်｜越来越喜欢 (yuèláiyuè xǐhuan) — ပိုပိုကြိုက်လာသည်
1201,2,云,yún,cloud,တိမ်,天上有很多白云。｜今天的云很漂亮。｜云慢慢飘走了。｜天空中出现了一大片云。｜下雨前，云变得很厚。,"Tiānshàng yǒu hěn duō báiyún.｜Jīntiān de yún hěn piàoliang.｜Yún mànmàn piāo zǒu le.｜Tiānkōng zhōng chūxiàn le yí dà piàn yún.｜Xiàyǔ qián, yún biàn de hěn hòu.","There are many white clouds in the sky.｜The clouds are beautiful today.｜The clouds slowly floated away.｜A large cloud appeared in the sky.｜Before it rains, the clouds become thick.",ကောင်းကင်ပေါ်မှာ တိမ်ဖြူတွေအများကြီးရှိတယ်။｜ဒီနေ့ တိမ်တွေက အရမ်းလှတယ်။｜တိမ်တွေ ဖြည်းဖြည်းချင်း လွင့်သွားတယ်။｜ကောင်းကင်မှာ တိမ်အုပ်ကြီးတစ်အုပ် ပေါ်လာတယ်။｜မိုးမရွာခင် တိမ်တွေထူလာတယ်။,白云 (báiyún) — တိမ်ဖြူ｜云朵 (yúnduǒ) — တိမ်အုပ်｜乌云 (wūyún) — မိုးတိမ်မည်း｜云彩 (yúncai) — တိမ်များ｜云层 (yúncéng) — တိမ်လွှာ
1202,2,运动,yùndòng,motion,အားကစား၊ လေ့ကျင့်ခန်း,我每天都运动。｜运动对身体很好。｜他喜欢做运动。｜我们下午一起运动吧。｜适当运动可以让身体更健康。,Wǒ měitiān dōu yùndòng.｜Yùndòng duì shēntǐ hěn hǎo.｜Tā xǐhuan zuò yùndòng.｜Wǒmen xiàwǔ yìqǐ yùndòng ba.｜Shìdàng yùndòng kěyǐ ràng shēntǐ gèng jiànkāng.,I exercise every day.｜Exercise is good for the body.｜He likes exercising.｜Let's exercise together this afternoon.｜Moderate exercise can make the body healthier.,ကျွန်တော် နေ့တိုင်း အားကစားလုပ်တယ်။｜အားကစားလုပ်တာ ကိုယ်ခန္ဓာအတွက် ကောင်းတယ်။｜သူ အားကစားလုပ်ရတာကြိုက်တယ်။｜ဒီနေ့မွန်းလွဲပိုင်း အတူတူအားကစားလုပ်ရအောင်။｜သင့်တော်တဲ့လေ့ကျင့်ခန်းက ခန္ဓာကိုယ်ကို ပိုကျန်းမာစေနိုင်တယ်။,体育运动 (tǐyù yùndòng) — အားကစား｜运动员 (yùndòngyuán) — အားကစားသမား｜运动场 (yùndòngchǎng) — အားကစားကွင်း｜运动会 (yùndònghuì) — အားကစားပွဲ｜运动鞋 (yùndòngxié) — အားကစားဖိနပ်
1203,2,咱,zán,we; us,ငါတို့,咱明天一起吃饭吧。｜咱先休息一下。｜咱们走吧。｜咱们一起学习中文。｜咱以后再说这件事。,Zán míngtiān yìqǐ chīfàn ba.｜Zán xiān xiūxi yíxià.｜Zánmen zǒu ba.｜Zánmen yìqǐ xuéxí Zhōngwén.｜Zán yǐhòu zài shuō zhè jiàn shì.,Let's eat together tomorrow.｜Let's rest first.｜Let's go.｜Let's study Chinese together.｜Let's talk about this later.,ငါတို့ မနက်ဖြန်အတူတူ ထမင်းစားကြရအောင်။｜အရင်ဆုံး နားကြရအောင်။｜သွားကြရအောင်။｜ငါတို့အတူတူ တရုတ်စာလေ့လာကြရအောင်။｜ဒီကိစ္စကို နောက်မှပြောကြမယ်။,我们 (wǒmen) — ငါတို့/ကျွန်တော်တို့｜咱俩 (zán liǎ) — ငါတို့နှစ်ယောက်｜咱家 (zán jiā) — ငါတို့အိမ်｜咱俩一起 (zán liǎ yìqǐ) — ငါတို့နှစ်ယောက်အတူ｜咱们俩 (zánmen liǎ) — ငါတို့နှစ်ယောက်
1204,2,咱们,zánmen,We,ငါတို့,咱们是好朋友。｜咱们一起去吧。｜咱们明天见。｜咱们应该互相帮助。｜咱们什么时候开始？,Zánmen shì hǎo péngyou.｜Zánmen yìqǐ qù ba.｜Zánmen míngtiān jiàn.｜Zánmen yīnggāi hùxiāng bāngzhù.｜Zánmen shénme shíhou kāishǐ?,We are good friends.｜Let's go together.｜See you tomorrow.｜We should help each other.｜When shall we start?,ငါတို့က သူငယ်ချင်းကောင်းတွေပါ။｜ငါတို့အတူတူ သွားကြရအောင်။｜မနက်ဖြန်တွေ့မယ်။｜ငါတို့ တစ်ယောက်နဲ့တစ်ယောက် ကူညီသင့်တယ်။｜ဘယ်တော့ စကြမလဲ။,我们 (wǒmen) — ကျွန်တော်တို့｜大家 (dàjiā) — အားလုံး｜咱俩 (zán liǎ) — ငါတို့နှစ်ယောက်｜咱家 (zán jiā) — ငါတို့အိမ်｜自己人 (zìjǐrén) — ကိုယ့်လူ
1205,2,脏,zāng,dirty,ညစ်ပတ်သည်,你的手很脏。｜这个房间太脏了。｜不要把衣服弄脏。｜地上很脏。｜洗手以后就不脏了。,Nǐ de shǒu hěn zāng.｜Zhège fángjiān tài zāng le.｜Bú yào bǎ yīfu nòng zāng.｜Dìshang hěn zāng.｜Xǐshǒu yǐhòu jiù bù zāng le.,Your hands are dirty.｜This room is too dirty.｜Don't get your clothes dirty.｜The floor is dirty.｜Your hands won't be dirty after washing them.,မင်းလက်တွေ ညစ်ပတ်နေတယ်။｜ဒီအခန်းက အရမ်းညစ်ပတ်တယ်။｜အဝတ်အစားကို မညစ်ပတ်စေနဲ့။｜ကြမ်းပြင်က ညစ်ပတ်နေတယ်။｜လက်ဆေးပြီးရင် မညစ်ပတ်တော့ဘူး။,干净 (gānjìng) — သန့်ရှင်းသည်｜脏东西 (zāng dōngxi) — ညစ်ပတ်သောအရာ｜弄脏 (nòng zāng) — ညစ်ပတ်အောင်လုပ်သည်｜脏水 (zāng shuǐ) — ညစ်ပတ်သောရေ｜脏衣服 (zāng yīfu) — ညစ်ပတ်သောအဝတ်
1206,2,早餐,zǎo cān,breakfast,မနက်စာ,我每天吃早餐。｜早餐已经准备好了。｜你想吃什么早餐？｜妈妈正在做早餐。｜吃早餐对身体很好。,Wǒ měitiān chī zǎocān.｜Zǎocān yǐjīng zhǔnbèi hǎo le.｜Nǐ xiǎng chī shénme zǎocān?｜Māma zhèngzài zuò zǎocān.｜Chī zǎocān duì shēntǐ hěn hǎo.,I eat breakfast every day.｜Breakfast is ready.｜What do you want for breakfast?｜Mom is making breakfast.｜Eating breakfast is good for your health.,ကျွန်တော် နေ့တိုင်း မနက်စာစားတယ်။｜မနက်စာ ပြင်ဆင်ပြီးပြီ။｜မင်း မနက်စာ ဘာစားချင်လဲ။｜အမေက မနက်စာလုပ်နေတယ်။｜မနက်စာစားတာ ကျန်းမာရေးအတွက် ကောင်းတယ်။,早餐店 (zǎocān diàn) — မနက်စာဆိုင်｜吃早餐 (chī zǎocān) — မနက်စာစားသည်｜早餐时间 (zǎocān shíjiān) — မနက်စာစားချိန်｜早餐食品 (zǎocān shípǐn) — မနက်စာအစားအစာ｜早餐店员 (zǎocān diànyuán) — မနက်စာဆိုင်ဝန်ထမ်း
1207,2,早晨,zǎo chén,morning,မနက်စောစော,我每天早晨六点起床。｜早晨的空气很新鲜。｜今天早晨下雨了。｜我喜欢早晨出去散步。｜早晨公园里有很多人。,Wǒ měitiān zǎochén liù diǎn qǐchuáng.｜Zǎochén de kōngqì hěn xīnxiān.｜Jīntiān zǎochén xiàyǔ le.｜Wǒ xǐhuan zǎochén chūqù sànbù.｜Zǎochén gōngyuán lǐ yǒu hěn duō rén.,I get up at six every morning.｜The air is fresh in the morning.｜It rained this morning.｜I like going for a walk in the morning.｜There are many people in the park in the morning.,ကျွန်တော် မနက်တိုင်း ၆ နာရီထတယ်။｜မနက်ခင်းလေက လတ်ဆတ်တယ်။｜ဒီမနက် မိုးရွာတယ်။｜ကျွန်တော် မနက်ခင်းမှာ အပြင်ထွက်လမ်းလျှောက်ရတာကြိုက်တယ်။｜မနက်ခင်းမှာ ပန်းခြံထဲ လူအများကြီးရှိတယ်။,早上 (zǎoshang) — မနက်｜清晨 (qīngchén) — မနက်အစောပိုင်း｜早晨空气 (zǎochén kōngqì) — မနက်ခင်းလေ｜早晨锻炼 (zǎochén duànliàn) — မနက်ခင်းလေ့ကျင့်ခန်း｜早晨散步 (zǎochén sànbù) — မနက်ခင်းလမ်းလျှောက်ခြင်း
1208,2,早就,zǎo jiù,long since,အစောကြီးကတည်းက,我早就知道这件事了。｜他早就回家了。｜我早就准备好了。｜她早就学会了中文。｜我们早就认识了。,Wǒ zǎo jiù zhīdào zhè jiàn shì le.｜Tā zǎo jiù huí jiā le.｜Wǒ zǎo jiù zhǔnbèi hǎo le.｜Tā zǎo jiù xuéhuì le Zhōngwén.｜Wǒmen zǎo jiù rènshi le.,I knew this a long time ago.｜He went home long ago.｜I had already prepared everything.｜She learned Chinese long ago.｜We knew each other long ago.,ဒီကိစ္စကို ကျွန်တော် အစောကြီးကတည်းက သိတယ်။｜သူ အစောကြီးကတည်းက အိမ်ပြန်သွားပြီ။｜ကျွန်တော် အစောကြီးကတည်းက အဆင်သင့်ပြင်ထားပြီးပြီ။｜သူမ တရုတ်စာကို အစောကြီးကတည်းက တတ်ပြီးပြီ။｜ကျွန်တော်တို့ အစောကြီးကတည်းက သိကျွမ်းခဲ့ကြတယ်။,早知道 (zǎo zhīdào) — အစောကြီးသိခဲ့သည်｜早就来了 (zǎo jiù lái le) — အစောကြီးကတည်းက ရောက်နေပြီ｜早就知道 (zǎo jiù zhīdào) — အစောကြီးကတည်းက သိသည်｜早就准备好 (zǎo jiù zhǔnbèi hǎo) — အစောကြီးကတည်းက ပြင်ဆင်ပြီးပြီ｜早就认识 (zǎo jiù rènshi) — အစောကြီးကတည်းက သိကျွမ်းသည်
1209,2,怎么办,zěn me bàn,how to; what to do,ဘယ်လိုလုပ်မလဲ,我不知道怎么办。｜这件事应该怎么办？｜下雨了，我们怎么办？｜如果他不来，我们怎么办？｜遇到问题不要着急，想想怎么办。,"Wǒ bù zhīdào zěnmebàn.｜Zhè jiàn shì yīnggāi zěnmebàn?｜Xiàyǔ le, wǒmen zěnmebàn?｜Rúguǒ tā bù lái, wǒmen zěnmebàn?｜Yùdào wèntí bú yào zháojí, xiǎngxiang zěnmebàn.",I don't know what to do.｜What should we do about this matter?｜It's raining. What should we do?｜What should we do if he doesn't come?｜Don't panic when you have a problem; think about what to do.,ဘယ်လိုလုပ်ရမလဲ မသိဘူး။｜ဒီကိစ္စကို ဘယ်လိုလုပ်ရမလဲ။｜မိုးရွာနေပြီ၊ ငါတို့ ဘယ်လိုလုပ်ကြမလဲ။｜သူမလာရင် ငါတို့ ဘယ်လိုလုပ်ကြမလဲ။｜ပြဿနာကြုံရင် မစိုးရိမ်နဲ့၊ ဘယ်လိုလုပ်ရမလဲ စဉ်းစားကြည့်။,怎么样 (zěnmeyàng) — ဘယ်လိုလဲ｜怎么办 (zěnmebàn) — ဘယ်လိုလုပ်မလဲ｜怎么做 (zěnme zuò) — ဘယ်လိုလုပ်သည်｜怎么办呢 (zěnmebàn ne) — ဘယ်လိုလုပ်ရမလဲ｜不怎么办 (bù zěnmebàn) — ဘာမှမလုပ်ပါ
1210,2,怎么样,zěnmeyàng,How about,ဘယ်လိုလဲ၊ ဘယ်လိုဖြစ်သလဲ,你觉得这个工作怎么样？｜今天天气怎么样？｜你的身体怎么样？｜这件衣服怎么样？｜这家饭店怎么样？,Zěnme yàng?｜Jīntiān tiānqì zěnme yàng?｜Nǐ de shēntǐ zěnme yàng?｜Zhè jiàn yīfu zěnme yàng?｜Zhè jiā fàndiàn zěnme yàng?,What do you think?｜How is the weather today?｜How is your health?｜How is this piece of clothing?｜How is this restaurant?,မင်းဘယ်လိုထင်လဲ။｜ဒီနေ့ရာသီဥတုက ဘယ်လိုလဲ။｜မင်းကျန်းမာရေးက ဘယ်လိုလဲ။｜ဒီအဝတ်အစားက ဘယ်လိုလဲ။｜ဒီစားသောက်ဆိုင်က ဘယ်လိုလဲ။,怎么 (zěnme) — ဘယ်လို｜怎么样 (zěnme yàng) — ဘယ်လိုလဲ｜怎么样啊 (zěnme yàng a) — ဘယ်လိုလဲ｜好不好 (hǎo bù hǎo) — ကောင်းမကောင်း｜情况 (qíngkuàng) — အခြေအနေ
1211,2,怎样,zěn yàng,how,ဘယ်လို၊ မည်သို့,你是怎样做到的？｜你喜欢怎样的生活？｜我们应该怎样学习？｜他是怎样解决这个问题的？｜你想怎样做？,Zěnyàng zuò dào de?｜Nǐ xǐhuan zěnyàng de shēnghuó?｜Wǒmen yīnggāi zěnyàng xuéxí?｜Tā shì zěnyàng jiějué zhège wèntí de?｜Nǐ xiǎng zěnyàng zuò?,How did you do it?｜What kind of life do you like?｜How should we study?｜How did he solve this problem?｜How do you want to do it?,ဘယ်လိုလုပ်ပြီး လုပ်နိုင်ခဲ့တာလဲ။｜မင်းဘယ်လိုဘဝမျိုးကို ကြိုက်လဲ။｜ကျွန်တော်တို့ ဘယ်လိုစာလေ့လာသင့်လဲ။｜သူ ဒီပြဿနာကို ဘယ်လိုဖြေရှင်းခဲ့တာလဲ။｜မင်း ဘယ်လိုလုပ်ချင်လဲ။,怎样 (zěnyàng) — ဘယ်လို｜如何 (rúhé) — မည်သို့｜方式 (fāngshì) — နည်းလမ်း｜方法 (fāngfǎ) — နည်းလမ်း｜怎么做 (zěnme zuò) — ဘယ်လိုလုပ်သည်
1212,2,占,zhàn,occupy,နေရာယူသည်၊ ပိုင်ဆိုင်သည်,这个房间占了很大的地方。｜这张桌子占了很多空间。｜他占了我的座位。｜这家公司占有很大的市场。｜这本书占了书架的一半。,Zhège fángjiān zhàn le hěn dà de dìfang.｜Zhè zhāng zhuōzi zhàn le hěn duō kōngjiān.｜Tā zhàn le wǒ de zuòwèi.｜Zhè jiā gōngsī zhànyǒu hěn dà de shìchǎng.｜Zhè běn shū zhàn le shūjià de yíbàn.,This room takes up a lot of space.｜This table takes up a lot of space.｜He took my seat.｜This company occupies a large market share.｜This book takes up half of the bookshelf.,ဒီအခန်းက နေရာအများကြီးယူတယ်။｜ဒီစားပွဲက နေရာအများကြီးယူတယ်။｜သူက ကျွန်တော့်နေရာကို ယူထားတယ်။｜ဒီကုမ္ပဏီက ဈေးကွက်ဝေစုအများကြီး ပိုင်ဆိုင်ထားတယ်။｜ဒီစာအုပ်က စာအုပ်စင်ရဲ့ တစ်ဝက်လောက် နေရာယူထားတယ်။,占用 (zhànyòng) — နေရာယူသည်｜占有 (zhànyǒu) — ပိုင်ဆိုင်သည်｜占据 (zhànjù) — နေရာယူထားသည်｜占地 (zhàndì) — မြေနေရာယူသည်｜占优势 (zhàn yōushì) — အသာစီးရသည်
1213,2,站（动）,zhàn,stand; stop; halt,ရပ်သည်,请站在这里。｜他站在门口。｜大家站起来了。｜她站在那里等我。｜请不要站在路中间。,Qǐng zhàn zài zhèlǐ.｜Tā zhàn zài ménkǒu.｜Dàjiā zhàn qǐlái le.｜Tā zhàn zài nàlǐ děng wǒ.｜Qǐng bú yào zhàn zài lù zhōngjiān.,Please stand here.｜He is standing at the door.｜Everyone stood up.｜She is standing there waiting for me.｜Please don't stand in the middle of the road.,ဒီမှာ ရပ်ပါ။｜သူ တံခါးပေါက်မှာ ရပ်နေတယ်။｜အားလုံး မတ်တပ်ရပ်လိုက်ကြတယ်။｜သူမ အဲဒီမှာ ကျွန်တော့်ကိုစောင့်ပြီး ရပ်နေတယ်။｜လမ်းအလယ်မှာ မရပ်ပါနဲ့။,站立 (zhànlì) — မတ်တပ်ရပ်သည်｜站起来 (zhàn qǐlái) — မတ်တပ်ရပ်သည်｜站在 (zhàn zài) — ရပ်နေသည်｜车站 (chēzhàn) — ဘူတာ｜站台 (zhàntái) — ပလက်ဖောင်း
1214,2,站住,zhàn zhù,stop; halt,ရပ်နေသည်၊ မရွေ့ဘဲနေသည်,请站住！｜他叫我站住。｜孩子跑了很远才站住。｜你站住，我有话要说。｜汽车突然停下来站住了。,"Qǐng zhànzhù!｜Tā jiào wǒ zhànzhù.｜Háizi pǎo le hěn yuǎn cái zhànzhù.｜Nǐ zhànzhù, wǒ yǒu huà yào shuō.｜Qìchē tūrán tíng xiàlái zhànzhù le.","Stop!｜He told me to stop.｜The child ran a long way before stopping.｜Stop, I have something to tell you.｜The car suddenly stopped.",ရပ်ပါ။｜သူက ကျွန်တော့်ကို ရပ်ဖို့ပြောတယ်။｜ကလေးက အဝေးကြီးပြေးပြီးမှ ရပ်လိုက်တယ်။｜ရပ်ဦး၊ ကျွန်တော် ပြောစရာရှိတယ်။｜ကားက ရုတ်တရက် ရပ်သွားတယ်။,站住 (zhànzhù) — ရပ်နေသည်｜停住 (tíngzhù) — ရပ်တန့်သည်｜站稳 (zhànwěn) — ခိုင်ခိုင်မာမာရပ်သည်｜停下来 (tíng xiàlái) — ရပ်လိုက်သည်｜别动 (bié dòng) — မလှုပ်နဲ့
1215,2,长,zhǎng,grow,ရှည်သည်,这条路很长。｜他的头发很长。｜我想买一张长桌子。｜这件衣服有点儿长。｜从这里到学校的路很长。,Zhè tiáo lù hěn cháng.｜Tā de tóufa hěn cháng.｜Wǒ xiǎng mǎi yì zhāng cháng zhuōzi.｜Zhè jiàn yīfu yǒudiǎnr cháng.｜Cóng zhèlǐ dào xuéxiào de lù hěn cháng.,This road is very long.｜His hair is very long.｜I want to buy a long table.｜These clothes are a little long.｜The road from here to school is long.,ဒီလမ်းက အရမ်းရှည်တယ်။｜သူ့ဆံပင်က အရမ်းရှည်တယ်။｜ကျွန်တော် စားပွဲရှည်တစ်လုံး ဝယ်ချင်တယ်။｜ဒီအဝတ်အစားက နည်းနည်းရှည်တယ်။｜ဒီကနေ ကျောင်းအထိ လမ်းက အရမ်းရှည်တယ်။,长短 (chángduǎn) — အရှည်အတို｜长时间 (cháng shíjiān) — အချိန်ကြာမြင့်စွာ｜长发 (chángfà) — ဆံပင်ရှည်｜长处 (chángchù) — အားသာချက်｜长久 (chángjiǔ) — ရေရှည်
1216,2,长大,zhǎng dà,grow up,ကြီးပြင်းလာသည်,孩子慢慢长大了。｜我希望你健康长大。｜他长大以后想当医生。｜我们一起长大。｜小猫已经长大了。,Háizi mànmàn zhǎngdà le.｜Wǒ xīwàng nǐ jiànkāng zhǎngdà.｜Tā zhǎngdà yǐhòu xiǎng dāng yīshēng.｜Wǒmen yìqǐ zhǎngdà.｜Xiǎomāo yǐjīng zhǎngdà le.,The child slowly grew up.｜I hope you grow up healthy.｜He wants to become a doctor when he grows up.｜We grew up together.｜The kitten has grown up.,ကလေးက တဖြည်းဖြည်း ကြီးပြင်းလာတယ်။｜မင်းကျန်းမာစွာ ကြီးပြင်းလာဖို့ မျှော်လင့်တယ်။｜သူ ကြီးလာရင် ဆရာဝန်ဖြစ်ချင်တယ်။｜ကျွန်တော်တို့ အတူတူကြီးပြင်းလာကြတယ်။｜ကြောင်လေးက ကြီးလာပြီ။,成长 (chéngzhǎng) — ကြီးပြင်းလာသည်｜长大成人 (zhǎngdà chéngrén) — အရွယ်ရောက်လာသည်｜生长 (shēngzhǎng) — ကြီးထွားသည်｜长大后 (zhǎngdà hòu) — ကြီးလာပြီးနောက်｜健康成长 (jiànkāng chéngzhǎng) — ကျန်းမာစွာကြီးပြင်းသည်
1217,2,找出,zhǎo chū,find out,ရှာဖွေထုတ်သည်,我终于找出了问题。｜请找出正确的答案。｜老师让我找出错误。｜他找出了那本书。｜我们要找出原因。,Wǒ zhōngyú zhǎochū le wèntí.｜Qǐng zhǎochū zhèngquè de dá'àn.｜Lǎoshī ràng wǒ zhǎochū cuòwù.｜Tā zhǎochū le nà běn shū.｜Wǒmen yào zhǎochū yuányīn.,I finally found the problem.｜Please find the correct answer.｜The teacher asked me to find the mistake.｜He found that book.｜We need to find the reason.,နောက်ဆုံးတော့ ပြဿနာကို ရှာတွေ့ခဲ့တယ်။｜မှန်ကန်တဲ့အဖြေကို ရှာထုတ်ပါ။｜ဆရာက အမှားကို ရှာဖို့ ပြောတယ်။｜သူ အဲဒီစာအုပ်ကို ရှာတွေ့ခဲ့တယ်။｜ကျွန်တော်တို့ အကြောင်းရင်းကို ရှာဖွေရမယ်။,找到 (zhǎodào) — ရှာတွေ့သည်｜找回 (zhǎohuí) — ပြန်ရှာတွေ့သည်｜找人 (zhǎo rén) — လူရှာသည်｜找原因 (zhǎo yuányīn) — အကြောင်းရင်းရှာသည်｜找答案 (zhǎo dá'àn) — အဖြေရှာသည်
1218,2,照顾,zhàogù,look after,စောင့်ရှောက်သည်,妈妈照顾孩子。｜请帮我照顾我的猫。｜她在医院照顾病人。｜老人需要有人照顾。｜谢谢你一直照顾我。,Māma zhàogù háizi.｜Qǐng bāng wǒ zhàogù wǒ de māo.｜Tā zài yīyuàn zhàogù bìngrén.｜Lǎorén xūyào yǒurén zhàogù.｜Xièxie nǐ yìzhí zhàogù wǒ.,Mom takes care of the child.｜Please help me take care of my cat.｜She takes care of patients at the hospital.｜The elderly need someone to take care of them.｜Thank you for always taking care of me.,အမေက ကလေးကို စောင့်ရှောက်တယ်။｜ကျွန်တော့်ကြောင်ကို စောင့်ရှောက်ပေးပါ။｜သူမ ဆေးရုံမှာ လူနာတွေကို စောင့်ရှောက်တယ်။｜သက်ကြီးရွယ်အိုတွေကို စောင့်ရှောက်ပေးမယ့်သူ လိုအပ်တယ်။｜အမြဲတမ်း ကျွန်တော့်ကို စောင့်ရှောက်ပေးလို့ ကျေးဇူးတင်ပါတယ်။,照看 (zhàokàn) — စောင့်ရှောက်သည်｜照料 (zhàoliào) — ပြုစုစောင့်ရှောက်သည်｜照顾好 (zhàogù hǎo) — ကောင်းစွာစောင့်ရှောက်သည်｜照顾孩子 (zhàogù háizi) — ကလေးစောင့်ရှောက်သည်｜照顾家人 (zhàogù jiārén) — မိသားစုကိုစောင့်ရှောက်သည်
1219,2,照片,zhàopiàn,Photo,ဓာတ်ပုံ,我拍了一张照片。｜这张照片很好看。｜请给我看你的照片。｜墙上有一张老照片。｜我喜欢这张照片。,Wǒ pāi le yì zhāng zhàopiàn.｜Zhè zhāng zhàopiàn hěn hǎokàn.｜Qǐng gěi wǒ kàn nǐ de zhàopiàn.｜Qiáng shàng yǒu yì zhāng lǎo zhàopiàn.｜Wǒ xǐhuan zhè zhāng zhàopiàn.,I took a photo.｜This photo looks nice.｜Please show me your photo.｜There is an old photo on the wall.｜I like this photo.,ဓာတ်ပုံတစ်ပုံ ရိုက်ခဲ့တယ်။｜ဒီဓာတ်ပုံက ကြည့်လို့ကောင်းတယ်။｜မင်းရဲ့ဓာတ်ပုံကို ပြပါ။｜နံရံပေါ်မှာ ဓာတ်ပုံဟောင်းတစ်ပုံရှိတယ်။｜ဒီဓာတ်ပုံကို ကျွန်တော်ကြိုက်တယ်။,图片 (túpiàn) — ပုံ｜照片墙 (zhàopiàn qiáng) — ဓာတ်ပုံနံရံ｜照片集 (zhàopiàn jí) — ဓာတ်ပုံစုစည်းမှု｜合照 (hézhào) — အတူရိုက်ထားသောဓာတ်ပုံ｜老照片 (lǎo zhàopiàn) — ဓာတ်ပုံဟောင်း
1220,2,照相,zhào xiàng,take a picture; take a photograph,ဓာတ်ပုံရိုက်သည်,我们一起去照相吧。｜她喜欢在公园照相。｜我想和朋友照相。｜他正在给孩子照相。｜我们昨天去照相了。,Wǒmen yìqǐ qù zhàoxiàng ba.｜Tā xǐhuan zài gōngyuán zhàoxiàng.｜Wǒ xiǎng hé péngyou zhàoxiàng.｜Tā zhèngzài gěi háizi zhàoxiàng.｜Wǒmen zuótiān qù zhàoxiàng le.,Let's take a photo together.｜She likes taking photos in the park.｜I want to take a photo with my friend.｜He is taking a photo of the child.｜We went to take photos yesterday.,အတူတူ ဓာတ်ပုံရိုက်ရအောင်။｜သူမ ပန်းခြံမှာ ဓာတ်ပုံရိုက်ရတာ ကြိုက်တယ်။｜သူငယ်ချင်းနဲ့ ဓာတ်ပုံရိုက်ချင်တယ်။｜သူက ကလေးကို ဓာတ်ပုံရိုက်ပေးနေတယ်။｜မနေ့က ဓာတ်ပုံသွားရိုက်ခဲ့တယ်။,拍照 (pāizhào) — ဓာတ်ပုံရိုက်သည်｜照相馆 (zhàoxiànguǎn) — ဓာတ်ပုံဆိုင်｜照相机 (zhàoxiàngjī) — ကင်မရာ｜合影 (héyǐng) — အတူဓာတ်ပုံရိုက်ခြင်း｜摄影 (shèyǐng) — ဓာတ်ပုံပညာ
1221,2,这么,zhè me,so; such; this way; like this,ဒီလို၊ ဒီလောက်,这么晚了，你还不睡吗？｜为什么这么贵？｜不要这么说。｜我没想到事情会这么简单。｜这么多东西怎么吃得完？,"Zhème wǎn le, nǐ hái bù shuì ma?｜Wèishénme zhème guì?｜Bú yào zhème shuō.｜Wǒ méi xiǎngdào shìqing huì zhème jiǎndān.｜Zhème duō dōngxi zěnme chī de wán?","It's so late, and you still aren't sleeping?｜Why is it so expensive?｜Don't say it like that.｜I didn't expect things to be this simple.｜How can we finish eating so many things?",ဒီလောက်တောင် နောက်ကျနေပြီ၊ မင်းမအိပ်သေးဘူးလား။｜ဘာလို့ ဒီလောက်ဈေးကြီးတာလဲ။｜ဒီလိုမပြောနဲ့။｜ကိစ္စတွေက ဒီလောက်ရိုးရှင်းမယ်လို့ မထင်ထားဘူး။｜ဒီလောက်များတဲ့အစားအစာကို ဘယ်လိုစားကုန်မလဲ။,这么说 (zhème shuō) — ဒီလိုပြောသည်｜这么多 (zhème duō) — ဒီလောက်များ｜这么好 (zhème hǎo) — ဒီလောက်ကောင်း｜这么晚 (zhème wǎn) — ဒီလောက်နောက်ကျ｜这么快 (zhème kuài) — ဒီလောက်မြန်
1222,2,这时候｜这时,zhè shí hou ｜ zhè shí,at this moment; at this time,ဒီအချိန်မှာ,这时候我正在上课。｜这时候不要出去。｜他这时候应该已经到了。｜我不知道这时候该怎么办。｜这时候天气很冷。,Zhè shíhou wǒ zhèngzài shàngkè.｜Zhè shíhou bú yào chūqù.｜Tā zhè shíhou yīnggāi yǐjīng dào le.｜Wǒ bù zhīdào zhè shíhou gāi zěnme bàn.｜Zhè shíhou tiānqì hěn lěng.,I was in class at this time.｜Don't go out at this time.｜He should have arrived by now.｜I don't know what to do at this time.｜The weather is cold at this time.,ဒီအချိန်မှာ ကျွန်တော် စာသင်နေတယ်။｜ဒီအချိန်မှာ အပြင်မထွက်နဲ့။｜သူ အခုဆို ရောက်နေသင့်ပြီ။｜ဒီအချိန်မှာ ဘာလုပ်ရမလဲ မသိဘူး။｜ဒီအချိန်မှာ ရာသီဥတုက အေးတယ်။,这时 (zhè shí) — ဒီအချိန်မှာ｜这时候 (zhè shíhou) — ဒီအချိန်မှာ｜此时 (cǐshí) — ယခုအချိန်တွင်｜当时 (dāngshí) — ထိုအချိန်က｜这会儿 (zhè huìr) — ဒီအချိန်လောက်မှာ
1223,2,这样,zhè yàng,so; such; like this; this way,ဒီလို၊ ဤကဲ့သို့,你为什么这样说？｜事情不是这样。｜请这样做。｜我喜欢这样简单的生活。｜你不应该这样对他。,Nǐ wèishénme zhèyàng shuō?｜Shìqing bú shì zhèyàng.｜Qǐng zhèyàng zuò.｜Wǒ xǐhuan zhèyàng jiǎndān de shēnghuó.｜Nǐ bù yīnggāi zhèyàng duì tā.,Why do you say it like this?｜Things are not like this.｜Please do it this way.｜I like this kind of simple life.｜You shouldn't treat him like this.,မင်းဘာလို့ ဒီလိုပြောတာလဲ။｜ကိစ္စက ဒီလိုမဟုတ်ဘူး။｜ဒီလိုလုပ်ပါ။｜ဒီလိုရိုးရှင်းတဲ့ဘဝမျိုးကို ကျွန်တော်ကြိုက်တယ်။｜မင်း သူ့ကို ဒီလိုမဆက်ဆံသင့်ဘူး။,这样 (zhèyàng) — ဒီလို｜这样做 (zhèyàng zuò) — ဒီလိုလုပ်သည်｜这样说 (zhèyàng shuō) — ဒီလိုပြောသည်｜这样子 (zhèyàngzi) — ဒီလိုမျိုး｜这样好 (zhèyàng hǎo) — ဒီလိုကောင်းသည်
1224,2,真正,zhēnzhèng,real,အမှန်တကယ်,这是真正的问题。｜我真正想要的是自由。｜他是一个真正的朋友。｜我们需要真正解决这个问题。｜这才是真正的原因。,Zhè shì zhēnzhèng de wèntí.｜Wǒ zhēnzhèng xiǎng yào de shì zìyóu.｜Tā shì yí ge zhēnzhèng de péngyou.｜Wǒmen xūyào zhēnzhèng jiějué zhège wèntí.｜Zhè cái shì zhēnzhèng de yuányīn.,This is the real problem.｜What I really want is freedom.｜He is a true friend.｜We need to really solve this problem.｜This is the real reason.,ဒါက တကယ့်ပြဿနာပဲ။｜ကျွန်တော် တကယ်လိုချင်တာက လွတ်လပ်မှုပါ။｜သူက တကယ့်သူငယ်ချင်းတစ်ယောက်ပါ။｜ကျွန်တော်တို့ ဒီပြဿနာကို တကယ်ဖြေရှင်းဖို့လိုတယ်။｜ဒါက တကယ့်အကြောင်းရင်းပဲ။,真正的 (zhēnzhèng de) — တကယ့်｜真正地 (zhēnzhèng de) — အမှန်တကယ်｜真正原因 (zhēnzhèng yuányīn) — တကယ့်အကြောင်းရင်း｜真正朋友 (zhēnzhèng péngyou) — တကယ့်သူငယ်ချင်း｜真实 (zhēnshí) — အစစ်အမှန်
1225,2,正常,zhèngcháng,normal,ပုံမှန်၊ သာမန်,生活很正常。｜他的工作时间很正常。｜今天一切都很正常。｜孩子的学习很正常。｜这里的生活很正常。,Shēnghuó hěn zhèngcháng.｜Tā de gōngzuò shíjiān hěn zhèngcháng.｜Jīntiān yíqiè dōu hěn zhèngcháng.｜Háizi de xuéxí hěn zhèngcháng.｜Zhèlǐ de shēnghuó hěn zhèngcháng.,Life is normal.｜His working hours are normal.｜Everything is normal today.｜The child's studies are normal.｜Life here is normal.,ဘဝက ပုံမှန်ပါပဲ။｜သူ့အလုပ်ချိန်က ပုံမှန်ပါပဲ။｜ဒီနေ့ အရာအားလုံး ပုံမှန်ပါပဲ။｜ကလေးရဲ့ စာလေ့လာမှုက ပုံမှန်ပါပဲ။｜ဒီနေရာက ဘဝက ပုံမှန်ပါပဲ။,正常 (zhèngcháng) — ပုံမှန်｜正常生活 (zhèngcháng shēnghuó) — ပုံမှန်ဘဝ｜正常工作 (zhèngcháng gōngzuò) — ပုံမှန်အလုပ်｜正常情况 (zhèngcháng qíngkuàng) — ပုံမှန်အခြေအနေ｜不正常 (bù zhèngcháng) — မပုံမှန်
1226,2,正好,zhènghǎo,Just right,အတိအကျ၊ တိုက်တိုက်ဆိုင်ဆိုင်,我正好有时间。｜你来得正好。｜这件衣服正好合适。｜我正好要找你。｜今天正好是星期天。,Wǒ zhènghǎo yǒu shíjiān.｜Nǐ lái de zhènghǎo.｜Zhè jiàn yīfu zhènghǎo héshì.｜Wǒ zhènghǎo yào zhǎo nǐ.｜Jīntiān zhènghǎo shì xīngqītiān.,I happen to have time.｜You came at just the right time.｜These clothes fit perfectly.｜I happen to be looking for you.｜Today happens to be Sunday.,ကျွန်တော့်မှာ အချိန်ရှိနေတာ တိုက်တိုက်ဆိုင်ဆိုင်ပဲ။｜မင်းလာတာ အချိန်ကိုက်ပဲ။｜ဒီအဝတ်အစားက အတော်ပဲ။｜ကျွန်တော် မင်းကို ရှာမလို့လုပ်နေတာနဲ့ အတော်ပဲ။｜ဒီနေ့က တနင်္ဂနွေနေ့နဲ့ တိုက်ဆိုင်နေတယ်။,正好合适 (zhènghǎo héshì) — အတော်ပဲ｜正好有时间 (zhènghǎo yǒu shíjiān) — အချိန်ရှိတယ်｜正好需要 (zhènghǎo xūyào) — လိုအပ်နေတယ်｜来得正好 (lái de zhènghǎo) — အချိန်ကိုက်လာတယ်｜正好是 (zhènghǎo shì) — တိုက်ဆိုင်ပြီးဖြစ်တယ်
1227,2,正确,zhèngquè,Correct,မှန်ကန်သည်,你的答案是正确的。｜这个方法是正确的。｜请告诉我正确的答案。｜他说的时间不正确。｜这个信息是正确的。,Nǐ de dá'àn shì zhèngquè de.｜Zhège fāngfǎ shì zhèngquè de.｜Qǐng gàosu wǒ zhèngquè de dá'àn.｜Tā shuō de shíjiān bù zhèngquè.｜Zhège xìnxī shì zhèngquè de.,Your answer is correct.｜This method is correct.｜Please tell me the correct answer.｜The time he said is incorrect.｜This information is correct.,မင်းရဲ့အဖြေက မှန်တယ်။｜ဒီနည်းလမ်းက မှန်ကန်တယ်။｜မှန်ကန်တဲ့အဖြေကို ပြောပြပါ။｜သူပြောတဲ့အချိန်က မမှန်ဘူး။｜ဒီအချက်အလက်က မှန်ကန်တယ်။,正确答案 (zhèngquè dá'àn) — မှန်ကန်သောအဖြေ｜正确方法 (zhèngquè fāngfǎ) — မှန်ကန်သောနည်းလမ်း｜正确理解 (zhèngquè lǐjiě) — မှန်ကန်စွာနားလည်ခြင်း｜不正确 (bù zhèngquè) — မမှန်ကန်｜正确地 (zhèngquè de) — မှန်ကန်စွာ
1228,2,正是,zhèng shì,exactly,တကယ်ပဲ၊ အတိအကျပင်,他正是我的老师。｜这正是我想要的。｜今天正是他的生日。｜这正是问题所在。｜她正是我们要找的人。,Tā zhèngshì wǒ de lǎoshī.｜Zhè zhèngshì wǒ xiǎng yào de.｜Jīntiān zhèngshì tā de shēngrì.｜Zhè zhèngshì wèntí suǒzài.｜Tā zhèngshì wǒmen yào zhǎo de rén.,He is exactly my teacher.｜This is exactly what I want.｜Today is exactly his birthday.｜This is exactly where the problem lies.｜She is exactly the person we are looking for.,သူက ကျွန်တော့်ဆရာ အတိအကျပဲ။｜ဒါက ကျွန်တော်လိုချင်တာ အတိအကျပဲ။｜ဒီနေ့က သူ့မွေးနေ့ အတိအကျပဲ။｜ဒါက ပြဿနာဖြစ်နေတဲ့နေရာ အတိအကျပဲ။｜သူက ကျွန်တော်တို့ရှာနေတဲ့လူ အတိအကျပဲ။,正是因为 (zhèngshì yīnwèi) — အတိအကျ…ကြောင့်｜正是这样 (zhèngshì zhèyàng) — အတိအကျ ဒီလိုပဲ｜正是我想要的 (zhèngshì wǒ xiǎng yào de) — ကျွန်တော်လိုချင်တာအတိအကျပဲ｜正是时候 (zhèngshì shíhou) — အချိန်အတော်ပဲ｜正是问题 (zhèngshì wèntí) — ပြဿနာအတိအကျပဲ
1229,2,直接,zhíjiē,direct,တိုက်ရိုက်,请直接告诉我。｜你可以直接进去。｜我直接回家了。｜老师直接回答了问题。｜这条路可以直接到学校。,Qǐng zhíjiē gàosu wǒ.｜Nǐ kěyǐ zhíjiē jìnqù.｜Wǒ zhíjiē huí jiā le.｜Lǎoshī zhíjiē huídá le wèntí.｜Zhè tiáo lù kěyǐ zhíjiē dào xuéxiào.,Please tell me directly.｜You can go directly inside.｜I went straight home.｜The teacher answered the question directly.｜This road goes directly to the school.,ကျေးဇူးပြုပြီး တိုက်ရိုက်ပြောပါ။｜မင်း တိုက်ရိုက်ဝင်သွားလို့ရတယ်။｜ကျွန်တော် တန်းပြီးအိမ်ပြန်သွားတယ်။｜ဆရာက မေးခွန်းကို တိုက်ရိုက်ဖြေတယ်။｜ဒီလမ်းက ကျောင်းကို တိုက်ရိုက်ရောက်တယ်။,直接说 (zhíjiē shuō) — တိုက်ရိုက်ပြောသည်｜直接去 (zhíjiē qù) — တန်းသွားသည်｜直接回答 (zhíjiē huídá) — တိုက်ရိုက်ဖြေသည်｜直接联系 (zhíjiē liánxì) — တိုက်ရိုက်ဆက်သွယ်သည်｜直接到达 (zhíjiē dàodá) — တိုက်ရိုက်ရောက်သည်
1230,2,只,zhǐ,only; just; simply; merely,သာ၊ ပဲ,我只喝水。｜这里只有一个座位。｜我只想休息一下。｜他只买了一本书。｜今天只有你来了。,Wǒ zhǐ hē shuǐ.｜Zhèlǐ zhǐ yǒu yí ge zuòwèi.｜Wǒ zhǐ xiǎng xiūxi yíxià.｜Tā zhǐ mǎi le yì běn shū.｜Jīntiān zhǐyǒu nǐ lái le.,I only drink water.｜There is only one seat here.｜I only want to rest for a while.｜He only bought one book.｜Only you came today.,ကျွန်တော် ရေပဲသောက်တယ်။｜ဒီမှာ ထိုင်ခုံတစ်ခုပဲရှိတယ်။｜ကျွန်တော် ခဏလောက်ပဲ အနားယူချင်တယ်။｜သူ စာအုပ်တစ်အုပ်ပဲ ဝယ်တယ်။｜ဒီနေ့ မင်းတစ်ယောက်ပဲ လာတယ်။,只要 (zhǐ) — သာ｜只有 (zhǐyǒu) — သာရှိသည်｜只是 (zhǐshì) — သာဖြစ်သည်｜只好 (zhǐhǎo) — မဖြစ်မနေ…ရသည်｜只不过 (zhǐbúguò) — သာဖြစ်ရုံ
1231,2,只能,zhǐ néng,can only,…သာ လုပ်နိုင်သည်,我只能等你。｜这里不能停车，我只能走路。｜我只能这样做。｜他只能明天来。｜现在我只能回家。,"Wǒ zhǐnéng děng nǐ.｜Zhèlǐ bù néng tíngchē, wǒ zhǐnéng zǒulù.｜Wǒ zhǐnéng zhèyàng zuò.｜Tā zhǐnéng míngtiān lái.｜Xiànzài wǒ zhǐnéng huí jiā.","I can only wait for you.｜Parking is not allowed here, so I can only walk.｜I can only do it this way.｜He can only come tomorrow.｜Now I can only go home.",ကျွန်တော် မင်းကို စောင့်ရုံပဲ တတ်နိုင်တယ်။｜ဒီမှာ ကားရပ်လို့မရဘူး၊ ဒါကြောင့် လမ်းလျှောက်ရုံပဲ တတ်နိုင်တယ်။｜ဒီလိုပဲ လုပ်နိုင်တယ်။｜သူ မနက်ဖြန်မှ လာနိုင်တယ်။｜အခု ကျွန်တော် အိမ်ပြန်ရုံပဲ တတ်နိုင်တယ်။,只能 (zhǐnéng) — သာတတ်နိုင်သည်｜只能这样 (zhǐnéng zhèyàng) — ဒီလိုပဲလုပ်နိုင်သည်｜只能等 (zhǐnéng děng) — စောင့်ရုံပဲတတ်နိုင်သည်｜只能去 (zhǐnéng qù) — သွားရုံပဲတတ်နိုင်သည်｜只能做 (zhǐnéng zuò) — လုပ်ရုံပဲတတ်နိုင်သည်
1232,2,只要,zhǐyào,as long as,…ရင်/…တာနဲ့,只要努力，就会进步。｜只要你喜欢就好。｜只要有时间，我就去。｜只要认真学习，就能学好。｜只要天气好，我们就出去。,"Zhǐyào nǔlì, jiù huì jìnbù.｜Zhǐyào nǐ xǐhuan jiù hǎo.｜Zhǐyào yǒu shíjiān, wǒ jiù qù.｜Zhǐyào rènzhēn xuéxí, jiù néng xué hǎo.｜Zhǐyào tiānqì hǎo, wǒmen jiù chūqù.","As long as you work hard, you will improve.｜As long as you like it, that's fine.｜As long as I have time, I will go.｜As long as you study seriously, you can learn well.｜As long as the weather is good, we will go out.",ကြိုးစားရင် တိုးတက်လာမယ်။｜မင်းကြိုက်ရင် ရပြီ။｜အချိန်ရှိရင် ကျွန်တော် သွားမယ်။｜သေချာလေ့လာရင် စာကောင်းကောင်းတတ်နိုင်တယ်။｜ရာသီဥတုကောင်းရင် ကျွန်တော်တို့ အပြင်ထွက်မယ်။,只要努力 (zhǐyào nǔlì) — ကြိုးစားရင်｜只要有时间 (zhǐyào yǒu shíjiān) — အချိန်ရှိရင်｜只要喜欢 (zhǐyào xǐhuan) — ကြိုက်ရင်｜只要认真 (zhǐyào rènzhēn) — သေချာလုပ်ရင်｜只要…就… (zhǐyào…jiù…) — …ရင်တော့…
1233,2,纸,zhǐ,paper,စက္ကူ,请给我一张纸。｜桌子上有很多纸。｜这张纸很干净。｜我把名字写在纸上。｜请不要弄坏这张纸。,Qǐng gěi wǒ yì zhāng zhǐ.｜Zhuōzi shàng yǒu hěn duō zhǐ.｜Zhè zhāng zhǐ hěn gānjìng.｜Wǒ bǎ míngzi xiě zài zhǐ shàng.｜Qǐng bú yào nòng huài zhè zhāng zhǐ.,Please give me a piece of paper.｜There is a lot of paper on the table.｜This piece of paper is clean.｜I wrote the name on the paper.｜Please don't damage this paper.,စက္ကူတစ်ရွက်ပေးပါ။｜စားပွဲပေါ်မှာ စက္ကူတွေအများကြီးရှိတယ်။｜ဒီစက္ကူတစ်ရွက်က သန့်ရှင်းတယ်။｜နာမည်ကို စက္ကူပေါ်မှာ ရေးခဲ့တယ်။｜ဒီစက္ကူကို မပျက်စီးအောင်လုပ်ပါ။,一张纸 (yì zhāng zhǐ) — စက္ကူတစ်ရွက်｜白纸 (báizhǐ) — စက္ကူဖြူ｜纸上 (zhǐ shàng) — စက္ကူပေါ်｜纸张 (zhǐzhāng) — စက္ကူ｜纸袋 (zhǐdài) — စက္ကူအိတ်
1234,2,中餐,zhōng cān,Chinese food,တရုတ်အစားအစာ,我喜欢吃中餐。｜这家饭店的中餐很好吃。｜我们晚上去吃中餐吧。｜中餐有很多种。｜她正在学习做中餐。,Wǒ xǐhuan chī Zhōngcān.｜Zhè jiā fàndiàn de Zhōngcān hěn hǎochī.｜Wǒmen wǎnshang qù chī Zhōngcān ba.｜Zhōngcān yǒu hěn duō zhǒng.｜Tā zhèngzài xuéxí zuò Zhōngcān.,I like eating Chinese food.｜The Chinese food at this restaurant is delicious.｜Let's go eat Chinese food tonight.｜There are many kinds of Chinese food.｜She is learning to cook Chinese food.,ကျွန်တော် တရုတ်အစားအစာ စားရတာကြိုက်တယ်။｜ဒီစားသောက်ဆိုင်က တရုတ်အစားအစာက အရမ်းအရသာရှိတယ်။｜ဒီည တရုတ်အစားအစာ သွားစားရအောင်။｜တရုတ်အစားအစာ အမျိုးအစားအများကြီးရှိတယ်။｜သူမ တရုတ်အစားအစာ ချက်ပြုတ်နည်းကို လေ့လာနေတယ်။,中餐馆 (zhōngcān guǎn) — တရုတ်အစားအစာဆိုင်｜中餐厅 (zhōngcān tīng) — တရုတ်စားသောက်ဆိုင်｜中餐文化 (zhōngcān wénhuà) — တရုတ်အစားအစာယဉ်ကျေးမှု｜中餐菜 (zhōngcān cài) — တရုတ်အစားအစာ｜西餐 (xīcān) — အနောက်တိုင်းအစားအစာ
1235,2,中级,zhōng jí,intermediate; middle-level,အလယ်အလတ်အဆင့်,我的中文是中级水平。｜他正在学习中级课程。｜这是中级考试。｜我报名参加了中级班。｜中级学生需要多练习。,Wǒ de Zhōngwén shì zhōngjí shuǐpíng.｜Tā zhèngzài xuéxí zhōngjí kèchéng.｜Zhè shì zhōngjí kǎoshì.｜Wǒ bàomíng cānjiā le zhōngjí bān.｜Zhōngjí xuésheng xūyào duō liànxí.,My Chinese is at an intermediate level.｜He is studying an intermediate course.｜This is an intermediate-level exam.｜I enrolled in the intermediate class.｜Intermediate students need to practice more.,ကျွန်တော့်တရုတ်စာအဆင့်က အလယ်အလတ်အဆင့်ပါ။｜သူ အလယ်အလတ်အဆင့်သင်တန်းကို လေ့လာနေတယ်။｜ဒါက အလယ်အလတ်အဆင့် စာမေးပွဲပါ။｜ကျွန်တော် အလယ်အလတ်အဆင့်အတန်းကို စာရင်းသွင်းခဲ့တယ်။｜အလယ်အလတ်အဆင့်ကျောင်းသားတွေ ပိုလေ့ကျင့်ဖို့လိုတယ်။,中级水平 (zhōngjí shuǐpíng) — အလယ်အလတ်အဆင့်｜中级课程 (zhōngjí kèchéng) — အလယ်အလတ်သင်တန်း｜中级考试 (zhōngjí kǎoshì) — အလယ်အလတ်အဆင့်စာမေးပွဲ｜中级班 (zhōngjí bān) — အလယ်အလတ်အတန်း｜高级 (gāojí) — အဆင့်မြင့်
1236,2,中年,zhōng nián,middle age; middle-aged,လူလတ်ပိုင်း,他现在已经是中年人了。｜中年人也喜欢运动。｜这位中年老师很有经验。｜很多中年人喜欢旅游。｜他的父母都是中年人。,Tā xiànzài yǐjīng shì zhōngnián rén le.｜Zhōngnián rén yě xǐhuan yùndòng.｜Zhè wèi zhōngnián lǎoshī hěn yǒu jīngyàn.｜Hěn duō zhōngnián rén xǐhuan lǚyóu.｜Tā de fùmǔ dōu shì zhōngnián rén.,He is middle-aged now.｜Middle-aged people also like exercise.｜This middle-aged teacher is very experienced.｜Many middle-aged people like traveling.｜His parents are both middle-aged.,သူ အခု လူလတ်ပိုင်းအရွယ်ရောက်နေပြီ။｜လူလတ်ပိုင်းတွေလည်း အားကစားလုပ်ရတာကြိုက်တယ်။｜ဒီလူလတ်ပိုင်းဆရာက အတွေ့အကြုံအရမ်းရှိတယ်။｜လူလတ်ပိုင်းအများကြီး ခရီးသွားရတာကြိုက်တယ်။｜သူ့မိဘနှစ်ယောက်လုံး လူလတ်ပိုင်းတွေပါ။,中年人 (zhōngnián rén) — လူလတ်ပိုင်း｜中年妇女 (zhōngnián fùnǚ) — လူလတ်ပိုင်းအမျိုးသမီး｜中年男性 (zhōngnián nánxìng) — လူလတ်ပိုင်းအမျိုးသား｜中年生活 (zhōngnián shēnghuó) — လူလတ်ပိုင်းဘဝ｜青年 (qīngnián) — လူငယ်
1237,2,中小学,zhōng xiǎo xué,elementary and middle school,မူလတန်းနှင့် အလယ်တန်းကျောင်း,这所学校有中小学。｜中小学学生每天都要上课。｜这里有很多中小学。｜中小学教育很重要。｜她在中小学教书。,Zhè suǒ xuéxiào yǒu zhōngxiǎoxué.｜Zhōngxiǎoxué xuésheng měitiān dōu yào shàngkè.｜Zhèlǐ yǒu hěn duō zhōngxiǎoxué.｜Zhōngxiǎoxué jiàoyù hěn zhòngyào.｜Tā zài zhōngxiǎoxué jiāoshū.,This school has primary and secondary schools.｜Primary and secondary school students have classes every day.｜There are many primary and secondary schools here.｜Primary and secondary education is important.｜She teaches at a primary or secondary school.,ဒီကျောင်းမှာ မူလတန်းနဲ့ အလယ်တန်းကျောင်းတွေရှိတယ်။｜မူလတန်းနဲ့ အလယ်တန်းကျောင်းသားတွေ နေ့တိုင်းစာသင်ရတယ်။｜ဒီမှာ မူလတန်းနဲ့ အလယ်တန်းကျောင်းတွေ အများကြီးရှိတယ်။｜မူလတန်းနဲ့ အလယ်တန်းပညာရေးက အရေးကြီးတယ်။｜သူမ မူလတန်းနဲ့ အလယ်တန်းမှာ စာသင်တယ်။,小学 (xiǎoxué) — မူလတန်း｜中学 (zhōngxué) — အလယ်တန်း｜中小学生 (zhōngxiǎoxuéshēng) — မူလတန်း/အလယ်တန်းကျောင်းသား｜中小学教育 (zhōngxiǎoxué jiàoyù) — မူလတန်း/အလယ်တန်းပညာရေး｜学校 (xuéxiào) — ကျောင်း
1238,2,中心,zhōngxīn,core,အလယ်ဗဟို၊ စင်တာ,学校在市中心。｜请在中心等我。｜这个城市有一个购物中心。｜我们坐在房间中心。｜这里是活动中心。,Xuéxiào zài shì zhōngxīn.｜Qǐng zài zhōngxīn děng wǒ.｜Zhège chéngshì yǒu yí ge gòuwù zhōngxīn.｜Wǒmen zuò zài fángjiān zhōngxīn.｜Zhèlǐ shì huódòng zhōngxīn.,The school is in the city center.｜Please wait for me in the center.｜This city has a shopping center.｜We sat in the center of the room.｜This is the activity center.,ကျောင်းက မြို့လယ်မှာရှိတယ်။｜စင်တာမှာ ကျွန်တော့်ကို စောင့်ပါ။｜ဒီမြို့မှာ ဈေးဝယ်စင်တာတစ်ခုရှိတယ်။｜ကျွန်တော်တို့ အခန်းအလယ်မှာ ထိုင်ခဲ့တယ်။｜ဒါက လှုပ်ရှားမှုစင်တာပါ။,市中心 (shì zhōngxīn) — မြို့လယ်｜中心位置 (zhōngxīn wèizhì) — အလယ်ဗဟိုနေရာ｜购物中心 (gòuwù zhōngxīn) — ဈေးဝယ်စင်တာ｜活动中心 (huódòng zhōngxīn) — လှုပ်ရှားမှုစင်တာ｜中心地区 (zhōngxīn dìqū) — အလယ်ပိုင်းဒေသ
1239,2,中医,zhōng yī,Chinese Medicine,တရုတ်တိုင်းရင်းဆေး,我奶奶喜欢看中医。｜中医有很长的历史。｜他去中医院看病。｜中医常用草药。｜她正在学习中医。,Wǒ nǎinai xǐhuan kàn zhōngyī.｜Zhōngyī yǒu hěn cháng de lìshǐ.｜Tā qù zhōngyīyuàn kànbìng.｜Zhōngyī cháng yòng cǎoyào.｜Tā zhèngzài xuéxí zhōngyī.,My grandmother likes traditional Chinese medicine.｜Traditional Chinese medicine has a long history.｜He went to a traditional Chinese medicine hospital.｜Traditional Chinese medicine often uses herbal medicine.｜She is studying traditional Chinese medicine.,အဖွားက တရုတ်တိုင်းရင်းဆေး ကြည့်ရတာကြိုက်တယ်။｜တရုတ်တိုင်းရင်းဆေးမှာ ရှည်လျားတဲ့သမိုင်းရှိတယ်။｜သူ တရုတ်တိုင်းရင်းဆေးရုံကို ဆေးကုဖို့သွားတယ်။｜တရုတ်တိုင်းရင်းဆေးမှာ ဆေးဖက်ဝင်အပင်တွေကို မကြာခဏအသုံးပြုတယ်။｜သူမ တရုတ်တိုင်းရင်းဆေးကို လေ့လာနေတယ်။,中医医生 (zhōngyī yīshēng) — တရုတ်တိုင်းရင်းဆေးဆရာ｜中医院 (zhōngyīyuàn) — တရုတ်တိုင်းရင်းဆေးရုံ｜中药 (zhōngyào) — တရုတ်တိုင်းရင်းဆေး｜中医治疗 (zhōngyī zhìliáo) — တရုတ်တိုင်းရင်းဆေးကုသမှု｜西医 (xīyī) — အနောက်တိုင်းဆေးပညာ
1240,2,重点,zhòngdiǎn,A key,အဓိကအချက်၊ အလေးထားရမည့်အချက်,学习的重点是什么？｜老师告诉我们考试的重点。｜这个问题是今天的重点。｜我们要抓住学习重点。｜安全是最重要的重点。,Xuéxí de zhòngdiǎn shì shénme?｜Lǎoshī gàosu wǒmen kǎoshì de zhòngdiǎn.｜Zhège wèntí shì jīntiān de zhòngdiǎn.｜Wǒmen yào zhuāzhù xuéxí zhòngdiǎn.｜Ānquán shì zuì zhòngyào de zhòngdiǎn.,What is the main point of the study?｜The teacher told us the key points of the exam.｜This question is today's main point.｜We need to grasp the key points of studying.｜Safety is the most important point.,လေ့လာရမည့် အဓိကအချက်က ဘာလဲ။｜ဆရာက စာမေးပွဲရဲ့ အဓိကအချက်တွေကို ပြောပြတယ်။｜ဒီမေးခွန်းက ဒီနေ့ရဲ့ အဓိကအချက်ပါ။｜စာလေ့လာရာမှာ အဓိကအချက်တွေကို ဖမ်းဆုပ်ရမယ်။｜လုံခြုံရေးက အရေးအကြီးဆုံးအချက်ပါ။,重点学习 (zhòngdiǎn xuéxí) — အဓိကထားလေ့လာသည်｜重点内容 (zhòngdiǎn nèiróng) — အဓိကအကြောင်းအရာ｜考试重点 (kǎoshì zhòngdiǎn) — စာမေးပွဲအဓိကအချက်｜重点问题 (zhòngdiǎn wèntí) — အဓိကပြဿနာ｜重点学校 (zhòngdiǎn xuéxiào) — အထူးအလေးထားသောကျောင်း
1241,2,重视,zhòngshì,attach importance to,အလေးထားသည်,我们应该重视学习。｜老师很重视学生的意见。｜我们要重视这个问题。｜父母很重视孩子的教育。｜公司越来越重视员工的健康。,Wǒmen yīnggāi zhòngshì xuéxí.｜Lǎoshī hěn zhòngshì xuésheng de yìjiàn.｜Wǒmen yào zhòngshì zhège wèntí.｜Fùmǔ hěn zhòngshì háizi de jiàoyù.｜Gōngsī yuèláiyuè zhòngshì yuángōng de jiànkāng.,We should value studying.｜The teacher values the students' opinions.｜We should take this issue seriously.｜Parents value their children's education.｜The company is paying more and more attention to employees' health.,ကျွန်တော်တို့ စာလေ့လာတာကို အလေးထားသင့်တယ်။｜ဆရာက ကျောင်းသားတွေရဲ့ အမြင်ကို အလေးထားတယ်။｜ဒီကိစ္စကို ကျွန်တော်တို့ အလေးထားသင့်တယ်။｜မိဘတွေက ကလေးတွေရဲ့ ပညာရေးကို အလေးထားတယ်။｜ကုမ္ပဏီက ဝန်ထမ်းတွေရဲ့ ကျန်းမာရေးကို ပိုပိုပြီး အလေးထားလာတယ်။,重视教育 (zhòngshì jiàoyù) — ပညာရေးကိုအလေးထားသည်｜重视意见 (zhòngshì yìjiàn) — အမြင်ကိုအလေးထားသည်｜重视健康 (zhòngshì jiànkāng) — ကျန်းမာရေးကိုအလေးထားသည်｜高度重视 (gāodù zhòngshì) — အလွန်အလေးထားသည်｜受到重视 (shòudào zhòngshì) — အလေးထားခံရသည်
1242,2,周,zhōu,week,အပတ်,我每周去一次图书馆。｜下周我要参加考试。｜这个星期有五天课。｜我周一到周五上班。｜我们每周见一次面。,Wǒ měi zhōu qù yí cì túshūguǎn.｜Xià zhōu wǒ yào cānjiā kǎoshì.｜Zhège xīngqī yǒu wǔ tiān kè.｜Wǒ zhōuyī dào zhōuwǔ shàngbān.｜Wǒmen měi zhōu jiàn yí cì miàn.,I go to the library once a week.｜I will take an exam next week.｜There are five days of classes this week.｜I work from Monday to Friday.｜We meet once a week.,ကျွန်တော် အပတ်တိုင်း စာကြည့်တိုက်ကို တစ်ခါသွားတယ်။｜နောက်အပတ်မှာ စာမေးပွဲဖြေမယ်။｜ဒီအပတ်မှာ စာသင်ရက်ငါးရက်ရှိတယ်။｜တနင်္လာကနေ သောကြာအထိ အလုပ်လုပ်တယ်။｜ကျွန်တော်တို့ အပတ်တိုင်း တစ်ခါတွေ့တယ်။,星期 (xīngqī) — အပတ်｜每周 (měi zhōu) — အပတ်တိုင်း｜本周 (běn zhōu) — ဒီအပတ်｜下周 (xià zhōu) — နောက်အပတ်｜周一 (zhōuyī) — တနင်္လာနေ့
1243,2,周末,zhōumò,Weekend,စနေ၊ တနင်္ဂနွေ / ရုံးပိတ်ရက်,周末我喜欢在家休息。｜这个周末你有什么计划？｜周末商店里人很多。｜我们周末一起去公园吧。｜她周末通常不上班。,Zhōumò wǒ xǐhuan zài jiā xiūxi.｜Zhège zhōumò nǐ yǒu shénme jìhuà?｜Zhōumò shāngdiàn lǐ rén hěn duō.｜Wǒmen zhōumò yìqǐ qù gōngyuán ba.｜Tā zhōumò tōngcháng bù shàngbān.,I like to rest at home on weekends.｜What are your plans this weekend?｜There are many people in the stores on weekends.｜Let's go to the park together this weekend.｜She usually doesn't work on weekends.,ပိတ်ရက်မှာ အိမ်မှာနားရတာ ကြိုက်တယ်။｜ဒီပိတ်ရက်မှာ မင်းဘာအစီအစဉ်ရှိလဲ။｜ပိတ်ရက်မှာ ဆိုင်တွေထဲ လူအရမ်းများတယ်။｜ဒီပိတ်ရက် အတူတူ ပန်းခြံသွားရအောင်။｜သူမ ပိတ်ရက်ဆို ပုံမှန်အားဖြင့် အလုပ်မလုပ်ဘူး။,周六 (zhōuliù) — စနေနေ့｜周日 (zhōurì) — တနင်္ဂနွေနေ့｜周末活动 (zhōumò huódòng) — ပိတ်ရက်လှုပ်ရှားမှု｜周末休息 (zhōumò xiūxi) — ပိတ်ရက်နားသည်｜周末计划 (zhōumò jìhuà) — ပိတ်ရက်အစီအစဉ်
1244,2,周年,zhōunián,anniversary,နှစ်ပတ်လည်,今天是学校成立十周年。｜我们正在庆祝公司成立五周年。｜结婚十周年很值得纪念。｜今年是这个城市建市五十周年。｜周年活动下个月举行。,Jīntiān shì xuéxiào chénglì shí zhōunián.｜Wǒmen zhèngzài qìngzhù gōngsī chénglì wǔ zhōunián.｜Jiéhūn shí zhōunián hěn zhíde jìniàn.｜Jīnnián shì zhège chéngshì jiànshì wǔshí zhōunián.｜Zhōunián huódòng xià ge yuè jǔxíng.,Today is the school's tenth anniversary.｜We are celebrating the company's fifth anniversary.｜A tenth wedding anniversary is worth remembering.｜This year is the city's fiftieth anniversary.｜The anniversary event will be held next month.,ဒီနေ့က ကျောင်းတည်ထောင်တာ ဆယ်နှစ်ပြည့်တဲ့နေ့ပါ။｜ကုမ္ပဏီတည်ထောင်တာ ငါးနှစ်ပြည့်လို့ ကျင်းပနေကြတယ်။｜အိမ်ထောင်သက် ဆယ်နှစ်ပြည့်တာ အမှတ်တရထားသင့်တယ်။｜ဒီနှစ်က ဒီမြို့တည်ထောင်တာ နှစ်ငါးဆယ်ပြည့်တယ်။｜နှစ်ပတ်လည်အခမ်းအနားကို နောက်လမှာ ကျင်းပမယ်။,周年纪念 (zhōunián jìniàn) — နှစ်ပတ်လည်အမှတ်တရ｜周年活动 (zhōunián huódòng) — နှစ်ပတ်လည်လှုပ်ရှားမှု｜周年庆 (zhōunián qìng) — နှစ်ပတ်လည်ပွဲ｜十周年 (shí zhōunián) — ဆယ်နှစ်ပြည့်｜周年纪念日 (zhōunián jìniànrì) — နှစ်ပတ်လည်နေ့
1245,2,主人,zhǔrén,master,အိမ်ရှင်၊ ပိုင်ရှင်,我是这个房子的主人。｜主人热情地欢迎我们。｜客人和主人聊了很久。｜主人给我们准备了晚餐。｜主人正在房间里休息。,Wǒ shì zhège fángzi de zhǔrén.｜Zhǔrén rèqíng de huānyíng wǒmen.｜Kèrén hé zhǔrén liáo le hěn jiǔ.｜Zhǔrén gěi wǒmen zhǔnbèi le wǎncān.｜Zhǔrén zhèngzài fángjiān lǐ xiūxi.,I am the owner of this house.｜The host warmly welcomed us.｜The guest talked with the host for a long time.｜The host prepared dinner for us.｜The host is resting in the room.,ကျွန်တော် ဒီအိမ်ရဲ့ အိမ်ရှင်ပါ။｜အိမ်ရှင်က ကျွန်တော်တို့ကို နွေးနွေးထွေးထွေး ကြိုဆိုတယ်။｜ဧည့်သည်နဲ့ အိမ်ရှင်က အကြာကြီး စကားပြောကြတယ်။｜အိမ်ရှင်က ကျွန်တော်တို့အတွက် ညစာပြင်ပေးတယ်။｜အိမ်ရှင်က အခန်းထဲမှာ နားနေတယ်။,女主人 (nǚ zhǔrén) — အိမ်ရှင်မ｜男主人 (nán zhǔrén) — အိမ်ရှင်ယောက်ျား｜房主人 (fáng zhǔrén) — အိမ်ပိုင်ရှင်｜主人家 (zhǔrén jiā) — အိမ်ရှင်မိသားစု｜主人公 (zhǔréngōng) — အဓိကဇာတ်ကောင်
1246,2,主要,zhǔyào,main,အဓိက၊ အရေးကြီးဆုံး,学习是学生的主要任务。｜这里主要卖中国菜。｜这次会议的主要内容是什么？｜他主要负责这个项目。｜健康是生活中最主要的问题之一。,Xuéxí shì xuésheng de zhǔyào rènwu.｜Zhèlǐ zhǔyào mài Zhōngguó cài.｜Zhè cì huìyì de zhǔyào nèiróng shì shénme?｜Tā zhǔyào fùzé zhège xiàngmù.｜Jiànkāng shì shēnghuó zhōng zuì zhǔyào de wèntí zhī yī.,Studying is a student's main task.｜This place mainly sells Chinese food.｜What is the main content of this meeting?｜He is mainly responsible for this project.｜Health is one of the main issues in life.,စာလေ့လာတာက ကျောင်းသားတွေရဲ့ အဓိကတာဝန်ပါ။｜ဒီနေရာမှာ အဓိကအားဖြင့် တရုတ်အစားအစာရောင်းတယ်။｜ဒီအစည်းအဝေးရဲ့ အဓိကအကြောင်းအရာက ဘာလဲ။｜သူက ဒီပရောဂျက်ကို အဓိကတာဝန်ယူတယ်။｜ကျန်းမာရေးက ဘဝမှာ အဓိကပြဿနာတွေထဲက တစ်ခုပါ။,主要原因 (zhǔyào yuányīn) — အဓိကအကြောင်းရင်း｜主要内容 (zhǔyào nèiróng) — အဓိကအကြောင်းအရာ｜主要问题 (zhǔyào wèntí) — အဓိကပြဿနာ｜主要负责 (zhǔyào fùzé) — အဓိကတာဝန်ယူသည်｜主要目的 (zhǔyào mùdì) — အဓိကရည်ရွယ်ချက်
1247,2,住房,zhù fáng,housing; lodging,အိမ်ရာ၊ နေထိုင်ရန်အိမ်,他们正在寻找新的住房。｜这个城市的住房很贵。｜政府正在解决住房问题。｜我们需要一套新的住房。｜年轻人买住房不容易。,Tāmen zhèngzài xúnzhǎo xīn de zhùfáng.｜Zhège chéngshì de zhùfáng hěn guì.｜Zhèngfǔ zhèngzài jiějué zhùfáng wèntí.｜Wǒmen xūyào yí tào xīn de zhùfáng.｜Niánqīng rén mǎi zhùfáng bù róngyì.,They are looking for new housing.｜Housing in this city is expensive.｜The government is solving the housing problem.｜We need a new home.｜It is not easy for young people to buy a home.,သူတို့ အိမ်အသစ်ရှာနေကြတယ်။｜ဒီမြို့မှာ အိမ်ရာဈေးကြီးတယ်။｜အစိုးရက အိမ်ရာပြဿနာကို ဖြေရှင်းနေတယ်။｜ကျွန်တော်တို့ အိမ်အသစ်တစ်လုံး လိုအပ်တယ်။｜လူငယ်တွေအတွက် အိမ်ဝယ်ဖို့ မလွယ်ဘူး။,住房问题 (zhùfáng wèntí) — အိမ်ရာပြဿနာ｜住房条件 (zhùfáng tiáojiàn) — အိမ်ရာအခြေအနေ｜住房价格 (zhùfáng jiàgé) — အိမ်ရာဈေးနှုန်း｜住房市场 (zhùfáng shìchǎng) — အိမ်ရာဈေးကွက်｜住房面积 (zhùfáng miànjī) — အိမ်ရာဧရိယာ
1248,2,住院,zhù yuàn,be in hospital; be hospitalized,ဆေးရုံတက်သည်,他生病了，所以住院了。｜奶奶住院一个星期了。｜医生说他需要住院治疗。｜住院期间要好好休息。｜她昨天住院了。,"Tā shēngbìng le, suǒyǐ zhùyuàn le.｜Nǎinai zhùyuàn yí ge xīngqī le.｜Yīshēng shuō tā xūyào zhùyuàn zhìliáo.｜Zhùyuàn qījiān yào hǎohāo xiūxi.｜Tā zuótiān zhùyuàn le.","He got sick, so he was hospitalized.｜Grandma has been in the hospital for a week.｜The doctor said he needs to be hospitalized.｜You should rest well during hospitalization.｜She was hospitalized yesterday.",သူ နေမကောင်းလို့ ဆေးရုံတက်လိုက်တယ်။｜အဘွား ဆေးရုံတက်နေတာ တစ်ပတ်ရှိပြီ။｜ဆရာဝန်က ဆေးရုံတက်ပြီး ကုသဖို့လိုတယ်လို့ ပြောတယ်။｜ဆေးရုံတက်နေချိန်မှာ ကောင်းကောင်းနားသင့်တယ်။｜သူမ မနေ့က ဆေးရုံတက်တယ်။,住院治疗 (zhùyuàn zhìliáo) — ဆေးရုံတက်ကုသသည်｜住院部 (zhùyuànbù) — ဆေးရုံလူနာဆောင်｜住院费 (zhùyuànfèi) — ဆေးရုံတက်ကုသခ｜住院医生 (zhùyuàn yīshēng) — ဆေးရုံဆရာဝန်｜住院期间 (zhùyuàn qījiān) — ဆေးရုံတက်နေချိန်
1249,2,装,zhuāng,pretend,တပ်ဆင်သည်၊ အလှဆင်သည်၊ ဝတ်ဆင်သည်,他正在装新电脑。｜请把这张桌子装好。｜他们正在装空调。｜她喜欢装饰自己的房间。｜他把礼物装进盒子里。,Tā zhèngzài zhuāng xīn diànnǎo.｜Qǐng bǎ zhè zhāng zhuōzi zhuāng hǎo.｜Tāmen zhèngzài zhuāng kōngtiáo.｜Tā xǐhuan zhuāngshì zìjǐ de fángjiān.｜Tā bǎ lǐwù zhuāng jìn hézi lǐ.,He is installing a new computer.｜Please assemble this table properly.｜They are installing an air conditioner.｜She likes decorating her room.｜He put the gift into the box.,သူ ကွန်ပျူတာအသစ်တစ်လုံး တပ်ဆင်နေတယ်။｜ဒီစားပွဲကို သေချာတပ်ဆင်ပေးပါ။｜သူတို့ လေအေးပေးစက် တပ်နေကြတယ်။｜သူမ အခန်းကို အလှဆင်ရတာ ကြိုက်တယ်။｜သူက လက်ဆောင်ကို ဘူးထဲထည့်လိုက်တယ်။,装修 (zhuāngxiū) — ပြုပြင်အလှဆင်သည်｜安装 (ānzhuāng) — တပ်ဆင်သည်｜装饰 (zhuāngshì) — အလှဆင်သည်｜包装 (bāozhuāng) — ထုပ်ပိုးသည်｜服装 (fúzhuāng) — အဝတ်အစား
1250,2,准确,zhǔnquè,accuracy,တိကျသည်၊ မှန်ကန်သည်,请告诉我准确的时间。｜这个答案不够准确。｜他说出了准确的地址。｜你的计算很准确。｜请准确地回答这个问题。,Qǐng gàosu wǒ zhǔnquè de shíjiān.｜Zhège dá'àn bù gòu zhǔnquè.｜Tā shuō chū le zhǔnquè de dìzhǐ.｜Nǐ de jìsuàn hěn zhǔnquè.｜Qǐng zhǔnquè de huídá zhège wèntí.,Please tell me the exact time.｜This answer is not accurate enough.｜He gave the exact address.｜Your calculation is accurate.｜Please answer this question accurately.,အချိန်အတိအကျကို ပြောပြပါ။｜ဒီအဖြေက တိကျမှုမလုံလောက်ဘူး။｜သူက လိပ်စာအတိအကျကို ပြောပြတယ်။｜မင်းရဲ့တွက်ချက်မှုက တိကျတယ်။｜ဒီမေးခွန်းကို တိတိကျကျ ဖြေပေးပါ။,准确率 (zhǔnquèlǜ) — တိကျနှုန်း｜准确地 (zhǔnquè de) — တိတိကျကျ｜准确答案 (zhǔnquè dá'àn) — မှန်ကန်သောအဖြေ｜准确时间 (zhǔnquè shíjiān) — အချိန်အတိအကျ｜准确地址 (zhǔnquè dìzhǐ) — လိပ်စာအတိအကျ
1251,2,自己,zìjǐ,"Own, self",ကိုယ်တိုင်၊ မိမိကိုယ်တိုင်,我自己可以完成。｜这是我自己的书。｜你要相信自己。｜我自己做了这件事。｜自己的事情自己做。,Wǒ zìjǐ kěyǐ wánchéng.｜Zhè shì wǒ zìjǐ de shū.｜Nǐ yào xiāngxìn zìjǐ.｜Wǒ zìjǐ zuò le zhè jiàn shì.｜Zìjǐ de shìqing zìjǐ zuò.,I can do it myself.｜This is my own book.｜You should believe in yourself.｜I did this myself.｜Do your own things yourself.,ကိုယ်တိုင်လုပ်နိုင်တယ်။｜ဒါက ကိုယ့်စာအုပ်ပါ။｜ကိုယ့်ကိုယ်ကို ယုံကြည်ရမယ်။｜ဒီအလုပ်ကို ကိုယ်တိုင်လုပ်ခဲ့တယ်။｜ကိုယ့်ကိစ္စကို ကိုယ်တိုင်လုပ်ရမယ်။,自己做 (zìjǐ zuò) — ကိုယ်တိုင်လုပ်သည်｜自己家 (zìjǐ jiā) — ကိုယ့်အိမ်｜自己人 (zìjǐrén) — ကိုယ့်လူ｜自己决定 (zìjǐ juédìng) — ကိုယ်တိုင်ဆုံးဖြတ်သည်｜自己负责 (zìjǐ fùzé) — ကိုယ်တိုင်တာဝန်ယူသည်
1252,2,自行车,zìxíngchē,Bicycle,စက်ဘီး,我每天骑自行车上学。｜这辆自行车是我的。｜他买了一辆新自行车。｜自行车停在门口。｜骑自行车很方便。,Wǒ měitiān qí zìxíngchē shàngxué.｜Zhè liàng zìxíngchē shì wǒ de.｜Tā mǎi le yí liàng xīn zìxíngchē.｜Zìxíngchē tíng zài ménkǒu.｜Qí zìxíngchē hěn fāngbiàn.,I ride a bicycle to school every day.｜This bicycle is mine.｜He bought a new bicycle.｜The bicycle is parked at the door.｜Riding a bicycle is convenient.,ကျွန်တော် နေ့တိုင်း စက်ဘီးစီးပြီး ကျောင်းသွားတယ်။｜ဒီစက်ဘီးက ကျွန်တော့်ဟာပါ။｜သူ စက်ဘီးအသစ်တစ်စီး ဝယ်တယ်။｜စက်ဘီးကို တံခါးဝမှာ ရပ်ထားတယ်။｜စက်ဘီးစီးတာ အရမ်းအဆင်ပြေတယ်။,自行车道 (zìxíngchēdào) — စက်ဘီးလမ်း｜自行车店 (zìxíngchē diàn) — စက်ဘီးဆိုင်｜骑自行车 (qí zìxíngchē) — စက်ဘီးစီးသည်｜自行车比赛 (zìxíngchē bǐsài) — စက်ဘီးပြိုင်ပွဲ｜自行车运动 (zìxíngchē yùndòng) — စက်ဘီးအားကစား
1253,2,自由,zìyóu,free,လွတ်လပ်မှု၊ လွတ်လပ်သည်,每个人都有选择的自由。｜孩子需要一些自由。｜我喜欢自由地安排时间。｜我们应该尊重别人的自由。｜自由对每个人都很重要。,Měi ge rén dōu yǒu xuǎnzé de zìyóu.｜Háizi xūyào yìxiē zìyóu.｜Wǒ xǐhuan zìyóu de ānpái shíjiān.｜Wǒmen yīnggāi zūnzhòng biérén de zìyóu.｜Zìyóu duì měi ge rén dōu hěn zhòngyào.,Everyone has the freedom to choose.｜Children need some freedom.｜I like to arrange my time freely.｜We should respect other people's freedom.｜Freedom is important to everyone.,လူတိုင်းမှာ ရွေးချယ်ပိုင်ခွင့်ရှိတယ်။｜ကလေးတွေ လွတ်လပ်ခွင့်နည်းနည်း လိုတယ်။｜ကျွန်တော် အချိန်ကို လွတ်လွတ်လပ်လပ် စီစဉ်ရတာကြိုက်တယ်။｜သူများရဲ့ လွတ်လပ်ခွင့်ကို လေးစားသင့်တယ်။｜လွတ်လပ်ခွင့်က လူတိုင်းအတွက် အရေးကြီးတယ်။,自由人 (zìyóurén) — လွတ်လပ်သူ｜自由时间 (zìyóu shíjiān) — အားလပ်ချိန်｜自由选择 (zìyóu xuǎnzé) — လွတ်လပ်စွာရွေးချယ်သည်｜自由活动 (zìyóu huódòng) — လွတ်လပ်စွာလှုပ်ရှားမှု｜言论自由 (yánlùn zìyóu) — လွတ်လပ်စွာထုတ်ဖော်ပြောဆိုခွင့်
1254,2,字典,zì diǎn,dictionary,အဘိဓာန်,我查了字典。｜这本字典很好用。｜请在字典里查这个词。｜我的桌子上有一本汉语字典。｜这本字典有很多词。,Wǒ chá le zìdiǎn.｜Zhè běn zìdiǎn hěn hǎoyòng.｜Qǐng zài zìdiǎn lǐ chá zhège cí.｜Wǒ de zhuōzi shàng yǒu yì běn Hànyǔ zìdiǎn.｜Zhè běn zìdiǎn yǒu hěn duō cí.,I looked it up in the dictionary.｜This dictionary is easy to use.｜Please look up this word in the dictionary.｜There is a Chinese dictionary on my desk.｜This dictionary has many words.,ကျွန်တော် အဘိဓာန်ထဲမှာ ရှာကြည့်ခဲ့တယ်။｜ဒီအဘိဓာန်က သုံးရတာလွယ်တယ်။｜ဒီစကားလုံးကို အဘိဓာန်ထဲမှာ ရှာကြည့်ပါ။｜ကျွန်တော့်စားပွဲပေါ်မှာ တရုတ်အဘိဓာန်တစ်အုပ်ရှိတယ်။｜ဒီအဘိဓာန်မှာ စကားလုံးအများကြီးရှိတယ်။,英汉字典 (Yīng-Hàn zìdiǎn) — အင်္ဂလိပ်-တရုတ်အဘိဓာန်｜汉语字典 (Hànyǔ zìdiǎn) — တရုတ်အဘိဓာန်｜查字典 (chá zìdiǎn) — အဘိဓာန်ရှာသည်｜电子字典 (diànzǐ zìdiǎn) — အီလက်ထရွန်နစ်အဘိဓာန်｜字典词典 (zìdiǎn cídiǎn) — အဘိဓာန်
1255,2,走过,zǒu guò,walk through; pass by,ဖြတ်သန်းဖူးသည်,我以前走过这条路。｜我走过很多城市。｜他从这里走过。｜我们昨天走过那座桥。｜你走过这家商店吗？,Wǒ yǐqián zǒuguò zhè tiáo lù.｜Wǒ zǒuguò hěn duō chéngshì.｜Tā cóng zhèlǐ zǒuguò.｜Wǒmen zuótiān zǒuguò nà zuò qiáo.｜Nǐ zǒuguò zhè jiā shāngdiàn ma?,I have walked along this road before.｜I have traveled through many cities.｜He walked past here.｜We crossed that bridge yesterday.｜Have you walked past this shop?,ဒီလမ်းကို အရင်က ဖြတ်သန်းဖူးတယ်။｜မြို့အများကြီးကို ဖြတ်သန်းဖူးတယ်။｜သူ ဒီနေရာကနေ ဖြတ်သွားတယ်။｜မနေ့က အဲ့ဒီတံတားကို ဖြတ်သွားခဲ့တယ်။｜ဒီဆိုင်ရှေ့က မင်းဖြတ်သွားဖူးလား။,走过去 (zǒu guòqù) — လျှောက်ပြီးသွားသည်｜走过来 (zǒu guòlái) — လျှောက်ပြီးလာသည်｜走过路口 (zǒuguò lùkǒu) — လမ်းဆုံကိုဖြတ်သည်｜走过桥 (zǒuguò qiáo) — တံတားကိုဖြတ်သည်｜走过街道 (zǒuguò jiēdào) — လမ်းကိုဖြတ်သည်
1256,2,走进,zǒu jìn,walk in,အထဲသို့ ဝင်သွားသည်,他走进教室。｜老师走进了办公室。｜她慢慢地走进房间。｜孩子们走进学校。｜我看见他走进商店。,Tā zǒu jìn jiàoshì.｜Lǎoshī zǒu jìn le bàngōngshì.｜Tā mànmàn de zǒu jìn fángjiān.｜Háizimen zǒu jìn xuéxiào.｜Wǒ kànjiàn tā zǒu jìn shāngdiàn.,He walked into the classroom.｜The teacher walked into the office.｜She slowly walked into the room.｜The children walked into the school.｜I saw him walk into the shop.,သူ စာသင်ခန်းထဲကို ဝင်သွားတယ်။｜ဆရာက ရုံးခန်းထဲကို ဝင်သွားတယ်။｜သူမ အခန်းထဲကို ဖြည်းဖြည်းချင်း ဝင်သွားတယ်။｜ကလေးတွေ ကျောင်းထဲကို ဝင်သွားကြတယ်။｜သူ ဆိုင်ထဲကို ဝင်သွားတာ ကျွန်တော်တွေ့တယ်။,走进去 (zǒu jìnqù) — အထဲသို့ဝင်သွားသည်｜走进来 (zǒu jìnlái) — အထဲသို့ဝင်လာသည်｜走进房间 (zǒu jìn fángjiān) — အခန်းထဲဝင်သည်｜走进学校 (zǒu jìn xuéxiào) — ကျောင်းထဲဝင်သည်｜走进商店 (zǒu jìn shāngdiàn) — ဆိုင်ထဲဝင်သည်
1257,2,走开,zǒu kāi,go away,ဖယ်သွားသည်,请你走开一点。｜小狗不愿意走开。｜他让我走开。｜请走开，不要挡路。｜她生气地叫他走开。,"Qǐng nǐ zǒukāi yìdiǎn.｜Xiǎogǒu bù yuànyì zǒukāi.｜Tā ràng wǒ zǒukāi.｜Qǐng zǒukāi, bú yào dǎng lù.｜Tā shēngqì de jiào tā zǒukāi.",Please move aside a little.｜The puppy doesn't want to move away.｜He told me to go away.｜Please move away and don't block the road.｜She angrily told him to go away.,နည်းနည်းဖယ်ပေးပါ။｜ခွေးလေးက မဖယ်ချင်ဘူး။｜သူက ကျွန်တော့်ကို ဖယ်ခိုင်းတယ်။｜ဖယ်ပေးပါ၊ လမ်းမပိတ်နဲ့။｜သူမ စိတ်ဆိုးပြီး သူ့ကို ဖယ်ခိုင်းတယ်။,走开一点 (zǒukāi yìdiǎn) — နည်းနည်းဖယ်သည်｜让开 (ràngkāi) — ဖယ်ပေးသည်｜离开 (líkāi) — ထွက်ခွာသည်｜走远 (zǒuyuǎn) — ဝေးဝေးသွားသည်｜走出去 (zǒu chūqù) — အပြင်ထွက်သွားသည်
1258,2,租,zū,rent,ငှားသည်,我想租一间房子。｜他们租了一辆车。｜这套房子可以租吗？｜我打算租一个月。｜学生可以租附近的住房。,Wǒ xiǎng zū yì jiān fángzi.｜Tāmen zū le yí liàng chē.｜Zhè tào fángzi kěyǐ zū ma?｜Wǒ dǎsuàn zū yí ge yuè.｜Xuésheng kěyǐ zū fùjìn de zhùfáng.,I want to rent a room.｜They rented a car.｜Can this house be rented?｜I plan to rent it for a month.｜Students can rent housing nearby.,အခန်းတစ်ခန်း ငှားချင်တယ်။｜သူတို့ ကားတစ်စီး ငှားလိုက်တယ်။｜ဒီအိမ် ငှားလို့ရလား။｜တစ်လ ငှားဖို့ စိတ်ကူးထားတယ်။｜ကျောင်းသားတွေ အနီးအနားမှာ အိမ်ငှားလို့ရတယ်။,租房 (zū fáng) — အိမ်ငှားသည်｜租金 (zūjīn) — အိမ်ငှားခ｜租车 (zū chē) — ကားငှားသည်｜租客 (zūkè) — အိမ်ငှားနေသူ｜出租 (chūzū) — ငှားထုတ်သည်
1259,2,组,zǔ,group,အဖွဲ့၊ အုပ်စု,我们是一个学习小组。｜老师把学生分成三组。｜这个组有五个人。｜我们一起组成一个小组。｜你在哪个组？,Wǒmen shì yí ge xuéxí xiǎozǔ.｜Lǎoshī bǎ xuésheng fēn chéng sān zǔ.｜Zhège zǔ yǒu wǔ ge rén.｜Wǒmen yìqǐ zǔchéng yí ge xiǎozǔ.｜Nǐ zài nǎge zǔ?,We are a study group.｜The teacher divided the students into three groups.｜There are five people in this group.｜We formed a group together.｜Which group are you in?,ကျွန်တော်တို့ စာလေ့လာတဲ့အဖွဲ့တစ်ဖွဲ့ပါ။｜ဆရာက ကျောင်းသားတွေကို အဖွဲ့သုံးဖွဲ့ခွဲလိုက်တယ်။｜ဒီအဖွဲ့မှာ လူငါးယောက်ရှိတယ်။｜ကျွန်တော်တို့ အတူတူအဖွဲ့ဖွဲ့လိုက်တယ်။｜မင်းက ဘယ်အဖွဲ့မှာလဲ။,小组 (xiǎozǔ) — အဖွဲ့ငယ်｜小组长 (xiǎozǔzhǎng) — အဖွဲ့ခေါင်းဆောင်｜学习小组 (xuéxí xiǎozǔ) — စာလေ့လာအဖွဲ့｜工作组 (gōngzuò zǔ) — အလုပ်အဖွဲ့｜组成 (zǔchéng) — ဖွဲ့စည်းသည်
1260,2,组成,zǔchéng,Form,ဖွဲ့စည်းသည်၊ ဖွဲ့စည်းပုံ,这个团队由五个人组成。｜这本书由很多部分组成。｜我们的班级由二十名学生组成。｜这些部分组成了一个完整的系统。｜家庭是社会的重要组成部分。,Zhège tuánduì yóu wǔ ge rén zǔchéng.｜Zhè běn shū yóu hěn duō bùfen zǔchéng.｜Wǒmen de bānjí yóu èrshí míng xuésheng zǔchéng.｜Zhèxiē bùfen zǔchéng le yí ge wánzhěng de xìtǒng.｜Jiātíng shì shèhuì de zhòngyào zǔchéng bùfen.,This team is made up of five people.｜This book is made up of many parts.｜Our class consists of twenty students.｜These parts make up a complete system.｜The family is an important part of society.,ဒီအဖွဲ့ကို လူငါးယောက်နဲ့ ဖွဲ့စည်းထားတယ်။｜ဒီစာအုပ်ကို အပိုင်းတွေအများကြီးနဲ့ ဖွဲ့စည်းထားတယ်။｜ကျွန်တော်တို့အတန်းမှာ ကျောင်းသား ၂၀ ယောက်နဲ့ ဖွဲ့စည်းထားတယ်။｜ဒီအပိုင်းတွေက ပြည့်စုံတဲ့စနစ်တစ်ခုကို ဖွဲ့စည်းထားတယ်။｜မိသားစုက လူ့အဖွဲ့အစည်းရဲ့ အရေးကြီးတဲ့ အစိတ်အပိုင်းတစ်ခုပါ။,构成 (gòuchéng) — ဖွဲ့စည်းပုံ｜组成部分 (zǔchéng bùfen) — အစိတ်အပိုင်း｜构成 (gòuchéng) — ဖွဲ့စည်းသည်｜组成结构 (zǔchéng jiégòu) — ဖွဲ့စည်းပုံ｜构成要素 (gòuchéng yàosù) — ဖွဲ့စည်းမှုအချက်
1261,2,组长,zǔ zhǎng,group leader,အဖွဲ့ခေါင်းဆောင်,他是我们班的组长。｜组长负责安排今天的工作。｜组长正在开会。｜有问题可以告诉组长。｜老师让组长帮助其他同学。,Tā shì wǒmen bān de zǔzhǎng.｜Zǔzhǎng fùzé ānpái jīntiān de gōngzuò.｜Zǔzhǎng zhèngzài kāihuì.｜Yǒu wèntí kěyǐ gàosu zǔzhǎng.｜Lǎoshī ràng zǔzhǎng bāngzhù qítā tóngxué.,He is the leader of our group.｜The group leader is responsible for arranging today's work.｜The group leader is having a meeting.｜You can tell the group leader if there is a problem.｜The teacher asked the group leader to help the other students.,သူက ကျွန်တော်တို့အဖွဲ့ရဲ့ ခေါင်းဆောင်ပါ။｜အဖွဲ့ခေါင်းဆောင်က ဒီနေ့အလုပ်တွေကို စီစဉ်ပေးရတယ်။｜အဖွဲ့ခေါင်းဆောင် အစည်းအဝေးလုပ်နေတယ်။｜ပြဿနာရှိရင် အဖွဲ့ခေါင်းဆောင်ကို ပြောလို့ရတယ်။｜ဆရာက အဖွဲ့ခေါင်းဆောင်ကို တခြားကျောင်းသားတွေကို ကူညီခိုင်းတယ်။,组员 (zǔyuán) — အဖွဲ့ဝင်｜小组 (xiǎozǔ) — အဖွဲ့ငယ်｜组长会议 (zǔzhǎng huìyì) — အဖွဲ့ခေါင်းဆောင်အစည်းအဝေး｜领导 (lǐngdǎo) — ခေါင်းဆောင်｜队长 (duìzhǎng) — အသင်းခေါင်းဆောင်
1262,2,嘴,zuǐ,mouth,ပါးစပ်,他的嘴很小。｜请把嘴张开。｜吃饭前要洗手，不要用手摸嘴。｜她的嘴很甜，很会说话。｜他说得嘴都干了。,"Tā de zuǐ hěn xiǎo.｜Qǐng bǎ zuǐ zhāngkāi.｜Chīfàn qián yào xǐshǒu, bú yào yòng shǒu mō zuǐ.｜Tā de zuǐ hěn tián, hěn huì shuōhuà.｜Tā shuō de zuǐ dōu gān le.",His mouth is small.｜Please open your mouth.｜Wash your hands before eating and don't touch your mouth with your hands.｜She speaks very sweetly.｜He talked until his mouth was dry.,သူ့ပါးစပ်က သေးတယ်။｜ပါးစပ်ဖွင့်ပါ။｜အစားမစားခင် လက်ဆေးပြီး ပါးစပ်ကို လက်နဲ့မထိပါနဲ့။｜သူမ စကားပြောတာ အရမ်းချိုသာတယ်။｜သူ စကားပြောတာနဲ့ ပါးစပ်ခြောက်သွားတယ်။,嘴巴 (zuǐba) — ပါးစပ်｜张嘴 (zhāngzuǐ) — ပါးစပ်ဖွင့်သည်｜闭嘴 (bìzuǐ) — ပါးစပ်ပိတ်သည်｜嘴唇 (zuǐchún) — နှုတ်ခမ်း｜嘴角 (zuǐjiǎo) — ပါးစပ်ထောင့်
1263,2,最近,zuìjìn,Lately,မကြာသေးမီ၊ အနီးဆုံး,最近天气很热。｜我最近很忙。｜你最近怎么样？｜最近我常常学习中文。｜最近的地铁站在哪里？,Zuìjìn tiānqì hěn rè.｜Wǒ zuìjìn hěn máng.｜Nǐ zuìjìn zěnmeyàng?｜Zuìjìn wǒ chángcháng xuéxí Zhōngwén.｜Zuìjìn de dìtiě zhàn zài nǎlǐ?,"The weather has been very hot recently.｜I've been very busy recently.｜How have you been recently?｜Recently, I often study Chinese.｜Where is the nearest subway station?",အခုတလော ရာသီဥတုက အရမ်းပူတယ်။｜အခုတလော ကျွန်တော် အရမ်းအလုပ်များတယ်။｜အခုတလော မင်းဘယ်လိုနေလဲ။｜အခုတလော ကျွန်တော် တရုတ်စာမကြာခဏ လေ့လာတယ်။｜အနီးဆုံး မြေအောက်ရထားဘူတာက ဘယ်မှာလဲ။,最近几天 (zuìjìn jǐ tiān) — မကြာသေးမီရက်များ｜最近的 (zuìjìn de) — အနီးဆုံး｜最近怎么样 (zuìjìn zěnmeyàng) — အခုတလောဘယ်လိုနေလဲ｜近来 (jìnlái) — အခုတလော｜最近几年 (zuìjìn jǐ nián) — မကြာသေးမီနှစ်များ
1264,2,作家,zuòjiā,writer,စာရေးဆရာ,这位作家很有名。｜我喜欢读这位作家的书。｜他长大以后想成为作家。｜这位作家写了很多小说。｜那个作家正在接受采访。,Zhè wèi zuòjiā hěn yǒumíng.｜Wǒ xǐhuan dú zhè wèi zuòjiā de shū.｜Tā zhǎngdà yǐhòu xiǎng chéngwéi zuòjiā.｜Zhè wèi zuòjiā xiě le hěn duō xiǎoshuō.｜Nàge zuòjiā zhèngzài jiēshòu cǎifǎng.,This writer is very famous.｜I like reading this writer's books.｜He wants to become a writer when he grows up.｜This writer has written many novels.｜That writer is being interviewed.,ဒီစာရေးဆရာက အရမ်းနာမည်ကြီးတယ်။｜ဒီစာရေးဆရာရဲ့စာအုပ်တွေ ဖတ်ရတာကြိုက်တယ်။｜သူကြီးလာရင် စာရေးဆရာဖြစ်ချင်တယ်။｜ဒီစာရေးဆရာက ဝတ္ထုတွေအများကြီး ရေးခဲ့တယ်။｜အဲ့ဒီစာရေးဆရာ အင်တာဗျူးလုပ်ခံနေရတယ်။,小说家 (xiǎoshuōjiā) — ဝတ္ထုရေးဆရာ｜文学家 (wénxuéjiā) — စာပေပညာရှင်｜作者 (zuòzhě) — စာရေးသူ｜诗人 (shīrén) — ကဗျာဆရာ｜编剧 (biānjù) — ဇာတ်ညွှန်းရေးဆရာ
1265,2,作文,zuòwén,composition,စာစီစာကုံး,老师让我们写一篇作文。｜我的作文写完了。｜这篇作文写得很好。｜我不知道怎么写这篇作文。｜老师正在给学生改作文。,Lǎoshī ràng wǒmen xiě yì piān zuòwén.｜Wǒ de zuòwén xiě wán le.｜Zhè piān zuòwén xiě de hěn hǎo.｜Wǒ bù zhīdào zěnme xiě zhè piān zuòwén.｜Lǎoshī zhèngzài gěi xuésheng gǎi zuòwén.,The teacher asked us to write an essay.｜I have finished my essay.｜This essay is very well written.｜I don't know how to write this essay.｜The teacher is correcting the students' essays.,ဆရာက ကျွန်တော်တို့ကို စာစီစာကုံးတစ်ပုဒ် ရေးခိုင်းတယ်။｜ကျွန်တော့်စာစီစာကုံး ရေးပြီးပြီ။｜ဒီစာစီစာကုံးက ရေးထားတာ အရမ်းကောင်းတယ်။｜ဒီစာစီစာကုံးကို ဘယ်လိုရေးရမလဲ မသိဘူး။｜ဆရာက ကျောင်းသားတွေရဲ့ စာစီစာကုံးတွေကို စစ်နေတယ်။,文章 (wénzhāng) — စာမူ｜写作文 (xiě zuòwén) — စာစီစာကုံးရေးသည်｜作文题目 (zuòwén tímù) — စာစီစာကုံးခေါင်းစဉ်｜作文比赛 (zuòwén bǐsài) — စာစီစာကုံးပြိုင်ပွဲ｜写作 (xiězuò) — စာရေးသားခြင်း
1266,2,作业,zuòyè,"task, homework",အိမ်စာ,今天的作业很多。｜我已经做完作业了。｜你做作业了吗？｜老师布置了新的作业。｜做完作业以后我想休息。,Jīntiān de zuòyè hěn duō.｜Wǒ yǐjīng zuò wán zuòyè le.｜Nǐ zuò zuòyè le ma?｜Lǎoshī bùzhì le xīn de zuòyè.｜Zuò wán zuòyè yǐhòu wǒ xiǎng xiūxi.,There is a lot of homework today.｜I have already finished my homework.｜Have you done your homework?｜The teacher assigned new homework.｜I want to rest after finishing my homework.,ဒီနေ့ အိမ်စာအများကြီးရှိတယ်။｜ကျွန်တော့်အိမ်စာ ပြီးသွားပြီ။｜မင်း အိမ်စာလုပ်ပြီးပြီလား။｜ဆရာက အိမ်စာအသစ်ပေးတယ်။｜အိမ်စာလုပ်ပြီးရင် အနားယူချင်တယ်။,家庭作业 (jiātíng zuòyè) — အိမ်စာ｜作业本 (zuòyèběn) — အိမ်စာစာအုပ်｜布置作业 (bùzhì zuòyè) — အိမ်စာပေးသည်｜完成作业 (wánchéng zuòyè) — အိမ်စာပြီးစီးသည်｜作业量 (zuòyè liàng) — အိမ်စာပမာဏ
1267,2,作用,zuòyòng,Effect,အကျိုးသက်ရောက်မှု၊ လုပ်ဆောင်ချက်,运动对身体有很好的作用。｜这个药有什么作用？｜手机在我们的生活中有重要作用。｜老师说明了这个机器的作用。｜这种方法没有什么作用。,Yùndòng duì shēntǐ yǒu hěn hǎo de zuòyòng.｜Zhège yào yǒu shénme zuòyòng?｜Shǒujī zài wǒmen de shēnghuó zhōng yǒu zhòngyào zuòyòng.｜Lǎoshī shuōmíng le zhège jīqì de zuòyòng.｜Zhè zhǒng fāngfǎ méiyǒu shénme zuòyòng.,Exercise has a very good effect on the body.｜What is the function of this medicine?｜Phones play an important role in our lives.｜The teacher explained the function of this machine.｜This method doesn't have much effect.,လေ့ကျင့်ခန်းလုပ်တာက ခန္ဓာကိုယ်အတွက် ကောင်းကျိုးရှိတယ်။｜ဒီဆေးက ဘာအကျိုးသက်ရောက်မှုရှိလဲ။｜ဖုန်းက ကျွန်တော်တို့ဘဝမှာ အရေးကြီးတဲ့ အခန်းကဏ္ဍရှိတယ်။｜ဆရာက ဒီစက်ရဲ့ လုပ်ဆောင်ချက်ကို ရှင်းပြတယ်။｜ဒီနည်းလမ်းက သိပ်အကျိုးမရှိဘူး။,功能 (gōngnéng) — လုပ်ဆောင်ချက်｜效果 (xiàoguǒ) — အကျိုးသက်ရောက်မှု｜影响 (yǐngxiǎng) — သက်ရောက်မှု｜用途 (yòngtú) — အသုံးဝင်ပုံ｜作用力 (zuòyònglì) — သက်ရောက်အား
1268,2,座,zuò,Seat,ထိုင်ခုံ၊ နေရာထိုင်ခုံ (量),请坐在这个座上。｜这辆车有五个座。｜电影院里还有几个空座。｜这个座有人吗？｜请给老人让一个座。,Qǐng zuò zài zhège zuò shàng.｜Zhè liàng chē yǒu wǔ ge zuò.｜Diànyǐngyuàn lǐ hái yǒu jǐ ge kōng zuò.｜Zhège zuò yǒu rén ma?｜Qǐng gěi lǎorén ràng yí ge zuò.,Please sit in this seat.｜This vehicle has five seats.｜There are still a few empty seats in the cinema.｜Is this seat occupied?｜Please give a seat to the elderly person.,ဒီထိုင်ခုံမှာ ထိုင်ပါ။｜ဒီကားမှာ ထိုင်ခုံငါးခုရှိတယ်။｜ရုပ်ရှင်ရုံထဲမှာ ထိုင်ခုံလွတ်နည်းနည်းရှိသေးတယ်။｜ဒီနေရာမှာ လူရှိလား။｜သက်ကြီးရွယ်အိုအတွက် ထိုင်ခုံတစ်နေရာ ဖယ်ပေးပါ။,座位 (zuòwèi) — ထိုင်ခုံနေရာ｜座号 (zuòhào) — ထိုင်ခုံနံပါတ်｜空座 (kōngzuò) — ထိုင်ခုံလွတ်｜座椅 (zuòyǐ) — ထိုင်ခုံ｜一座 (yí zuò) — အဆောက်အအုံ/တောင် စသည်တို့အတွက် 量
1269,2,座位,zuòwèi,seat,ထိုင်ခုံနေရာ,我的座位在教室前面。｜请坐在你的座位上。｜我的座位旁边是小王。｜这个座位有人了。｜我们找到了自己的座位。,Wǒ de zuòwèi zài jiàoshì qiánmiàn.｜Qǐng zuò zài nǐ de zuòwèi shàng.｜Wǒ de zuòwèi pángbiān shì Xiǎo Wáng.｜Zhège zuòwèi yǒu rén le.｜Wǒmen zhǎodào le zìjǐ de zuòwèi.,My seat is at the front of the classroom.｜Please sit in your seat.｜Xiao Wang is sitting next to my seat.｜This seat is taken.｜We found our seats.,ကျွန်တော့်ထိုင်ခုံက စာသင်ခန်းရှေ့မှာရှိတယ်။｜ကိုယ့်ထိုင်ခုံမှာ ထိုင်ပါ။｜ကျွန်တော့်ထိုင်ခုံဘေးမှာ ဝမ်လေးထိုင်တယ်။｜ဒီထိုင်ခုံမှာ လူရှိပြီးပြီ။｜ကျွန်တော်တို့ ကိုယ့်ထိုင်ခုံတွေကို ရှာတွေ့ခဲ့တယ်။,座号 (zuòhào) — ထိုင်ခုံနံပါတ်｜空座位 (kōng zuòwèi) — ထိုင်ခုံလွတ်｜前排座位 (qiánpái zuòwèi) — ရှေ့တန်းထိုင်ခုံ｜后排座位 (hòupái zuòwèi) — နောက်တန်းထိုင်ခုံ｜座位表 (zuòwèi biǎo) — ထိုင်ခုံစာရင်း
1270,2,做到,zuò dào,accomplish; achieve,လုပ်ဆောင်နိုင်သည်၊ အကောင်အထည်ဖော်နိုင်သည်,我一定会做到。｜只要努力，就能做到。｜他说到就一定做到。｜这件事情你能做到吗？｜我们应该尽力做到最好。,"Wǒ yídìng huì zuòdào.｜Zhǐyào nǔlì, jiù néng zuòdào.｜Tā shuō dào jiù yídìng zuòdào.｜Zhè jiàn shìqing nǐ néng zuòdào ma?｜Wǒmen yīnggāi jìnlì zuòdào zuì hǎo.","I will definitely do it.｜If you work hard, you can do it.｜He always does what he says.｜Can you do this?｜We should try our best to do it well.",ကျွန်တော် သေချာပေါက် လုပ်နိုင်မယ်။｜ကြိုးစားရင် လုပ်နိုင်တယ်။｜သူပြောထားတဲ့အတိုင်း သေချာပေါက်လုပ်တယ်။｜ဒီကိစ္စကို မင်းလုပ်နိုင်လား။｜ကျွန်တော်တို့ အကောင်းဆုံးဖြစ်အောင် အစွမ်းကုန်လုပ်သင့်တယ်။,做好 (zuòhǎo) — ကောင်းကောင်းလုပ်သည်｜做完 (zuòwán) — လုပ်ပြီးသည်｜做成 (zuòchéng) — အောင်မြင်စွာလုပ်ပြီးသည်｜做得到 (zuò dédào) — လုပ်နိုင်သည်｜做到最好 (zuò dào zuì hǎo) — အကောင်းဆုံးလုပ်သည်
1271,2,做法,zuò fǎ,practice; behavior; way of doing a thing,လုပ်နည်း၊ နည်းလမ်း,这个做法很好。｜你的做法不太合适。｜我们需要改变做法。｜老师告诉我们正确的做法。｜每个人都有自己的做法。,Zhège zuòfǎ hěn hǎo.｜Nǐ de zuòfǎ bú tài héshì.｜Wǒmen xūyào gǎibiàn zuòfǎ.｜Lǎoshī gàosu wǒmen zhèngquè de zuòfǎ.｜Měi ge rén dōu yǒu zìjǐ de zuòfǎ.,This way of doing things is good.｜Your method is not very suitable.｜We need to change our approach.｜The teacher told us the correct way to do it.｜Everyone has their own way of doing things.,ဒီလိုလုပ်နည်းက ကောင်းတယ်။｜မင်းရဲ့လုပ်နည်းက သိပ်မသင့်တော်ဘူး။｜ကျွန်တော်တို့ လုပ်နည်းကို ပြောင်းဖို့လိုတယ်။｜ဆရာက မှန်ကန်တဲ့လုပ်နည်းကို ပြောပြတယ်။｜လူတိုင်းမှာ ကိုယ်ပိုင်လုပ်နည်းရှိတယ်။,方法 (fāngfǎ) — နည်းလမ်း｜办法 (bànfǎ) — ဖြေရှင်းနည်း｜做法不同 (zuòfǎ bùtóng) — လုပ်နည်းမတူ｜正确做法 (zhèngquè zuòfǎ) — မှန်ကန်သောလုပ်နည်း｜处理方法 (chǔlǐ fāngfǎ) — ကိုင်တွယ်နည်း
1272,2,做饭,zuò fàn,cook,ဟင်းချက်သည်,我妈妈正在做饭。｜今天晚上我来做饭。｜她很喜欢做饭。｜爸爸做饭很好吃。｜下班以后我要回家做饭。,Wǒ māma zhèngzài zuòfàn.｜Jīntiān wǎnshang wǒ lái zuòfàn.｜Tā hěn xǐhuan zuòfàn.｜Bàba zuòfàn hěn hǎochī.｜Xiàbān yǐhòu wǒ yào huí jiā zuòfàn.,"My mother is cooking.｜I'll cook dinner tonight.｜She likes cooking very much.｜Dad cooks very well.｜After work, I will go home and cook.",အမေ ဟင်းချက်နေတယ်။｜ဒီည ကျွန်တော် ဟင်းချက်မယ်။｜သူမ ဟင်းချက်ရတာ အရမ်းကြိုက်တယ်။｜အဖေ ဟင်းချက်တာ အရမ်းကောင်းတယ်။｜အလုပ်ပြီးရင် အိမ်ပြန်ပြီး ဟင်းချက်မယ်။,炒菜 (chǎocài) — ဟင်းကြော်သည်｜做菜 (zuòcài) — ဟင်းချက်သည်｜厨师 (chúshī) — စားဖိုမှူး｜厨房 (chúfáng) — မီးဖိုချောင်｜饭菜 (fàncài) — ထမင်းနှင့်ဟင်း